database-full-load (100)	Set up job	﻿2026-10-03T22:20:34.9797045Z Current runner version: '2.337.0'
database-full-load (100)	Set up job	2026-10-03T22:20:34.9812093Z ##[group]Runner Image Provisioner
database-full-load (100)	Set up job	2026-10-03T22:20:34.9812686Z Hosted Compute Agent
database-full-load (100)	Set up job	2026-10-03T22:20:34.9813248Z Version: 20260901.588
database-full-load (100)	Set up job	2026-10-03T22:20:34.9813648Z Commit: f88ec8081b781fac6c440065ac7ff9e710ce3d0b
database-full-load (100)	Set up job	2026-10-03T22:20:34.9814128Z Build Date: 2026-09-01T19:56:44Z
database-full-load (100)	Set up job	2026-10-03T22:20:34.9814513Z Worker ID: {6038b177-6c49-48e3-b6b9-7c83a8fc374a}
database-full-load (100)	Set up job	2026-10-03T22:20:34.9814940Z Azure Region: centralus
database-full-load (100)	Set up job	2026-10-03T22:20:34.9815284Z ##[endgroup]
database-full-load (100)	Set up job	2026-10-03T22:20:34.9816092Z ##[group]Operating System
database-full-load (100)	Set up job	2026-10-03T22:20:34.9816490Z Ubuntu
database-full-load (100)	Set up job	2026-10-03T22:20:34.9816795Z 24.04.5
database-full-load (100)	Set up job	2026-10-03T22:20:34.9817083Z LTS
database-full-load (100)	Set up job	2026-10-03T22:20:34.9817425Z ##[endgroup]
database-full-load (100)	Set up job	2026-10-03T22:20:34.9817777Z ##[group]Runner Image
database-full-load (100)	Set up job	2026-10-03T22:20:34.9818170Z Image: ubuntu-24.04
database-full-load (100)	Set up job	2026-10-03T22:20:34.9818498Z Version: 20260927.320.1
database-full-load (100)	Set up job	2026-10-03T22:20:34.9819074Z Included Software: https://github.com/actions/runner-images/blob/ubuntu24/20260927.320/images/ubuntu/Ubuntu2404-Readme.md
database-full-load (100)	Set up job	2026-10-03T22:20:34.9820103Z Image Release: https://github.com/actions/runner-images/releases/tag/ubuntu24%2F20260927.320
database-full-load (100)	Set up job	2026-10-03T22:20:34.9820668Z ##[endgroup]
database-full-load (100)	Set up job	2026-10-03T22:20:34.9821276Z ##[group]GITHUB_TOKEN Permissions
database-full-load (100)	Set up job	2026-10-03T22:20:34.9822534Z Contents: read
database-full-load (100)	Set up job	2026-10-03T22:20:34.9822906Z Metadata: read
database-full-load (100)	Set up job	2026-10-03T22:20:34.9823391Z ##[endgroup]
database-full-load (100)	Set up job	2026-10-03T22:20:34.9824667Z Secret source: Actions
database-full-load (100)	Set up job	2026-10-03T22:20:34.9825189Z Cache mode: write
database-full-load (100)	Set up job	2026-10-03T22:20:34.9825636Z Prepare workflow directory
database-full-load (100)	Set up job	2026-10-03T22:20:35.0067999Z Prepare all required actions
database-full-load (100)	Set up job	2026-10-03T22:20:35.0097551Z Getting action download info
database-full-load (100)	Set up job	2026-10-03T22:20:35.2693612Z Download action repository 'actions/checkout@3d3c42e5aac5ba805825da76410c181273ba90b1' (SHA:3d3c42e5aac5ba805825da76410c181273ba90b1)
database-full-load (100)	Set up job	2026-10-03T22:20:35.3506819Z Download action repository 'actions/setup-go@924ae3a1cded613372ab5595356fb5720e22ba16' (SHA:924ae3a1cded613372ab5595356fb5720e22ba16)
database-full-load (100)	Set up job	2026-10-03T22:20:35.9750030Z Download action repository 'actions/upload-artifact@ea165f8d65b6e75b540449e92b4886f43607fa02' (SHA:ea165f8d65b6e75b540449e92b4886f43607fa02)
database-full-load (100)	Set up job	2026-10-03T22:20:36.4543750Z Complete job name: database-full-load (100)
database-full-load (100)	Run actions/checkout@3d3c42e5aac5ba805825da76410c181273ba90b1	﻿2026-10-03T22:20:36.5080228Z ##[group]Run actions/checkout@3d3c42e5aac5ba805825da76410c181273ba90b1
database-full-load (100)	Run actions/checkout@3d3c42e5aac5ba805825da76410c181273ba90b1	2026-10-03T22:20:36.5081225Z with:
database-full-load (100)	Run actions/checkout@3d3c42e5aac5ba805825da76410c181273ba90b1	2026-10-03T22:20:36.5081810Z   ref: ecf3172b3d27bdc564af87388592cc68b553ac08
database-full-load (100)	Run actions/checkout@3d3c42e5aac5ba805825da76410c181273ba90b1	2026-10-03T22:20:36.5082536Z   persist-credentials: false
database-full-load (100)	Run actions/checkout@3d3c42e5aac5ba805825da76410c181273ba90b1	2026-10-03T22:20:36.5083377Z   repository: batchstream/weir-tests
database-full-load (100)	Run actions/checkout@3d3c42e5aac5ba805825da76410c181273ba90b1	2026-10-03T22:20:36.5088092Z   token: ***
database-full-load (100)	Run actions/checkout@3d3c42e5aac5ba805825da76410c181273ba90b1	2026-10-03T22:20:36.5088597Z   ssh-strict: true
database-full-load (100)	Run actions/checkout@3d3c42e5aac5ba805825da76410c181273ba90b1	2026-10-03T22:20:36.5089111Z   ssh-user: git
database-full-load (100)	Run actions/checkout@3d3c42e5aac5ba805825da76410c181273ba90b1	2026-10-03T22:20:36.5089612Z   clean: true
database-full-load (100)	Run actions/checkout@3d3c42e5aac5ba805825da76410c181273ba90b1	2026-10-03T22:20:36.5090143Z   sparse-checkout-cone-mode: true
database-full-load (100)	Run actions/checkout@3d3c42e5aac5ba805825da76410c181273ba90b1	2026-10-03T22:20:36.5090762Z   fetch-depth: 1
database-full-load (100)	Run actions/checkout@3d3c42e5aac5ba805825da76410c181273ba90b1	2026-10-03T22:20:36.5091270Z   fetch-tags: false
database-full-load (100)	Run actions/checkout@3d3c42e5aac5ba805825da76410c181273ba90b1	2026-10-03T22:20:36.5091800Z   show-progress: true
database-full-load (100)	Run actions/checkout@3d3c42e5aac5ba805825da76410c181273ba90b1	2026-10-03T22:20:36.5092342Z   lfs: false
database-full-load (100)	Run actions/checkout@3d3c42e5aac5ba805825da76410c181273ba90b1	2026-10-03T22:20:36.5092834Z   submodules: false
database-full-load (100)	Run actions/checkout@3d3c42e5aac5ba805825da76410c181273ba90b1	2026-10-03T22:20:36.5093492Z   set-safe-directory: true
database-full-load (100)	Run actions/checkout@3d3c42e5aac5ba805825da76410c181273ba90b1	2026-10-03T22:20:36.5094114Z   allow-unsafe-pr-checkout: false
database-full-load (100)	Run actions/checkout@3d3c42e5aac5ba805825da76410c181273ba90b1	2026-10-03T22:20:36.5094826Z env:
database-full-load (100)	Run actions/checkout@3d3c42e5aac5ba805825da76410c181273ba90b1	2026-10-03T22:20:36.5095294Z   GOENV: off
database-full-load (100)	Run actions/checkout@3d3c42e5aac5ba805825da76410c181273ba90b1	2026-10-03T22:20:36.5095781Z   GOWORK: off
database-full-load (100)	Run actions/checkout@3d3c42e5aac5ba805825da76410c181273ba90b1	2026-10-03T22:20:36.5096303Z   GOTOOLCHAIN: local
database-full-load (100)	Run actions/checkout@3d3c42e5aac5ba805825da76410c181273ba90b1	2026-10-03T22:20:36.5096854Z   GOFLAGS: -mod=readonly
database-full-load (100)	Run actions/checkout@3d3c42e5aac5ba805825da76410c181273ba90b1	2026-10-03T22:20:36.5097434Z   PYTHONDONTWRITEBYTECODE: 1
database-full-load (100)	Run actions/checkout@3d3c42e5aac5ba805825da76410c181273ba90b1	2026-10-03T22:20:36.5098016Z ##[endgroup]
database-full-load (100)	Run actions/checkout@3d3c42e5aac5ba805825da76410c181273ba90b1	2026-10-03T22:20:36.5731346Z Syncing repository: batchstream/weir-tests
database-full-load (100)	Run actions/checkout@3d3c42e5aac5ba805825da76410c181273ba90b1	2026-10-03T22:20:36.5733874Z ##[group]Getting Git version info
database-full-load (100)	Run actions/checkout@3d3c42e5aac5ba805825da76410c181273ba90b1	2026-10-03T22:20:36.5735137Z Working directory is '/home/runner/work/weir-tests/weir-tests'
database-full-load (100)	Run actions/checkout@3d3c42e5aac5ba805825da76410c181273ba90b1	2026-10-03T22:20:36.5736974Z [command]/usr/bin/git version
database-full-load (100)	Run actions/checkout@3d3c42e5aac5ba805825da76410c181273ba90b1	2026-10-03T22:20:36.5812432Z git version 2.55.0
database-full-load (100)	Run actions/checkout@3d3c42e5aac5ba805825da76410c181273ba90b1	2026-10-03T22:20:36.5826396Z ##[endgroup]
database-full-load (100)	Run actions/checkout@3d3c42e5aac5ba805825da76410c181273ba90b1	2026-10-03T22:20:36.5836378Z Temporarily overriding HOME='/home/runner/work/_temp/7098c999-08dc-4200-892b-2fa67a02bc76' before making global git config changes
database-full-load (100)	Run actions/checkout@3d3c42e5aac5ba805825da76410c181273ba90b1	2026-10-03T22:20:36.5838807Z Adding repository directory to the temporary git global config as a safe directory
database-full-load (100)	Run actions/checkout@3d3c42e5aac5ba805825da76410c181273ba90b1	2026-10-03T22:20:36.5841174Z [command]/usr/bin/git config --global --add safe.directory /home/runner/work/weir-tests/weir-tests
database-full-load (100)	Run actions/checkout@3d3c42e5aac5ba805825da76410c181273ba90b1	2026-10-03T22:20:36.6813268Z Deleting the contents of '/home/runner/work/weir-tests/weir-tests'
database-full-load (100)	Run actions/checkout@3d3c42e5aac5ba805825da76410c181273ba90b1	2026-10-03T22:20:36.6815429Z ##[group]Determining repository object format
database-full-load (100)	Run actions/checkout@3d3c42e5aac5ba805825da76410c181273ba90b1	2026-10-03T22:20:36.6816934Z ##[endgroup]
database-full-load (100)	Run actions/checkout@3d3c42e5aac5ba805825da76410c181273ba90b1	2026-10-03T22:20:36.6818203Z ##[group]Initializing the repository
database-full-load (100)	Run actions/checkout@3d3c42e5aac5ba805825da76410c181273ba90b1	2026-10-03T22:20:36.6819472Z [command]/usr/bin/git init /home/runner/work/weir-tests/weir-tests
database-full-load (100)	Run actions/checkout@3d3c42e5aac5ba805825da76410c181273ba90b1	2026-10-03T22:20:36.7310158Z hint: Using 'master' as the name for the initial branch. This default branch name
database-full-load (100)	Run actions/checkout@3d3c42e5aac5ba805825da76410c181273ba90b1	2026-10-03T22:20:36.7312307Z hint: will change to "main" in Git 3.0. To configure the initial branch name
database-full-load (100)	Run actions/checkout@3d3c42e5aac5ba805825da76410c181273ba90b1	2026-10-03T22:20:36.7314486Z hint: to use in all of your new repositories, which will suppress this warning,
database-full-load (100)	Run actions/checkout@3d3c42e5aac5ba805825da76410c181273ba90b1	2026-10-03T22:20:36.7315825Z hint: call:
database-full-load (100)	Run actions/checkout@3d3c42e5aac5ba805825da76410c181273ba90b1	2026-10-03T22:20:36.7316514Z hint:
database-full-load (100)	Run actions/checkout@3d3c42e5aac5ba805825da76410c181273ba90b1	2026-10-03T22:20:36.7317390Z hint: 	git config --global init.defaultBranch <name>
database-full-load (100)	Run actions/checkout@3d3c42e5aac5ba805825da76410c181273ba90b1	2026-10-03T22:20:36.7318476Z hint:
database-full-load (100)	Run actions/checkout@3d3c42e5aac5ba805825da76410c181273ba90b1	2026-10-03T22:20:36.7319473Z hint: Names commonly chosen instead of 'master' are 'main', 'trunk' and
database-full-load (100)	Run actions/checkout@3d3c42e5aac5ba805825da76410c181273ba90b1	2026-10-03T22:20:36.7321169Z hint: 'development'. The just-created branch can be renamed via this command:
database-full-load (100)	Run actions/checkout@3d3c42e5aac5ba805825da76410c181273ba90b1	2026-10-03T22:20:36.7322459Z hint:
database-full-load (100)	Run actions/checkout@3d3c42e5aac5ba805825da76410c181273ba90b1	2026-10-03T22:20:36.7323299Z hint: 	git branch -m <name>
database-full-load (100)	Run actions/checkout@3d3c42e5aac5ba805825da76410c181273ba90b1	2026-10-03T22:20:36.7324103Z hint:
database-full-load (100)	Run actions/checkout@3d3c42e5aac5ba805825da76410c181273ba90b1	2026-10-03T22:20:36.7325175Z hint: Disable this message with "git config set advice.defaultBranchName false"
database-full-load (100)	Run actions/checkout@3d3c42e5aac5ba805825da76410c181273ba90b1	2026-10-03T22:20:36.7326967Z Initialized empty Git repository in /home/runner/work/weir-tests/weir-tests/.git/
database-full-load (100)	Run actions/checkout@3d3c42e5aac5ba805825da76410c181273ba90b1	2026-10-03T22:20:36.7329965Z [command]/usr/bin/git remote add origin https://github.com/batchstream/weir-tests
database-full-load (100)	Run actions/checkout@3d3c42e5aac5ba805825da76410c181273ba90b1	2026-10-03T22:20:36.7695443Z ##[endgroup]
database-full-load (100)	Run actions/checkout@3d3c42e5aac5ba805825da76410c181273ba90b1	2026-10-03T22:20:36.7695910Z ##[group]Disabling automatic garbage collection
database-full-load (100)	Run actions/checkout@3d3c42e5aac5ba805825da76410c181273ba90b1	2026-10-03T22:20:36.7696290Z [command]/usr/bin/git config --local gc.auto 0
database-full-load (100)	Run actions/checkout@3d3c42e5aac5ba805825da76410c181273ba90b1	2026-10-03T22:20:36.7788487Z ##[endgroup]
database-full-load (100)	Run actions/checkout@3d3c42e5aac5ba805825da76410c181273ba90b1	2026-10-03T22:20:36.7789029Z ##[group]Setting up auth
database-full-load (100)	Run actions/checkout@3d3c42e5aac5ba805825da76410c181273ba90b1	2026-10-03T22:20:36.7789336Z Removing SSH command configuration
database-full-load (100)	Run actions/checkout@3d3c42e5aac5ba805825da76410c181273ba90b1	2026-10-03T22:20:36.7792924Z [command]/usr/bin/git config --local --name-only --get-regexp core\.sshCommand
database-full-load (100)	Run actions/checkout@3d3c42e5aac5ba805825da76410c181273ba90b1	2026-10-03T22:20:36.7820402Z [command]/usr/bin/git submodule foreach --recursive sh -c "git config --local --name-only --get-regexp 'core\.sshCommand' && git config --local --unset-all 'core.sshCommand' || :"
database-full-load (100)	Run actions/checkout@3d3c42e5aac5ba805825da76410c181273ba90b1	2026-10-03T22:20:36.8180544Z Removing HTTP extra header
database-full-load (100)	Run actions/checkout@3d3c42e5aac5ba805825da76410c181273ba90b1	2026-10-03T22:20:36.8183853Z [command]/usr/bin/git config --local --name-only --get-regexp http\.https\:\/\/github\.com\/\.extraheader
database-full-load (100)	Run actions/checkout@3d3c42e5aac5ba805825da76410c181273ba90b1	2026-10-03T22:20:36.8210634Z [command]/usr/bin/git submodule foreach --recursive sh -c "git config --local --name-only --get-regexp 'http\.https\:\/\/github\.com\/\.extraheader' && git config --local --unset-all 'http.https://github.com/.extraheader' || :"
database-full-load (100)	Run actions/checkout@3d3c42e5aac5ba805825da76410c181273ba90b1	2026-10-03T22:20:36.8373085Z Removing includeIf entries pointing to credentials config files
database-full-load (100)	Run actions/checkout@3d3c42e5aac5ba805825da76410c181273ba90b1	2026-10-03T22:20:36.8376660Z [command]/usr/bin/git config --local --name-only --get-regexp ^includeIf\.gitdir:
database-full-load (100)	Run actions/checkout@3d3c42e5aac5ba805825da76410c181273ba90b1	2026-10-03T22:20:36.8404026Z [command]/usr/bin/git submodule foreach --recursive git config --local --show-origin --name-only --get-regexp remote.origin.url
database-full-load (100)	Run actions/checkout@3d3c42e5aac5ba805825da76410c181273ba90b1	2026-10-03T22:20:36.8599854Z [command]/usr/bin/git config --file /home/runner/work/_temp/git-credentials-5e3ec3bd-133f-4a5e-b61c-c350d36807b4.config http.https://github.com/.extraheader AUTHORIZATION: basic ***
database-full-load (100)	Run actions/checkout@3d3c42e5aac5ba805825da76410c181273ba90b1	2026-10-03T22:20:36.8895841Z [command]/usr/bin/git config --local includeIf.gitdir:/home/runner/work/weir-tests/weir-tests/.git.path /home/runner/work/_temp/git-credentials-5e3ec3bd-133f-4a5e-b61c-c350d36807b4.config
database-full-load (100)	Run actions/checkout@3d3c42e5aac5ba805825da76410c181273ba90b1	2026-10-03T22:20:36.9210305Z [command]/usr/bin/git config --local includeIf.gitdir:/home/runner/work/weir-tests/weir-tests/.git/worktrees/*.path /home/runner/work/_temp/git-credentials-5e3ec3bd-133f-4a5e-b61c-c350d36807b4.config
database-full-load (100)	Run actions/checkout@3d3c42e5aac5ba805825da76410c181273ba90b1	2026-10-03T22:20:36.9286078Z [command]/usr/bin/git config --local includeIf.gitdir:/github/workspace/.git.path /github/runner_temp/git-credentials-5e3ec3bd-133f-4a5e-b61c-c350d36807b4.config
database-full-load (100)	Run actions/checkout@3d3c42e5aac5ba805825da76410c181273ba90b1	2026-10-03T22:20:36.9486338Z [command]/usr/bin/git config --local includeIf.gitdir:/github/workspace/.git/worktrees/*.path /github/runner_temp/git-credentials-5e3ec3bd-133f-4a5e-b61c-c350d36807b4.config
database-full-load (100)	Run actions/checkout@3d3c42e5aac5ba805825da76410c181273ba90b1	2026-10-03T22:20:36.9587329Z ##[endgroup]
database-full-load (100)	Run actions/checkout@3d3c42e5aac5ba805825da76410c181273ba90b1	2026-10-03T22:20:36.9587887Z ##[group]Fetching the repository
database-full-load (100)	Run actions/checkout@3d3c42e5aac5ba805825da76410c181273ba90b1	2026-10-03T22:20:36.9592146Z [command]/usr/bin/git -c protocol.version=2 fetch --no-tags --prune --no-recurse-submodules --depth=1 origin ecf3172b3d27bdc564af87388592cc68b553ac08
database-full-load (100)	Run actions/checkout@3d3c42e5aac5ba805825da76410c181273ba90b1	2026-10-03T22:20:38.1704793Z From https://github.com/batchstream/weir-tests
database-full-load (100)	Run actions/checkout@3d3c42e5aac5ba805825da76410c181273ba90b1	2026-10-03T22:20:38.1705234Z  * branch            ecf3172b3d27bdc564af87388592cc68b553ac08 -> FETCH_HEAD
database-full-load (100)	Run actions/checkout@3d3c42e5aac5ba805825da76410c181273ba90b1	2026-10-03T22:20:38.1712169Z [command]/usr/bin/git rev-parse --verify --quiet ecf3172b3d27bdc564af87388592cc68b553ac08^{object}
database-full-load (100)	Run actions/checkout@3d3c42e5aac5ba805825da76410c181273ba90b1	2026-10-03T22:20:38.1736328Z ecf3172b3d27bdc564af87388592cc68b553ac08
database-full-load (100)	Run actions/checkout@3d3c42e5aac5ba805825da76410c181273ba90b1	2026-10-03T22:20:38.1739493Z ##[endgroup]
database-full-load (100)	Run actions/checkout@3d3c42e5aac5ba805825da76410c181273ba90b1	2026-10-03T22:20:38.1739887Z ##[group]Determining the checkout info
database-full-load (100)	Run actions/checkout@3d3c42e5aac5ba805825da76410c181273ba90b1	2026-10-03T22:20:38.1740325Z ##[endgroup]
database-full-load (100)	Run actions/checkout@3d3c42e5aac5ba805825da76410c181273ba90b1	2026-10-03T22:20:38.1742837Z [command]/usr/bin/git sparse-checkout disable
database-full-load (100)	Run actions/checkout@3d3c42e5aac5ba805825da76410c181273ba90b1	2026-10-03T22:20:38.2541525Z [command]/usr/bin/git config --local --unset-all extensions.worktreeConfig
database-full-load (100)	Run actions/checkout@3d3c42e5aac5ba805825da76410c181273ba90b1	2026-10-03T22:20:38.2850902Z ##[group]Checking out the ref
database-full-load (100)	Run actions/checkout@3d3c42e5aac5ba805825da76410c181273ba90b1	2026-10-03T22:20:38.2851956Z [command]/usr/bin/git checkout --progress --force ecf3172b3d27bdc564af87388592cc68b553ac08
database-full-load (100)	Run actions/checkout@3d3c42e5aac5ba805825da76410c181273ba90b1	2026-10-03T22:20:38.4043819Z Note: switching to 'ecf3172b3d27bdc564af87388592cc68b553ac08'.
database-full-load (100)	Run actions/checkout@3d3c42e5aac5ba805825da76410c181273ba90b1	2026-10-03T22:20:38.4044171Z 
database-full-load (100)	Run actions/checkout@3d3c42e5aac5ba805825da76410c181273ba90b1	2026-10-03T22:20:38.4044386Z You are in 'detached HEAD' state. You can look around, make experimental
database-full-load (100)	Run actions/checkout@3d3c42e5aac5ba805825da76410c181273ba90b1	2026-10-03T22:20:38.4044813Z changes and commit them, and you can discard any commits you make in this
database-full-load (100)	Run actions/checkout@3d3c42e5aac5ba805825da76410c181273ba90b1	2026-10-03T22:20:38.4045266Z state without impacting any branches by switching back to a branch.
database-full-load (100)	Run actions/checkout@3d3c42e5aac5ba805825da76410c181273ba90b1	2026-10-03T22:20:38.4045493Z 
database-full-load (100)	Run actions/checkout@3d3c42e5aac5ba805825da76410c181273ba90b1	2026-10-03T22:20:38.4045657Z If you want to create a new branch to retain commits you create, you may
database-full-load (100)	Run actions/checkout@3d3c42e5aac5ba805825da76410c181273ba90b1	2026-10-03T22:20:38.4046033Z do so (now or later) by using -c with the switch command. Example:
database-full-load (100)	Run actions/checkout@3d3c42e5aac5ba805825da76410c181273ba90b1	2026-10-03T22:20:38.4046267Z 
database-full-load (100)	Run actions/checkout@3d3c42e5aac5ba805825da76410c181273ba90b1	2026-10-03T22:20:38.4046359Z   git switch -c <new-branch-name>
database-full-load (100)	Run actions/checkout@3d3c42e5aac5ba805825da76410c181273ba90b1	2026-10-03T22:20:38.4046598Z 
database-full-load (100)	Run actions/checkout@3d3c42e5aac5ba805825da76410c181273ba90b1	2026-10-03T22:20:38.4046694Z Or undo this operation with:
database-full-load (100)	Run actions/checkout@3d3c42e5aac5ba805825da76410c181273ba90b1	2026-10-03T22:20:38.4046833Z 
database-full-load (100)	Run actions/checkout@3d3c42e5aac5ba805825da76410c181273ba90b1	2026-10-03T22:20:38.4046909Z   git switch -
database-full-load (100)	Run actions/checkout@3d3c42e5aac5ba805825da76410c181273ba90b1	2026-10-03T22:20:38.4047234Z 
database-full-load (100)	Run actions/checkout@3d3c42e5aac5ba805825da76410c181273ba90b1	2026-10-03T22:20:38.4047411Z Turn off this advice by setting config variable advice.detachedHead to false
database-full-load (100)	Run actions/checkout@3d3c42e5aac5ba805825da76410c181273ba90b1	2026-10-03T22:20:38.4047666Z 
database-full-load (100)	Run actions/checkout@3d3c42e5aac5ba805825da76410c181273ba90b1	2026-10-03T22:20:38.4048194Z HEAD is now at ecf3172 🐛 fix: decode heterogeneous MongoDB command statistics
database-full-load (100)	Run actions/checkout@3d3c42e5aac5ba805825da76410c181273ba90b1	2026-10-03T22:20:38.4068060Z ##[endgroup]
database-full-load (100)	Run actions/checkout@3d3c42e5aac5ba805825da76410c181273ba90b1	2026-10-03T22:20:38.4109660Z [command]/usr/bin/git log -1 --format=%H
database-full-load (100)	Run actions/checkout@3d3c42e5aac5ba805825da76410c181273ba90b1	2026-10-03T22:20:38.4132323Z ecf3172b3d27bdc564af87388592cc68b553ac08
database-full-load (100)	Run actions/checkout@3d3c42e5aac5ba805825da76410c181273ba90b1	2026-10-03T22:20:38.4142015Z ##[group]Removing auth
database-full-load (100)	Run actions/checkout@3d3c42e5aac5ba805825da76410c181273ba90b1	2026-10-03T22:20:38.4142205Z Removing SSH command configuration
database-full-load (100)	Run actions/checkout@3d3c42e5aac5ba805825da76410c181273ba90b1	2026-10-03T22:20:38.4142432Z [command]/usr/bin/git config --local --name-only --get-regexp core\.sshCommand
database-full-load (100)	Run actions/checkout@3d3c42e5aac5ba805825da76410c181273ba90b1	2026-10-03T22:20:38.4168726Z [command]/usr/bin/git submodule foreach --recursive sh -c "git config --local --name-only --get-regexp 'core\.sshCommand' && git config --local --unset-all 'core.sshCommand' || :"
database-full-load (100)	Run actions/checkout@3d3c42e5aac5ba805825da76410c181273ba90b1	2026-10-03T22:20:38.4335744Z Removing HTTP extra header
database-full-load (100)	Run actions/checkout@3d3c42e5aac5ba805825da76410c181273ba90b1	2026-10-03T22:20:38.4337419Z [command]/usr/bin/git config --local --name-only --get-regexp http\.https\:\/\/github\.com\/\.extraheader
database-full-load (100)	Run actions/checkout@3d3c42e5aac5ba805825da76410c181273ba90b1	2026-10-03T22:20:38.4366000Z [command]/usr/bin/git submodule foreach --recursive sh -c "git config --local --name-only --get-regexp 'http\.https\:\/\/github\.com\/\.extraheader' && git config --local --unset-all 'http.https://github.com/.extraheader' || :"
database-full-load (100)	Run actions/checkout@3d3c42e5aac5ba805825da76410c181273ba90b1	2026-10-03T22:20:38.4537353Z Removing includeIf entries pointing to credentials config files
database-full-load (100)	Run actions/checkout@3d3c42e5aac5ba805825da76410c181273ba90b1	2026-10-03T22:20:38.4540145Z [command]/usr/bin/git config --local --name-only --get-regexp ^includeIf\.gitdir:
database-full-load (100)	Run actions/checkout@3d3c42e5aac5ba805825da76410c181273ba90b1	2026-10-03T22:20:38.4567382Z includeif.gitdir:/home/runner/work/weir-tests/weir-tests/.git.path
database-full-load (100)	Run actions/checkout@3d3c42e5aac5ba805825da76410c181273ba90b1	2026-10-03T22:20:38.4567951Z includeif.gitdir:/home/runner/work/weir-tests/weir-tests/.git/worktrees/*.path
database-full-load (100)	Run actions/checkout@3d3c42e5aac5ba805825da76410c181273ba90b1	2026-10-03T22:20:38.4568410Z includeif.gitdir:/github/workspace/.git.path
database-full-load (100)	Run actions/checkout@3d3c42e5aac5ba805825da76410c181273ba90b1	2026-10-03T22:20:38.4568777Z includeif.gitdir:/github/workspace/.git/worktrees/*.path
database-full-load (100)	Run actions/checkout@3d3c42e5aac5ba805825da76410c181273ba90b1	2026-10-03T22:20:38.4574494Z [command]/usr/bin/git config --local --get-all includeif.gitdir:/home/runner/work/weir-tests/weir-tests/.git.path
database-full-load (100)	Run actions/checkout@3d3c42e5aac5ba805825da76410c181273ba90b1	2026-10-03T22:20:38.4596327Z /home/runner/work/_temp/git-credentials-5e3ec3bd-133f-4a5e-b61c-c350d36807b4.config
database-full-load (100)	Run actions/checkout@3d3c42e5aac5ba805825da76410c181273ba90b1	2026-10-03T22:20:38.4602602Z [command]/usr/bin/git config --local --unset includeif.gitdir:/home/runner/work/weir-tests/weir-tests/.git.path \/home\/runner\/work\/_temp\/git\-credentials\-5e3ec3bd\-133f\-4a5e\-b61c\-c350d36807b4\.config
database-full-load (100)	Run actions/checkout@3d3c42e5aac5ba805825da76410c181273ba90b1	2026-10-03T22:20:38.4742289Z [command]/usr/bin/git config --local --get-all includeif.gitdir:/home/runner/work/weir-tests/weir-tests/.git/worktrees/*.path
database-full-load (100)	Run actions/checkout@3d3c42e5aac5ba805825da76410c181273ba90b1	2026-10-03T22:20:38.4756931Z /home/runner/work/_temp/git-credentials-5e3ec3bd-133f-4a5e-b61c-c350d36807b4.config
database-full-load (100)	Run actions/checkout@3d3c42e5aac5ba805825da76410c181273ba90b1	2026-10-03T22:20:38.4762853Z [command]/usr/bin/git config --local --unset includeif.gitdir:/home/runner/work/weir-tests/weir-tests/.git/worktrees/*.path \/home\/runner\/work\/_temp\/git\-credentials\-5e3ec3bd\-133f\-4a5e\-b61c\-c350d36807b4\.config
database-full-load (100)	Run actions/checkout@3d3c42e5aac5ba805825da76410c181273ba90b1	2026-10-03T22:20:38.4836861Z [command]/usr/bin/git config --local --get-all includeif.gitdir:/github/workspace/.git.path
database-full-load (100)	Run actions/checkout@3d3c42e5aac5ba805825da76410c181273ba90b1	2026-10-03T22:20:38.4859072Z /github/runner_temp/git-credentials-5e3ec3bd-133f-4a5e-b61c-c350d36807b4.config
database-full-load (100)	Run actions/checkout@3d3c42e5aac5ba805825da76410c181273ba90b1	2026-10-03T22:20:38.4864453Z [command]/usr/bin/git config --local --unset includeif.gitdir:/github/workspace/.git.path \/github\/runner_temp\/git\-credentials\-5e3ec3bd\-133f\-4a5e\-b61c\-c350d36807b4\.config
database-full-load (100)	Run actions/checkout@3d3c42e5aac5ba805825da76410c181273ba90b1	2026-10-03T22:20:38.5241714Z [command]/usr/bin/git config --local --get-all includeif.gitdir:/github/workspace/.git/worktrees/*.path
database-full-load (100)	Run actions/checkout@3d3c42e5aac5ba805825da76410c181273ba90b1	2026-10-03T22:20:38.5265273Z /github/runner_temp/git-credentials-5e3ec3bd-133f-4a5e-b61c-c350d36807b4.config
database-full-load (100)	Run actions/checkout@3d3c42e5aac5ba805825da76410c181273ba90b1	2026-10-03T22:20:38.5269886Z [command]/usr/bin/git config --local --unset includeif.gitdir:/github/workspace/.git/worktrees/*.path \/github\/runner_temp\/git\-credentials\-5e3ec3bd\-133f\-4a5e\-b61c\-c350d36807b4\.config
database-full-load (100)	Run actions/checkout@3d3c42e5aac5ba805825da76410c181273ba90b1	2026-10-03T22:20:38.5334333Z [command]/usr/bin/git submodule foreach --recursive git config --local --show-origin --name-only --get-regexp remote.origin.url
database-full-load (100)	Run actions/checkout@3d3c42e5aac5ba805825da76410c181273ba90b1	2026-10-03T22:20:38.5500760Z Removing credentials config '/home/runner/work/_temp/git-credentials-5e3ec3bd-133f-4a5e-b61c-c350d36807b4.config'
database-full-load (100)	Run actions/checkout@3d3c42e5aac5ba805825da76410c181273ba90b1	2026-10-03T22:20:38.5507796Z ##[endgroup]
database-full-load (100)	Run actions/setup-go@924ae3a1cded613372ab5595356fb5720e22ba16	﻿2026-10-03T22:20:38.5751335Z ##[group]Run actions/setup-go@924ae3a1cded613372ab5595356fb5720e22ba16
database-full-load (100)	Run actions/setup-go@924ae3a1cded613372ab5595356fb5720e22ba16	2026-10-03T22:20:38.5751552Z with:
database-full-load (100)	Run actions/setup-go@924ae3a1cded613372ab5595356fb5720e22ba16	2026-10-03T22:20:38.5751668Z   go-version-file: go.mod
database-full-load (100)	Run actions/setup-go@924ae3a1cded613372ab5595356fb5720e22ba16	2026-10-03T22:20:38.5751794Z   check-latest: false
database-full-load (100)	Run actions/setup-go@924ae3a1cded613372ab5595356fb5720e22ba16	2026-10-03T22:20:38.5753194Z   token: ***
database-full-load (100)	Run actions/setup-go@924ae3a1cded613372ab5595356fb5720e22ba16	2026-10-03T22:20:38.5753303Z   cache: true
database-full-load (100)	Run actions/setup-go@924ae3a1cded613372ab5595356fb5720e22ba16	2026-10-03T22:20:38.5753409Z env:
database-full-load (100)	Run actions/setup-go@924ae3a1cded613372ab5595356fb5720e22ba16	2026-10-03T22:20:38.5753507Z   GOENV: off
database-full-load (100)	Run actions/setup-go@924ae3a1cded613372ab5595356fb5720e22ba16	2026-10-03T22:20:38.5753608Z   GOWORK: off
database-full-load (100)	Run actions/setup-go@924ae3a1cded613372ab5595356fb5720e22ba16	2026-10-03T22:20:38.5753713Z   GOTOOLCHAIN: local
database-full-load (100)	Run actions/setup-go@924ae3a1cded613372ab5595356fb5720e22ba16	2026-10-03T22:20:38.5753836Z   GOFLAGS: -mod=readonly
database-full-load (100)	Run actions/setup-go@924ae3a1cded613372ab5595356fb5720e22ba16	2026-10-03T22:20:38.5753967Z   PYTHONDONTWRITEBYTECODE: 1
database-full-load (100)	Run actions/setup-go@924ae3a1cded613372ab5595356fb5720e22ba16	2026-10-03T22:20:38.5754095Z ##[endgroup]
database-full-load (100)	Run actions/setup-go@924ae3a1cded613372ab5595356fb5720e22ba16	2026-10-03T22:20:38.6548366Z Setup go version spec 1.27.1
database-full-load (100)	Run actions/setup-go@924ae3a1cded613372ab5595356fb5720e22ba16	2026-10-03T22:20:38.6555576Z Attempting to download 1.27.1...
database-full-load (100)	Run actions/setup-go@924ae3a1cded613372ab5595356fb5720e22ba16	2026-10-03T22:20:39.6305292Z matching 1.27.1...
database-full-load (100)	Run actions/setup-go@924ae3a1cded613372ab5595356fb5720e22ba16	2026-10-03T22:20:39.6322292Z Acquiring 1.27.1 from https://github.com/actions/go-versions/releases/download/1.27.1-33583469715/go-1.27.1-linux-x64.tar.gz
database-full-load (100)	Run actions/setup-go@924ae3a1cded613372ab5595356fb5720e22ba16	2026-10-03T22:20:40.1210437Z Extracting Go...
database-full-load (100)	Run actions/setup-go@924ae3a1cded613372ab5595356fb5720e22ba16	2026-10-03T22:20:40.1296995Z [command]/usr/bin/tar xz --warning=no-unknown-keyword --overwrite -C /home/runner/work/_temp/83746f92-a02a-4097-84d9-813fdbdc503e -f /home/runner/work/_temp/ba63cf79-44f0-4f3e-9585-1e2410e9de1a
database-full-load (100)	Run actions/setup-go@924ae3a1cded613372ab5595356fb5720e22ba16	2026-10-03T22:20:41.3797201Z Successfully extracted go to /home/runner/work/_temp/83746f92-a02a-4097-84d9-813fdbdc503e
database-full-load (100)	Run actions/setup-go@924ae3a1cded613372ab5595356fb5720e22ba16	2026-10-03T22:20:41.3797538Z Adding to the cache ...
database-full-load (100)	Run actions/setup-go@924ae3a1cded613372ab5595356fb5720e22ba16	2026-10-03T22:20:45.8433774Z Successfully cached go to /opt/hostedtoolcache/go/1.27.1/x64
database-full-load (100)	Run actions/setup-go@924ae3a1cded613372ab5595356fb5720e22ba16	2026-10-03T22:20:45.8435546Z Added go to the path
database-full-load (100)	Run actions/setup-go@924ae3a1cded613372ab5595356fb5720e22ba16	2026-10-03T22:20:45.8437626Z Successfully set up Go version 1.27.1
database-full-load (100)	Run actions/setup-go@924ae3a1cded613372ab5595356fb5720e22ba16	2026-10-03T22:20:45.8618963Z [command]/opt/hostedtoolcache/go/1.27.1/x64/bin/go env GOMODCACHE
database-full-load (100)	Run actions/setup-go@924ae3a1cded613372ab5595356fb5720e22ba16	2026-10-03T22:20:45.8650630Z [command]/opt/hostedtoolcache/go/1.27.1/x64/bin/go env GOCACHE
database-full-load (100)	Run actions/setup-go@924ae3a1cded613372ab5595356fb5720e22ba16	2026-10-03T22:20:45.8685641Z /home/runner/go/pkg/mod
database-full-load (100)	Run actions/setup-go@924ae3a1cded613372ab5595356fb5720e22ba16	2026-10-03T22:20:45.8698194Z /home/runner/.cache/go-build
database-full-load (100)	Run actions/setup-go@924ae3a1cded613372ab5595356fb5720e22ba16	2026-10-03T22:20:46.0228785Z Cache hit for: setup-go-Linux-x64-ubuntu24-go-1.27.1-f3893fbf0ff2b6e2efba8903234513786674983d753d1815a9a1fcf84a06448a
database-full-load (100)	Run actions/setup-go@924ae3a1cded613372ab5595356fb5720e22ba16	2026-10-03T22:20:47.1866774Z Received 134217728 of 252007507 (53.3%), 127.9 MBs/sec
database-full-load (100)	Run actions/setup-go@924ae3a1cded613372ab5595356fb5720e22ba16	2026-10-03T22:20:47.5411570Z Received 252007507 of 252007507 (100.0%), 177.4 MBs/sec
database-full-load (100)	Run actions/setup-go@924ae3a1cded613372ab5595356fb5720e22ba16	2026-10-03T22:20:47.5412176Z Cache Size: ~240 MB (252007507 B)
database-full-load (100)	Run actions/setup-go@924ae3a1cded613372ab5595356fb5720e22ba16	2026-10-03T22:20:47.5510426Z [command]/usr/bin/tar -xf /home/runner/work/_temp/66b72c6d-8986-4523-b3e2-554ef23cc67a/cache.tzst -P -C /home/runner/work/weir-tests/weir-tests --use-compress-program unzstd
database-full-load (100)	Run actions/setup-go@924ae3a1cded613372ab5595356fb5720e22ba16	2026-10-03T22:20:49.4074140Z Cache restored successfully
database-full-load (100)	Run actions/setup-go@924ae3a1cded613372ab5595356fb5720e22ba16	2026-10-03T22:20:49.4178842Z Cache restored from key: setup-go-Linux-x64-ubuntu24-go-1.27.1-f3893fbf0ff2b6e2efba8903234513786674983d753d1815a9a1fcf84a06448a
database-full-load (100)	Run actions/setup-go@924ae3a1cded613372ab5595356fb5720e22ba16	2026-10-03T22:20:49.4208915Z go version go1.27.1 linux/amd64
database-full-load (100)	Run actions/setup-go@924ae3a1cded613372ab5595356fb5720e22ba16	2026-10-03T22:20:49.4209071Z 
database-full-load (100)	Run actions/setup-go@924ae3a1cded613372ab5595356fb5720e22ba16	2026-10-03T22:20:49.4209332Z ##[group]go env
database-full-load (100)	Run actions/setup-go@924ae3a1cded613372ab5595356fb5720e22ba16	2026-10-03T22:20:49.4330332Z AR='ar'
database-full-load (100)	Run actions/setup-go@924ae3a1cded613372ab5595356fb5720e22ba16	2026-10-03T22:20:49.4330581Z CC='gcc'
database-full-load (100)	Run actions/setup-go@924ae3a1cded613372ab5595356fb5720e22ba16	2026-10-03T22:20:49.4330751Z CGO_CFLAGS='-O2 -g'
database-full-load (100)	Run actions/setup-go@924ae3a1cded613372ab5595356fb5720e22ba16	2026-10-03T22:20:49.4330942Z CGO_CPPFLAGS=''
database-full-load (100)	Run actions/setup-go@924ae3a1cded613372ab5595356fb5720e22ba16	2026-10-03T22:20:49.4331154Z CGO_CXXFLAGS='-O2 -g'
database-full-load (100)	Run actions/setup-go@924ae3a1cded613372ab5595356fb5720e22ba16	2026-10-03T22:20:49.4331343Z CGO_ENABLED='1'
database-full-load (100)	Run actions/setup-go@924ae3a1cded613372ab5595356fb5720e22ba16	2026-10-03T22:20:49.4331564Z CGO_FFLAGS='-O2 -g'
database-full-load (100)	Run actions/setup-go@924ae3a1cded613372ab5595356fb5720e22ba16	2026-10-03T22:20:49.4331747Z CGO_LDFLAGS='-O2 -g'
database-full-load (100)	Run actions/setup-go@924ae3a1cded613372ab5595356fb5720e22ba16	2026-10-03T22:20:49.4331924Z CXX='g++'
database-full-load (100)	Run actions/setup-go@924ae3a1cded613372ab5595356fb5720e22ba16	2026-10-03T22:20:49.4332105Z GCCGO='gccgo'
database-full-load (100)	Run actions/setup-go@924ae3a1cded613372ab5595356fb5720e22ba16	2026-10-03T22:20:49.4332276Z GO111MODULE=''
database-full-load (100)	Run actions/setup-go@924ae3a1cded613372ab5595356fb5720e22ba16	2026-10-03T22:20:49.4332441Z GOAMD64='v1'
database-full-load (100)	Run actions/setup-go@924ae3a1cded613372ab5595356fb5720e22ba16	2026-10-03T22:20:49.4332610Z GOARCH='amd64'
database-full-load (100)	Run actions/setup-go@924ae3a1cded613372ab5595356fb5720e22ba16	2026-10-03T22:20:49.4332775Z GOAUTH='netrc'
database-full-load (100)	Run actions/setup-go@924ae3a1cded613372ab5595356fb5720e22ba16	2026-10-03T22:20:49.4333216Z GOBIN='/home/runner/go/bin'
database-full-load (100)	Run actions/setup-go@924ae3a1cded613372ab5595356fb5720e22ba16	2026-10-03T22:20:49.4333439Z GOCACHE='/home/runner/.cache/go-build'
database-full-load (100)	Run actions/setup-go@924ae3a1cded613372ab5595356fb5720e22ba16	2026-10-03T22:20:49.4333669Z GOCACHEPROG=''
database-full-load (100)	Run actions/setup-go@924ae3a1cded613372ab5595356fb5720e22ba16	2026-10-03T22:20:49.4333835Z GODEBUG=''
database-full-load (100)	Run actions/setup-go@924ae3a1cded613372ab5595356fb5720e22ba16	2026-10-03T22:20:49.4333990Z GOENV=''
database-full-load (100)	Run actions/setup-go@924ae3a1cded613372ab5595356fb5720e22ba16	2026-10-03T22:20:49.4334139Z GOEXE=''
database-full-load (100)	Run actions/setup-go@924ae3a1cded613372ab5595356fb5720e22ba16	2026-10-03T22:20:49.4334308Z GOEXPERIMENT=''
database-full-load (100)	Run actions/setup-go@924ae3a1cded613372ab5595356fb5720e22ba16	2026-10-03T22:20:49.4334483Z GOFIPS140='off'
database-full-load (100)	Run actions/setup-go@924ae3a1cded613372ab5595356fb5720e22ba16	2026-10-03T22:20:49.4334670Z GOFLAGS='-mod=readonly'
database-full-load (100)	Run actions/setup-go@924ae3a1cded613372ab5595356fb5720e22ba16	2026-10-03T22:20:49.4335278Z GOGCCFLAGS='-fPIC -m64 -pthread -Wl,--no-gc-sections -fmessage-length=0 -ffile-prefix-map=/tmp/go-build2865257497=/tmp/go-build -gno-record-gcc-switches'
database-full-load (100)	Run actions/setup-go@924ae3a1cded613372ab5595356fb5720e22ba16	2026-10-03T22:20:49.4335851Z GOHOSTARCH='amd64'
database-full-load (100)	Run actions/setup-go@924ae3a1cded613372ab5595356fb5720e22ba16	2026-10-03T22:20:49.4336313Z GOHOSTOS='linux'
database-full-load (100)	Run actions/setup-go@924ae3a1cded613372ab5595356fb5720e22ba16	2026-10-03T22:20:49.4336484Z GOINSECURE=''
database-full-load (100)	Run actions/setup-go@924ae3a1cded613372ab5595356fb5720e22ba16	2026-10-03T22:20:49.4336707Z GOMOD='/home/runner/work/weir-tests/weir-tests/go.mod'
database-full-load (100)	Run actions/setup-go@924ae3a1cded613372ab5595356fb5720e22ba16	2026-10-03T22:20:49.4336996Z GOMODCACHE='/home/runner/go/pkg/mod'
database-full-load (100)	Run actions/setup-go@924ae3a1cded613372ab5595356fb5720e22ba16	2026-10-03T22:20:49.4337220Z GONOPROXY=''
database-full-load (100)	Run actions/setup-go@924ae3a1cded613372ab5595356fb5720e22ba16	2026-10-03T22:20:49.4337386Z GONOSUMDB=''
database-full-load (100)	Run actions/setup-go@924ae3a1cded613372ab5595356fb5720e22ba16	2026-10-03T22:20:49.4337549Z GOOS='linux'
database-full-load (100)	Run actions/setup-go@924ae3a1cded613372ab5595356fb5720e22ba16	2026-10-03T22:20:49.4337718Z GOPACKAGESDRIVER=''
database-full-load (100)	Run actions/setup-go@924ae3a1cded613372ab5595356fb5720e22ba16	2026-10-03T22:20:49.4337910Z GOPATH='/home/runner/go'
database-full-load (100)	Run actions/setup-go@924ae3a1cded613372ab5595356fb5720e22ba16	2026-10-03T22:20:49.4338102Z GOPRIVATE=''
database-full-load (100)	Run actions/setup-go@924ae3a1cded613372ab5595356fb5720e22ba16	2026-10-03T22:20:49.4338355Z GOPROXY='https://proxy.golang.org,direct'
database-full-load (100)	Run actions/setup-go@924ae3a1cded613372ab5595356fb5720e22ba16	2026-10-03T22:20:49.4338635Z GOROOT='/opt/hostedtoolcache/go/1.27.1/x64'
database-full-load (100)	Run actions/setup-go@924ae3a1cded613372ab5595356fb5720e22ba16	2026-10-03T22:20:49.4338886Z GOSUMDB='sum.golang.org'
database-full-load (100)	Run actions/setup-go@924ae3a1cded613372ab5595356fb5720e22ba16	2026-10-03T22:20:49.4339081Z GOTELEMETRY='local'
database-full-load (100)	Run actions/setup-go@924ae3a1cded613372ab5595356fb5720e22ba16	2026-10-03T22:20:49.4339314Z GOTELEMETRYDIR='/home/runner/.config/go/telemetry'
database-full-load (100)	Run actions/setup-go@924ae3a1cded613372ab5595356fb5720e22ba16	2026-10-03T22:20:49.4339571Z GOTMPDIR=''
database-full-load (100)	Run actions/setup-go@924ae3a1cded613372ab5595356fb5720e22ba16	2026-10-03T22:20:49.4339744Z GOTOOLCHAIN='local'
database-full-load (100)	Run actions/setup-go@924ae3a1cded613372ab5595356fb5720e22ba16	2026-10-03T22:20:49.4340014Z GOTOOLDIR='/opt/hostedtoolcache/go/1.27.1/x64/pkg/tool/linux_amd64'
database-full-load (100)	Run actions/setup-go@924ae3a1cded613372ab5595356fb5720e22ba16	2026-10-03T22:20:49.4340317Z GOVCS=''
database-full-load (100)	Run actions/setup-go@924ae3a1cded613372ab5595356fb5720e22ba16	2026-10-03T22:20:49.4340482Z GOVERSION='go1.27.1'
database-full-load (100)	Run actions/setup-go@924ae3a1cded613372ab5595356fb5720e22ba16	2026-10-03T22:20:49.4340666Z GOWORK='off'
database-full-load (100)	Run actions/setup-go@924ae3a1cded613372ab5595356fb5720e22ba16	2026-10-03T22:20:49.4340847Z PKG_CONFIG='pkg-config'
database-full-load (100)	Run actions/setup-go@924ae3a1cded613372ab5595356fb5720e22ba16	2026-10-03T22:20:49.4340968Z 
database-full-load (100)	Run actions/setup-go@924ae3a1cded613372ab5595356fb5720e22ba16	2026-10-03T22:20:49.4341258Z ##[endgroup]
database-full-load (100)	Prepare immutable tools and owned database images	﻿2026-10-03T22:20:49.4512753Z ##[group]Run python3 scripts/download_modules.py
database-full-load (100)	Prepare immutable tools and owned database images	2026-10-03T22:20:49.4513222Z [36;1mpython3 scripts/download_modules.py[0m
database-full-load (100)	Prepare immutable tools and owned database images	2026-10-03T22:20:49.4513441Z [36;1mpython3 scripts/prepare_weir.py[0m
database-full-load (100)	Prepare immutable tools and owned database images	2026-10-03T22:20:49.4513610Z [36;1mpython3 scripts/prepare_images.py[0m
database-full-load (100)	Prepare immutable tools and owned database images	2026-10-03T22:20:49.5003208Z shell: /usr/bin/bash --noprofile --norc -e -o pipefail {0}
database-full-load (100)	Prepare immutable tools and owned database images	2026-10-03T22:20:49.5003458Z env:
database-full-load (100)	Prepare immutable tools and owned database images	2026-10-03T22:20:49.5003584Z   GOENV: off
database-full-load (100)	Prepare immutable tools and owned database images	2026-10-03T22:20:49.5003695Z   GOWORK: off
database-full-load (100)	Prepare immutable tools and owned database images	2026-10-03T22:20:49.5004010Z   GOTOOLCHAIN: local
database-full-load (100)	Prepare immutable tools and owned database images	2026-10-03T22:20:49.5004138Z   GOFLAGS: -mod=readonly
database-full-load (100)	Prepare immutable tools and owned database images	2026-10-03T22:20:49.5004276Z   PYTHONDONTWRITEBYTECODE: 1
database-full-load (100)	Prepare immutable tools and owned database images	2026-10-03T22:20:49.5004413Z ##[endgroup]
database-full-load (100)	Prepare immutable tools and owned database images	2026-10-03T22:20:52.1585213Z all modules verified
database-full-load (100)	Prepare immutable tools and owned database images	2026-10-03T22:21:08.2360020Z /home/runner/work/weir-tests/weir-tests/.tools/weir
database-full-load (100)	Prepare immutable tools and owned database images	2026-10-03T22:21:08.6992657Z docker.io/library/mongo@sha256:d0d926f94df099bff534b7ee5b5986458131a22489dfff8664509af0c1e2ca9c: Pulling from library/mongo
database-full-load (100)	Prepare immutable tools and owned database images	2026-10-03T22:21:08.8464288Z a60ef8ec184e: Pulling fs layer
database-full-load (100)	Prepare immutable tools and owned database images	2026-10-03T22:21:08.8464772Z c4a88db82a6d: Pulling fs layer
database-full-load (100)	Prepare immutable tools and owned database images	2026-10-03T22:21:08.8464998Z f97373a3dd33: Pulling fs layer
database-full-load (100)	Prepare immutable tools and owned database images	2026-10-03T22:21:08.8465206Z 59898ec81c6b: Pulling fs layer
database-full-load (100)	Prepare immutable tools and owned database images	2026-10-03T22:21:08.8465410Z 2252b895f5de: Pulling fs layer
database-full-load (100)	Prepare immutable tools and owned database images	2026-10-03T22:21:08.8465628Z 08f85ec03d22: Pulling fs layer
database-full-load (100)	Prepare immutable tools and owned database images	2026-10-03T22:21:08.8465845Z cfbbec1d5328: Pulling fs layer
database-full-load (100)	Prepare immutable tools and owned database images	2026-10-03T22:21:08.8466066Z eedb5e3e5b38: Pulling fs layer
database-full-load (100)	Prepare immutable tools and owned database images	2026-10-03T22:21:08.8466277Z 59898ec81c6b: Waiting
database-full-load (100)	Prepare immutable tools and owned database images	2026-10-03T22:21:08.8466484Z 2252b895f5de: Waiting
database-full-load (100)	Prepare immutable tools and owned database images	2026-10-03T22:21:08.8466667Z 08f85ec03d22: Waiting
database-full-load (100)	Prepare immutable tools and owned database images	2026-10-03T22:21:08.8466864Z cfbbec1d5328: Waiting
database-full-load (100)	Prepare immutable tools and owned database images	2026-10-03T22:21:08.8467043Z eedb5e3e5b38: Waiting
database-full-load (100)	Prepare immutable tools and owned database images	2026-10-03T22:21:08.9833387Z c4a88db82a6d: Verifying Checksum
database-full-load (100)	Prepare immutable tools and owned database images	2026-10-03T22:21:08.9833771Z c4a88db82a6d: Download complete
database-full-load (100)	Prepare immutable tools and owned database images	2026-10-03T22:21:09.1033836Z f97373a3dd33: Verifying Checksum
database-full-load (100)	Prepare immutable tools and owned database images	2026-10-03T22:21:09.1034194Z f97373a3dd33: Download complete
database-full-load (100)	Prepare immutable tools and owned database images	2026-10-03T22:21:09.1547789Z 59898ec81c6b: Verifying Checksum
database-full-load (100)	Prepare immutable tools and owned database images	2026-10-03T22:21:09.1548168Z 59898ec81c6b: Download complete
database-full-load (100)	Prepare immutable tools and owned database images	2026-10-03T22:21:09.1848248Z a60ef8ec184e: Verifying Checksum
database-full-load (100)	Prepare immutable tools and owned database images	2026-10-03T22:21:09.1849232Z a60ef8ec184e: Download complete
database-full-load (100)	Prepare immutable tools and owned database images	2026-10-03T22:21:09.2573820Z 2252b895f5de: Verifying Checksum
database-full-load (100)	Prepare immutable tools and owned database images	2026-10-03T22:21:09.2574102Z 2252b895f5de: Download complete
database-full-load (100)	Prepare immutable tools and owned database images	2026-10-03T22:21:09.2838643Z 08f85ec03d22: Verifying Checksum
database-full-load (100)	Prepare immutable tools and owned database images	2026-10-03T22:21:09.2839228Z 08f85ec03d22: Download complete
database-full-load (100)	Prepare immutable tools and owned database images	2026-10-03T22:21:09.3945882Z eedb5e3e5b38: Verifying Checksum
database-full-load (100)	Prepare immutable tools and owned database images	2026-10-03T22:21:09.3946583Z eedb5e3e5b38: Download complete
database-full-load (100)	Prepare immutable tools and owned database images	2026-10-03T22:21:09.8547470Z a60ef8ec184e: Pull complete
database-full-load (100)	Prepare immutable tools and owned database images	2026-10-03T22:21:10.2427765Z cfbbec1d5328: Verifying Checksum
database-full-load (100)	Prepare immutable tools and owned database images	2026-10-03T22:21:10.2428141Z cfbbec1d5328: Download complete
database-full-load (100)	Prepare immutable tools and owned database images	2026-10-03T22:21:13.7131426Z c4a88db82a6d: Pull complete
database-full-load (100)	Prepare immutable tools and owned database images	2026-10-03T22:21:13.9009617Z f97373a3dd33: Pull complete
database-full-load (100)	Prepare immutable tools and owned database images	2026-10-03T22:21:13.9388596Z 59898ec81c6b: Pull complete
database-full-load (100)	Prepare immutable tools and owned database images	2026-10-03T22:21:13.9468629Z 2252b895f5de: Pull complete
database-full-load (100)	Prepare immutable tools and owned database images	2026-10-03T22:21:13.9533722Z 08f85ec03d22: Pull complete
database-full-load (100)	Prepare immutable tools and owned database images	2026-10-03T22:21:21.0306088Z cfbbec1d5328: Pull complete
database-full-load (100)	Prepare immutable tools and owned database images	2026-10-03T22:21:21.0394690Z eedb5e3e5b38: Pull complete
database-full-load (100)	Prepare immutable tools and owned database images	2026-10-03T22:21:21.0429656Z Digest: sha256:d0d926f94df099bff534b7ee5b5986458131a22489dfff8664509af0c1e2ca9c
database-full-load (100)	Prepare immutable tools and owned database images	2026-10-03T22:21:21.0436008Z Status: Downloaded newer image for mongo@sha256:d0d926f94df099bff534b7ee5b5986458131a22489dfff8664509af0c1e2ca9c
database-full-load (100)	Prepare immutable tools and owned database images	2026-10-03T22:21:21.0442241Z docker.io/library/mongo@sha256:d0d926f94df099bff534b7ee5b5986458131a22489dfff8664509af0c1e2ca9c
database-full-load (100)	Prepare immutable tools and owned database images	2026-10-03T22:21:21.6034807Z docker.elastic.co/elasticsearch/elasticsearch@sha256:e98f9c3b09beb2fbb9eaf667d602df3f0e00bd3644138b8458dc17ba1a675595: Pulling from elasticsearch/elasticsearch
database-full-load (100)	Prepare immutable tools and owned database images	2026-10-03T22:21:21.8098659Z 2c22c1bb1ce1: Pulling fs layer
database-full-load (100)	Prepare immutable tools and owned database images	2026-10-03T22:21:21.8099064Z 2796a25b8094: Pulling fs layer
database-full-load (100)	Prepare immutable tools and owned database images	2026-10-03T22:21:21.8099231Z 714e5b673049: Pulling fs layer
database-full-load (100)	Prepare immutable tools and owned database images	2026-10-03T22:21:21.8099472Z bd9ddc54bea9: Pulling fs layer
database-full-load (100)	Prepare immutable tools and owned database images	2026-10-03T22:21:21.8099745Z 2d68f716f01a: Pulling fs layer
database-full-load (100)	Prepare immutable tools and owned database images	2026-10-03T22:21:21.8099958Z c52e3a203c20: Pulling fs layer
database-full-load (100)	Prepare immutable tools and owned database images	2026-10-03T22:21:21.8100178Z 9b415d76a9c6: Pulling fs layer
database-full-load (100)	Prepare immutable tools and owned database images	2026-10-03T22:21:21.8100765Z d527cffe3ef6: Pulling fs layer
database-full-load (100)	Prepare immutable tools and owned database images	2026-10-03T22:21:21.8100931Z b8cda4b5aaf3: Pulling fs layer
database-full-load (100)	Prepare immutable tools and owned database images	2026-10-03T22:21:21.8101095Z 32c1c18d2ea5: Pulling fs layer
database-full-load (100)	Prepare immutable tools and owned database images	2026-10-03T22:21:21.8101231Z bd9ddc54bea9: Waiting
database-full-load (100)	Prepare immutable tools and owned database images	2026-10-03T22:21:21.8101491Z 2d68f716f01a: Waiting
database-full-load (100)	Prepare immutable tools and owned database images	2026-10-03T22:21:21.8101686Z c52e3a203c20: Waiting
database-full-load (100)	Prepare immutable tools and owned database images	2026-10-03T22:21:21.8101898Z 9b415d76a9c6: Waiting
database-full-load (100)	Prepare immutable tools and owned database images	2026-10-03T22:21:21.8102083Z d527cffe3ef6: Waiting
database-full-load (100)	Prepare immutable tools and owned database images	2026-10-03T22:21:21.8102479Z b8cda4b5aaf3: Waiting
database-full-load (100)	Prepare immutable tools and owned database images	2026-10-03T22:21:21.8102655Z 32c1c18d2ea5: Waiting
database-full-load (100)	Prepare immutable tools and owned database images	2026-10-03T22:21:22.1610521Z 714e5b673049: Verifying Checksum
database-full-load (100)	Prepare immutable tools and owned database images	2026-10-03T22:21:22.1610884Z 714e5b673049: Download complete
database-full-load (100)	Prepare immutable tools and owned database images	2026-10-03T22:21:22.3091785Z 2796a25b8094: Verifying Checksum
database-full-load (100)	Prepare immutable tools and owned database images	2026-10-03T22:21:22.3092166Z 2796a25b8094: Download complete
database-full-load (100)	Prepare immutable tools and owned database images	2026-10-03T22:21:22.3515980Z bd9ddc54bea9: Verifying Checksum
database-full-load (100)	Prepare immutable tools and owned database images	2026-10-03T22:21:22.3516521Z bd9ddc54bea9: Download complete
database-full-load (100)	Prepare immutable tools and owned database images	2026-10-03T22:21:22.7834759Z c52e3a203c20: Verifying Checksum
database-full-load (100)	Prepare immutable tools and owned database images	2026-10-03T22:21:22.7835319Z c52e3a203c20: Download complete
database-full-load (100)	Prepare immutable tools and owned database images	2026-10-03T22:21:23.2830163Z 9b415d76a9c6: Verifying Checksum
database-full-load (100)	Prepare immutable tools and owned database images	2026-10-03T22:21:23.2830686Z 9b415d76a9c6: Download complete
database-full-load (100)	Prepare immutable tools and owned database images	2026-10-03T22:21:23.7495657Z d527cffe3ef6: Download complete
database-full-load (100)	Prepare immutable tools and owned database images	2026-10-03T22:21:23.9285671Z b8cda4b5aaf3: Verifying Checksum
database-full-load (100)	Prepare immutable tools and owned database images	2026-10-03T22:21:23.9286606Z b8cda4b5aaf3: Download complete
database-full-load (100)	Prepare immutable tools and owned database images	2026-10-03T22:21:24.3325288Z 32c1c18d2ea5: Verifying Checksum
database-full-load (100)	Prepare immutable tools and owned database images	2026-10-03T22:21:24.3326162Z 32c1c18d2ea5: Download complete
database-full-load (100)	Prepare immutable tools and owned database images	2026-10-03T22:21:25.1819374Z 2c22c1bb1ce1: Verifying Checksum
database-full-load (100)	Prepare immutable tools and owned database images	2026-10-03T22:21:25.1819765Z 2c22c1bb1ce1: Download complete
database-full-load (100)	Prepare immutable tools and owned database images	2026-10-03T22:21:25.9177934Z 2c22c1bb1ce1: Pull complete
database-full-load (100)	Prepare immutable tools and owned database images	2026-10-03T22:21:28.7915165Z 2d68f716f01a: Verifying Checksum
database-full-load (100)	Prepare immutable tools and owned database images	2026-10-03T22:21:28.7915462Z 2d68f716f01a: Download complete
database-full-load (100)	Prepare immutable tools and owned database images	2026-10-03T22:21:30.9101285Z 2796a25b8094: Pull complete
database-full-load (100)	Prepare immutable tools and owned database images	2026-10-03T22:21:30.9431590Z 714e5b673049: Pull complete
database-full-load (100)	Prepare immutable tools and owned database images	2026-10-03T22:21:30.9503995Z bd9ddc54bea9: Pull complete
database-full-load (100)	Prepare immutable tools and owned database images	2026-10-03T22:21:41.0854945Z 2d68f716f01a: Pull complete
database-full-load (100)	Prepare immutable tools and owned database images	2026-10-03T22:21:41.0923269Z c52e3a203c20: Pull complete
database-full-load (100)	Prepare immutable tools and owned database images	2026-10-03T22:21:41.1002538Z 9b415d76a9c6: Pull complete
database-full-load (100)	Prepare immutable tools and owned database images	2026-10-03T22:21:41.1138713Z d527cffe3ef6: Pull complete
database-full-load (100)	Prepare immutable tools and owned database images	2026-10-03T22:21:41.1196727Z b8cda4b5aaf3: Pull complete
database-full-load (100)	Prepare immutable tools and owned database images	2026-10-03T22:21:41.1267386Z 32c1c18d2ea5: Pull complete
database-full-load (100)	Prepare immutable tools and owned database images	2026-10-03T22:21:41.1293913Z Digest: sha256:e98f9c3b09beb2fbb9eaf667d602df3f0e00bd3644138b8458dc17ba1a675595
database-full-load (100)	Prepare immutable tools and owned database images	2026-10-03T22:21:41.1299600Z Status: Downloaded newer image for docker.elastic.co/elasticsearch/elasticsearch@sha256:e98f9c3b09beb2fbb9eaf667d602df3f0e00bd3644138b8458dc17ba1a675595
database-full-load (100)	Prepare immutable tools and owned database images	2026-10-03T22:21:41.1305601Z docker.elastic.co/elasticsearch/elasticsearch@sha256:e98f9c3b09beb2fbb9eaf667d602df3f0e00bd3644138b8458dc17ba1a675595
database-full-load (100)	Independent single-request native and SDK clients	﻿2026-10-03T22:21:41.1810753Z ##[group]Run mkdir -p results/local
database-full-load (100)	Independent single-request native and SDK clients	2026-10-03T22:21:41.1810988Z [36;1mmkdir -p results/local[0m
database-full-load (100)	Independent single-request native and SDK clients	2026-10-03T22:21:41.1811165Z [36;1mgo build -o .tools/weir-lab ./cmd/weir-lab[0m
database-full-load (100)	Independent single-request native and SDK clients	2026-10-03T22:21:41.1811385Z [36;1mIFS=',' read -r -a batch_limits <<< "$BACKEND_BATCH_LIMITS"[0m
database-full-load (100)	Independent single-request native and SDK clients	2026-10-03T22:21:41.1811600Z [36;1mfor backend_limit in "${batch_limits[@]}"; do[0m
database-full-load (100)	Independent single-request native and SDK clients	2026-10-03T22:21:41.1811797Z [36;1m  export BACKEND_BATCH_LIMIT="$backend_limit"[0m
database-full-load (100)	Independent single-request native and SDK clients	2026-10-03T22:21:41.1812041Z [36;1m  export MEASUREMENT_OUTPUT="results/local/saturation-batch-$backend_limit"[0m
database-full-load (100)	Independent single-request native and SDK clients	2026-10-03T22:21:41.1812375Z [36;1m  export MEASUREMENT_RECEIPT="results/local/measurement-batch-$backend_limit.receipt.json"[0m
database-full-load (100)	Independent single-request native and SDK clients	2026-10-03T22:21:41.1812632Z [36;1m  python3 - <<'PY'[0m
database-full-load (100)	Independent single-request native and SDK clients	2026-10-03T22:21:41.1812817Z [36;1mimport hashlib, json, os, pathlib, subprocess[0m
database-full-load (100)	Independent single-request native and SDK clients	2026-10-03T22:21:41.1813182Z [36;1mbinary = pathlib.Path('.tools/weir-lab')[0m
database-full-load (100)	Independent single-request native and SDK clients	2026-10-03T22:21:41.1814107Z [36;1mcommand = [str(binary), '-mode', 'saturation', '-weir', '.tools/weir', '-backend', 'all', '-database-cpus', os.environ['DATABASE_CPUS'], '-store-concurrency', '32', '-backend-batch-limit', os.environ['BACKEND_BATCH_LIMIT'], '-client-processes', '4', '-concurrency-levels', os.environ['CLIENT_LEVELS'], '-batch-sizes', '1', '-records', '2048', '-payload-bytes', '1024', '-write-percent', os.environ['WRITE_PERCENT'], '-rounds', '3', '-warmup-duration', '10s', '-duration', '20s', '-output', os.environ['MEASUREMENT_OUTPUT']][0m
database-full-load (100)	Independent single-request native and SDK clients	2026-10-03T22:21:41.1815899Z [36;1mreceipt = {'host_memory_bytes': int(next(line for line in pathlib.Path('/proc/meminfo').read_text().splitlines() if line.startswith('MemTotal:')).split()[1]) * 1024, 'source': subprocess.check_output(['git', 'rev-parse', 'HEAD'], text=True).strip(), 'source_dirty': bool(subprocess.check_output(['git', 'status', '--porcelain'])), 'client_binary_sha256': hashlib.sha256(binary.read_bytes()).hexdigest(), 'client_build': subprocess.check_output(['go', 'version', '-m', str(binary)], text=True), 'versions': json.loads(pathlib.Path('versions.json').read_text()), 'command': command}[0m
database-full-load (100)	Independent single-request native and SDK clients	2026-10-03T22:21:41.1817050Z [36;1mif receipt['source_dirty']:[0m
database-full-load (100)	Independent single-request native and SDK clients	2026-10-03T22:21:41.1817267Z [36;1m    raise SystemExit('measurement requires a clean source checkout')[0m
database-full-load (100)	Independent single-request native and SDK clients	2026-10-03T22:21:41.1817589Z [36;1mpathlib.Path(os.environ['MEASUREMENT_RECEIPT']).write_text(json.dumps(receipt, indent=2) + '\n')[0m
database-full-load (100)	Independent single-request native and SDK clients	2026-10-03T22:21:41.1817842Z [36;1mPY[0m
database-full-load (100)	Independent single-request native and SDK clients	2026-10-03T22:21:41.1835465Z [36;1m  .tools/weir-lab -mode saturation -weir .tools/weir -backend all -database-cpus "$DATABASE_CPUS" -store-concurrency 32 -backend-batch-limit "$BACKEND_BATCH_LIMIT" -client-processes 4 -concurrency-levels "$CLIENT_LEVELS" -batch-sizes 1 -records 2048 -payload-bytes 1024 -write-percent "$WRITE_PERCENT" -rounds 3 -warmup-duration 10s -duration 20s -output "$MEASUREMENT_OUTPUT" 2>&1 | tee "results/local/saturation-batch-$backend_limit.log"[0m
database-full-load (100)	Independent single-request native and SDK clients	2026-10-03T22:21:41.1836839Z [36;1mdone[0m
database-full-load (100)	Independent single-request native and SDK clients	2026-10-03T22:21:41.1837032Z [36;1mgit diff --exit-code[0m
database-full-load (100)	Independent single-request native and SDK clients	2026-10-03T22:21:41.1891664Z shell: /usr/bin/bash --noprofile --norc -e -o pipefail {0}
database-full-load (100)	Independent single-request native and SDK clients	2026-10-03T22:21:41.1891863Z env:
database-full-load (100)	Independent single-request native and SDK clients	2026-10-03T22:21:41.1891986Z   GOENV: off
database-full-load (100)	Independent single-request native and SDK clients	2026-10-03T22:21:41.1892096Z   GOWORK: off
database-full-load (100)	Independent single-request native and SDK clients	2026-10-03T22:21:41.1892210Z   GOTOOLCHAIN: local
database-full-load (100)	Independent single-request native and SDK clients	2026-10-03T22:21:41.1892336Z   GOFLAGS: -mod=readonly
database-full-load (100)	Independent single-request native and SDK clients	2026-10-03T22:21:41.1892478Z   PYTHONDONTWRITEBYTECODE: 1
database-full-load (100)	Independent single-request native and SDK clients	2026-10-03T22:21:41.1892617Z   GOPROXY: off
database-full-load (100)	Independent single-request native and SDK clients	2026-10-03T22:21:41.1892726Z   GOSUMDB: off
database-full-load (100)	Independent single-request native and SDK clients	2026-10-03T22:21:41.1892836Z   WRITE_PERCENT: 100
database-full-load (100)	Independent single-request native and SDK clients	2026-10-03T22:21:41.1893079Z   DATABASE_CPUS: 1
database-full-load (100)	Independent single-request native and SDK clients	2026-10-03T22:21:41.1893204Z   CLIENT_LEVELS: 8,32,128
database-full-load (100)	Independent single-request native and SDK clients	2026-10-03T22:21:41.1893336Z   BACKEND_BATCH_LIMITS: 32
database-full-load (100)	Independent single-request native and SDK clients	2026-10-03T22:21:41.1893466Z ##[endgroup]
database-full-load (100)	Independent single-request native and SDK clients	2026-10-03T22:22:05.7047533Z Owned fixture logs: /tmp/weir-tests-1756177556
database-full-load (100)	Independent single-request native and SDK clients	2026-10-03T22:23:06.8965556Z single-request backend=mongo processes=4 workers=8 round=1 direct=3586.1 weir=3972.2 DB-CPU direct=69.5% weir=89.0%
database-full-load (100)	Independent single-request native and SDK clients	2026-10-03T22:24:07.9534110Z single-request backend=mongo processes=4 workers=8 round=2 direct=4812.5 weir=4070.8 DB-CPU direct=99.8% weir=93.8%
database-full-load (100)	Independent single-request native and SDK clients	2026-10-03T22:25:09.2294942Z single-request backend=mongo processes=4 workers=8 round=3 direct=4534.6 weir=3676.9 DB-CPU direct=99.1% weir=94.3%
database-full-load (100)	Independent single-request native and SDK clients	2026-10-03T22:26:10.5369260Z single-request backend=mongo processes=4 workers=32 round=1 direct=5706.7 weir=4913.2 DB-CPU direct=98.1% weir=99.7%
database-full-load (100)	Independent single-request native and SDK clients	2026-10-03T22:27:12.0491372Z single-request backend=mongo processes=4 workers=32 round=2 direct=5672.8 weir=4996.7 DB-CPU direct=98.7% weir=98.5%
database-full-load (100)	Independent single-request native and SDK clients	2026-10-03T22:28:13.3691931Z single-request backend=mongo processes=4 workers=32 round=3 direct=5493.2 weir=4780.7 DB-CPU direct=98.3% weir=99.6%
database-full-load (100)	Independent single-request native and SDK clients	2026-10-03T22:29:14.6672709Z single-request backend=mongo processes=4 workers=128 round=1 direct=5457.4 weir=7987.3 DB-CPU direct=99.7% weir=98.8%
database-full-load (100)	Independent single-request native and SDK clients	2026-10-03T22:30:16.0734017Z single-request backend=mongo processes=4 workers=128 round=2 direct=4961.2 weir=7443.3 DB-CPU direct=99.5% weir=96.8%
database-full-load (100)	Independent single-request native and SDK clients	2026-10-03T22:31:17.6410986Z single-request backend=mongo processes=4 workers=128 round=3 direct=4932.1 weir=7114.9 DB-CPU direct=99.8% weir=99.1%
database-full-load (100)	Independent single-request native and SDK clients	2026-10-03T22:31:17.6599223Z # Database saturation comparison
database-full-load (100)	Independent single-request native and SDK clients	2026-10-03T22:31:17.6599502Z 
database-full-load (100)	Independent single-request native and SDK clients	2026-10-03T22:31:17.6599657Z Backend **mongo**. Started 2026-10-03T22:22:05.725670983Z.
database-full-load (100)	Independent single-request native and SDK clients	2026-10-03T22:31:17.6599879Z 
database-full-load (100)	Independent single-request native and SDK clients	2026-10-03T22:31:17.6601793Z independent OS client processes send one record per native call or unary SDK RPC; native FindOne/ReplaceOne or single-ID mget/PUT; no client aggregation; worker-owned disjoint IDs; common phase barriers and unchanged pools across warmup and measurement; alternating AB/BA; latency is each business request including validation, queueing and any server aggregation; independent persisted postflight; sustained database CPU requires >=5 intervals, >=80% measurement coverage, mean CPU>=threshold and CPU>=threshold during >=80% measurement duration in every round, plus <=10% next-level throughput gain.
database-full-load (100)	Independent single-request native and SDK clients	2026-10-03T22:31:17.6604139Z 
database-full-load (100)	Independent single-request native and SDK clients	2026-10-03T22:31:17.6604388Z Warmup 10s and measurement 20s per path/stage, 3 paired rounds, requested writes 100%.
database-full-load (100)	Independent single-request native and SDK clients	2026-10-03T22:31:17.6604700Z 
database-full-load (100)	Independent single-request native and SDK clients	2026-10-03T22:31:17.6605477Z 4 independent OS client processes. Each worker sends one business request containing one record, waits for its acknowledged result, and validates it. p50/p95/p99 describe individual requests; histograms are pooled rather than averaging process quantiles.
database-full-load (100)	Independent single-request native and SDK clients	2026-10-03T22:31:17.6606314Z 
database-full-load (100)	Independent single-request native and SDK clients	2026-10-03T22:31:17.6606766Z | Batch | Workers | Round | Path | Read | Write | Success | Errors/unknown | Ops/s | p95 call ms | DB CPU budget % | Full CPU time % | Sampling coverage % | Verified |
database-full-load (100)	Independent single-request native and SDK clients	2026-10-03T22:31:17.6607466Z | ---: | ---: | ---: | --- | ---: | ---: | ---: | ---: | ---: | ---: | ---: | ---: | ---: | --- |
database-full-load (100)	Independent single-request native and SDK clients	2026-10-03T22:31:17.6607905Z | 1 | 8 | 1 | direct | 0 | 71759 | 71759 | 0 | 3586.1 | 14.335 | 69.5 | 41.9 | 98.9 | true |
database-full-load (100)	Independent single-request native and SDK clients	2026-10-03T22:31:17.6608335Z | 1 | 8 | 1 | weir | 0 | 79450 | 79450 | 0 | 3972.2 | 3.583 | 89.0 | 58.3 | 95.9 | true |
database-full-load (100)	Independent single-request native and SDK clients	2026-10-03T22:31:17.6608762Z | 1 | 8 | 2 | direct | 0 | 96263 | 96263 | 0 | 4812.5 | 1.791 | 99.8 | 99.7 | 99.7 | true |
database-full-load (100)	Independent single-request native and SDK clients	2026-10-03T22:31:17.6609209Z | 1 | 8 | 2 | weir | 0 | 81425 | 81425 | 0 | 4070.8 | 3.071 | 93.8 | 90.0 | 95.2 | true |
database-full-load (100)	Independent single-request native and SDK clients	2026-10-03T22:31:17.6609623Z | 1 | 8 | 3 | direct | 0 | 90702 | 90702 | 0 | 4534.6 | 1.919 | 99.1 | 95.3 | 95.3 | true |
database-full-load (100)	Independent single-request native and SDK clients	2026-10-03T22:31:17.6610037Z | 1 | 8 | 3 | weir | 0 | 73885 | 73885 | 0 | 3676.9 | 3.583 | 94.3 | 95.6 | 95.6 | true |
database-full-load (100)	Independent single-request native and SDK clients	2026-10-03T22:31:17.6610459Z | 1 | 32 | 1 | direct | 0 | 114150 | 114150 | 0 | 5706.7 | 49.151 | 98.1 | 91.7 | 97.0 | true |
database-full-load (100)	Independent single-request native and SDK clients	2026-10-03T22:31:17.6610885Z | 1 | 32 | 1 | weir | 0 | 98278 | 98278 | 0 | 4913.2 | 18.431 | 99.7 | 96.5 | 96.5 | true |
database-full-load (100)	Independent single-request native and SDK clients	2026-10-03T22:31:17.6611311Z | 1 | 32 | 2 | direct | 0 | 113466 | 113466 | 0 | 5672.8 | 49.151 | 98.7 | 95.5 | 95.5 | true |
database-full-load (100)	Independent single-request native and SDK clients	2026-10-03T22:31:17.6611735Z | 1 | 32 | 2 | weir | 0 | 99970 | 99970 | 0 | 4996.7 | 18.431 | 98.5 | 91.3 | 96.6 | true |
database-full-load (100)	Independent single-request native and SDK clients	2026-10-03T22:31:17.6612162Z | 1 | 32 | 3 | direct | 0 | 109872 | 109872 | 0 | 5493.2 | 49.151 | 98.3 | 91.3 | 96.4 | true |
database-full-load (100)	Independent single-request native and SDK clients	2026-10-03T22:31:17.6612581Z | 1 | 32 | 3 | weir | 0 | 95633 | 95633 | 0 | 4780.7 | 18.431 | 99.6 | 96.2 | 96.2 | true |
database-full-load (100)	Independent single-request native and SDK clients	2026-10-03T22:31:17.6613308Z | 1 | 128 | 1 | direct | 0 | 109168 | 109168 | 0 | 5457.4 | 81.919 | 99.7 | 97.7 | 97.7 | true |
database-full-load (100)	Independent single-request native and SDK clients	2026-10-03T22:31:17.6613744Z | 1 | 128 | 1 | weir | 0 | 159782 | 159782 | 0 | 7987.3 | 49.151 | 98.8 | 95.7 | 95.7 | true |
database-full-load (100)	Independent single-request native and SDK clients	2026-10-03T22:31:17.6614081Z | 1 | 128 | 2 | direct | 0 | 100243 | 100243 | 0 | 4961.2 | 81.919 | 99.5 | 96.9 | 96.9 | true |
database-full-load (100)	Independent single-request native and SDK clients	2026-10-03T22:31:17.6614351Z | 1 | 128 | 2 | weir | 0 | 148897 | 148897 | 0 | 7443.3 | 49.151 | 96.8 | 86.0 | 96.5 | true |
database-full-load (100)	Independent single-request native and SDK clients	2026-10-03T22:31:17.6614622Z | 1 | 128 | 3 | direct | 0 | 98710 | 98710 | 0 | 4932.1 | 81.919 | 99.8 | 97.0 | 97.0 | true |
database-full-load (100)	Independent single-request native and SDK clients	2026-10-03T22:31:17.6614886Z | 1 | 128 | 3 | weir | 0 | 142636 | 142636 | 0 | 7114.9 | 61.439 | 99.1 | 97.0 | 97.0 | true |
database-full-load (100)	Independent single-request native and SDK clients	2026-10-03T22:31:17.6615123Z 
database-full-load (100)	Independent single-request native and SDK clients	2026-10-03T22:31:17.6615333Z Measured Weir adapter and unary RPC evidence (warmup, reset and postflight excluded):
database-full-load (100)	Independent single-request native and SDK clients	2026-10-03T22:31:17.6615773Z 
database-full-load (100)	Independent single-request native and SDK clients	2026-10-03T22:31:17.6616095Z | Batch | Workers | Round | Adapter invocations | Mean adapter batch | Read/Mutate RPCs | Queue mean ms | Adapter mean ms | Rejections | Backend concurrency limit |
database-full-load (100)	Independent single-request native and SDK clients	2026-10-03T22:31:17.6616599Z | ---: | ---: | ---: | ---: | ---: | --- | ---: | ---: | ---: | ---: |
database-full-load (100)	Independent single-request native and SDK clients	2026-10-03T22:31:17.6616819Z | 1 | 8 | 1 | 73565 | 1.080 | 0/79450 | 0.009 | 1.408 | 0 | 32.000 |
database-full-load (100)	Independent single-request native and SDK clients	2026-10-03T22:31:17.6617025Z | 1 | 8 | 2 | 75052 | 1.085 | 0/81425 | 0.008 | 1.416 | 0 | 32.000 |
database-full-load (100)	Independent single-request native and SDK clients	2026-10-03T22:31:17.6617300Z | 1 | 8 | 3 | 68263 | 1.082 | 0/73885 | 0.009 | 1.558 | 0 | 32.000 |
database-full-load (100)	Independent single-request native and SDK clients	2026-10-03T22:31:17.6617570Z | 1 | 32 | 1 | 73409 | 1.339 | 0/98278 | 0.048 | 4.391 | 0 | 32.000 |
database-full-load (100)	Independent single-request native and SDK clients	2026-10-03T22:31:17.6617785Z | 1 | 32 | 2 | 74878 | 1.335 | 0/99970 | 0.046 | 4.332 | 0 | 32.000 |
database-full-load (100)	Independent single-request native and SDK clients	2026-10-03T22:31:17.6620022Z | 1 | 32 | 3 | 72315 | 1.322 | 0/95633 | 0.044 | 4.754 | 0 | 32.000 |
database-full-load (100)	Independent single-request native and SDK clients	2026-10-03T22:31:17.6620338Z | 1 | 128 | 1 | 55568 | 2.875 | 0/159782 | 1.132 | 7.907 | 0 | 32.000 |
database-full-load (100)	Independent single-request native and SDK clients	2026-10-03T22:31:17.6620642Z | 1 | 128 | 2 | 51405 | 2.897 | 0/148897 | 1.331 | 8.426 | 0 | 32.000 |
database-full-load (100)	Independent single-request native and SDK clients	2026-10-03T22:31:17.6620952Z | 1 | 128 | 3 | 49694 | 2.870 | 0/142636 | 1.289 | 8.621 | 0 | 32.000 |
database-full-load (100)	Independent single-request native and SDK clients	2026-10-03T22:31:17.6621162Z 
database-full-load (100)	Independent single-request native and SDK clients	2026-10-03T22:31:17.6622077Z **Batch 1: database-full-load throughput comparison unavailable.** both paths must independently demonstrate sustained database CPU saturation and a verified next-level throughput plateau; increase concurrency or isolate client/Weir resources; I/O/network-bound saturation needs additional device/link capacity evidence.
database-full-load (100)	Independent single-request native and SDK clients	2026-10-03T22:31:17.6623209Z 
database-full-load (100)	Independent single-request native and SDK clients	2026-10-03T22:31:17.6623782Z Best verified business QPS within this ladder: direct 5624.2 (32 workers), Weir 7514.9 (128 workers), observed change +33.62%. This is a measured business-throughput comparison, not a maximum-database-capacity claim.
database-full-load (100)	Independent single-request native and SDK clients	2026-10-03T22:31:17.6624225Z 
database-full-load (100)	Independent single-request native and SDK clients	2026-10-03T22:31:17.6624464Z Observed single-request business performance at matched client concurrency (independent of the database-capacity qualification):
database-full-load (100)	Independent single-request native and SDK clients	2026-10-03T22:31:17.6624730Z 
database-full-load (100)	Independent single-request native and SDK clients	2026-10-03T22:31:17.6624880Z | Workers | Direct QPS | Weir QPS | Change | Direct p50/p95/p99 ms | Weir p50/p95/p99 ms |
database-full-load (100)	Independent single-request native and SDK clients	2026-10-03T22:31:17.6625126Z | ---: | ---: | ---: | ---: | --- | --- |
database-full-load (100)	Independent single-request native and SDK clients	2026-10-03T22:31:17.6625334Z | 8 | 4311.0 | 3906.3 | -9.39% | 1.023 / 2.303 / 30.719 | 1.791 / 3.327 / 5.631 |
database-full-load (100)	Independent single-request native and SDK clients	2026-10-03T22:31:17.6625591Z | 32 | 5624.2 | 4896.9 | -12.93% | 2.559 / 49.151 / 65.535 | 4.607 / 18.431 / 57.343 |
database-full-load (100)	Independent single-request native and SDK clients	2026-10-03T22:31:17.6625850Z | 128 | 5116.4 | 7514.9 | +46.88% | 10.239 / 81.919 / 106.495 | 12.287 / 53.247 / 90.111 |
database-full-load (100)	Independent single-request native and SDK clients	2026-10-03T22:31:17.6626001Z 
database-full-load (100)	Independent single-request native and SDK clients	2026-10-03T22:31:17.6626536Z These QPS and latency observations apply to this hardware and measured concurrency range. A business-throughput improvement can exist without demonstrating the maximum database capacity. An underfull database or missing next-level plateau keeps the database-capacity comparison unavailable.
database-full-load (100)	Independent single-request native and SDK clients	2026-10-03T22:31:17.6627092Z 
database-full-load (100)	Independent single-request native and SDK clients	2026-10-03T22:31:17.6628349Z Aggregation evidence: the JSON records one business request per record, Read/Mutate RPC counts, adapter invocation counts, average adapter batch and its cumulative histogram, and RPCs per adapter invocation. An adapter invocation is not necessarily one physical database wire command. MongoDB physical find/update/bulkWrite/getMore/killCursors deltas come from owned serverStatus at timed boundaries; missing counters remain unavailable. Elasticsearch has no equivalent physical HTTP-command counter. Every child PID, configured native pool limit, final revision ranges, exit result and sampled CPU/RSS is retained; coordinator sampling CPU is excluded from business-client CPU.
database-full-load (100)	Independent single-request native and SDK clients	2026-10-03T22:31:17.6629925Z 
database-full-load (100)	Independent single-request native and SDK clients	2026-10-03T22:31:17.6631658Z The JSON retains before/after raw public Weir metrics and their observed deltas, every resource sample, monitor failures, raw cumulative database/container I/O and network counters, CPU quota/host core denominator, and client/Weir cumulative CPU. Docker CPU uses cumulative Engine usage and read timestamps across each entire sampling interval, never CLI instantaneous percentages. Both interval endpoints must succeed; missing intervals reduce full-run coverage. Samples include monitoring traffic and background database work. Native ps CPU has platform-dependent clock resolution. Native databases share the host CPU budget with the client and Weir. Disk/network utilization or capacity is not inferred from byte counters. A plateau without sustained database CPU saturation is not a database-full-load result. Startup/discovery/reset/postflight and warmup are excluded from throughput; all in-flight completion and validation is included.
database-full-load (100)	Independent single-request native and SDK clients	2026-10-03T22:32:21.0738245Z single-request backend=search processes=4 workers=8 round=1 direct=1552.6 weir=1705.8 DB-CPU direct=84.0% weir=64.8%
database-full-load (100)	Independent single-request native and SDK clients	2026-10-03T22:33:22.6097795Z single-request backend=search processes=4 workers=8 round=2 direct=2104.0 weir=1833.4 DB-CPU direct=51.6% weir=52.9%
database-full-load (100)	Independent single-request native and SDK clients	2026-10-03T22:34:24.0165887Z single-request backend=search processes=4 workers=8 round=3 direct=2156.7 weir=1836.8 DB-CPU direct=44.6% weir=49.3%
database-full-load (100)	Independent single-request native and SDK clients	2026-10-03T22:35:25.2656555Z single-request backend=search processes=4 workers=32 round=1 direct=2148.7 weir=1886.4 DB-CPU direct=43.9% weir=50.1%
database-full-load (100)	Independent single-request native and SDK clients	2026-10-03T22:36:26.5370268Z single-request backend=search processes=4 workers=32 round=2 direct=2083.5 weir=1806.1 DB-CPU direct=43.7% weir=51.4%
database-full-load (100)	Independent single-request native and SDK clients	2026-10-03T22:37:27.8095933Z single-request backend=search processes=4 workers=32 round=3 direct=2059.5 weir=1870.5 DB-CPU direct=42.9% weir=50.7%
database-full-load (100)	Independent single-request native and SDK clients	2026-10-03T22:38:29.1494639Z single-request backend=search processes=4 workers=128 round=1 direct=2412.7 weir=6386.7 DB-CPU direct=46.2% weir=56.5%
database-full-load (100)	Independent single-request native and SDK clients	2026-10-03T22:39:30.4827838Z single-request backend=search processes=4 workers=128 round=2 direct=2314.9 weir=6401.7 DB-CPU direct=46.0% weir=55.2%
database-full-load (100)	Independent single-request native and SDK clients	2026-10-03T22:40:31.8763291Z single-request backend=search processes=4 workers=128 round=3 direct=2397.0 weir=6295.9 DB-CPU direct=0.0% weir=0.0%
database-full-load (100)	Independent single-request native and SDK clients	2026-10-03T22:40:31.8902088Z # Database saturation comparison
database-full-load (100)	Independent single-request native and SDK clients	2026-10-03T22:40:31.8902343Z 
database-full-load (100)	Independent single-request native and SDK clients	2026-10-03T22:40:31.8902464Z Backend **search**. Started 2026-10-03T22:31:17.969954598Z.
database-full-load (100)	Independent single-request native and SDK clients	2026-10-03T22:40:31.8902690Z 
database-full-load (100)	Independent single-request native and SDK clients	2026-10-03T22:40:31.8904718Z independent OS client processes send one record per native call or unary SDK RPC; native FindOne/ReplaceOne or single-ID mget/PUT; no client aggregation; worker-owned disjoint IDs; common phase barriers and unchanged pools across warmup and measurement; alternating AB/BA; latency is each business request including validation, queueing and any server aggregation; independent persisted postflight; sustained database CPU requires >=5 intervals, >=80% measurement coverage, mean CPU>=threshold and CPU>=threshold during >=80% measurement duration in every round, plus <=10% next-level throughput gain.
database-full-load (100)	Independent single-request native and SDK clients	2026-10-03T22:40:31.8906574Z 
database-full-load (100)	Independent single-request native and SDK clients	2026-10-03T22:40:31.8906817Z Warmup 10s and measurement 20s per path/stage, 3 paired rounds, requested writes 100%.
database-full-load (100)	Independent single-request native and SDK clients	2026-10-03T22:40:31.8907124Z 
database-full-load (100)	Independent single-request native and SDK clients	2026-10-03T22:40:31.8907868Z 4 independent OS client processes. Each worker sends one business request containing one record, waits for its acknowledged result, and validates it. p50/p95/p99 describe individual requests; histograms are pooled rather than averaging process quantiles.
database-full-load (100)	Independent single-request native and SDK clients	2026-10-03T22:40:31.8908925Z 
database-full-load (100)	Independent single-request native and SDK clients	2026-10-03T22:40:31.8909336Z | Batch | Workers | Round | Path | Read | Write | Success | Errors/unknown | Ops/s | p95 call ms | DB CPU budget % | Full CPU time % | Sampling coverage % | Verified |
database-full-load (100)	Independent single-request native and SDK clients	2026-10-03T22:40:31.8909948Z | ---: | ---: | ---: | --- | ---: | ---: | ---: | ---: | ---: | ---: | ---: | ---: | ---: | --- |
database-full-load (100)	Independent single-request native and SDK clients	2026-10-03T22:40:31.8910351Z | 1 | 8 | 1 | direct | 0 | 31057 | 31057 | 0 | 1552.6 | 6.143 | 84.0 | 47.2 | 99.5 | true |
database-full-load (100)	Independent single-request native and SDK clients	2026-10-03T22:40:31.8910737Z | 1 | 8 | 1 | weir | 0 | 34122 | 34122 | 0 | 1705.8 | 5.119 | 64.8 | 5.2 | 99.3 | true |
database-full-load (100)	Independent single-request native and SDK clients	2026-10-03T22:40:31.8911121Z | 1 | 8 | 2 | direct | 0 | 42086 | 42086 | 0 | 2104.0 | 4.607 | 51.6 | 0.0 | 98.8 | true |
database-full-load (100)	Independent single-request native and SDK clients	2026-10-03T22:40:31.8911506Z | 1 | 8 | 2 | weir | 0 | 36676 | 36676 | 0 | 1833.4 | 5.119 | 52.9 | 0.0 | 99.3 | true |
database-full-load (100)	Independent single-request native and SDK clients	2026-10-03T22:40:31.8911884Z | 1 | 8 | 3 | direct | 0 | 43141 | 43141 | 0 | 2156.7 | 4.607 | 44.6 | 0.0 | 98.7 | true |
database-full-load (100)	Independent single-request native and SDK clients	2026-10-03T22:40:31.8912266Z | 1 | 8 | 3 | weir | 0 | 36742 | 36742 | 0 | 1836.8 | 5.119 | 49.3 | 0.0 | 99.1 | true |
database-full-load (100)	Independent single-request native and SDK clients	2026-10-03T22:40:31.8912648Z | 1 | 32 | 1 | direct | 0 | 43005 | 43005 | 0 | 2148.7 | 18.431 | 43.9 | 0.0 | 98.7 | true |
database-full-load (100)	Independent single-request native and SDK clients	2026-10-03T22:40:31.8913193Z | 1 | 32 | 1 | weir | 0 | 37755 | 37755 | 0 | 1886.4 | 18.431 | 50.1 | 0.0 | 99.1 | true |
database-full-load (100)	Independent single-request native and SDK clients	2026-10-03T22:40:31.8913574Z | 1 | 32 | 2 | direct | 0 | 41701 | 41701 | 0 | 2083.5 | 18.431 | 43.7 | 0.0 | 99.2 | true |
database-full-load (100)	Independent single-request native and SDK clients	2026-10-03T22:40:31.8913975Z | 1 | 32 | 2 | weir | 0 | 36150 | 36150 | 0 | 1806.1 | 20.479 | 51.4 | 0.0 | 99.1 | true |
database-full-load (100)	Independent single-request native and SDK clients	2026-10-03T22:40:31.8914369Z | 1 | 32 | 3 | direct | 0 | 41217 | 41217 | 0 | 2059.5 | 18.431 | 42.9 | 0.0 | 98.8 | true |
database-full-load (100)	Independent single-request native and SDK clients	2026-10-03T22:40:31.8915009Z | 1 | 32 | 3 | weir | 0 | 37438 | 37438 | 0 | 1870.5 | 20.479 | 50.7 | 0.0 | 99.1 | true |
database-full-load (100)	Independent single-request native and SDK clients	2026-10-03T22:40:31.8915412Z | 1 | 128 | 1 | direct | 0 | 48375 | 48375 | 0 | 2412.7 | 61.439 | 46.2 | 0.0 | 98.5 | true |
database-full-load (100)	Independent single-request native and SDK clients	2026-10-03T22:40:31.8915829Z | 1 | 128 | 1 | weir | 0 | 127842 | 127842 | 0 | 6386.7 | 24.575 | 56.5 | 0.0 | 95.0 | true |
database-full-load (100)	Independent single-request native and SDK clients	2026-10-03T22:40:31.8916256Z | 1 | 128 | 2 | direct | 0 | 46413 | 46413 | 0 | 2314.9 | 61.439 | 46.0 | 0.0 | 98.5 | true |
database-full-load (100)	Independent single-request native and SDK clients	2026-10-03T22:40:31.8916667Z | 1 | 128 | 2 | weir | 0 | 128142 | 128142 | 0 | 6401.7 | 24.575 | 55.2 | 0.0 | 94.9 | true |
database-full-load (100)	Independent single-request native and SDK clients	2026-10-03T22:40:31.8917077Z | 1 | 128 | 3 | direct | 0 | 48056 | 48056 | 0 | 2397.0 | 61.439 | 0.0 | 0.0 | 0.0 | true |
database-full-load (100)	Independent single-request native and SDK clients	2026-10-03T22:40:31.8917519Z | 1 | 128 | 3 | weir | 0 | 126028 | 126028 | 0 | 6295.9 | 24.575 | 0.0 | 0.0 | 0.0 | true |
database-full-load (100)	Independent single-request native and SDK clients	2026-10-03T22:40:31.8917768Z 
database-full-load (100)	Independent single-request native and SDK clients	2026-10-03T22:40:31.8917994Z Measured Weir adapter and unary RPC evidence (warmup, reset and postflight excluded):
database-full-load (100)	Independent single-request native and SDK clients	2026-10-03T22:40:31.8918314Z 
database-full-load (100)	Independent single-request native and SDK clients	2026-10-03T22:40:31.8918764Z | Batch | Workers | Round | Adapter invocations | Mean adapter batch | Read/Mutate RPCs | Queue mean ms | Adapter mean ms | Rejections | Backend concurrency limit |
database-full-load (100)	Independent single-request native and SDK clients	2026-10-03T22:40:31.8919468Z | ---: | ---: | ---: | ---: | ---: | --- | ---: | ---: | ---: | ---: |
database-full-load (100)	Independent single-request native and SDK clients	2026-10-03T22:40:31.8919853Z | 1 | 8 | 1 | 34054 | 1.002 | 0/34122 | 0.006 | 4.428 | 0 | 32.000 |
database-full-load (100)	Independent single-request native and SDK clients	2026-10-03T22:40:31.8920234Z | 1 | 8 | 2 | 36629 | 1.001 | 0/36676 | 0.006 | 4.108 | 0 | 32.000 |
database-full-load (100)	Independent single-request native and SDK clients	2026-10-03T22:40:31.8920595Z | 1 | 8 | 3 | 36707 | 1.001 | 0/36742 | 0.006 | 4.119 | 0 | 32.000 |
database-full-load (100)	Independent single-request native and SDK clients	2026-10-03T22:40:31.8920970Z | 1 | 32 | 1 | 37699 | 1.001 | 0/37755 | 0.007 | 16.703 | 0 | 32.000 |
database-full-load (100)	Independent single-request native and SDK clients	2026-10-03T22:40:31.8921338Z | 1 | 32 | 2 | 36111 | 1.001 | 0/36150 | 0.007 | 17.459 | 0 | 32.000 |
database-full-load (100)	Independent single-request native and SDK clients	2026-10-03T22:40:31.8921637Z | 1 | 32 | 3 | 37400 | 1.001 | 0/37438 | 0.007 | 16.851 | 0 | 32.000 |
database-full-load (100)	Independent single-request native and SDK clients	2026-10-03T22:40:31.8921961Z | 1 | 128 | 1 | 33623 | 3.802 | 0/127842 | 0.309 | 18.971 | 0 | 32.000 |
database-full-load (100)	Independent single-request native and SDK clients	2026-10-03T22:40:31.8922317Z | 1 | 128 | 2 | 33578 | 3.816 | 0/128142 | 0.295 | 19.005 | 0 | 32.000 |
database-full-load (100)	Independent single-request native and SDK clients	2026-10-03T22:40:31.8922698Z | 1 | 128 | 3 | 33136 | 3.803 | 0/126028 | 0.299 | 19.251 | 0 | 32.000 |
database-full-load (100)	Independent single-request native and SDK clients	2026-10-03T22:40:31.8922916Z 
database-full-load (100)	Independent single-request native and SDK clients	2026-10-03T22:40:31.8924174Z **Batch 1: database-full-load throughput comparison unavailable.** both paths must independently demonstrate sustained database CPU saturation and a verified next-level throughput plateau; increase concurrency or isolate client/Weir resources; I/O/network-bound saturation needs additional device/link capacity evidence.
database-full-load (100)	Independent single-request native and SDK clients	2026-10-03T22:40:31.8925539Z 
database-full-load (100)	Independent single-request native and SDK clients	2026-10-03T22:40:31.8926187Z Best verified business QPS within this ladder: direct 2374.9 (128 workers), Weir 6361.4 (128 workers), observed change +167.86%. This is a measured business-throughput comparison, not a maximum-database-capacity claim.
database-full-load (100)	Independent single-request native and SDK clients	2026-10-03T22:40:31.8926843Z 
database-full-load (100)	Independent single-request native and SDK clients	2026-10-03T22:40:31.8927218Z Observed single-request business performance at matched client concurrency (independent of the database-capacity qualification):
database-full-load (100)	Independent single-request native and SDK clients	2026-10-03T22:40:31.8927642Z 
database-full-load (100)	Independent single-request native and SDK clients	2026-10-03T22:40:31.8927853Z | Workers | Direct QPS | Weir QPS | Change | Direct p50/p95/p99 ms | Weir p50/p95/p99 ms |
database-full-load (100)	Independent single-request native and SDK clients	2026-10-03T22:40:31.8928231Z | ---: | ---: | ---: | ---: | --- | --- |
database-full-load (100)	Independent single-request native and SDK clients	2026-10-03T22:40:31.8928545Z | 8 | 1937.7 | 1792.0 | -7.52% | 3.839 / 4.607 / 24.575 | 4.607 / 5.119 / 9.215 |
database-full-load (100)	Independent single-request native and SDK clients	2026-10-03T22:40:31.8928943Z | 32 | 2097.2 | 1854.3 | -11.58% | 15.359 / 18.431 / 30.719 | 18.431 / 20.479 / 30.719 |
database-full-load (100)	Independent single-request native and SDK clients	2026-10-03T22:40:31.8929356Z | 128 | 2374.9 | 6361.4 | +167.86% | 53.247 / 61.439 / 73.727 | 20.479 / 24.575 / 36.863 |
database-full-load (100)	Independent single-request native and SDK clients	2026-10-03T22:40:31.8929592Z 
database-full-load (100)	Independent single-request native and SDK clients	2026-10-03T22:40:31.8930443Z These QPS and latency observations apply to this hardware and measured concurrency range. A business-throughput improvement can exist without demonstrating the maximum database capacity. An underfull database or missing next-level plateau keeps the database-capacity comparison unavailable.
database-full-load (100)	Independent single-request native and SDK clients	2026-10-03T22:40:31.8931302Z 
database-full-load (100)	Independent single-request native and SDK clients	2026-10-03T22:40:31.8933143Z Aggregation evidence: the JSON records one business request per record, Read/Mutate RPC counts, adapter invocation counts, average adapter batch and its cumulative histogram, and RPCs per adapter invocation. An adapter invocation is not necessarily one physical database wire command. MongoDB physical find/update/bulkWrite/getMore/killCursors deltas come from owned serverStatus at timed boundaries; missing counters remain unavailable. Elasticsearch has no equivalent physical HTTP-command counter. Every child PID, configured native pool limit, final revision ranges, exit result and sampled CPU/RSS is retained; coordinator sampling CPU is excluded from business-client CPU.
database-full-load (100)	Independent single-request native and SDK clients	2026-10-03T22:40:31.8935313Z 
database-full-load (100)	Independent single-request native and SDK clients	2026-10-03T22:40:31.8937077Z The JSON retains before/after raw public Weir metrics and their observed deltas, every resource sample, monitor failures, raw cumulative database/container I/O and network counters, CPU quota/host core denominator, and client/Weir cumulative CPU. Docker CPU uses cumulative Engine usage and read timestamps across each entire sampling interval, never CLI instantaneous percentages. Both interval endpoints must succeed; missing intervals reduce full-run coverage. Samples include monitoring traffic and background database work. Native ps CPU has platform-dependent clock resolution. Native databases share the host CPU budget with the client and Weir. Disk/network utilization or capacity is not inferred from byte counters. A plateau without sustained database CPU saturation is not a database-full-load result. Startup/discovery/reset/postflight and warmup are excluded from throughput; all in-flight completion and validation is included.
database-full-load (100)	Preserve raw resource samples, workload validation and cleanup	﻿2026-10-03T22:40:34.8587799Z ##[group]Run actions/upload-artifact@ea165f8d65b6e75b540449e92b4886f43607fa02
database-full-load (100)	Preserve raw resource samples, workload validation and cleanup	2026-10-03T22:40:34.8588058Z with:
database-full-load (100)	Preserve raw resource samples, workload validation and cleanup	2026-10-03T22:40:34.8588267Z   name: saturation-evidence-writes-100-7048776d09566a25a9f6cfe102eee07089f203c4
database-full-load (100)	Preserve raw resource samples, workload validation and cleanup	2026-10-03T22:40:34.8588805Z   path: results/local/
database-full-load (100)	Preserve raw resource samples, workload validation and cleanup	/tmp/weir-tests-*/manifest.json
database-full-load (100)	Preserve raw resource samples, workload validation and cleanup	/tmp/weir-tests-*/cleanup.json
database-full-load (100)	Preserve raw resource samples, workload validation and cleanup	/tmp/weir-tests-*/*config.json
database-full-load (100)	Preserve raw resource samples, workload validation and cleanup	/tmp/weir-tests-*/*routes.json
database-full-load (100)	Preserve raw resource samples, workload validation and cleanup	/tmp/weir-tests-*/*process.log
database-full-load (100)	Preserve raw resource samples, workload validation and cleanup	/tmp/weir-tests-*/docker-engine.json
database-full-load (100)	Preserve raw resource samples, workload validation and cleanup	
database-full-load (100)	Preserve raw resource samples, workload validation and cleanup	2026-10-03T22:40:34.8589279Z   retention-days: 14
database-full-load (100)	Preserve raw resource samples, workload validation and cleanup	2026-10-03T22:40:34.8589422Z   if-no-files-found: warn
database-full-load (100)	Preserve raw resource samples, workload validation and cleanup	2026-10-03T22:40:34.8589570Z   compression-level: 6
database-full-load (100)	Preserve raw resource samples, workload validation and cleanup	2026-10-03T22:40:34.8589693Z   overwrite: false
database-full-load (100)	Preserve raw resource samples, workload validation and cleanup	2026-10-03T22:40:34.8589817Z   include-hidden-files: false
database-full-load (100)	Preserve raw resource samples, workload validation and cleanup	2026-10-03T22:40:34.8589952Z env:
database-full-load (100)	Preserve raw resource samples, workload validation and cleanup	2026-10-03T22:40:34.8590056Z   GOENV: off
database-full-load (100)	Preserve raw resource samples, workload validation and cleanup	2026-10-03T22:40:34.8590164Z   GOWORK: off
database-full-load (100)	Preserve raw resource samples, workload validation and cleanup	2026-10-03T22:40:34.8590271Z   GOTOOLCHAIN: local
database-full-load (100)	Preserve raw resource samples, workload validation and cleanup	2026-10-03T22:40:34.8590396Z   GOFLAGS: -mod=readonly
database-full-load (100)	Preserve raw resource samples, workload validation and cleanup	2026-10-03T22:40:34.8590529Z   PYTHONDONTWRITEBYTECODE: 1
database-full-load (100)	Preserve raw resource samples, workload validation and cleanup	2026-10-03T22:40:34.8590698Z ##[endgroup]
database-full-load (100)	Preserve raw resource samples, workload validation and cleanup	2026-10-03T22:40:34.9760169Z (node:11957) [DEP0040] DeprecationWarning: The `punycode` module is deprecated. Please use a userland alternative instead.
database-full-load (100)	Preserve raw resource samples, workload validation and cleanup	2026-10-03T22:40:34.9760747Z (Use `node --trace-deprecation ...` to show where the warning was created)
database-full-load (100)	Preserve raw resource samples, workload validation and cleanup	2026-10-03T22:40:34.9852687Z Multiple search paths detected. Calculating the least common ancestor of all paths
database-full-load (100)	Preserve raw resource samples, workload validation and cleanup	2026-10-03T22:40:34.9854155Z The least common ancestor is /. This will be the root directory of the artifact
database-full-load (100)	Preserve raw resource samples, workload validation and cleanup	2026-10-03T22:40:34.9854912Z With the provided path, there will be 12 files uploaded
database-full-load (100)	Preserve raw resource samples, workload validation and cleanup	2026-10-03T22:40:34.9874143Z Artifact name is valid!
database-full-load (100)	Preserve raw resource samples, workload validation and cleanup	2026-10-03T22:40:34.9874856Z Root directory input is valid!
database-full-load (100)	Preserve raw resource samples, workload validation and cleanup	2026-10-03T22:40:35.2633924Z Beginning upload of artifact content to blob storage
database-full-load (100)	Preserve raw resource samples, workload validation and cleanup	2026-10-03T22:40:35.3398993Z (node:11957) [DEP0169] DeprecationWarning: `url.parse()` behavior is not standardized and prone to errors that have security implications. Use the WHATWG URL API instead. CVEs are not issued for `url.parse()` vulnerabilities.
database-full-load (100)	Preserve raw resource samples, workload validation and cleanup	2026-10-03T22:40:35.6542142Z Uploaded bytes 569823
database-full-load (100)	Preserve raw resource samples, workload validation and cleanup	2026-10-03T22:40:35.6959198Z Finished uploading artifact content to blob storage!
database-full-load (100)	Preserve raw resource samples, workload validation and cleanup	2026-10-03T22:40:35.6959941Z SHA256 digest of uploaded artifact zip is b262987a80dba815c11fb8d625d87ce5a14e93ecf3dd920704e2d95a055a3db5
database-full-load (100)	Preserve raw resource samples, workload validation and cleanup	2026-10-03T22:40:35.6961106Z Finalizing artifact upload
database-full-load (100)	Preserve raw resource samples, workload validation and cleanup	2026-10-03T22:40:35.9265847Z Artifact saturation-evidence-writes-100-7048776d09566a25a9f6cfe102eee07089f203c4.zip successfully finalized. Artifact ID 11287251536
database-full-load (100)	Preserve raw resource samples, workload validation and cleanup	2026-10-03T22:40:35.9267450Z Artifact saturation-evidence-writes-100-7048776d09566a25a9f6cfe102eee07089f203c4 has been successfully uploaded! Final size is 569823 bytes. Artifact ID is 11287251536
database-full-load (100)	Preserve raw resource samples, workload validation and cleanup	2026-10-03T22:40:35.9271815Z Artifact download URL: https://github.com/batchstream/weir-tests/actions/runs/37158104930/artifacts/11287251536
database-full-load (100)	Post Run actions/setup-go@924ae3a1cded613372ab5595356fb5720e22ba16	﻿2026-10-03T22:40:35.9411440Z Post job cleanup.
database-full-load (100)	Post Run actions/setup-go@924ae3a1cded613372ab5595356fb5720e22ba16	2026-10-03T22:40:36.0248566Z [command]/opt/hostedtoolcache/go/1.27.1/x64/bin/go env GOMODCACHE
database-full-load (100)	Post Run actions/setup-go@924ae3a1cded613372ab5595356fb5720e22ba16	2026-10-03T22:40:36.0292553Z [command]/opt/hostedtoolcache/go/1.27.1/x64/bin/go env GOCACHE
database-full-load (100)	Post Run actions/setup-go@924ae3a1cded613372ab5595356fb5720e22ba16	2026-10-03T22:40:36.0320404Z /home/runner/go/pkg/mod
database-full-load (100)	Post Run actions/setup-go@924ae3a1cded613372ab5595356fb5720e22ba16	2026-10-03T22:40:36.0333630Z /home/runner/.cache/go-build
database-full-load (100)	Post Run actions/setup-go@924ae3a1cded613372ab5595356fb5720e22ba16	2026-10-03T22:40:36.0338612Z Cache hit occurred on the primary key setup-go-Linux-x64-ubuntu24-go-1.27.1-f3893fbf0ff2b6e2efba8903234513786674983d753d1815a9a1fcf84a06448a, not saving cache.
database-full-load (100)	Post Run actions/checkout@3d3c42e5aac5ba805825da76410c181273ba90b1	﻿2026-10-03T22:40:36.0489475Z Post job cleanup.
database-full-load (100)	Post Run actions/checkout@3d3c42e5aac5ba805825da76410c181273ba90b1	2026-10-03T22:40:36.1093368Z [command]/usr/bin/git version
database-full-load (100)	Post Run actions/checkout@3d3c42e5aac5ba805825da76410c181273ba90b1	2026-10-03T22:40:36.1136219Z git version 2.55.0
database-full-load (100)	Post Run actions/checkout@3d3c42e5aac5ba805825da76410c181273ba90b1	2026-10-03T22:40:36.1160163Z Temporarily overriding HOME='/home/runner/work/_temp/d14de531-96f3-4e82-80e4-b168818c24fc' before making global git config changes
database-full-load (100)	Post Run actions/checkout@3d3c42e5aac5ba805825da76410c181273ba90b1	2026-10-03T22:40:36.1160971Z Adding repository directory to the temporary git global config as a safe directory
database-full-load (100)	Post Run actions/checkout@3d3c42e5aac5ba805825da76410c181273ba90b1	2026-10-03T22:40:36.1166456Z [command]/usr/bin/git config --global --add safe.directory /home/runner/work/weir-tests/weir-tests
database-full-load (100)	Post Run actions/checkout@3d3c42e5aac5ba805825da76410c181273ba90b1	2026-10-03T22:40:36.1196026Z Removing SSH command configuration
database-full-load (100)	Post Run actions/checkout@3d3c42e5aac5ba805825da76410c181273ba90b1	2026-10-03T22:40:36.1200985Z [command]/usr/bin/git config --local --name-only --get-regexp core\.sshCommand
database-full-load (100)	Post Run actions/checkout@3d3c42e5aac5ba805825da76410c181273ba90b1	2026-10-03T22:40:36.1237997Z [command]/usr/bin/git submodule foreach --recursive sh -c "git config --local --name-only --get-regexp 'core\.sshCommand' && git config --local --unset-all 'core.sshCommand' || :"
database-full-load (100)	Post Run actions/checkout@3d3c42e5aac5ba805825da76410c181273ba90b1	2026-10-03T22:40:36.1485570Z Removing HTTP extra header
database-full-load (100)	Post Run actions/checkout@3d3c42e5aac5ba805825da76410c181273ba90b1	2026-10-03T22:40:36.1491554Z [command]/usr/bin/git config --local --name-only --get-regexp http\.https\:\/\/github\.com\/\.extraheader
database-full-load (100)	Post Run actions/checkout@3d3c42e5aac5ba805825da76410c181273ba90b1	2026-10-03T22:40:36.1539591Z [command]/usr/bin/git submodule foreach --recursive sh -c "git config --local --name-only --get-regexp 'http\.https\:\/\/github\.com\/\.extraheader' && git config --local --unset-all 'http.https://github.com/.extraheader' || :"
database-full-load (100)	Post Run actions/checkout@3d3c42e5aac5ba805825da76410c181273ba90b1	2026-10-03T22:40:36.1798616Z Removing includeIf entries pointing to credentials config files
database-full-load (100)	Post Run actions/checkout@3d3c42e5aac5ba805825da76410c181273ba90b1	2026-10-03T22:40:36.1813872Z [command]/usr/bin/git config --local --name-only --get-regexp ^includeIf\.gitdir:
database-full-load (100)	Post Run actions/checkout@3d3c42e5aac5ba805825da76410c181273ba90b1	2026-10-03T22:40:36.1845274Z [command]/usr/bin/git submodule foreach --recursive git config --local --show-origin --name-only --get-regexp remote.origin.url
database-full-load (100)	Complete job	﻿2026-10-03T22:40:36.2167808Z Cleaning up orphan processes
database-full-load (100)	Complete job	2026-10-03T22:40:36.2393115Z ##[warning]Node.js 20 is deprecated. The following actions target Node.js 20 but are being forced to run on Node.js 24: actions/upload-artifact@ea165f8d65b6e75b540449e92b4886f43607fa02. For more information see: https://github.blog/changelog/2025-09-19-deprecation-of-node-20-on-github-actions-runners/
database-full-load (0)	Set up job	﻿2026-10-03T22:20:37.1072475Z Current runner version: '2.337.0'
database-full-load (0)	Set up job	2026-10-03T22:20:37.1097187Z ##[group]Runner Image Provisioner
database-full-load (0)	Set up job	2026-10-03T22:20:37.1098129Z Hosted Compute Agent
database-full-load (0)	Set up job	2026-10-03T22:20:37.1099326Z Version: 20260901.588
database-full-load (0)	Set up job	2026-10-03T22:20:37.1100034Z Commit: f88ec8081b781fac6c440065ac7ff9e710ce3d0b
database-full-load (0)	Set up job	2026-10-03T22:20:37.1100792Z Build Date: 2026-09-01T19:56:44Z
database-full-load (0)	Set up job	2026-10-03T22:20:37.1101575Z Worker ID: {512b0814-47be-4e46-91f4-8dcbe957edd4}
database-full-load (0)	Set up job	2026-10-03T22:20:37.1102341Z Azure Region: westus
database-full-load (0)	Set up job	2026-10-03T22:20:37.1102971Z ##[endgroup]
database-full-load (0)	Set up job	2026-10-03T22:20:37.1104498Z ##[group]Operating System
database-full-load (0)	Set up job	2026-10-03T22:20:37.1105183Z Ubuntu
database-full-load (0)	Set up job	2026-10-03T22:20:37.1105806Z 24.04.5
database-full-load (0)	Set up job	2026-10-03T22:20:37.1106318Z LTS
database-full-load (0)	Set up job	2026-10-03T22:20:37.1106861Z ##[endgroup]
database-full-load (0)	Set up job	2026-10-03T22:20:37.1107433Z ##[group]Runner Image
database-full-load (0)	Set up job	2026-10-03T22:20:37.1108074Z Image: ubuntu-24.04
database-full-load (0)	Set up job	2026-10-03T22:20:37.1108973Z Version: 20260927.320.1
database-full-load (0)	Set up job	2026-10-03T22:20:37.1110110Z Included Software: https://github.com/actions/runner-images/blob/ubuntu24/20260927.320/images/ubuntu/Ubuntu2404-Readme.md
database-full-load (0)	Set up job	2026-10-03T22:20:37.1111911Z Image Release: https://github.com/actions/runner-images/releases/tag/ubuntu24%2F20260927.320
database-full-load (0)	Set up job	2026-10-03T22:20:37.1112947Z ##[endgroup]
database-full-load (0)	Set up job	2026-10-03T22:20:37.1114146Z ##[group]GITHUB_TOKEN Permissions
database-full-load (0)	Set up job	2026-10-03T22:20:37.1115968Z Contents: read
database-full-load (0)	Set up job	2026-10-03T22:20:37.1116739Z Metadata: read
database-full-load (0)	Set up job	2026-10-03T22:20:37.1117354Z ##[endgroup]
database-full-load (0)	Set up job	2026-10-03T22:20:37.1119682Z Secret source: Actions
database-full-load (0)	Set up job	2026-10-03T22:20:37.1120672Z Cache mode: write
database-full-load (0)	Set up job	2026-10-03T22:20:37.1121444Z Prepare workflow directory
database-full-load (0)	Set up job	2026-10-03T22:20:37.1537577Z Prepare all required actions
database-full-load (0)	Set up job	2026-10-03T22:20:37.1585982Z Getting action download info
database-full-load (0)	Set up job	2026-10-03T22:20:37.5320825Z Download action repository 'actions/checkout@3d3c42e5aac5ba805825da76410c181273ba90b1' (SHA:3d3c42e5aac5ba805825da76410c181273ba90b1)
database-full-load (0)	Set up job	2026-10-03T22:20:37.6360420Z Download action repository 'actions/setup-go@924ae3a1cded613372ab5595356fb5720e22ba16' (SHA:924ae3a1cded613372ab5595356fb5720e22ba16)
database-full-load (0)	Set up job	2026-10-03T22:20:38.0604786Z Download action repository 'actions/upload-artifact@ea165f8d65b6e75b540449e92b4886f43607fa02' (SHA:ea165f8d65b6e75b540449e92b4886f43607fa02)
database-full-load (0)	Set up job	2026-10-03T22:20:38.4312451Z Complete job name: database-full-load (0)
database-full-load (0)	Run actions/checkout@3d3c42e5aac5ba805825da76410c181273ba90b1	﻿2026-10-03T22:20:38.5234813Z ##[group]Run actions/checkout@3d3c42e5aac5ba805825da76410c181273ba90b1
database-full-load (0)	Run actions/checkout@3d3c42e5aac5ba805825da76410c181273ba90b1	2026-10-03T22:20:38.5236683Z with:
database-full-load (0)	Run actions/checkout@3d3c42e5aac5ba805825da76410c181273ba90b1	2026-10-03T22:20:38.5237597Z   ref: ecf3172b3d27bdc564af87388592cc68b553ac08
database-full-load (0)	Run actions/checkout@3d3c42e5aac5ba805825da76410c181273ba90b1	2026-10-03T22:20:38.5239026Z   persist-credentials: false
database-full-load (0)	Run actions/checkout@3d3c42e5aac5ba805825da76410c181273ba90b1	2026-10-03T22:20:38.5240087Z   repository: batchstream/weir-tests
database-full-load (0)	Run actions/checkout@3d3c42e5aac5ba805825da76410c181273ba90b1	2026-10-03T22:20:38.5248941Z   token: ***
database-full-load (0)	Run actions/checkout@3d3c42e5aac5ba805825da76410c181273ba90b1	2026-10-03T22:20:38.5249835Z   ssh-strict: true
database-full-load (0)	Run actions/checkout@3d3c42e5aac5ba805825da76410c181273ba90b1	2026-10-03T22:20:38.5250695Z   ssh-user: git
database-full-load (0)	Run actions/checkout@3d3c42e5aac5ba805825da76410c181273ba90b1	2026-10-03T22:20:38.5251516Z   clean: true
database-full-load (0)	Run actions/checkout@3d3c42e5aac5ba805825da76410c181273ba90b1	2026-10-03T22:20:38.5252383Z   sparse-checkout-cone-mode: true
database-full-load (0)	Run actions/checkout@3d3c42e5aac5ba805825da76410c181273ba90b1	2026-10-03T22:20:38.5253425Z   fetch-depth: 1
database-full-load (0)	Run actions/checkout@3d3c42e5aac5ba805825da76410c181273ba90b1	2026-10-03T22:20:38.5254267Z   fetch-tags: false
database-full-load (0)	Run actions/checkout@3d3c42e5aac5ba805825da76410c181273ba90b1	2026-10-03T22:20:38.5255151Z   show-progress: true
database-full-load (0)	Run actions/checkout@3d3c42e5aac5ba805825da76410c181273ba90b1	2026-10-03T22:20:38.5256026Z   lfs: false
database-full-load (0)	Run actions/checkout@3d3c42e5aac5ba805825da76410c181273ba90b1	2026-10-03T22:20:38.5256859Z   submodules: false
database-full-load (0)	Run actions/checkout@3d3c42e5aac5ba805825da76410c181273ba90b1	2026-10-03T22:20:38.5257743Z   set-safe-directory: true
database-full-load (0)	Run actions/checkout@3d3c42e5aac5ba805825da76410c181273ba90b1	2026-10-03T22:20:38.5259031Z   allow-unsafe-pr-checkout: false
database-full-load (0)	Run actions/checkout@3d3c42e5aac5ba805825da76410c181273ba90b1	2026-10-03T22:20:38.5260369Z env:
database-full-load (0)	Run actions/checkout@3d3c42e5aac5ba805825da76410c181273ba90b1	2026-10-03T22:20:38.5261154Z   GOENV: off
database-full-load (0)	Run actions/checkout@3d3c42e5aac5ba805825da76410c181273ba90b1	2026-10-03T22:20:38.5261944Z   GOWORK: off
database-full-load (0)	Run actions/checkout@3d3c42e5aac5ba805825da76410c181273ba90b1	2026-10-03T22:20:38.5262799Z   GOTOOLCHAIN: local
database-full-load (0)	Run actions/checkout@3d3c42e5aac5ba805825da76410c181273ba90b1	2026-10-03T22:20:38.5263725Z   GOFLAGS: -mod=readonly
database-full-load (0)	Run actions/checkout@3d3c42e5aac5ba805825da76410c181273ba90b1	2026-10-03T22:20:38.5264696Z   PYTHONDONTWRITEBYTECODE: 1
database-full-load (0)	Run actions/checkout@3d3c42e5aac5ba805825da76410c181273ba90b1	2026-10-03T22:20:38.5265662Z ##[endgroup]
database-full-load (0)	Run actions/checkout@3d3c42e5aac5ba805825da76410c181273ba90b1	2026-10-03T22:20:38.6322426Z Syncing repository: batchstream/weir-tests
database-full-load (0)	Run actions/checkout@3d3c42e5aac5ba805825da76410c181273ba90b1	2026-10-03T22:20:38.6325289Z ##[group]Getting Git version info
database-full-load (0)	Run actions/checkout@3d3c42e5aac5ba805825da76410c181273ba90b1	2026-10-03T22:20:38.6326725Z Working directory is '/home/runner/work/weir-tests/weir-tests'
database-full-load (0)	Run actions/checkout@3d3c42e5aac5ba805825da76410c181273ba90b1	2026-10-03T22:20:38.6329024Z [command]/usr/bin/git version
database-full-load (0)	Run actions/checkout@3d3c42e5aac5ba805825da76410c181273ba90b1	2026-10-03T22:20:38.6409961Z git version 2.55.0
database-full-load (0)	Run actions/checkout@3d3c42e5aac5ba805825da76410c181273ba90b1	2026-10-03T22:20:38.6434969Z ##[endgroup]
database-full-load (0)	Run actions/checkout@3d3c42e5aac5ba805825da76410c181273ba90b1	2026-10-03T22:20:38.6450325Z Temporarily overriding HOME='/home/runner/work/_temp/64319b2d-d328-4c5c-9bc7-1435f054d67d' before making global git config changes
database-full-load (0)	Run actions/checkout@3d3c42e5aac5ba805825da76410c181273ba90b1	2026-10-03T22:20:38.6455192Z Adding repository directory to the temporary git global config as a safe directory
database-full-load (0)	Run actions/checkout@3d3c42e5aac5ba805825da76410c181273ba90b1	2026-10-03T22:20:38.6459950Z [command]/usr/bin/git config --global --add safe.directory /home/runner/work/weir-tests/weir-tests
database-full-load (0)	Run actions/checkout@3d3c42e5aac5ba805825da76410c181273ba90b1	2026-10-03T22:20:38.6513870Z Deleting the contents of '/home/runner/work/weir-tests/weir-tests'
database-full-load (0)	Run actions/checkout@3d3c42e5aac5ba805825da76410c181273ba90b1	2026-10-03T22:20:38.6517660Z ##[group]Determining repository object format
database-full-load (0)	Run actions/checkout@3d3c42e5aac5ba805825da76410c181273ba90b1	2026-10-03T22:20:38.6520709Z ##[endgroup]
database-full-load (0)	Run actions/checkout@3d3c42e5aac5ba805825da76410c181273ba90b1	2026-10-03T22:20:38.6523086Z ##[group]Initializing the repository
database-full-load (0)	Run actions/checkout@3d3c42e5aac5ba805825da76410c181273ba90b1	2026-10-03T22:20:38.6525358Z [command]/usr/bin/git init /home/runner/work/weir-tests/weir-tests
database-full-load (0)	Run actions/checkout@3d3c42e5aac5ba805825da76410c181273ba90b1	2026-10-03T22:20:38.6629785Z hint: Using 'master' as the name for the initial branch. This default branch name
database-full-load (0)	Run actions/checkout@3d3c42e5aac5ba805825da76410c181273ba90b1	2026-10-03T22:20:38.6633126Z hint: will change to "main" in Git 3.0. To configure the initial branch name
database-full-load (0)	Run actions/checkout@3d3c42e5aac5ba805825da76410c181273ba90b1	2026-10-03T22:20:38.6636300Z hint: to use in all of your new repositories, which will suppress this warning,
database-full-load (0)	Run actions/checkout@3d3c42e5aac5ba805825da76410c181273ba90b1	2026-10-03T22:20:38.6638981Z hint: call:
database-full-load (0)	Run actions/checkout@3d3c42e5aac5ba805825da76410c181273ba90b1	2026-10-03T22:20:38.6640194Z hint:
database-full-load (0)	Run actions/checkout@3d3c42e5aac5ba805825da76410c181273ba90b1	2026-10-03T22:20:38.6641770Z hint: 	git config --global init.defaultBranch <name>
database-full-load (0)	Run actions/checkout@3d3c42e5aac5ba805825da76410c181273ba90b1	2026-10-03T22:20:38.6643796Z hint:
database-full-load (0)	Run actions/checkout@3d3c42e5aac5ba805825da76410c181273ba90b1	2026-10-03T22:20:38.6645966Z hint: Names commonly chosen instead of 'master' are 'main', 'trunk' and
database-full-load (0)	Run actions/checkout@3d3c42e5aac5ba805825da76410c181273ba90b1	2026-10-03T22:20:38.6649351Z hint: 'development'. The just-created branch can be renamed via this command:
database-full-load (0)	Run actions/checkout@3d3c42e5aac5ba805825da76410c181273ba90b1	2026-10-03T22:20:38.6652150Z hint:
database-full-load (0)	Run actions/checkout@3d3c42e5aac5ba805825da76410c181273ba90b1	2026-10-03T22:20:38.6653410Z hint: 	git branch -m <name>
database-full-load (0)	Run actions/checkout@3d3c42e5aac5ba805825da76410c181273ba90b1	2026-10-03T22:20:38.6654922Z hint:
database-full-load (0)	Run actions/checkout@3d3c42e5aac5ba805825da76410c181273ba90b1	2026-10-03T22:20:38.6656968Z hint: Disable this message with "git config set advice.defaultBranchName false"
database-full-load (0)	Run actions/checkout@3d3c42e5aac5ba805825da76410c181273ba90b1	2026-10-03T22:20:38.6660687Z Initialized empty Git repository in /home/runner/work/weir-tests/weir-tests/.git/
database-full-load (0)	Run actions/checkout@3d3c42e5aac5ba805825da76410c181273ba90b1	2026-10-03T22:20:38.6666169Z [command]/usr/bin/git remote add origin https://github.com/batchstream/weir-tests
database-full-load (0)	Run actions/checkout@3d3c42e5aac5ba805825da76410c181273ba90b1	2026-10-03T22:20:38.6704934Z ##[endgroup]
database-full-load (0)	Run actions/checkout@3d3c42e5aac5ba805825da76410c181273ba90b1	2026-10-03T22:20:38.6707459Z ##[group]Disabling automatic garbage collection
database-full-load (0)	Run actions/checkout@3d3c42e5aac5ba805825da76410c181273ba90b1	2026-10-03T22:20:38.6709944Z [command]/usr/bin/git config --local gc.auto 0
database-full-load (0)	Run actions/checkout@3d3c42e5aac5ba805825da76410c181273ba90b1	2026-10-03T22:20:38.6755309Z ##[endgroup]
database-full-load (0)	Run actions/checkout@3d3c42e5aac5ba805825da76410c181273ba90b1	2026-10-03T22:20:38.6758841Z ##[group]Setting up auth
database-full-load (0)	Run actions/checkout@3d3c42e5aac5ba805825da76410c181273ba90b1	2026-10-03T22:20:38.6761307Z Removing SSH command configuration
database-full-load (0)	Run actions/checkout@3d3c42e5aac5ba805825da76410c181273ba90b1	2026-10-03T22:20:38.6764135Z [command]/usr/bin/git config --local --name-only --get-regexp core\.sshCommand
database-full-load (0)	Run actions/checkout@3d3c42e5aac5ba805825da76410c181273ba90b1	2026-10-03T22:20:38.6794499Z [command]/usr/bin/git submodule foreach --recursive sh -c "git config --local --name-only --get-regexp 'core\.sshCommand' && git config --local --unset-all 'core.sshCommand' || :"
database-full-load (0)	Run actions/checkout@3d3c42e5aac5ba805825da76410c181273ba90b1	2026-10-03T22:20:38.7159507Z Removing HTTP extra header
database-full-load (0)	Run actions/checkout@3d3c42e5aac5ba805825da76410c181273ba90b1	2026-10-03T22:20:38.7165323Z [command]/usr/bin/git config --local --name-only --get-regexp http\.https\:\/\/github\.com\/\.extraheader
database-full-load (0)	Run actions/checkout@3d3c42e5aac5ba805825da76410c181273ba90b1	2026-10-03T22:20:38.7207087Z [command]/usr/bin/git submodule foreach --recursive sh -c "git config --local --name-only --get-regexp 'http\.https\:\/\/github\.com\/\.extraheader' && git config --local --unset-all 'http.https://github.com/.extraheader' || :"
database-full-load (0)	Run actions/checkout@3d3c42e5aac5ba805825da76410c181273ba90b1	2026-10-03T22:20:38.7431089Z Removing includeIf entries pointing to credentials config files
database-full-load (0)	Run actions/checkout@3d3c42e5aac5ba805825da76410c181273ba90b1	2026-10-03T22:20:38.7436194Z [command]/usr/bin/git config --local --name-only --get-regexp ^includeIf\.gitdir:
database-full-load (0)	Run actions/checkout@3d3c42e5aac5ba805825da76410c181273ba90b1	2026-10-03T22:20:38.7472816Z [command]/usr/bin/git submodule foreach --recursive git config --local --show-origin --name-only --get-regexp remote.origin.url
database-full-load (0)	Run actions/checkout@3d3c42e5aac5ba805825da76410c181273ba90b1	2026-10-03T22:20:38.7702573Z [command]/usr/bin/git config --file /home/runner/work/_temp/git-credentials-32247c0a-bfd6-4738-8098-22fb69bf420f.config http.https://github.com/.extraheader AUTHORIZATION: basic ***
database-full-load (0)	Run actions/checkout@3d3c42e5aac5ba805825da76410c181273ba90b1	2026-10-03T22:20:38.7742890Z [command]/usr/bin/git config --local includeIf.gitdir:/home/runner/work/weir-tests/weir-tests/.git.path /home/runner/work/_temp/git-credentials-32247c0a-bfd6-4738-8098-22fb69bf420f.config
database-full-load (0)	Run actions/checkout@3d3c42e5aac5ba805825da76410c181273ba90b1	2026-10-03T22:20:38.7778933Z [command]/usr/bin/git config --local includeIf.gitdir:/home/runner/work/weir-tests/weir-tests/.git/worktrees/*.path /home/runner/work/_temp/git-credentials-32247c0a-bfd6-4738-8098-22fb69bf420f.config
database-full-load (0)	Run actions/checkout@3d3c42e5aac5ba805825da76410c181273ba90b1	2026-10-03T22:20:38.7818311Z [command]/usr/bin/git config --local includeIf.gitdir:/github/workspace/.git.path /github/runner_temp/git-credentials-32247c0a-bfd6-4738-8098-22fb69bf420f.config
database-full-load (0)	Run actions/checkout@3d3c42e5aac5ba805825da76410c181273ba90b1	2026-10-03T22:20:38.7856397Z [command]/usr/bin/git config --local includeIf.gitdir:/github/workspace/.git/worktrees/*.path /github/runner_temp/git-credentials-32247c0a-bfd6-4738-8098-22fb69bf420f.config
database-full-load (0)	Run actions/checkout@3d3c42e5aac5ba805825da76410c181273ba90b1	2026-10-03T22:20:38.7887944Z ##[endgroup]
database-full-load (0)	Run actions/checkout@3d3c42e5aac5ba805825da76410c181273ba90b1	2026-10-03T22:20:38.7889899Z ##[group]Fetching the repository
database-full-load (0)	Run actions/checkout@3d3c42e5aac5ba805825da76410c181273ba90b1	2026-10-03T22:20:38.7895117Z [command]/usr/bin/git -c protocol.version=2 fetch --no-tags --prune --no-recurse-submodules --depth=1 origin ecf3172b3d27bdc564af87388592cc68b553ac08
database-full-load (0)	Run actions/checkout@3d3c42e5aac5ba805825da76410c181273ba90b1	2026-10-03T22:20:39.4855189Z From https://github.com/batchstream/weir-tests
database-full-load (0)	Run actions/checkout@3d3c42e5aac5ba805825da76410c181273ba90b1	2026-10-03T22:20:39.4857422Z  * branch            ecf3172b3d27bdc564af87388592cc68b553ac08 -> FETCH_HEAD
database-full-load (0)	Run actions/checkout@3d3c42e5aac5ba805825da76410c181273ba90b1	2026-10-03T22:20:39.4866655Z [command]/usr/bin/git rev-parse --verify --quiet ecf3172b3d27bdc564af87388592cc68b553ac08^{object}
database-full-load (0)	Run actions/checkout@3d3c42e5aac5ba805825da76410c181273ba90b1	2026-10-03T22:20:39.4900381Z ecf3172b3d27bdc564af87388592cc68b553ac08
database-full-load (0)	Run actions/checkout@3d3c42e5aac5ba805825da76410c181273ba90b1	2026-10-03T22:20:39.4906724Z ##[endgroup]
database-full-load (0)	Run actions/checkout@3d3c42e5aac5ba805825da76410c181273ba90b1	2026-10-03T22:20:39.4908432Z ##[group]Determining the checkout info
database-full-load (0)	Run actions/checkout@3d3c42e5aac5ba805825da76410c181273ba90b1	2026-10-03T22:20:39.4910525Z ##[endgroup]
database-full-load (0)	Run actions/checkout@3d3c42e5aac5ba805825da76410c181273ba90b1	2026-10-03T22:20:39.4912449Z [command]/usr/bin/git sparse-checkout disable
database-full-load (0)	Run actions/checkout@3d3c42e5aac5ba805825da76410c181273ba90b1	2026-10-03T22:20:39.4970644Z [command]/usr/bin/git config --local --unset-all extensions.worktreeConfig
database-full-load (0)	Run actions/checkout@3d3c42e5aac5ba805825da76410c181273ba90b1	2026-10-03T22:20:39.5006397Z ##[group]Checking out the ref
database-full-load (0)	Run actions/checkout@3d3c42e5aac5ba805825da76410c181273ba90b1	2026-10-03T22:20:39.5010677Z [command]/usr/bin/git checkout --progress --force ecf3172b3d27bdc564af87388592cc68b553ac08
database-full-load (0)	Run actions/checkout@3d3c42e5aac5ba805825da76410c181273ba90b1	2026-10-03T22:20:39.6214374Z Note: switching to 'ecf3172b3d27bdc564af87388592cc68b553ac08'.
database-full-load (0)	Run actions/checkout@3d3c42e5aac5ba805825da76410c181273ba90b1	2026-10-03T22:20:39.6214955Z 
database-full-load (0)	Run actions/checkout@3d3c42e5aac5ba805825da76410c181273ba90b1	2026-10-03T22:20:39.6215244Z You are in 'detached HEAD' state. You can look around, make experimental
database-full-load (0)	Run actions/checkout@3d3c42e5aac5ba805825da76410c181273ba90b1	2026-10-03T22:20:39.6215855Z changes and commit them, and you can discard any commits you make in this
database-full-load (0)	Run actions/checkout@3d3c42e5aac5ba805825da76410c181273ba90b1	2026-10-03T22:20:39.6216450Z state without impacting any branches by switching back to a branch.
database-full-load (0)	Run actions/checkout@3d3c42e5aac5ba805825da76410c181273ba90b1	2026-10-03T22:20:39.6216842Z 
database-full-load (0)	Run actions/checkout@3d3c42e5aac5ba805825da76410c181273ba90b1	2026-10-03T22:20:39.6217191Z If you want to create a new branch to retain commits you create, you may
database-full-load (0)	Run actions/checkout@3d3c42e5aac5ba805825da76410c181273ba90b1	2026-10-03T22:20:39.6217901Z do so (now or later) by using -c with the switch command. Example:
database-full-load (0)	Run actions/checkout@3d3c42e5aac5ba805825da76410c181273ba90b1	2026-10-03T22:20:39.6218304Z 
database-full-load (0)	Run actions/checkout@3d3c42e5aac5ba805825da76410c181273ba90b1	2026-10-03T22:20:39.6218836Z   git switch -c <new-branch-name>
database-full-load (0)	Run actions/checkout@3d3c42e5aac5ba805825da76410c181273ba90b1	2026-10-03T22:20:39.6219451Z 
database-full-load (0)	Run actions/checkout@3d3c42e5aac5ba805825da76410c181273ba90b1	2026-10-03T22:20:39.6219815Z Or undo this operation with:
database-full-load (0)	Run actions/checkout@3d3c42e5aac5ba805825da76410c181273ba90b1	2026-10-03T22:20:39.6220410Z 
database-full-load (0)	Run actions/checkout@3d3c42e5aac5ba805825da76410c181273ba90b1	2026-10-03T22:20:39.6220760Z   git switch -
database-full-load (0)	Run actions/checkout@3d3c42e5aac5ba805825da76410c181273ba90b1	2026-10-03T22:20:39.6221444Z 
database-full-load (0)	Run actions/checkout@3d3c42e5aac5ba805825da76410c181273ba90b1	2026-10-03T22:20:39.6222003Z Turn off this advice by setting config variable advice.detachedHead to false
database-full-load (0)	Run actions/checkout@3d3c42e5aac5ba805825da76410c181273ba90b1	2026-10-03T22:20:39.6222694Z 
database-full-load (0)	Run actions/checkout@3d3c42e5aac5ba805825da76410c181273ba90b1	2026-10-03T22:20:39.6223632Z HEAD is now at ecf3172 🐛 fix: decode heterogeneous MongoDB command statistics
database-full-load (0)	Run actions/checkout@3d3c42e5aac5ba805825da76410c181273ba90b1	2026-10-03T22:20:39.6327782Z ##[endgroup]
database-full-load (0)	Run actions/checkout@3d3c42e5aac5ba805825da76410c181273ba90b1	2026-10-03T22:20:39.6330552Z [command]/usr/bin/git log -1 --format=%H
database-full-load (0)	Run actions/checkout@3d3c42e5aac5ba805825da76410c181273ba90b1	2026-10-03T22:20:39.6337782Z ecf3172b3d27bdc564af87388592cc68b553ac08
database-full-load (0)	Run actions/checkout@3d3c42e5aac5ba805825da76410c181273ba90b1	2026-10-03T22:20:39.6351138Z ##[group]Removing auth
database-full-load (0)	Run actions/checkout@3d3c42e5aac5ba805825da76410c181273ba90b1	2026-10-03T22:20:39.6351701Z Removing SSH command configuration
database-full-load (0)	Run actions/checkout@3d3c42e5aac5ba805825da76410c181273ba90b1	2026-10-03T22:20:39.6353403Z [command]/usr/bin/git config --local --name-only --get-regexp core\.sshCommand
database-full-load (0)	Run actions/checkout@3d3c42e5aac5ba805825da76410c181273ba90b1	2026-10-03T22:20:39.6390453Z [command]/usr/bin/git submodule foreach --recursive sh -c "git config --local --name-only --get-regexp 'core\.sshCommand' && git config --local --unset-all 'core.sshCommand' || :"
database-full-load (0)	Run actions/checkout@3d3c42e5aac5ba805825da76410c181273ba90b1	2026-10-03T22:20:39.6616066Z Removing HTTP extra header
database-full-load (0)	Run actions/checkout@3d3c42e5aac5ba805825da76410c181273ba90b1	2026-10-03T22:20:39.6620215Z [command]/usr/bin/git config --local --name-only --get-regexp http\.https\:\/\/github\.com\/\.extraheader
database-full-load (0)	Run actions/checkout@3d3c42e5aac5ba805825da76410c181273ba90b1	2026-10-03T22:20:39.6659832Z [command]/usr/bin/git submodule foreach --recursive sh -c "git config --local --name-only --get-regexp 'http\.https\:\/\/github\.com\/\.extraheader' && git config --local --unset-all 'http.https://github.com/.extraheader' || :"
database-full-load (0)	Run actions/checkout@3d3c42e5aac5ba805825da76410c181273ba90b1	2026-10-03T22:20:39.6887045Z Removing includeIf entries pointing to credentials config files
database-full-load (0)	Run actions/checkout@3d3c42e5aac5ba805825da76410c181273ba90b1	2026-10-03T22:20:39.6892254Z [command]/usr/bin/git config --local --name-only --get-regexp ^includeIf\.gitdir:
database-full-load (0)	Run actions/checkout@3d3c42e5aac5ba805825da76410c181273ba90b1	2026-10-03T22:20:39.6945957Z includeif.gitdir:/home/runner/work/weir-tests/weir-tests/.git.path
database-full-load (0)	Run actions/checkout@3d3c42e5aac5ba805825da76410c181273ba90b1	2026-10-03T22:20:39.6947499Z includeif.gitdir:/home/runner/work/weir-tests/weir-tests/.git/worktrees/*.path
database-full-load (0)	Run actions/checkout@3d3c42e5aac5ba805825da76410c181273ba90b1	2026-10-03T22:20:39.6948344Z includeif.gitdir:/github/workspace/.git.path
database-full-load (0)	Run actions/checkout@3d3c42e5aac5ba805825da76410c181273ba90b1	2026-10-03T22:20:39.6949542Z includeif.gitdir:/github/workspace/.git/worktrees/*.path
database-full-load (0)	Run actions/checkout@3d3c42e5aac5ba805825da76410c181273ba90b1	2026-10-03T22:20:39.6970069Z [command]/usr/bin/git config --local --get-all includeif.gitdir:/home/runner/work/weir-tests/weir-tests/.git.path
database-full-load (0)	Run actions/checkout@3d3c42e5aac5ba805825da76410c181273ba90b1	2026-10-03T22:20:39.6987560Z /home/runner/work/_temp/git-credentials-32247c0a-bfd6-4738-8098-22fb69bf420f.config
database-full-load (0)	Run actions/checkout@3d3c42e5aac5ba805825da76410c181273ba90b1	2026-10-03T22:20:39.6997767Z [command]/usr/bin/git config --local --unset includeif.gitdir:/home/runner/work/weir-tests/weir-tests/.git.path \/home\/runner\/work\/_temp\/git\-credentials\-32247c0a\-bfd6\-4738\-8098\-22fb69bf420f\.config
database-full-load (0)	Run actions/checkout@3d3c42e5aac5ba805825da76410c181273ba90b1	2026-10-03T22:20:39.7036356Z [command]/usr/bin/git config --local --get-all includeif.gitdir:/home/runner/work/weir-tests/weir-tests/.git/worktrees/*.path
database-full-load (0)	Run actions/checkout@3d3c42e5aac5ba805825da76410c181273ba90b1	2026-10-03T22:20:39.7062957Z /home/runner/work/_temp/git-credentials-32247c0a-bfd6-4738-8098-22fb69bf420f.config
database-full-load (0)	Run actions/checkout@3d3c42e5aac5ba805825da76410c181273ba90b1	2026-10-03T22:20:39.7073053Z [command]/usr/bin/git config --local --unset includeif.gitdir:/home/runner/work/weir-tests/weir-tests/.git/worktrees/*.path \/home\/runner\/work\/_temp\/git\-credentials\-32247c0a\-bfd6\-4738\-8098\-22fb69bf420f\.config
database-full-load (0)	Run actions/checkout@3d3c42e5aac5ba805825da76410c181273ba90b1	2026-10-03T22:20:39.7113270Z [command]/usr/bin/git config --local --get-all includeif.gitdir:/github/workspace/.git.path
database-full-load (0)	Run actions/checkout@3d3c42e5aac5ba805825da76410c181273ba90b1	2026-10-03T22:20:39.7139551Z /github/runner_temp/git-credentials-32247c0a-bfd6-4738-8098-22fb69bf420f.config
database-full-load (0)	Run actions/checkout@3d3c42e5aac5ba805825da76410c181273ba90b1	2026-10-03T22:20:39.7146989Z [command]/usr/bin/git config --local --unset includeif.gitdir:/github/workspace/.git.path \/github\/runner_temp\/git\-credentials\-32247c0a\-bfd6\-4738\-8098\-22fb69bf420f\.config
database-full-load (0)	Run actions/checkout@3d3c42e5aac5ba805825da76410c181273ba90b1	2026-10-03T22:20:39.7192182Z [command]/usr/bin/git config --local --get-all includeif.gitdir:/github/workspace/.git/worktrees/*.path
database-full-load (0)	Run actions/checkout@3d3c42e5aac5ba805825da76410c181273ba90b1	2026-10-03T22:20:39.7257741Z /github/runner_temp/git-credentials-32247c0a-bfd6-4738-8098-22fb69bf420f.config
database-full-load (0)	Run actions/checkout@3d3c42e5aac5ba805825da76410c181273ba90b1	2026-10-03T22:20:39.7262690Z [command]/usr/bin/git config --local --unset includeif.gitdir:/github/workspace/.git/worktrees/*.path \/github\/runner_temp\/git\-credentials\-32247c0a\-bfd6\-4738\-8098\-22fb69bf420f\.config
database-full-load (0)	Run actions/checkout@3d3c42e5aac5ba805825da76410c181273ba90b1	2026-10-03T22:20:39.7301035Z [command]/usr/bin/git submodule foreach --recursive git config --local --show-origin --name-only --get-regexp remote.origin.url
database-full-load (0)	Run actions/checkout@3d3c42e5aac5ba805825da76410c181273ba90b1	2026-10-03T22:20:39.7521892Z Removing credentials config '/home/runner/work/_temp/git-credentials-32247c0a-bfd6-4738-8098-22fb69bf420f.config'
database-full-load (0)	Run actions/checkout@3d3c42e5aac5ba805825da76410c181273ba90b1	2026-10-03T22:20:39.7532161Z ##[endgroup]
database-full-load (0)	Run actions/setup-go@924ae3a1cded613372ab5595356fb5720e22ba16	﻿2026-10-03T22:20:39.7775063Z ##[group]Run actions/setup-go@924ae3a1cded613372ab5595356fb5720e22ba16
database-full-load (0)	Run actions/setup-go@924ae3a1cded613372ab5595356fb5720e22ba16	2026-10-03T22:20:39.7775725Z with:
database-full-load (0)	Run actions/setup-go@924ae3a1cded613372ab5595356fb5720e22ba16	2026-10-03T22:20:39.7776302Z   go-version-file: go.mod
database-full-load (0)	Run actions/setup-go@924ae3a1cded613372ab5595356fb5720e22ba16	2026-10-03T22:20:39.7776788Z   check-latest: false
database-full-load (0)	Run actions/setup-go@924ae3a1cded613372ab5595356fb5720e22ba16	2026-10-03T22:20:39.7780357Z   token: ***
database-full-load (0)	Run actions/setup-go@924ae3a1cded613372ab5595356fb5720e22ba16	2026-10-03T22:20:39.7780868Z   cache: true
database-full-load (0)	Run actions/setup-go@924ae3a1cded613372ab5595356fb5720e22ba16	2026-10-03T22:20:39.7781347Z env:
database-full-load (0)	Run actions/setup-go@924ae3a1cded613372ab5595356fb5720e22ba16	2026-10-03T22:20:39.7781833Z   GOENV: off
database-full-load (0)	Run actions/setup-go@924ae3a1cded613372ab5595356fb5720e22ba16	2026-10-03T22:20:39.7782361Z   GOWORK: off
database-full-load (0)	Run actions/setup-go@924ae3a1cded613372ab5595356fb5720e22ba16	2026-10-03T22:20:39.7782890Z   GOTOOLCHAIN: local
database-full-load (0)	Run actions/setup-go@924ae3a1cded613372ab5595356fb5720e22ba16	2026-10-03T22:20:39.7783484Z   GOFLAGS: -mod=readonly
database-full-load (0)	Run actions/setup-go@924ae3a1cded613372ab5595356fb5720e22ba16	2026-10-03T22:20:39.7784091Z   PYTHONDONTWRITEBYTECODE: 1
database-full-load (0)	Run actions/setup-go@924ae3a1cded613372ab5595356fb5720e22ba16	2026-10-03T22:20:39.7784718Z ##[endgroup]
database-full-load (0)	Run actions/setup-go@924ae3a1cded613372ab5595356fb5720e22ba16	2026-10-03T22:20:39.9002835Z Setup go version spec 1.27.1
database-full-load (0)	Run actions/setup-go@924ae3a1cded613372ab5595356fb5720e22ba16	2026-10-03T22:20:39.9015919Z Attempting to download 1.27.1...
database-full-load (0)	Run actions/setup-go@924ae3a1cded613372ab5595356fb5720e22ba16	2026-10-03T22:20:40.5767011Z matching 1.27.1...
database-full-load (0)	Run actions/setup-go@924ae3a1cded613372ab5595356fb5720e22ba16	2026-10-03T22:20:40.5794907Z Acquiring 1.27.1 from https://github.com/actions/go-versions/releases/download/1.27.1-33583469715/go-1.27.1-linux-x64.tar.gz
database-full-load (0)	Run actions/setup-go@924ae3a1cded613372ab5595356fb5720e22ba16	2026-10-03T22:20:41.2274199Z Extracting Go...
database-full-load (0)	Run actions/setup-go@924ae3a1cded613372ab5595356fb5720e22ba16	2026-10-03T22:20:41.2379121Z [command]/usr/bin/tar xz --warning=no-unknown-keyword --overwrite -C /home/runner/work/_temp/ac017b2c-ab5a-49a9-bf96-500f9572f25c -f /home/runner/work/_temp/d309c129-149b-4faa-ab04-8d8e418ebfb5
database-full-load (0)	Run actions/setup-go@924ae3a1cded613372ab5595356fb5720e22ba16	2026-10-03T22:20:42.9299734Z Successfully extracted go to /home/runner/work/_temp/ac017b2c-ab5a-49a9-bf96-500f9572f25c
database-full-load (0)	Run actions/setup-go@924ae3a1cded613372ab5595356fb5720e22ba16	2026-10-03T22:20:42.9300586Z Adding to the cache ...
database-full-load (0)	Run actions/setup-go@924ae3a1cded613372ab5595356fb5720e22ba16	2026-10-03T22:20:49.0355804Z Successfully cached go to /opt/hostedtoolcache/go/1.27.1/x64
database-full-load (0)	Run actions/setup-go@924ae3a1cded613372ab5595356fb5720e22ba16	2026-10-03T22:20:49.0358423Z Added go to the path
database-full-load (0)	Run actions/setup-go@924ae3a1cded613372ab5595356fb5720e22ba16	2026-10-03T22:20:49.0361221Z Successfully set up Go version 1.27.1
database-full-load (0)	Run actions/setup-go@924ae3a1cded613372ab5595356fb5720e22ba16	2026-10-03T22:20:49.0574079Z [command]/opt/hostedtoolcache/go/1.27.1/x64/bin/go env GOMODCACHE
database-full-load (0)	Run actions/setup-go@924ae3a1cded613372ab5595356fb5720e22ba16	2026-10-03T22:20:49.0609169Z [command]/opt/hostedtoolcache/go/1.27.1/x64/bin/go env GOCACHE
database-full-load (0)	Run actions/setup-go@924ae3a1cded613372ab5595356fb5720e22ba16	2026-10-03T22:20:49.0647172Z /home/runner/go/pkg/mod
database-full-load (0)	Run actions/setup-go@924ae3a1cded613372ab5595356fb5720e22ba16	2026-10-03T22:20:49.0666734Z /home/runner/.cache/go-build
database-full-load (0)	Run actions/setup-go@924ae3a1cded613372ab5595356fb5720e22ba16	2026-10-03T22:20:49.3200159Z Cache hit for: setup-go-Linux-x64-ubuntu24-go-1.27.1-f3893fbf0ff2b6e2efba8903234513786674983d753d1815a9a1fcf84a06448a
database-full-load (0)	Run actions/setup-go@924ae3a1cded613372ab5595356fb5720e22ba16	2026-10-03T22:20:50.6223230Z Received 4194304 of 252007507 (1.7%), 4.0 MBs/sec
database-full-load (0)	Run actions/setup-go@924ae3a1cded613372ab5595356fb5720e22ba16	2026-10-03T22:20:51.6233114Z Received 130023424 of 252007507 (51.6%), 62.0 MBs/sec
database-full-load (0)	Run actions/setup-go@924ae3a1cded613372ab5595356fb5720e22ba16	2026-10-03T22:20:52.6243744Z Received 247813203 of 252007507 (98.3%), 78.7 MBs/sec
database-full-load (0)	Run actions/setup-go@924ae3a1cded613372ab5595356fb5720e22ba16	2026-10-03T22:20:52.7848975Z Received 252007507 of 252007507 (100.0%), 76.0 MBs/sec
database-full-load (0)	Run actions/setup-go@924ae3a1cded613372ab5595356fb5720e22ba16	2026-10-03T22:20:52.7850325Z Cache Size: ~240 MB (252007507 B)
database-full-load (0)	Run actions/setup-go@924ae3a1cded613372ab5595356fb5720e22ba16	2026-10-03T22:20:52.7892990Z [command]/usr/bin/tar -xf /home/runner/work/_temp/e197cc91-0389-4dec-94ac-924c6c3cb5d7/cache.tzst -P -C /home/runner/work/weir-tests/weir-tests --use-compress-program unzstd
database-full-load (0)	Run actions/setup-go@924ae3a1cded613372ab5595356fb5720e22ba16	2026-10-03T22:20:55.3160495Z Cache restored successfully
database-full-load (0)	Run actions/setup-go@924ae3a1cded613372ab5595356fb5720e22ba16	2026-10-03T22:20:55.3318170Z Cache restored from key: setup-go-Linux-x64-ubuntu24-go-1.27.1-f3893fbf0ff2b6e2efba8903234513786674983d753d1815a9a1fcf84a06448a
database-full-load (0)	Run actions/setup-go@924ae3a1cded613372ab5595356fb5720e22ba16	2026-10-03T22:20:55.3345965Z go version go1.27.1 linux/amd64
database-full-load (0)	Run actions/setup-go@924ae3a1cded613372ab5595356fb5720e22ba16	2026-10-03T22:20:55.3346343Z 
database-full-load (0)	Run actions/setup-go@924ae3a1cded613372ab5595356fb5720e22ba16	2026-10-03T22:20:55.3346823Z ##[group]go env
database-full-load (0)	Run actions/setup-go@924ae3a1cded613372ab5595356fb5720e22ba16	2026-10-03T22:20:55.4138317Z AR='ar'
database-full-load (0)	Run actions/setup-go@924ae3a1cded613372ab5595356fb5720e22ba16	2026-10-03T22:20:55.4139047Z CC='gcc'
database-full-load (0)	Run actions/setup-go@924ae3a1cded613372ab5595356fb5720e22ba16	2026-10-03T22:20:55.4139453Z CGO_CFLAGS='-O2 -g'
database-full-load (0)	Run actions/setup-go@924ae3a1cded613372ab5595356fb5720e22ba16	2026-10-03T22:20:55.4139861Z CGO_CPPFLAGS=''
database-full-load (0)	Run actions/setup-go@924ae3a1cded613372ab5595356fb5720e22ba16	2026-10-03T22:20:55.4140278Z CGO_CXXFLAGS='-O2 -g'
database-full-load (0)	Run actions/setup-go@924ae3a1cded613372ab5595356fb5720e22ba16	2026-10-03T22:20:55.4140693Z CGO_ENABLED='1'
database-full-load (0)	Run actions/setup-go@924ae3a1cded613372ab5595356fb5720e22ba16	2026-10-03T22:20:55.4141103Z CGO_FFLAGS='-O2 -g'
database-full-load (0)	Run actions/setup-go@924ae3a1cded613372ab5595356fb5720e22ba16	2026-10-03T22:20:55.4141491Z CGO_LDFLAGS='-O2 -g'
database-full-load (0)	Run actions/setup-go@924ae3a1cded613372ab5595356fb5720e22ba16	2026-10-03T22:20:55.4141875Z CXX='g++'
database-full-load (0)	Run actions/setup-go@924ae3a1cded613372ab5595356fb5720e22ba16	2026-10-03T22:20:55.4142216Z GCCGO='gccgo'
database-full-load (0)	Run actions/setup-go@924ae3a1cded613372ab5595356fb5720e22ba16	2026-10-03T22:20:55.4142568Z GO111MODULE=''
database-full-load (0)	Run actions/setup-go@924ae3a1cded613372ab5595356fb5720e22ba16	2026-10-03T22:20:55.4142913Z GOAMD64='v1'
database-full-load (0)	Run actions/setup-go@924ae3a1cded613372ab5595356fb5720e22ba16	2026-10-03T22:20:55.4143263Z GOARCH='amd64'
database-full-load (0)	Run actions/setup-go@924ae3a1cded613372ab5595356fb5720e22ba16	2026-10-03T22:20:55.4143615Z GOAUTH='netrc'
database-full-load (0)	Run actions/setup-go@924ae3a1cded613372ab5595356fb5720e22ba16	2026-10-03T22:20:55.4143989Z GOBIN='/home/runner/go/bin'
database-full-load (0)	Run actions/setup-go@924ae3a1cded613372ab5595356fb5720e22ba16	2026-10-03T22:20:55.4144461Z GOCACHE='/home/runner/.cache/go-build'
database-full-load (0)	Run actions/setup-go@924ae3a1cded613372ab5595356fb5720e22ba16	2026-10-03T22:20:55.4144943Z GOCACHEPROG=''
database-full-load (0)	Run actions/setup-go@924ae3a1cded613372ab5595356fb5720e22ba16	2026-10-03T22:20:55.4145302Z GODEBUG=''
database-full-load (0)	Run actions/setup-go@924ae3a1cded613372ab5595356fb5720e22ba16	2026-10-03T22:20:55.4145658Z GOENV=''
database-full-load (0)	Run actions/setup-go@924ae3a1cded613372ab5595356fb5720e22ba16	2026-10-03T22:20:55.4145978Z GOEXE=''
database-full-load (0)	Run actions/setup-go@924ae3a1cded613372ab5595356fb5720e22ba16	2026-10-03T22:20:55.4146307Z GOEXPERIMENT=''
database-full-load (0)	Run actions/setup-go@924ae3a1cded613372ab5595356fb5720e22ba16	2026-10-03T22:20:55.4146670Z GOFIPS140='off'
database-full-load (0)	Run actions/setup-go@924ae3a1cded613372ab5595356fb5720e22ba16	2026-10-03T22:20:55.4147037Z GOFLAGS='-mod=readonly'
database-full-load (0)	Run actions/setup-go@924ae3a1cded613372ab5595356fb5720e22ba16	2026-10-03T22:20:55.4148224Z GOGCCFLAGS='-fPIC -m64 -pthread -Wl,--no-gc-sections -fmessage-length=0 -ffile-prefix-map=/tmp/go-build2370663279=/tmp/go-build -gno-record-gcc-switches'
database-full-load (0)	Run actions/setup-go@924ae3a1cded613372ab5595356fb5720e22ba16	2026-10-03T22:20:55.4150032Z GOHOSTARCH='amd64'
database-full-load (0)	Run actions/setup-go@924ae3a1cded613372ab5595356fb5720e22ba16	2026-10-03T22:20:55.4150418Z GOHOSTOS='linux'
database-full-load (0)	Run actions/setup-go@924ae3a1cded613372ab5595356fb5720e22ba16	2026-10-03T22:20:55.4150780Z GOINSECURE=''
database-full-load (0)	Run actions/setup-go@924ae3a1cded613372ab5595356fb5720e22ba16	2026-10-03T22:20:55.4151297Z GOMOD='/home/runner/work/weir-tests/weir-tests/go.mod'
database-full-load (0)	Run actions/setup-go@924ae3a1cded613372ab5595356fb5720e22ba16	2026-10-03T22:20:55.4151897Z GOMODCACHE='/home/runner/go/pkg/mod'
database-full-load (0)	Run actions/setup-go@924ae3a1cded613372ab5595356fb5720e22ba16	2026-10-03T22:20:55.4152378Z GONOPROXY=''
database-full-load (0)	Run actions/setup-go@924ae3a1cded613372ab5595356fb5720e22ba16	2026-10-03T22:20:55.4152721Z GONOSUMDB=''
database-full-load (0)	Run actions/setup-go@924ae3a1cded613372ab5595356fb5720e22ba16	2026-10-03T22:20:55.4153058Z GOOS='linux'
database-full-load (0)	Run actions/setup-go@924ae3a1cded613372ab5595356fb5720e22ba16	2026-10-03T22:20:55.4153411Z GOPACKAGESDRIVER=''
database-full-load (0)	Run actions/setup-go@924ae3a1cded613372ab5595356fb5720e22ba16	2026-10-03T22:20:55.4153807Z GOPATH='/home/runner/go'
database-full-load (0)	Run actions/setup-go@924ae3a1cded613372ab5595356fb5720e22ba16	2026-10-03T22:20:55.4154214Z GOPRIVATE=''
database-full-load (0)	Run actions/setup-go@924ae3a1cded613372ab5595356fb5720e22ba16	2026-10-03T22:20:55.4154720Z GOPROXY='https://proxy.golang.org,direct'
database-full-load (0)	Run actions/setup-go@924ae3a1cded613372ab5595356fb5720e22ba16	2026-10-03T22:20:55.4155347Z GOROOT='/opt/hostedtoolcache/go/1.27.1/x64'
database-full-load (0)	Run actions/setup-go@924ae3a1cded613372ab5595356fb5720e22ba16	2026-10-03T22:20:55.4155870Z GOSUMDB='sum.golang.org'
database-full-load (0)	Run actions/setup-go@924ae3a1cded613372ab5595356fb5720e22ba16	2026-10-03T22:20:55.4156297Z GOTELEMETRY='local'
database-full-load (0)	Run actions/setup-go@924ae3a1cded613372ab5595356fb5720e22ba16	2026-10-03T22:20:55.4156777Z GOTELEMETRYDIR='/home/runner/.config/go/telemetry'
database-full-load (0)	Run actions/setup-go@924ae3a1cded613372ab5595356fb5720e22ba16	2026-10-03T22:20:55.4157332Z GOTMPDIR=''
database-full-load (0)	Run actions/setup-go@924ae3a1cded613372ab5595356fb5720e22ba16	2026-10-03T22:20:55.4157684Z GOTOOLCHAIN='local'
database-full-load (0)	Run actions/setup-go@924ae3a1cded613372ab5595356fb5720e22ba16	2026-10-03T22:20:55.4158268Z GOTOOLDIR='/opt/hostedtoolcache/go/1.27.1/x64/pkg/tool/linux_amd64'
database-full-load (0)	Run actions/setup-go@924ae3a1cded613372ab5595356fb5720e22ba16	2026-10-03T22:20:55.4159281Z GOVCS=''
database-full-load (0)	Run actions/setup-go@924ae3a1cded613372ab5595356fb5720e22ba16	2026-10-03T22:20:55.4159635Z GOVERSION='go1.27.1'
database-full-load (0)	Run actions/setup-go@924ae3a1cded613372ab5595356fb5720e22ba16	2026-10-03T22:20:55.4160017Z GOWORK='off'
database-full-load (0)	Run actions/setup-go@924ae3a1cded613372ab5595356fb5720e22ba16	2026-10-03T22:20:55.4160427Z PKG_CONFIG='pkg-config'
database-full-load (0)	Run actions/setup-go@924ae3a1cded613372ab5595356fb5720e22ba16	2026-10-03T22:20:55.4160696Z 
database-full-load (0)	Run actions/setup-go@924ae3a1cded613372ab5595356fb5720e22ba16	2026-10-03T22:20:55.4161176Z ##[endgroup]
database-full-load (0)	Prepare immutable tools and owned database images	﻿2026-10-03T22:20:55.4388074Z ##[group]Run python3 scripts/download_modules.py
database-full-load (0)	Prepare immutable tools and owned database images	2026-10-03T22:20:55.4388910Z [36;1mpython3 scripts/download_modules.py[0m
database-full-load (0)	Prepare immutable tools and owned database images	2026-10-03T22:20:55.4389276Z [36;1mpython3 scripts/prepare_weir.py[0m
database-full-load (0)	Prepare immutable tools and owned database images	2026-10-03T22:20:55.4389592Z [36;1mpython3 scripts/prepare_images.py[0m
database-full-load (0)	Prepare immutable tools and owned database images	2026-10-03T22:20:55.4655413Z shell: /usr/bin/bash --noprofile --norc -e -o pipefail {0}
database-full-load (0)	Prepare immutable tools and owned database images	2026-10-03T22:20:55.4656291Z env:
database-full-load (0)	Prepare immutable tools and owned database images	2026-10-03T22:20:55.4656576Z   GOENV: off
database-full-load (0)	Prepare immutable tools and owned database images	2026-10-03T22:20:55.4656854Z   GOWORK: off
database-full-load (0)	Prepare immutable tools and owned database images	2026-10-03T22:20:55.4657143Z   GOTOOLCHAIN: local
database-full-load (0)	Prepare immutable tools and owned database images	2026-10-03T22:20:55.4657471Z   GOFLAGS: -mod=readonly
database-full-load (0)	Prepare immutable tools and owned database images	2026-10-03T22:20:55.4657823Z   PYTHONDONTWRITEBYTECODE: 1
database-full-load (0)	Prepare immutable tools and owned database images	2026-10-03T22:20:55.4658174Z ##[endgroup]
database-full-load (0)	Prepare immutable tools and owned database images	2026-10-03T22:20:57.9479822Z all modules verified
database-full-load (0)	Prepare immutable tools and owned database images	2026-10-03T22:21:23.2986156Z /home/runner/work/weir-tests/weir-tests/.tools/weir
database-full-load (0)	Prepare immutable tools and owned database images	2026-10-03T22:21:25.2464947Z docker.io/library/mongo@sha256:d0d926f94df099bff534b7ee5b5986458131a22489dfff8664509af0c1e2ca9c: Pulling from library/mongo
database-full-load (0)	Prepare immutable tools and owned database images	2026-10-03T22:21:25.5080576Z a60ef8ec184e: Pulling fs layer
database-full-load (0)	Prepare immutable tools and owned database images	2026-10-03T22:21:25.5081380Z c4a88db82a6d: Pulling fs layer
database-full-load (0)	Prepare immutable tools and owned database images	2026-10-03T22:21:25.5081948Z f97373a3dd33: Pulling fs layer
database-full-load (0)	Prepare immutable tools and owned database images	2026-10-03T22:21:25.5082485Z 59898ec81c6b: Pulling fs layer
database-full-load (0)	Prepare immutable tools and owned database images	2026-10-03T22:21:25.5082952Z 2252b895f5de: Pulling fs layer
database-full-load (0)	Prepare immutable tools and owned database images	2026-10-03T22:21:25.5083418Z 08f85ec03d22: Pulling fs layer
database-full-load (0)	Prepare immutable tools and owned database images	2026-10-03T22:21:25.5083971Z cfbbec1d5328: Pulling fs layer
database-full-load (0)	Prepare immutable tools and owned database images	2026-10-03T22:21:25.5084503Z eedb5e3e5b38: Pulling fs layer
database-full-load (0)	Prepare immutable tools and owned database images	2026-10-03T22:21:25.5085016Z 59898ec81c6b: Waiting
database-full-load (0)	Prepare immutable tools and owned database images	2026-10-03T22:21:25.5085458Z 2252b895f5de: Waiting
database-full-load (0)	Prepare immutable tools and owned database images	2026-10-03T22:21:25.5085879Z 08f85ec03d22: Waiting
database-full-load (0)	Prepare immutable tools and owned database images	2026-10-03T22:21:25.5086279Z cfbbec1d5328: Waiting
database-full-load (0)	Prepare immutable tools and owned database images	2026-10-03T22:21:25.5086897Z eedb5e3e5b38: Waiting
database-full-load (0)	Prepare immutable tools and owned database images	2026-10-03T22:21:25.7252435Z c4a88db82a6d: Verifying Checksum
database-full-load (0)	Prepare immutable tools and owned database images	2026-10-03T22:21:25.7253412Z c4a88db82a6d: Download complete
database-full-load (0)	Prepare immutable tools and owned database images	2026-10-03T22:21:25.7455678Z f97373a3dd33: Verifying Checksum
database-full-load (0)	Prepare immutable tools and owned database images	2026-10-03T22:21:25.8289892Z a60ef8ec184e: Verifying Checksum
database-full-load (0)	Prepare immutable tools and owned database images	2026-10-03T22:21:25.8290667Z a60ef8ec184e: Download complete
database-full-load (0)	Prepare immutable tools and owned database images	2026-10-03T22:21:25.9519663Z 59898ec81c6b: Verifying Checksum
database-full-load (0)	Prepare immutable tools and owned database images	2026-10-03T22:21:25.9521473Z 59898ec81c6b: Download complete
database-full-load (0)	Prepare immutable tools and owned database images	2026-10-03T22:21:25.9533979Z 2252b895f5de: Verifying Checksum
database-full-load (0)	Prepare immutable tools and owned database images	2026-10-03T22:21:25.9534341Z 2252b895f5de: Download complete
database-full-load (0)	Prepare immutable tools and owned database images	2026-10-03T22:21:26.0411391Z 08f85ec03d22: Verifying Checksum
database-full-load (0)	Prepare immutable tools and owned database images	2026-10-03T22:21:26.0412028Z 08f85ec03d22: Download complete
database-full-load (0)	Prepare immutable tools and owned database images	2026-10-03T22:21:26.1671177Z eedb5e3e5b38: Verifying Checksum
database-full-load (0)	Prepare immutable tools and owned database images	2026-10-03T22:21:26.1672185Z eedb5e3e5b38: Download complete
database-full-load (0)	Prepare immutable tools and owned database images	2026-10-03T22:21:27.0635054Z a60ef8ec184e: Pull complete
database-full-load (0)	Prepare immutable tools and owned database images	2026-10-03T22:21:27.0868244Z cfbbec1d5328: Verifying Checksum
database-full-load (0)	Prepare immutable tools and owned database images	2026-10-03T22:21:27.0868987Z cfbbec1d5328: Download complete
database-full-load (0)	Prepare immutable tools and owned database images	2026-10-03T22:21:28.4572052Z c4a88db82a6d: Pull complete
database-full-load (0)	Prepare immutable tools and owned database images	2026-10-03T22:21:28.6113342Z f97373a3dd33: Pull complete
database-full-load (0)	Prepare immutable tools and owned database images	2026-10-03T22:21:28.6530315Z 59898ec81c6b: Pull complete
database-full-load (0)	Prepare immutable tools and owned database images	2026-10-03T22:21:28.6618407Z 2252b895f5de: Pull complete
database-full-load (0)	Prepare immutable tools and owned database images	2026-10-03T22:21:28.6715428Z 08f85ec03d22: Pull complete
database-full-load (0)	Prepare immutable tools and owned database images	2026-10-03T22:21:34.1730683Z cfbbec1d5328: Pull complete
database-full-load (0)	Prepare immutable tools and owned database images	2026-10-03T22:21:34.1823264Z eedb5e3e5b38: Pull complete
database-full-load (0)	Prepare immutable tools and owned database images	2026-10-03T22:21:34.1859227Z Digest: sha256:d0d926f94df099bff534b7ee5b5986458131a22489dfff8664509af0c1e2ca9c
database-full-load (0)	Prepare immutable tools and owned database images	2026-10-03T22:21:34.1864580Z Status: Downloaded newer image for mongo@sha256:d0d926f94df099bff534b7ee5b5986458131a22489dfff8664509af0c1e2ca9c
database-full-load (0)	Prepare immutable tools and owned database images	2026-10-03T22:21:34.1872450Z docker.io/library/mongo@sha256:d0d926f94df099bff534b7ee5b5986458131a22489dfff8664509af0c1e2ca9c
database-full-load (0)	Prepare immutable tools and owned database images	2026-10-03T22:21:34.9606678Z docker.elastic.co/elasticsearch/elasticsearch@sha256:e98f9c3b09beb2fbb9eaf667d602df3f0e00bd3644138b8458dc17ba1a675595: Pulling from elasticsearch/elasticsearch
database-full-load (0)	Prepare immutable tools and owned database images	2026-10-03T22:21:35.4284328Z 2c22c1bb1ce1: Pulling fs layer
database-full-load (0)	Prepare immutable tools and owned database images	2026-10-03T22:21:35.4284947Z 2796a25b8094: Pulling fs layer
database-full-load (0)	Prepare immutable tools and owned database images	2026-10-03T22:21:35.4285764Z 714e5b673049: Pulling fs layer
database-full-load (0)	Prepare immutable tools and owned database images	2026-10-03T22:21:35.4286566Z bd9ddc54bea9: Pulling fs layer
database-full-load (0)	Prepare immutable tools and owned database images	2026-10-03T22:21:35.4287156Z 2d68f716f01a: Pulling fs layer
database-full-load (0)	Prepare immutable tools and owned database images	2026-10-03T22:21:35.4287704Z c52e3a203c20: Pulling fs layer
database-full-load (0)	Prepare immutable tools and owned database images	2026-10-03T22:21:35.4288233Z 9b415d76a9c6: Pulling fs layer
database-full-load (0)	Prepare immutable tools and owned database images	2026-10-03T22:21:35.4288898Z d527cffe3ef6: Pulling fs layer
database-full-load (0)	Prepare immutable tools and owned database images	2026-10-03T22:21:35.4289539Z b8cda4b5aaf3: Pulling fs layer
database-full-load (0)	Prepare immutable tools and owned database images	2026-10-03T22:21:35.4289871Z 32c1c18d2ea5: Pulling fs layer
database-full-load (0)	Prepare immutable tools and owned database images	2026-10-03T22:21:35.4290181Z bd9ddc54bea9: Waiting
database-full-load (0)	Prepare immutable tools and owned database images	2026-10-03T22:21:35.4290470Z 9b415d76a9c6: Waiting
database-full-load (0)	Prepare immutable tools and owned database images	2026-10-03T22:21:35.4290735Z d527cffe3ef6: Waiting
database-full-load (0)	Prepare immutable tools and owned database images	2026-10-03T22:21:35.4291142Z 2d68f716f01a: Waiting
database-full-load (0)	Prepare immutable tools and owned database images	2026-10-03T22:21:35.4291365Z b8cda4b5aaf3: Waiting
database-full-load (0)	Prepare immutable tools and owned database images	2026-10-03T22:21:35.4291573Z c52e3a203c20: Waiting
database-full-load (0)	Prepare immutable tools and owned database images	2026-10-03T22:21:35.4291783Z 32c1c18d2ea5: Waiting
database-full-load (0)	Prepare immutable tools and owned database images	2026-10-03T22:21:35.7259576Z 714e5b673049: Download complete
database-full-load (0)	Prepare immutable tools and owned database images	2026-10-03T22:21:35.7973630Z 2796a25b8094: Verifying Checksum
database-full-load (0)	Prepare immutable tools and owned database images	2026-10-03T22:21:35.7974471Z 2796a25b8094: Download complete
database-full-load (0)	Prepare immutable tools and owned database images	2026-10-03T22:21:36.0031008Z bd9ddc54bea9: Verifying Checksum
database-full-load (0)	Prepare immutable tools and owned database images	2026-10-03T22:21:36.0032006Z bd9ddc54bea9: Download complete
database-full-load (0)	Prepare immutable tools and owned database images	2026-10-03T22:21:36.2104686Z 2c22c1bb1ce1: Verifying Checksum
database-full-load (0)	Prepare immutable tools and owned database images	2026-10-03T22:21:36.2105805Z 2c22c1bb1ce1: Download complete
database-full-load (0)	Prepare immutable tools and owned database images	2026-10-03T22:21:36.2855111Z c52e3a203c20: Verifying Checksum
database-full-load (0)	Prepare immutable tools and owned database images	2026-10-03T22:21:36.2857736Z c52e3a203c20: Download complete
database-full-load (0)	Prepare immutable tools and owned database images	2026-10-03T22:21:36.4959451Z 9b415d76a9c6: Verifying Checksum
database-full-load (0)	Prepare immutable tools and owned database images	2026-10-03T22:21:36.4960525Z 9b415d76a9c6: Download complete
database-full-load (0)	Prepare immutable tools and owned database images	2026-10-03T22:21:36.7739454Z b8cda4b5aaf3: Verifying Checksum
database-full-load (0)	Prepare immutable tools and owned database images	2026-10-03T22:21:36.7740074Z b8cda4b5aaf3: Download complete
database-full-load (0)	Prepare immutable tools and owned database images	2026-10-03T22:21:36.7944647Z d527cffe3ef6: Verifying Checksum
database-full-load (0)	Prepare immutable tools and owned database images	2026-10-03T22:21:36.7948214Z d527cffe3ef6: Download complete
database-full-load (0)	Prepare immutable tools and owned database images	2026-10-03T22:21:37.2609473Z 32c1c18d2ea5: Verifying Checksum
database-full-load (0)	Prepare immutable tools and owned database images	2026-10-03T22:21:37.2610137Z 32c1c18d2ea5: Download complete
database-full-load (0)	Prepare immutable tools and owned database images	2026-10-03T22:21:37.4413941Z 2c22c1bb1ce1: Pull complete
database-full-load (0)	Prepare immutable tools and owned database images	2026-10-03T22:21:38.4709032Z 2796a25b8094: Pull complete
database-full-load (0)	Prepare immutable tools and owned database images	2026-10-03T22:21:38.5133599Z 714e5b673049: Pull complete
database-full-load (0)	Prepare immutable tools and owned database images	2026-10-03T22:21:38.5216378Z bd9ddc54bea9: Pull complete
database-full-load (0)	Prepare immutable tools and owned database images	2026-10-03T22:21:42.5745425Z 2d68f716f01a: Verifying Checksum
database-full-load (0)	Prepare immutable tools and owned database images	2026-10-03T22:21:42.5746053Z 2d68f716f01a: Download complete
database-full-load (0)	Prepare immutable tools and owned database images	2026-10-03T22:21:50.5210831Z 2d68f716f01a: Pull complete
database-full-load (0)	Prepare immutable tools and owned database images	2026-10-03T22:21:50.5296505Z c52e3a203c20: Pull complete
database-full-load (0)	Prepare immutable tools and owned database images	2026-10-03T22:21:50.5442462Z 9b415d76a9c6: Pull complete
database-full-load (0)	Prepare immutable tools and owned database images	2026-10-03T22:21:50.5613189Z d527cffe3ef6: Pull complete
database-full-load (0)	Prepare immutable tools and owned database images	2026-10-03T22:21:50.5702052Z b8cda4b5aaf3: Pull complete
database-full-load (0)	Prepare immutable tools and owned database images	2026-10-03T22:21:50.5803046Z 32c1c18d2ea5: Pull complete
database-full-load (0)	Prepare immutable tools and owned database images	2026-10-03T22:21:50.5836318Z Digest: sha256:e98f9c3b09beb2fbb9eaf667d602df3f0e00bd3644138b8458dc17ba1a675595
database-full-load (0)	Prepare immutable tools and owned database images	2026-10-03T22:21:50.5842162Z Status: Downloaded newer image for docker.elastic.co/elasticsearch/elasticsearch@sha256:e98f9c3b09beb2fbb9eaf667d602df3f0e00bd3644138b8458dc17ba1a675595
database-full-load (0)	Prepare immutable tools and owned database images	2026-10-03T22:21:50.5850142Z docker.elastic.co/elasticsearch/elasticsearch@sha256:e98f9c3b09beb2fbb9eaf667d602df3f0e00bd3644138b8458dc17ba1a675595
database-full-load (0)	Independent single-request native and SDK clients	﻿2026-10-03T22:21:50.6436525Z ##[group]Run mkdir -p results/local
database-full-load (0)	Independent single-request native and SDK clients	2026-10-03T22:21:50.6436940Z [36;1mmkdir -p results/local[0m
database-full-load (0)	Independent single-request native and SDK clients	2026-10-03T22:21:50.6437291Z [36;1mgo build -o .tools/weir-lab ./cmd/weir-lab[0m
database-full-load (0)	Independent single-request native and SDK clients	2026-10-03T22:21:50.6437722Z [36;1mIFS=',' read -r -a batch_limits <<< "$BACKEND_BATCH_LIMITS"[0m
database-full-load (0)	Independent single-request native and SDK clients	2026-10-03T22:21:50.6438140Z [36;1mfor backend_limit in "${batch_limits[@]}"; do[0m
database-full-load (0)	Independent single-request native and SDK clients	2026-10-03T22:21:50.6438946Z [36;1m  export BACKEND_BATCH_LIMIT="$backend_limit"[0m
database-full-load (0)	Independent single-request native and SDK clients	2026-10-03T22:21:50.6439562Z [36;1m  export MEASUREMENT_OUTPUT="results/local/saturation-batch-$backend_limit"[0m
database-full-load (0)	Independent single-request native and SDK clients	2026-10-03T22:21:50.6440244Z [36;1m  export MEASUREMENT_RECEIPT="results/local/measurement-batch-$backend_limit.receipt.json"[0m
database-full-load (0)	Independent single-request native and SDK clients	2026-10-03T22:21:50.6440787Z [36;1m  python3 - <<'PY'[0m
database-full-load (0)	Independent single-request native and SDK clients	2026-10-03T22:21:50.6441100Z [36;1mimport hashlib, json, os, pathlib, subprocess[0m
database-full-load (0)	Independent single-request native and SDK clients	2026-10-03T22:21:50.6441487Z [36;1mbinary = pathlib.Path('.tools/weir-lab')[0m
database-full-load (0)	Independent single-request native and SDK clients	2026-10-03T22:21:50.6443402Z [36;1mcommand = [str(binary), '-mode', 'saturation', '-weir', '.tools/weir', '-backend', 'all', '-database-cpus', os.environ['DATABASE_CPUS'], '-store-concurrency', '32', '-backend-batch-limit', os.environ['BACKEND_BATCH_LIMIT'], '-client-processes', '4', '-concurrency-levels', os.environ['CLIENT_LEVELS'], '-batch-sizes', '1', '-records', '2048', '-payload-bytes', '1024', '-write-percent', os.environ['WRITE_PERCENT'], '-rounds', '3', '-warmup-duration', '10s', '-duration', '20s', '-output', os.environ['MEASUREMENT_OUTPUT']][0m
database-full-load (0)	Independent single-request native and SDK clients	2026-10-03T22:21:50.6447019Z [36;1mreceipt = {'host_memory_bytes': int(next(line for line in pathlib.Path('/proc/meminfo').read_text().splitlines() if line.startswith('MemTotal:')).split()[1]) * 1024, 'source': subprocess.check_output(['git', 'rev-parse', 'HEAD'], text=True).strip(), 'source_dirty': bool(subprocess.check_output(['git', 'status', '--porcelain'])), 'client_binary_sha256': hashlib.sha256(binary.read_bytes()).hexdigest(), 'client_build': subprocess.check_output(['go', 'version', '-m', str(binary)], text=True), 'versions': json.loads(pathlib.Path('versions.json').read_text()), 'command': command}[0m
database-full-load (0)	Independent single-request native and SDK clients	2026-10-03T22:21:50.6449523Z [36;1mif receipt['source_dirty']:[0m
database-full-load (0)	Independent single-request native and SDK clients	2026-10-03T22:21:50.6449933Z [36;1m    raise SystemExit('measurement requires a clean source checkout')[0m
database-full-load (0)	Independent single-request native and SDK clients	2026-10-03T22:21:50.6450545Z [36;1mpathlib.Path(os.environ['MEASUREMENT_RECEIPT']).write_text(json.dumps(receipt, indent=2) + '\n')[0m
database-full-load (0)	Independent single-request native and SDK clients	2026-10-03T22:21:50.6451026Z [36;1mPY[0m
database-full-load (0)	Independent single-request native and SDK clients	2026-10-03T22:21:50.6452611Z [36;1m  .tools/weir-lab -mode saturation -weir .tools/weir -backend all -database-cpus "$DATABASE_CPUS" -store-concurrency 32 -backend-batch-limit "$BACKEND_BATCH_LIMIT" -client-processes 4 -concurrency-levels "$CLIENT_LEVELS" -batch-sizes 1 -records 2048 -payload-bytes 1024 -write-percent "$WRITE_PERCENT" -rounds 3 -warmup-duration 10s -duration 20s -output "$MEASUREMENT_OUTPUT" 2>&1 | tee "results/local/saturation-batch-$backend_limit.log"[0m
database-full-load (0)	Independent single-request native and SDK clients	2026-10-03T22:21:50.6454257Z [36;1mdone[0m
database-full-load (0)	Independent single-request native and SDK clients	2026-10-03T22:21:50.6454470Z [36;1mgit diff --exit-code[0m
database-full-load (0)	Independent single-request native and SDK clients	2026-10-03T22:21:50.6519476Z shell: /usr/bin/bash --noprofile --norc -e -o pipefail {0}
database-full-load (0)	Independent single-request native and SDK clients	2026-10-03T22:21:50.6519865Z env:
database-full-load (0)	Independent single-request native and SDK clients	2026-10-03T22:21:50.6520063Z   GOENV: off
database-full-load (0)	Independent single-request native and SDK clients	2026-10-03T22:21:50.6520257Z   GOWORK: off
database-full-load (0)	Independent single-request native and SDK clients	2026-10-03T22:21:50.6520455Z   GOTOOLCHAIN: local
database-full-load (0)	Independent single-request native and SDK clients	2026-10-03T22:21:50.6520694Z   GOFLAGS: -mod=readonly
database-full-load (0)	Independent single-request native and SDK clients	2026-10-03T22:21:50.6520941Z   PYTHONDONTWRITEBYTECODE: 1
database-full-load (0)	Independent single-request native and SDK clients	2026-10-03T22:21:50.6521184Z   GOPROXY: off
database-full-load (0)	Independent single-request native and SDK clients	2026-10-03T22:21:50.6521378Z   GOSUMDB: off
database-full-load (0)	Independent single-request native and SDK clients	2026-10-03T22:21:50.6521584Z   WRITE_PERCENT: 0
database-full-load (0)	Independent single-request native and SDK clients	2026-10-03T22:21:50.6521789Z   DATABASE_CPUS: 1
database-full-load (0)	Independent single-request native and SDK clients	2026-10-03T22:21:50.6522001Z   CLIENT_LEVELS: 8,32,128
database-full-load (0)	Independent single-request native and SDK clients	2026-10-03T22:21:50.6522237Z   BACKEND_BATCH_LIMITS: 32
database-full-load (0)	Independent single-request native and SDK clients	2026-10-03T22:21:50.6522497Z ##[endgroup]
database-full-load (0)	Independent single-request native and SDK clients	2026-10-03T22:22:32.8511267Z Owned fixture logs: /tmp/weir-tests-1166291861
database-full-load (0)	Independent single-request native and SDK clients	2026-10-03T22:23:34.2182605Z single-request backend=mongo processes=4 workers=8 round=1 direct=6165.8 weir=3878.0 DB-CPU direct=100.0% weir=65.0%
database-full-load (0)	Independent single-request native and SDK clients	2026-10-03T22:24:35.4125251Z single-request backend=mongo processes=4 workers=8 round=2 direct=6162.6 weir=4058.8 DB-CPU direct=99.8% weir=68.1%
database-full-load (0)	Independent single-request native and SDK clients	2026-10-03T22:25:36.6153809Z single-request backend=mongo processes=4 workers=8 round=3 direct=6171.1 weir=4023.7 DB-CPU direct=100.0% weir=67.5%
database-full-load (0)	Independent single-request native and SDK clients	2026-10-03T22:26:37.8166578Z single-request backend=mongo processes=4 workers=32 round=1 direct=6486.8 weir=6234.6 DB-CPU direct=100.1% weir=69.4%
database-full-load (0)	Independent single-request native and SDK clients	2026-10-03T22:27:39.0015613Z single-request backend=mongo processes=4 workers=32 round=2 direct=6498.5 weir=6229.8 DB-CPU direct=100.0% weir=69.7%
database-full-load (0)	Independent single-request native and SDK clients	2026-10-03T22:28:40.2170175Z single-request backend=mongo processes=4 workers=32 round=3 direct=6525.4 weir=6256.0 DB-CPU direct=100.0% weir=70.0%
database-full-load (0)	Independent single-request native and SDK clients	2026-10-03T22:29:41.4546244Z single-request backend=mongo processes=4 workers=128 round=1 direct=6308.3 weir=9915.0 DB-CPU direct=100.1% weir=54.6%
database-full-load (0)	Independent single-request native and SDK clients	2026-10-03T22:30:42.6757095Z single-request backend=mongo processes=4 workers=128 round=2 direct=6363.1 weir=10167.8 DB-CPU direct=100.2% weir=55.8%
database-full-load (0)	Independent single-request native and SDK clients	2026-10-03T22:31:43.9049299Z single-request backend=mongo processes=4 workers=128 round=3 direct=6205.3 weir=9807.7 DB-CPU direct=100.2% weir=55.6%
database-full-load (0)	Independent single-request native and SDK clients	2026-10-03T22:31:43.9274692Z # Database saturation comparison
database-full-load (0)	Independent single-request native and SDK clients	2026-10-03T22:31:43.9275095Z 
database-full-load (0)	Independent single-request native and SDK clients	2026-10-03T22:31:43.9275384Z Backend **mongo**. Started 2026-10-03T22:22:32.878998562Z.
database-full-load (0)	Independent single-request native and SDK clients	2026-10-03T22:31:43.9275810Z 
database-full-load (0)	Independent single-request native and SDK clients	2026-10-03T22:31:43.9279392Z independent OS client processes send one record per native call or unary SDK RPC; native FindOne/ReplaceOne or single-ID mget/PUT; no client aggregation; worker-owned disjoint IDs; common phase barriers and unchanged pools across warmup and measurement; alternating AB/BA; latency is each business request including validation, queueing and any server aggregation; independent persisted postflight; sustained database CPU requires >=5 intervals, >=80% measurement coverage, mean CPU>=threshold and CPU>=threshold during >=80% measurement duration in every round, plus <=10% next-level throughput gain.
database-full-load (0)	Independent single-request native and SDK clients	2026-10-03T22:31:43.9283880Z 
database-full-load (0)	Independent single-request native and SDK clients	2026-10-03T22:31:43.9284411Z Warmup 10s and measurement 20s per path/stage, 3 paired rounds, requested writes 0%.
database-full-load (0)	Independent single-request native and SDK clients	2026-10-03T22:31:43.9284836Z 
database-full-load (0)	Independent single-request native and SDK clients	2026-10-03T22:31:43.9285993Z 4 independent OS client processes. Each worker sends one business request containing one record, waits for its acknowledged result, and validates it. p50/p95/p99 describe individual requests; histograms are pooled rather than averaging process quantiles.
database-full-load (0)	Independent single-request native and SDK clients	2026-10-03T22:31:43.9286928Z 
database-full-load (0)	Independent single-request native and SDK clients	2026-10-03T22:31:43.9287428Z | Batch | Workers | Round | Path | Read | Write | Success | Errors/unknown | Ops/s | p95 call ms | DB CPU budget % | Full CPU time % | Sampling coverage % | Verified |
database-full-load (0)	Independent single-request native and SDK clients	2026-10-03T22:31:43.9288384Z | ---: | ---: | ---: | --- | ---: | ---: | ---: | ---: | ---: | ---: | ---: | ---: | ---: | --- |
database-full-load (0)	Independent single-request native and SDK clients	2026-10-03T22:31:43.9289441Z | 1 | 8 | 1 | direct | 123324 | 0 | 123324 | 0 | 6165.8 | 1.791 | 100.0 | 99.0 | 99.0 | true |
database-full-load (0)	Independent single-request native and SDK clients	2026-10-03T22:31:43.9290091Z | 1 | 8 | 1 | weir | 77570 | 0 | 77570 | 0 | 3878.0 | 3.839 | 65.0 | 0.0 | 99.8 | true |
database-full-load (0)	Independent single-request native and SDK clients	2026-10-03T22:31:43.9290718Z | 1 | 8 | 2 | direct | 123258 | 0 | 123258 | 0 | 6162.6 | 1.791 | 99.8 | 99.0 | 99.0 | true |
database-full-load (0)	Independent single-request native and SDK clients	2026-10-03T22:31:43.9291520Z | 1 | 8 | 2 | weir | 81185 | 0 | 81185 | 0 | 4058.8 | 3.583 | 68.1 | 0.0 | 99.7 | true |
database-full-load (0)	Independent single-request native and SDK clients	2026-10-03T22:31:43.9292363Z | 1 | 8 | 3 | direct | 123429 | 0 | 123429 | 0 | 6171.1 | 1.791 | 100.0 | 98.6 | 98.6 | true |
database-full-load (0)	Independent single-request native and SDK clients	2026-10-03T22:31:43.9293104Z | 1 | 8 | 3 | weir | 80484 | 0 | 80484 | 0 | 4023.7 | 3.583 | 67.5 | 0.0 | 99.7 | true |
database-full-load (0)	Independent single-request native and SDK clients	2026-10-03T22:31:43.9293911Z | 1 | 32 | 1 | direct | 129756 | 0 | 129756 | 0 | 6486.8 | 20.479 | 100.1 | 98.3 | 98.3 | true |
database-full-load (0)	Independent single-request native and SDK clients	2026-10-03T22:31:43.9294549Z | 1 | 32 | 1 | weir | 124717 | 0 | 124717 | 0 | 6234.6 | 10.239 | 69.4 | 0.0 | 99.7 | true |
database-full-load (0)	Independent single-request native and SDK clients	2026-10-03T22:31:43.9295343Z | 1 | 32 | 2 | direct | 129991 | 0 | 129991 | 0 | 6498.5 | 18.431 | 100.0 | 98.4 | 98.4 | true |
database-full-load (0)	Independent single-request native and SDK clients	2026-10-03T22:31:43.9295917Z | 1 | 32 | 2 | weir | 124617 | 0 | 124617 | 0 | 6229.8 | 10.239 | 69.7 | 0.0 | 94.5 | true |
database-full-load (0)	Independent single-request native and SDK clients	2026-10-03T22:31:43.9296690Z | 1 | 32 | 3 | direct | 130531 | 0 | 130531 | 0 | 6525.4 | 18.431 | 100.0 | 98.0 | 98.0 | true |
database-full-load (0)	Independent single-request native and SDK clients	2026-10-03T22:31:43.9297467Z | 1 | 32 | 3 | weir | 125155 | 0 | 125155 | 0 | 6256.0 | 10.239 | 70.0 | 0.0 | 99.6 | true |
database-full-load (0)	Independent single-request native and SDK clients	2026-10-03T22:31:43.9298891Z | 1 | 128 | 1 | direct | 126241 | 0 | 126241 | 0 | 6308.3 | 57.343 | 100.1 | 98.9 | 98.9 | true |
database-full-load (0)	Independent single-request native and SDK clients	2026-10-03T22:31:43.9299931Z | 1 | 128 | 1 | weir | 198428 | 0 | 198428 | 0 | 9915.0 | 26.623 | 54.6 | 0.0 | 99.5 | true |
database-full-load (0)	Independent single-request native and SDK clients	2026-10-03T22:31:43.9300855Z | 1 | 128 | 2 | direct | 127334 | 0 | 127334 | 0 | 6363.1 | 57.343 | 100.2 | 98.8 | 98.8 | true |
database-full-load (0)	Independent single-request native and SDK clients	2026-10-03T22:31:43.9301431Z | 1 | 128 | 2 | weir | 203460 | 0 | 203460 | 0 | 10167.8 | 24.575 | 55.8 | 0.0 | 99.5 | true |
database-full-load (0)	Independent single-request native and SDK clients	2026-10-03T22:31:43.9301934Z | 1 | 128 | 3 | direct | 124203 | 0 | 124203 | 0 | 6205.3 | 57.343 | 100.2 | 99.6 | 99.6 | true |
database-full-load (0)	Independent single-request native and SDK clients	2026-10-03T22:31:43.9302439Z | 1 | 128 | 3 | weir | 196247 | 0 | 196247 | 0 | 9807.7 | 26.623 | 55.6 | 0.0 | 99.4 | true |
database-full-load (0)	Independent single-request native and SDK clients	2026-10-03T22:31:43.9302722Z 
database-full-load (0)	Independent single-request native and SDK clients	2026-10-03T22:31:43.9302991Z Measured Weir adapter and unary RPC evidence (warmup, reset and postflight excluded):
database-full-load (0)	Independent single-request native and SDK clients	2026-10-03T22:31:43.9303336Z 
database-full-load (0)	Independent single-request native and SDK clients	2026-10-03T22:31:43.9303851Z | Batch | Workers | Round | Adapter invocations | Mean adapter batch | Read/Mutate RPCs | Queue mean ms | Adapter mean ms | Rejections | Backend concurrency limit |
database-full-load (0)	Independent single-request native and SDK clients	2026-10-03T22:31:43.9304579Z | ---: | ---: | ---: | ---: | ---: | --- | ---: | ---: | ---: | ---: |
database-full-load (0)	Independent single-request native and SDK clients	2026-10-03T22:31:43.9304961Z | 1 | 8 | 1 | 69319 | 1.119 | 77570/0 | 0.026 | 0.857 | 0 | 32.000 |
database-full-load (0)	Independent single-request native and SDK clients	2026-10-03T22:31:43.9305325Z | 1 | 8 | 2 | 72431 | 1.121 | 81185/0 | 0.026 | 0.828 | 0 | 32.000 |
database-full-load (0)	Independent single-request native and SDK clients	2026-10-03T22:31:43.9305685Z | 1 | 8 | 3 | 72155 | 1.115 | 80484/0 | 0.026 | 0.839 | 0 | 32.000 |
database-full-load (0)	Independent single-request native and SDK clients	2026-10-03T22:31:43.9306039Z | 1 | 32 | 1 | 70492 | 1.769 | 124717/0 | 0.147 | 1.589 | 0 | 32.000 |
database-full-load (0)	Independent single-request native and SDK clients	2026-10-03T22:31:43.9306600Z | 1 | 32 | 2 | 71088 | 1.753 | 124617/0 | 0.139 | 1.586 | 0 | 32.000 |
database-full-load (0)	Independent single-request native and SDK clients	2026-10-03T22:31:43.9306962Z | 1 | 32 | 3 | 71648 | 1.747 | 125155/0 | 0.138 | 1.575 | 0 | 32.000 |
database-full-load (0)	Independent single-request native and SDK clients	2026-10-03T22:31:43.9307335Z | 1 | 128 | 1 | 49706 | 3.992 | 198428/0 | 0.538 | 2.746 | 0 | 32.000 |
database-full-load (0)	Independent single-request native and SDK clients	2026-10-03T22:31:43.9307708Z | 1 | 128 | 2 | 51221 | 3.972 | 203460/0 | 0.531 | 2.716 | 0 | 32.000 |
database-full-load (0)	Independent single-request native and SDK clients	2026-10-03T22:31:43.9308074Z | 1 | 128 | 3 | 51003 | 3.848 | 196247/0 | 0.524 | 2.805 | 0 | 32.000 |
database-full-load (0)	Independent single-request native and SDK clients	2026-10-03T22:31:43.9308298Z 
database-full-load (0)	Independent single-request native and SDK clients	2026-10-03T22:31:43.9309711Z **Batch 1: database-full-load throughput comparison unavailable.** both paths must independently demonstrate sustained database CPU saturation and a verified next-level throughput plateau; increase concurrency or isolate client/Weir resources; I/O/network-bound saturation needs additional device/link capacity evidence.
database-full-load (0)	Independent single-request native and SDK clients	2026-10-03T22:31:43.9310896Z 
database-full-load (0)	Independent single-request native and SDK clients	2026-10-03T22:31:43.9311625Z Best verified business QPS within this ladder: direct 6503.6 (32 workers), Weir 9963.5 (128 workers), observed change +53.20%. This is a measured business-throughput comparison, not a maximum-database-capacity claim.
database-full-load (0)	Independent single-request native and SDK clients	2026-10-03T22:31:43.9312386Z 
database-full-load (0)	Independent single-request native and SDK clients	2026-10-03T22:31:43.9312820Z Observed single-request business performance at matched client concurrency (independent of the database-capacity qualification):
database-full-load (0)	Independent single-request native and SDK clients	2026-10-03T22:31:43.9313344Z 
database-full-load (0)	Independent single-request native and SDK clients	2026-10-03T22:31:43.9313603Z | Workers | Direct QPS | Weir QPS | Change | Direct p50/p95/p99 ms | Weir p50/p95/p99 ms |
database-full-load (0)	Independent single-request native and SDK clients	2026-10-03T22:31:43.9314045Z | ---: | ---: | ---: | ---: | --- | --- |
database-full-load (0)	Independent single-request native and SDK clients	2026-10-03T22:31:43.9314414Z | 8 | 6166.5 | 3986.8 | -35.35% | 0.831 / 1.791 / 30.719 | 1.919 / 3.839 / 5.119 |
database-full-load (0)	Independent single-request native and SDK clients	2026-10-03T22:31:43.9314881Z | 32 | 6503.6 | 6240.1 | -4.05% | 3.071 / 18.431 / 45.055 | 5.119 / 10.239 / 13.311 |
database-full-load (0)	Independent single-request native and SDK clients	2026-10-03T22:31:43.9315342Z | 128 | 6292.2 | 9963.5 | +58.35% | 14.335 / 57.343 / 65.535 | 12.287 / 26.623 / 36.863 |
database-full-load (0)	Independent single-request native and SDK clients	2026-10-03T22:31:43.9315626Z 
database-full-load (0)	Independent single-request native and SDK clients	2026-10-03T22:31:43.9316659Z These QPS and latency observations apply to this hardware and measured concurrency range. A business-throughput improvement can exist without demonstrating the maximum database capacity. An underfull database or missing next-level plateau keeps the database-capacity comparison unavailable.
database-full-load (0)	Independent single-request native and SDK clients	2026-10-03T22:31:43.9317721Z 
database-full-load (0)	Independent single-request native and SDK clients	2026-10-03T22:31:43.9320369Z Aggregation evidence: the JSON records one business request per record, Read/Mutate RPC counts, adapter invocation counts, average adapter batch and its cumulative histogram, and RPCs per adapter invocation. An adapter invocation is not necessarily one physical database wire command. MongoDB physical find/update/bulkWrite/getMore/killCursors deltas come from owned serverStatus at timed boundaries; missing counters remain unavailable. Elasticsearch has no equivalent physical HTTP-command counter. Every child PID, configured native pool limit, final revision ranges, exit result and sampled CPU/RSS is retained; coordinator sampling CPU is excluded from business-client CPU.
database-full-load (0)	Independent single-request native and SDK clients	2026-10-03T22:31:43.9322898Z 
database-full-load (0)	Independent single-request native and SDK clients	2026-10-03T22:31:43.9326281Z The JSON retains before/after raw public Weir metrics and their observed deltas, every resource sample, monitor failures, raw cumulative database/container I/O and network counters, CPU quota/host core denominator, and client/Weir cumulative CPU. Docker CPU uses cumulative Engine usage and read timestamps across each entire sampling interval, never CLI instantaneous percentages. Both interval endpoints must succeed; missing intervals reduce full-run coverage. Samples include monitoring traffic and background database work. Native ps CPU has platform-dependent clock resolution. Native databases share the host CPU budget with the client and Weir. Disk/network utilization or capacity is not inferred from byte counters. A plateau without sustained database CPU saturation is not a database-full-load result. Startup/discovery/reset/postflight and warmup are excluded from throughput; all in-flight completion and validation is included.
database-full-load (0)	Independent single-request native and SDK clients	2026-10-03T22:32:49.2768231Z single-request backend=search processes=4 workers=8 round=1 direct=1897.0 weir=3678.6 DB-CPU direct=100.0% weir=78.4%
database-full-load (0)	Independent single-request native and SDK clients	2026-10-03T22:33:52.0594626Z single-request backend=search processes=4 workers=8 round=2 direct=5634.0 weir=3716.9 DB-CPU direct=99.6% weir=76.7%
database-full-load (0)	Independent single-request native and SDK clients	2026-10-03T22:34:54.1849518Z single-request backend=search processes=4 workers=8 round=3 direct=5574.2 weir=3655.6 DB-CPU direct=99.7% weir=76.2%
database-full-load (0)	Independent single-request native and SDK clients	2026-10-03T22:35:56.2620407Z single-request backend=search processes=4 workers=32 round=1 direct=6643.5 weir=5467.2 DB-CPU direct=99.9% weir=77.3%
database-full-load (0)	Independent single-request native and SDK clients	2026-10-03T22:36:58.1509704Z single-request backend=search processes=4 workers=32 round=2 direct=6759.9 weir=5434.0 DB-CPU direct=99.8% weir=75.2%
database-full-load (0)	Independent single-request native and SDK clients	2026-10-03T22:37:59.9639543Z single-request backend=search processes=4 workers=32 round=3 direct=6883.7 weir=5474.0 DB-CPU direct=99.9% weir=75.1%
database-full-load (0)	Independent single-request native and SDK clients	2026-10-03T22:39:01.9049440Z single-request backend=search processes=4 workers=128 round=1 direct=7245.3 weir=8538.7 DB-CPU direct=100.0% weir=63.2%
database-full-load (0)	Independent single-request native and SDK clients	2026-10-03T22:40:03.5819388Z single-request backend=search processes=4 workers=128 round=2 direct=7202.5 weir=8500.4 DB-CPU direct=100.0% weir=62.3%
database-full-load (0)	Independent single-request native and SDK clients	2026-10-03T22:41:05.1755866Z single-request backend=search processes=4 workers=128 round=3 direct=7070.5 weir=8404.9 DB-CPU direct=0.0% weir=61.6%
database-full-load (0)	Independent single-request native and SDK clients	2026-10-03T22:41:05.2016641Z # Database saturation comparison
database-full-load (0)	Independent single-request native and SDK clients	2026-10-03T22:41:05.2017295Z 
database-full-load (0)	Independent single-request native and SDK clients	2026-10-03T22:41:05.2017575Z Backend **search**. Started 2026-10-03T22:31:44.237926864Z.
database-full-load (0)	Independent single-request native and SDK clients	2026-10-03T22:41:05.2018168Z 
database-full-load (0)	Independent single-request native and SDK clients	2026-10-03T22:41:05.2021789Z independent OS client processes send one record per native call or unary SDK RPC; native FindOne/ReplaceOne or single-ID mget/PUT; no client aggregation; worker-owned disjoint IDs; common phase barriers and unchanged pools across warmup and measurement; alternating AB/BA; latency is each business request including validation, queueing and any server aggregation; independent persisted postflight; sustained database CPU requires >=5 intervals, >=80% measurement coverage, mean CPU>=threshold and CPU>=threshold during >=80% measurement duration in every round, plus <=10% next-level throughput gain.
database-full-load (0)	Independent single-request native and SDK clients	2026-10-03T22:41:05.2025036Z 
database-full-load (0)	Independent single-request native and SDK clients	2026-10-03T22:41:05.2025475Z Warmup 10s and measurement 20s per path/stage, 3 paired rounds, requested writes 0%.
database-full-load (0)	Independent single-request native and SDK clients	2026-10-03T22:41:05.2026007Z 
database-full-load (0)	Independent single-request native and SDK clients	2026-10-03T22:41:05.2027486Z 4 independent OS client processes. Each worker sends one business request containing one record, waits for its acknowledged result, and validates it. p50/p95/p99 describe individual requests; histograms are pooled rather than averaging process quantiles.
database-full-load (0)	Independent single-request native and SDK clients	2026-10-03T22:41:05.2029732Z 
database-full-load (0)	Independent single-request native and SDK clients	2026-10-03T22:41:05.2030607Z | Batch | Workers | Round | Path | Read | Write | Success | Errors/unknown | Ops/s | p95 call ms | DB CPU budget % | Full CPU time % | Sampling coverage % | Verified |
database-full-load (0)	Independent single-request native and SDK clients	2026-10-03T22:41:05.2031946Z | ---: | ---: | ---: | --- | ---: | ---: | ---: | ---: | ---: | ---: | ---: | ---: | ---: | --- |
database-full-load (0)	Independent single-request native and SDK clients	2026-10-03T22:41:05.2032771Z | 1 | 8 | 1 | direct | 37943 | 0 | 37943 | 0 | 1897.0 | 4.607 | 100.0 | 98.9 | 98.9 | true |
database-full-load (0)	Independent single-request native and SDK clients	2026-10-03T22:41:05.2033564Z | 1 | 8 | 1 | weir | 73578 | 0 | 73578 | 0 | 3678.6 | 3.839 | 78.4 | 0.0 | 99.3 | true |
database-full-load (0)	Independent single-request native and SDK clients	2026-10-03T22:41:05.2034373Z | 1 | 8 | 2 | direct | 112687 | 0 | 112687 | 0 | 5634.0 | 1.791 | 99.6 | 97.0 | 97.0 | true |
database-full-load (0)	Independent single-request native and SDK clients	2026-10-03T22:41:05.2035200Z | 1 | 8 | 2 | weir | 74344 | 0 | 74344 | 0 | 3716.9 | 3.839 | 76.7 | 0.0 | 99.5 | true |
database-full-load (0)	Independent single-request native and SDK clients	2026-10-03T22:41:05.2035991Z | 1 | 8 | 3 | direct | 111489 | 0 | 111489 | 0 | 5574.2 | 1.919 | 99.7 | 97.7 | 97.7 | true |
database-full-load (0)	Independent single-request native and SDK clients	2026-10-03T22:41:05.2036774Z | 1 | 8 | 3 | weir | 73119 | 0 | 73119 | 0 | 3655.6 | 3.839 | 76.2 | 0.0 | 99.7 | true |
database-full-load (0)	Independent single-request native and SDK clients	2026-10-03T22:41:05.2037642Z | 1 | 32 | 1 | direct | 132886 | 0 | 132886 | 0 | 6643.5 | 12.287 | 99.9 | 98.0 | 98.0 | true |
database-full-load (0)	Independent single-request native and SDK clients	2026-10-03T22:41:05.2038276Z | 1 | 32 | 1 | weir | 109373 | 0 | 109373 | 0 | 5467.2 | 11.263 | 77.3 | 0.0 | 94.7 | true |
database-full-load (0)	Independent single-request native and SDK clients	2026-10-03T22:41:05.2038954Z | 1 | 32 | 2 | direct | 135220 | 0 | 135220 | 0 | 6759.9 | 11.263 | 99.8 | 98.5 | 98.5 | true |
database-full-load (0)	Independent single-request native and SDK clients	2026-10-03T22:41:05.2039445Z | 1 | 32 | 2 | weir | 108706 | 0 | 108706 | 0 | 5434.0 | 11.263 | 75.2 | 0.0 | 94.9 | true |
database-full-load (0)	Independent single-request native and SDK clients	2026-10-03T22:41:05.2040244Z | 1 | 32 | 3 | direct | 137691 | 0 | 137691 | 0 | 6883.7 | 11.263 | 99.9 | 99.0 | 99.0 | true |
database-full-load (0)	Independent single-request native and SDK clients	2026-10-03T22:41:05.2040727Z | 1 | 32 | 3 | weir | 109501 | 0 | 109501 | 0 | 5474.0 | 11.263 | 75.1 | 0.0 | 95.0 | true |
database-full-load (0)	Independent single-request native and SDK clients	2026-10-03T22:41:05.2041217Z | 1 | 128 | 1 | direct | 144966 | 0 | 144966 | 0 | 7245.3 | 45.055 | 100.0 | 99.0 | 99.0 | true |
database-full-load (0)	Independent single-request native and SDK clients	2026-10-03T22:41:05.2041954Z | 1 | 128 | 1 | weir | 170826 | 0 | 170826 | 0 | 8538.7 | 28.671 | 63.2 | 0.0 | 94.9 | true |
database-full-load (0)	Independent single-request native and SDK clients	2026-10-03T22:41:05.2042756Z | 1 | 128 | 2 | direct | 144101 | 0 | 144101 | 0 | 7202.5 | 45.055 | 100.0 | 99.0 | 99.0 | true |
database-full-load (0)	Independent single-request native and SDK clients	2026-10-03T22:41:05.2043637Z | 1 | 128 | 2 | weir | 170078 | 0 | 170078 | 0 | 8500.4 | 28.671 | 62.3 | 0.0 | 94.5 | true |
database-full-load (0)	Independent single-request native and SDK clients	2026-10-03T22:41:05.2044812Z | 1 | 128 | 3 | direct | 141478 | 0 | 141478 | 0 | 7070.5 | 49.151 | 0.0 | 0.0 | 0.0 | true |
database-full-load (0)	Independent single-request native and SDK clients	2026-10-03T22:41:05.2045982Z | 1 | 128 | 3 | weir | 168161 | 0 | 168161 | 0 | 8404.9 | 28.671 | 61.6 | 0.0 | 38.9 | true |
database-full-load (0)	Independent single-request native and SDK clients	2026-10-03T22:41:05.2046533Z 
database-full-load (0)	Independent single-request native and SDK clients	2026-10-03T22:41:05.2047003Z Measured Weir adapter and unary RPC evidence (warmup, reset and postflight excluded):
database-full-load (0)	Independent single-request native and SDK clients	2026-10-03T22:41:05.2047600Z 
database-full-load (0)	Independent single-request native and SDK clients	2026-10-03T22:41:05.2048705Z | Batch | Workers | Round | Adapter invocations | Mean adapter batch | Read/Mutate RPCs | Queue mean ms | Adapter mean ms | Rejections | Backend concurrency limit |
database-full-load (0)	Independent single-request native and SDK clients	2026-10-03T22:41:05.2049852Z | ---: | ---: | ---: | ---: | ---: | --- | ---: | ---: | ---: | ---: |
database-full-load (0)	Independent single-request native and SDK clients	2026-10-03T22:41:05.2050255Z | 1 | 8 | 1 | 67117 | 1.096 | 73578/0 | 0.022 | 1.102 | 0 | 32.000 |
database-full-load (0)	Independent single-request native and SDK clients	2026-10-03T22:41:05.2050619Z | 1 | 8 | 2 | 67865 | 1.095 | 74344/0 | 0.022 | 1.080 | 0 | 32.000 |
database-full-load (0)	Independent single-request native and SDK clients	2026-10-03T22:41:05.2050977Z | 1 | 8 | 3 | 66591 | 1.098 | 73119/0 | 0.023 | 1.095 | 0 | 32.000 |
database-full-load (0)	Independent single-request native and SDK clients	2026-10-03T22:41:05.2051361Z | 1 | 32 | 1 | 69513 | 1.573 | 109373/0 | 0.124 | 2.380 | 0 | 32.000 |
database-full-load (0)	Independent single-request native and SDK clients	2026-10-03T22:41:05.2051731Z | 1 | 32 | 2 | 69226 | 1.570 | 108706/0 | 0.120 | 2.408 | 0 | 32.000 |
database-full-load (0)	Independent single-request native and SDK clients	2026-10-03T22:41:05.2052093Z | 1 | 32 | 3 | 69976 | 1.565 | 109501/0 | 0.122 | 2.375 | 0 | 32.000 |
database-full-load (0)	Independent single-request native and SDK clients	2026-10-03T22:41:05.2052466Z | 1 | 128 | 1 | 51082 | 3.344 | 170826/0 | 0.543 | 4.452 | 0 | 32.000 |
database-full-load (0)	Independent single-request native and SDK clients	2026-10-03T22:41:05.2052842Z | 1 | 128 | 2 | 50588 | 3.362 | 170078/0 | 0.535 | 4.382 | 0 | 32.000 |
database-full-load (0)	Independent single-request native and SDK clients	2026-10-03T22:41:05.2053204Z | 1 | 128 | 3 | 50182 | 3.351 | 168161/0 | 0.549 | 4.380 | 0 | 32.000 |
database-full-load (0)	Independent single-request native and SDK clients	2026-10-03T22:41:05.2053868Z 
database-full-load (0)	Independent single-request native and SDK clients	2026-10-03T22:41:05.2055920Z **Batch 1: database-full-load throughput comparison unavailable.** both paths must independently demonstrate sustained database CPU saturation and a verified next-level throughput plateau; increase concurrency or isolate client/Weir resources; I/O/network-bound saturation needs additional device/link capacity evidence.
database-full-load (0)	Independent single-request native and SDK clients	2026-10-03T22:41:05.2057826Z 
database-full-load (0)	Independent single-request native and SDK clients	2026-10-03T22:41:05.2058876Z Best verified business QPS within this ladder: direct 7172.8 (128 workers), Weir 8481.3 (128 workers), observed change +18.24%. This is a measured business-throughput comparison, not a maximum-database-capacity claim.
database-full-load (0)	Independent single-request native and SDK clients	2026-10-03T22:41:05.2060008Z 
database-full-load (0)	Independent single-request native and SDK clients	2026-10-03T22:41:05.2060814Z Observed single-request business performance at matched client concurrency (independent of the database-capacity qualification):
database-full-load (0)	Independent single-request native and SDK clients	2026-10-03T22:41:05.2061743Z 
database-full-load (0)	Independent single-request native and SDK clients	2026-10-03T22:41:05.2062206Z | Workers | Direct QPS | Weir QPS | Change | Direct p50/p95/p99 ms | Weir p50/p95/p99 ms |
database-full-load (0)	Independent single-request native and SDK clients	2026-10-03T22:41:05.2063005Z | ---: | ---: | ---: | ---: | --- | --- |
database-full-load (0)	Independent single-request native and SDK clients	2026-10-03T22:41:05.2063696Z | 8 | 4368.4 | 3683.7 | -15.67% | 1.151 / 2.559 / 26.623 | 2.047 / 3.839 / 5.631 |
database-full-load (0)	Independent single-request native and SDK clients	2026-10-03T22:41:05.2064487Z | 32 | 6762.4 | 5458.4 | -19.28% | 3.327 / 11.263 / 36.863 | 5.631 / 11.263 / 14.335 |
database-full-load (0)	Independent single-request native and SDK clients	2026-10-03T22:41:05.2065326Z | 128 | 7172.8 | 8481.3 | +18.24% | 14.335 / 45.055 / 53.247 | 14.335 / 28.671 / 36.863 |
database-full-load (0)	Independent single-request native and SDK clients	2026-10-03T22:41:05.2065849Z 
database-full-load (0)	Independent single-request native and SDK clients	2026-10-03T22:41:05.2067715Z These QPS and latency observations apply to this hardware and measured concurrency range. A business-throughput improvement can exist without demonstrating the maximum database capacity. An underfull database or missing next-level plateau keeps the database-capacity comparison unavailable.
database-full-load (0)	Independent single-request native and SDK clients	2026-10-03T22:41:05.2069187Z 
database-full-load (0)	Independent single-request native and SDK clients	2026-10-03T22:41:05.2071873Z Aggregation evidence: the JSON records one business request per record, Read/Mutate RPC counts, adapter invocation counts, average adapter batch and its cumulative histogram, and RPCs per adapter invocation. An adapter invocation is not necessarily one physical database wire command. MongoDB physical find/update/bulkWrite/getMore/killCursors deltas come from owned serverStatus at timed boundaries; missing counters remain unavailable. Elasticsearch has no equivalent physical HTTP-command counter. Every child PID, configured native pool limit, final revision ranges, exit result and sampled CPU/RSS is retained; coordinator sampling CPU is excluded from business-client CPU.
database-full-load (0)	Independent single-request native and SDK clients	2026-10-03T22:41:05.2074277Z 
database-full-load (0)	Independent single-request native and SDK clients	2026-10-03T22:41:05.2077661Z The JSON retains before/after raw public Weir metrics and their observed deltas, every resource sample, monitor failures, raw cumulative database/container I/O and network counters, CPU quota/host core denominator, and client/Weir cumulative CPU. Docker CPU uses cumulative Engine usage and read timestamps across each entire sampling interval, never CLI instantaneous percentages. Both interval endpoints must succeed; missing intervals reduce full-run coverage. Samples include monitoring traffic and background database work. Native ps CPU has platform-dependent clock resolution. Native databases share the host CPU budget with the client and Weir. Disk/network utilization or capacity is not inferred from byte counters. A plateau without sustained database CPU saturation is not a database-full-load result. Startup/discovery/reset/postflight and warmup are excluded from throughput; all in-flight completion and validation is included.
database-full-load (0)	Preserve raw resource samples, workload validation and cleanup	﻿2026-10-03T22:41:07.8600438Z ##[group]Run actions/upload-artifact@ea165f8d65b6e75b540449e92b4886f43607fa02
database-full-load (0)	Preserve raw resource samples, workload validation and cleanup	2026-10-03T22:41:07.8600904Z with:
database-full-load (0)	Preserve raw resource samples, workload validation and cleanup	2026-10-03T22:41:07.8601270Z   name: saturation-evidence-writes-0-7048776d09566a25a9f6cfe102eee07089f203c4
database-full-load (0)	Preserve raw resource samples, workload validation and cleanup	2026-10-03T22:41:07.8602303Z   path: results/local/
database-full-load (0)	Preserve raw resource samples, workload validation and cleanup	/tmp/weir-tests-*/manifest.json
database-full-load (0)	Preserve raw resource samples, workload validation and cleanup	/tmp/weir-tests-*/cleanup.json
database-full-load (0)	Preserve raw resource samples, workload validation and cleanup	/tmp/weir-tests-*/*config.json
database-full-load (0)	Preserve raw resource samples, workload validation and cleanup	/tmp/weir-tests-*/*routes.json
database-full-load (0)	Preserve raw resource samples, workload validation and cleanup	/tmp/weir-tests-*/*process.log
database-full-load (0)	Preserve raw resource samples, workload validation and cleanup	/tmp/weir-tests-*/docker-engine.json
database-full-load (0)	Preserve raw resource samples, workload validation and cleanup	
database-full-load (0)	Preserve raw resource samples, workload validation and cleanup	2026-10-03T22:41:07.8603164Z   retention-days: 14
database-full-load (0)	Preserve raw resource samples, workload validation and cleanup	2026-10-03T22:41:07.8603399Z   if-no-files-found: warn
database-full-load (0)	Preserve raw resource samples, workload validation and cleanup	2026-10-03T22:41:07.8603636Z   compression-level: 6
database-full-load (0)	Preserve raw resource samples, workload validation and cleanup	2026-10-03T22:41:07.8603853Z   overwrite: false
database-full-load (0)	Preserve raw resource samples, workload validation and cleanup	2026-10-03T22:41:07.8604070Z   include-hidden-files: false
database-full-load (0)	Preserve raw resource samples, workload validation and cleanup	2026-10-03T22:41:07.8604314Z env:
database-full-load (0)	Preserve raw resource samples, workload validation and cleanup	2026-10-03T22:41:07.8604501Z   GOENV: off
database-full-load (0)	Preserve raw resource samples, workload validation and cleanup	2026-10-03T22:41:07.8604688Z   GOWORK: off
database-full-load (0)	Preserve raw resource samples, workload validation and cleanup	2026-10-03T22:41:07.8604879Z   GOTOOLCHAIN: local
database-full-load (0)	Preserve raw resource samples, workload validation and cleanup	2026-10-03T22:41:07.8605099Z   GOFLAGS: -mod=readonly
database-full-load (0)	Preserve raw resource samples, workload validation and cleanup	2026-10-03T22:41:07.8605346Z   PYTHONDONTWRITEBYTECODE: 1
database-full-load (0)	Preserve raw resource samples, workload validation and cleanup	2026-10-03T22:41:07.8605613Z ##[endgroup]
database-full-load (0)	Preserve raw resource samples, workload validation and cleanup	2026-10-03T22:41:08.0369432Z (node:12160) [DEP0040] DeprecationWarning: The `punycode` module is deprecated. Please use a userland alternative instead.
database-full-load (0)	Preserve raw resource samples, workload validation and cleanup	2026-10-03T22:41:08.0370800Z (Use `node --trace-deprecation ...` to show where the warning was created)
database-full-load (0)	Preserve raw resource samples, workload validation and cleanup	2026-10-03T22:41:08.0513813Z Multiple search paths detected. Calculating the least common ancestor of all paths
database-full-load (0)	Preserve raw resource samples, workload validation and cleanup	2026-10-03T22:41:08.0516857Z The least common ancestor is /. This will be the root directory of the artifact
database-full-load (0)	Preserve raw resource samples, workload validation and cleanup	2026-10-03T22:41:08.0517655Z With the provided path, there will be 12 files uploaded
database-full-load (0)	Preserve raw resource samples, workload validation and cleanup	2026-10-03T22:41:08.0524589Z Artifact name is valid!
database-full-load (0)	Preserve raw resource samples, workload validation and cleanup	2026-10-03T22:41:08.0525358Z Root directory input is valid!
database-full-load (0)	Preserve raw resource samples, workload validation and cleanup	2026-10-03T22:41:08.4536095Z Beginning upload of artifact content to blob storage
database-full-load (0)	Preserve raw resource samples, workload validation and cleanup	2026-10-03T22:41:08.5755175Z (node:12160) [DEP0169] DeprecationWarning: `url.parse()` behavior is not standardized and prone to errors that have security implications. Use the WHATWG URL API instead. CVEs are not issued for `url.parse()` vulnerabilities.
database-full-load (0)	Preserve raw resource samples, workload validation and cleanup	2026-10-03T22:41:09.1308162Z Uploaded bytes 558809
database-full-load (0)	Preserve raw resource samples, workload validation and cleanup	2026-10-03T22:41:09.2037180Z Finished uploading artifact content to blob storage!
database-full-load (0)	Preserve raw resource samples, workload validation and cleanup	2026-10-03T22:41:09.2038875Z SHA256 digest of uploaded artifact zip is 999e8322d1cb0c431c91414cd6730daa95248843523b6231de715a1917a0b8a7
database-full-load (0)	Preserve raw resource samples, workload validation and cleanup	2026-10-03T22:41:09.2040511Z Finalizing artifact upload
database-full-load (0)	Preserve raw resource samples, workload validation and cleanup	2026-10-03T22:41:09.4759455Z Artifact saturation-evidence-writes-0-7048776d09566a25a9f6cfe102eee07089f203c4.zip successfully finalized. Artifact ID 11286901293
database-full-load (0)	Preserve raw resource samples, workload validation and cleanup	2026-10-03T22:41:09.4762466Z Artifact saturation-evidence-writes-0-7048776d09566a25a9f6cfe102eee07089f203c4 has been successfully uploaded! Final size is 558809 bytes. Artifact ID is 11286901293
database-full-load (0)	Preserve raw resource samples, workload validation and cleanup	2026-10-03T22:41:09.4768747Z Artifact download URL: https://github.com/batchstream/weir-tests/actions/runs/37158104930/artifacts/11286901293
database-full-load (0)	Post Run actions/setup-go@924ae3a1cded613372ab5595356fb5720e22ba16	﻿2026-10-03T22:41:09.4962875Z Post job cleanup.
database-full-load (0)	Post Run actions/setup-go@924ae3a1cded613372ab5595356fb5720e22ba16	2026-10-03T22:41:09.6217730Z [command]/opt/hostedtoolcache/go/1.27.1/x64/bin/go env GOMODCACHE
database-full-load (0)	Post Run actions/setup-go@924ae3a1cded613372ab5595356fb5720e22ba16	2026-10-03T22:41:09.6270959Z [command]/opt/hostedtoolcache/go/1.27.1/x64/bin/go env GOCACHE
database-full-load (0)	Post Run actions/setup-go@924ae3a1cded613372ab5595356fb5720e22ba16	2026-10-03T22:41:09.6300518Z /home/runner/go/pkg/mod
database-full-load (0)	Post Run actions/setup-go@924ae3a1cded613372ab5595356fb5720e22ba16	2026-10-03T22:41:09.6321802Z /home/runner/.cache/go-build
database-full-load (0)	Post Run actions/setup-go@924ae3a1cded613372ab5595356fb5720e22ba16	2026-10-03T22:41:09.6330225Z Cache hit occurred on the primary key setup-go-Linux-x64-ubuntu24-go-1.27.1-f3893fbf0ff2b6e2efba8903234513786674983d753d1815a9a1fcf84a06448a, not saving cache.
database-full-load (0)	Post Run actions/checkout@3d3c42e5aac5ba805825da76410c181273ba90b1	﻿2026-10-03T22:41:09.6511518Z Post job cleanup.
database-full-load (0)	Post Run actions/checkout@3d3c42e5aac5ba805825da76410c181273ba90b1	2026-10-03T22:41:09.7514503Z [command]/usr/bin/git version
database-full-load (0)	Post Run actions/checkout@3d3c42e5aac5ba805825da76410c181273ba90b1	2026-10-03T22:41:09.7562522Z git version 2.55.0
database-full-load (0)	Post Run actions/checkout@3d3c42e5aac5ba805825da76410c181273ba90b1	2026-10-03T22:41:09.7612183Z Temporarily overriding HOME='/home/runner/work/_temp/b869e029-59cd-4621-a049-e2061d3397bd' before making global git config changes
database-full-load (0)	Post Run actions/checkout@3d3c42e5aac5ba805825da76410c181273ba90b1	2026-10-03T22:41:09.7615875Z Adding repository directory to the temporary git global config as a safe directory
database-full-load (0)	Post Run actions/checkout@3d3c42e5aac5ba805825da76410c181273ba90b1	2026-10-03T22:41:09.7617428Z [command]/usr/bin/git config --global --add safe.directory /home/runner/work/weir-tests/weir-tests
database-full-load (0)	Post Run actions/checkout@3d3c42e5aac5ba805825da76410c181273ba90b1	2026-10-03T22:41:09.7653147Z Removing SSH command configuration
database-full-load (0)	Post Run actions/checkout@3d3c42e5aac5ba805825da76410c181273ba90b1	2026-10-03T22:41:09.7661447Z [command]/usr/bin/git config --local --name-only --get-regexp core\.sshCommand
database-full-load (0)	Post Run actions/checkout@3d3c42e5aac5ba805825da76410c181273ba90b1	2026-10-03T22:41:09.7704780Z [command]/usr/bin/git submodule foreach --recursive sh -c "git config --local --name-only --get-regexp 'core\.sshCommand' && git config --local --unset-all 'core.sshCommand' || :"
database-full-load (0)	Post Run actions/checkout@3d3c42e5aac5ba805825da76410c181273ba90b1	2026-10-03T22:41:09.7959874Z Removing HTTP extra header
database-full-load (0)	Post Run actions/checkout@3d3c42e5aac5ba805825da76410c181273ba90b1	2026-10-03T22:41:09.7966817Z [command]/usr/bin/git config --local --name-only --get-regexp http\.https\:\/\/github\.com\/\.extraheader
database-full-load (0)	Post Run actions/checkout@3d3c42e5aac5ba805825da76410c181273ba90b1	2026-10-03T22:41:09.8007416Z [command]/usr/bin/git submodule foreach --recursive sh -c "git config --local --name-only --get-regexp 'http\.https\:\/\/github\.com\/\.extraheader' && git config --local --unset-all 'http.https://github.com/.extraheader' || :"
database-full-load (0)	Post Run actions/checkout@3d3c42e5aac5ba805825da76410c181273ba90b1	2026-10-03T22:41:09.8285819Z Removing includeIf entries pointing to credentials config files
database-full-load (0)	Post Run actions/checkout@3d3c42e5aac5ba805825da76410c181273ba90b1	2026-10-03T22:41:09.8294134Z [command]/usr/bin/git config --local --name-only --get-regexp ^includeIf\.gitdir:
database-full-load (0)	Post Run actions/checkout@3d3c42e5aac5ba805825da76410c181273ba90b1	2026-10-03T22:41:09.8340003Z [command]/usr/bin/git submodule foreach --recursive git config --local --show-origin --name-only --get-regexp remote.origin.url
database-full-load (0)	Complete job	﻿2026-10-03T22:41:09.8779808Z Cleaning up orphan processes
database-full-load (0)	Complete job	2026-10-03T22:41:09.9174128Z ##[warning]Node.js 20 is deprecated. The following actions target Node.js 20 but are being forced to run on Node.js 24: actions/upload-artifact@ea165f8d65b6e75b540449e92b4886f43607fa02. For more information see: https://github.blog/changelog/2025-09-19-deprecation-of-node-20-on-github-actions-runners/
database-full-load (10)	Set up job	﻿2026-10-03T22:20:35.0375207Z Current runner version: '2.337.0'
database-full-load (10)	Set up job	2026-10-03T22:20:35.0391360Z ##[group]Runner Image Provisioner
database-full-load (10)	Set up job	2026-10-03T22:20:35.0392161Z Hosted Compute Agent
database-full-load (10)	Set up job	2026-10-03T22:20:35.0392584Z Version: 20260901.588
database-full-load (10)	Set up job	2026-10-03T22:20:35.0392941Z Commit: f88ec8081b781fac6c440065ac7ff9e710ce3d0b
database-full-load (10)	Set up job	2026-10-03T22:20:35.0393339Z Build Date: 2026-09-01T19:56:44Z
database-full-load (10)	Set up job	2026-10-03T22:20:35.0393808Z Worker ID: {d7cfe574-eff7-4aa6-8748-d06ea0bc342d}
database-full-load (10)	Set up job	2026-10-03T22:20:35.0394233Z Azure Region: westus3
database-full-load (10)	Set up job	2026-10-03T22:20:35.0394592Z ##[endgroup]
database-full-load (10)	Set up job	2026-10-03T22:20:35.0395331Z ##[group]Operating System
database-full-load (10)	Set up job	2026-10-03T22:20:35.0395672Z Ubuntu
database-full-load (10)	Set up job	2026-10-03T22:20:35.0396055Z 24.04.5
database-full-load (10)	Set up job	2026-10-03T22:20:35.0396349Z LTS
database-full-load (10)	Set up job	2026-10-03T22:20:35.0396668Z ##[endgroup]
database-full-load (10)	Set up job	2026-10-03T22:20:35.0396995Z ##[group]Runner Image
database-full-load (10)	Set up job	2026-10-03T22:20:35.0397338Z Image: ubuntu-24.04
database-full-load (10)	Set up job	2026-10-03T22:20:35.0397753Z Version: 20260927.320.1
database-full-load (10)	Set up job	2026-10-03T22:20:35.0398358Z Included Software: https://github.com/actions/runner-images/blob/ubuntu24/20260927.320/images/ubuntu/Ubuntu2404-Readme.md
database-full-load (10)	Set up job	2026-10-03T22:20:35.0399319Z Image Release: https://github.com/actions/runner-images/releases/tag/ubuntu24%2F20260927.320
database-full-load (10)	Set up job	2026-10-03T22:20:35.0399847Z ##[endgroup]
database-full-load (10)	Set up job	2026-10-03T22:20:35.0400539Z ##[group]GITHUB_TOKEN Permissions
database-full-load (10)	Set up job	2026-10-03T22:20:35.0401632Z Contents: read
database-full-load (10)	Set up job	2026-10-03T22:20:35.0402199Z Metadata: read
database-full-load (10)	Set up job	2026-10-03T22:20:35.0402520Z ##[endgroup]
database-full-load (10)	Set up job	2026-10-03T22:20:35.0403756Z Secret source: Actions
database-full-load (10)	Set up job	2026-10-03T22:20:35.0404308Z Cache mode: write
database-full-load (10)	Set up job	2026-10-03T22:20:35.0404754Z Prepare workflow directory
database-full-load (10)	Set up job	2026-10-03T22:20:35.0787780Z Prepare all required actions
database-full-load (10)	Set up job	2026-10-03T22:20:35.0834111Z Getting action download info
database-full-load (10)	Set up job	2026-10-03T22:20:35.3845143Z Download action repository 'actions/checkout@3d3c42e5aac5ba805825da76410c181273ba90b1' (SHA:3d3c42e5aac5ba805825da76410c181273ba90b1)
database-full-load (10)	Set up job	2026-10-03T22:20:35.6115837Z Download action repository 'actions/setup-go@924ae3a1cded613372ab5595356fb5720e22ba16' (SHA:924ae3a1cded613372ab5595356fb5720e22ba16)
database-full-load (10)	Set up job	2026-10-03T22:20:36.4750261Z Download action repository 'actions/upload-artifact@ea165f8d65b6e75b540449e92b4886f43607fa02' (SHA:ea165f8d65b6e75b540449e92b4886f43607fa02)
database-full-load (10)	Set up job	2026-10-03T22:20:36.9905361Z Complete job name: database-full-load (10)
database-full-load (10)	Run actions/checkout@3d3c42e5aac5ba805825da76410c181273ba90b1	﻿2026-10-03T22:20:37.0422432Z ##[group]Run actions/checkout@3d3c42e5aac5ba805825da76410c181273ba90b1
database-full-load (10)	Run actions/checkout@3d3c42e5aac5ba805825da76410c181273ba90b1	2026-10-03T22:20:37.0423248Z with:
database-full-load (10)	Run actions/checkout@3d3c42e5aac5ba805825da76410c181273ba90b1	2026-10-03T22:20:37.0423691Z   ref: ecf3172b3d27bdc564af87388592cc68b553ac08
database-full-load (10)	Run actions/checkout@3d3c42e5aac5ba805825da76410c181273ba90b1	2026-10-03T22:20:37.0424190Z   persist-credentials: false
database-full-load (10)	Run actions/checkout@3d3c42e5aac5ba805825da76410c181273ba90b1	2026-10-03T22:20:37.0424664Z   repository: batchstream/weir-tests
database-full-load (10)	Run actions/checkout@3d3c42e5aac5ba805825da76410c181273ba90b1	2026-10-03T22:20:37.0426730Z   token: ***
database-full-load (10)	Run actions/checkout@3d3c42e5aac5ba805825da76410c181273ba90b1	2026-10-03T22:20:37.0427150Z   ssh-strict: true
database-full-load (10)	Run actions/checkout@3d3c42e5aac5ba805825da76410c181273ba90b1	2026-10-03T22:20:37.0427576Z   ssh-user: git
database-full-load (10)	Run actions/checkout@3d3c42e5aac5ba805825da76410c181273ba90b1	2026-10-03T22:20:37.0427997Z   clean: true
database-full-load (10)	Run actions/checkout@3d3c42e5aac5ba805825da76410c181273ba90b1	2026-10-03T22:20:37.0428427Z   sparse-checkout-cone-mode: true
database-full-load (10)	Run actions/checkout@3d3c42e5aac5ba805825da76410c181273ba90b1	2026-10-03T22:20:37.0428882Z   fetch-depth: 1
database-full-load (10)	Run actions/checkout@3d3c42e5aac5ba805825da76410c181273ba90b1	2026-10-03T22:20:37.0429287Z   fetch-tags: false
database-full-load (10)	Run actions/checkout@3d3c42e5aac5ba805825da76410c181273ba90b1	2026-10-03T22:20:37.0429709Z   show-progress: true
database-full-load (10)	Run actions/checkout@3d3c42e5aac5ba805825da76410c181273ba90b1	2026-10-03T22:20:37.0430145Z   lfs: false
database-full-load (10)	Run actions/checkout@3d3c42e5aac5ba805825da76410c181273ba90b1	2026-10-03T22:20:37.0430551Z   submodules: false
database-full-load (10)	Run actions/checkout@3d3c42e5aac5ba805825da76410c181273ba90b1	2026-10-03T22:20:37.0430968Z   set-safe-directory: true
database-full-load (10)	Run actions/checkout@3d3c42e5aac5ba805825da76410c181273ba90b1	2026-10-03T22:20:37.0431446Z   allow-unsafe-pr-checkout: false
database-full-load (10)	Run actions/checkout@3d3c42e5aac5ba805825da76410c181273ba90b1	2026-10-03T22:20:37.0432187Z env:
database-full-load (10)	Run actions/checkout@3d3c42e5aac5ba805825da76410c181273ba90b1	2026-10-03T22:20:37.0432583Z   GOENV: off
database-full-load (10)	Run actions/checkout@3d3c42e5aac5ba805825da76410c181273ba90b1	2026-10-03T22:20:37.0432983Z   GOWORK: off
database-full-load (10)	Run actions/checkout@3d3c42e5aac5ba805825da76410c181273ba90b1	2026-10-03T22:20:37.0433421Z   GOTOOLCHAIN: local
database-full-load (10)	Run actions/checkout@3d3c42e5aac5ba805825da76410c181273ba90b1	2026-10-03T22:20:37.0433870Z   GOFLAGS: -mod=readonly
database-full-load (10)	Run actions/checkout@3d3c42e5aac5ba805825da76410c181273ba90b1	2026-10-03T22:20:37.0434311Z   PYTHONDONTWRITEBYTECODE: 1
database-full-load (10)	Run actions/checkout@3d3c42e5aac5ba805825da76410c181273ba90b1	2026-10-03T22:20:37.0434747Z ##[endgroup]
database-full-load (10)	Run actions/checkout@3d3c42e5aac5ba805825da76410c181273ba90b1	2026-10-03T22:20:37.1177072Z Syncing repository: batchstream/weir-tests
database-full-load (10)	Run actions/checkout@3d3c42e5aac5ba805825da76410c181273ba90b1	2026-10-03T22:20:37.1179161Z ##[group]Getting Git version info
database-full-load (10)	Run actions/checkout@3d3c42e5aac5ba805825da76410c181273ba90b1	2026-10-03T22:20:37.1180007Z Working directory is '/home/runner/work/weir-tests/weir-tests'
database-full-load (10)	Run actions/checkout@3d3c42e5aac5ba805825da76410c181273ba90b1	2026-10-03T22:20:37.1203804Z [command]/usr/bin/git version
database-full-load (10)	Run actions/checkout@3d3c42e5aac5ba805825da76410c181273ba90b1	2026-10-03T22:20:37.1310719Z git version 2.55.0
database-full-load (10)	Run actions/checkout@3d3c42e5aac5ba805825da76410c181273ba90b1	2026-10-03T22:20:37.1324866Z ##[endgroup]
database-full-load (10)	Run actions/checkout@3d3c42e5aac5ba805825da76410c181273ba90b1	2026-10-03T22:20:37.1336301Z Temporarily overriding HOME='/home/runner/work/_temp/c2b20b06-3a00-4f00-94c2-103fc5e34746' before making global git config changes
database-full-load (10)	Run actions/checkout@3d3c42e5aac5ba805825da76410c181273ba90b1	2026-10-03T22:20:37.1339595Z Adding repository directory to the temporary git global config as a safe directory
database-full-load (10)	Run actions/checkout@3d3c42e5aac5ba805825da76410c181273ba90b1	2026-10-03T22:20:37.1341196Z [command]/usr/bin/git config --global --add safe.directory /home/runner/work/weir-tests/weir-tests
database-full-load (10)	Run actions/checkout@3d3c42e5aac5ba805825da76410c181273ba90b1	2026-10-03T22:20:37.1897787Z Deleting the contents of '/home/runner/work/weir-tests/weir-tests'
database-full-load (10)	Run actions/checkout@3d3c42e5aac5ba805825da76410c181273ba90b1	2026-10-03T22:20:37.1905470Z ##[group]Determining repository object format
database-full-load (10)	Run actions/checkout@3d3c42e5aac5ba805825da76410c181273ba90b1	2026-10-03T22:20:37.1906670Z ##[endgroup]
database-full-load (10)	Run actions/checkout@3d3c42e5aac5ba805825da76410c181273ba90b1	2026-10-03T22:20:37.1907384Z ##[group]Initializing the repository
database-full-load (10)	Run actions/checkout@3d3c42e5aac5ba805825da76410c181273ba90b1	2026-10-03T22:20:37.1909909Z [command]/usr/bin/git init /home/runner/work/weir-tests/weir-tests
database-full-load (10)	Run actions/checkout@3d3c42e5aac5ba805825da76410c181273ba90b1	2026-10-03T22:20:37.2936185Z hint: Using 'master' as the name for the initial branch. This default branch name
database-full-load (10)	Run actions/checkout@3d3c42e5aac5ba805825da76410c181273ba90b1	2026-10-03T22:20:37.2939939Z hint: will change to "main" in Git 3.0. To configure the initial branch name
database-full-load (10)	Run actions/checkout@3d3c42e5aac5ba805825da76410c181273ba90b1	2026-10-03T22:20:37.2940948Z hint: to use in all of your new repositories, which will suppress this warning,
database-full-load (10)	Run actions/checkout@3d3c42e5aac5ba805825da76410c181273ba90b1	2026-10-03T22:20:37.2941856Z hint: call:
database-full-load (10)	Run actions/checkout@3d3c42e5aac5ba805825da76410c181273ba90b1	2026-10-03T22:20:37.2942252Z hint:
database-full-load (10)	Run actions/checkout@3d3c42e5aac5ba805825da76410c181273ba90b1	2026-10-03T22:20:37.2942752Z hint: 	git config --global init.defaultBranch <name>
database-full-load (10)	Run actions/checkout@3d3c42e5aac5ba805825da76410c181273ba90b1	2026-10-03T22:20:37.2943315Z hint:
database-full-load (10)	Run actions/checkout@3d3c42e5aac5ba805825da76410c181273ba90b1	2026-10-03T22:20:37.2943797Z hint: Names commonly chosen instead of 'master' are 'main', 'trunk' and
database-full-load (10)	Run actions/checkout@3d3c42e5aac5ba805825da76410c181273ba90b1	2026-10-03T22:20:37.2944532Z hint: 'development'. The just-created branch can be renamed via this command:
database-full-load (10)	Run actions/checkout@3d3c42e5aac5ba805825da76410c181273ba90b1	2026-10-03T22:20:37.2945252Z hint:
database-full-load (10)	Run actions/checkout@3d3c42e5aac5ba805825da76410c181273ba90b1	2026-10-03T22:20:37.2945646Z hint: 	git branch -m <name>
database-full-load (10)	Run actions/checkout@3d3c42e5aac5ba805825da76410c181273ba90b1	2026-10-03T22:20:37.2946067Z hint:
database-full-load (10)	Run actions/checkout@3d3c42e5aac5ba805825da76410c181273ba90b1	2026-10-03T22:20:37.2946566Z hint: Disable this message with "git config set advice.defaultBranchName false"
database-full-load (10)	Run actions/checkout@3d3c42e5aac5ba805825da76410c181273ba90b1	2026-10-03T22:20:37.2947236Z Initialized empty Git repository in /home/runner/work/weir-tests/weir-tests/.git/
database-full-load (10)	Run actions/checkout@3d3c42e5aac5ba805825da76410c181273ba90b1	2026-10-03T22:20:37.2948614Z [command]/usr/bin/git remote add origin https://github.com/batchstream/weir-tests
database-full-load (10)	Run actions/checkout@3d3c42e5aac5ba805825da76410c181273ba90b1	2026-10-03T22:20:37.3306387Z ##[endgroup]
database-full-load (10)	Run actions/checkout@3d3c42e5aac5ba805825da76410c181273ba90b1	2026-10-03T22:20:37.3307213Z ##[group]Disabling automatic garbage collection
database-full-load (10)	Run actions/checkout@3d3c42e5aac5ba805825da76410c181273ba90b1	2026-10-03T22:20:37.3309191Z [command]/usr/bin/git config --local gc.auto 0
database-full-load (10)	Run actions/checkout@3d3c42e5aac5ba805825da76410c181273ba90b1	2026-10-03T22:20:37.3799686Z ##[endgroup]
database-full-load (10)	Run actions/checkout@3d3c42e5aac5ba805825da76410c181273ba90b1	2026-10-03T22:20:37.3800692Z ##[group]Setting up auth
database-full-load (10)	Run actions/checkout@3d3c42e5aac5ba805825da76410c181273ba90b1	2026-10-03T22:20:37.3801416Z Removing SSH command configuration
database-full-load (10)	Run actions/checkout@3d3c42e5aac5ba805825da76410c181273ba90b1	2026-10-03T22:20:37.3805610Z [command]/usr/bin/git config --local --name-only --get-regexp core\.sshCommand
database-full-load (10)	Run actions/checkout@3d3c42e5aac5ba805825da76410c181273ba90b1	2026-10-03T22:20:37.3836837Z [command]/usr/bin/git submodule foreach --recursive sh -c "git config --local --name-only --get-regexp 'core\.sshCommand' && git config --local --unset-all 'core.sshCommand' || :"
database-full-load (10)	Run actions/checkout@3d3c42e5aac5ba805825da76410c181273ba90b1	2026-10-03T22:20:37.4125676Z Removing HTTP extra header
database-full-load (10)	Run actions/checkout@3d3c42e5aac5ba805825da76410c181273ba90b1	2026-10-03T22:20:37.4129165Z [command]/usr/bin/git config --local --name-only --get-regexp http\.https\:\/\/github\.com\/\.extraheader
database-full-load (10)	Run actions/checkout@3d3c42e5aac5ba805825da76410c181273ba90b1	2026-10-03T22:20:37.4154748Z [command]/usr/bin/git submodule foreach --recursive sh -c "git config --local --name-only --get-regexp 'http\.https\:\/\/github\.com\/\.extraheader' && git config --local --unset-all 'http.https://github.com/.extraheader' || :"
database-full-load (10)	Run actions/checkout@3d3c42e5aac5ba805825da76410c181273ba90b1	2026-10-03T22:20:37.4329648Z Removing includeIf entries pointing to credentials config files
database-full-load (10)	Run actions/checkout@3d3c42e5aac5ba805825da76410c181273ba90b1	2026-10-03T22:20:37.4332527Z [command]/usr/bin/git config --local --name-only --get-regexp ^includeIf\.gitdir:
database-full-load (10)	Run actions/checkout@3d3c42e5aac5ba805825da76410c181273ba90b1	2026-10-03T22:20:37.4357459Z [command]/usr/bin/git submodule foreach --recursive git config --local --show-origin --name-only --get-regexp remote.origin.url
database-full-load (10)	Run actions/checkout@3d3c42e5aac5ba805825da76410c181273ba90b1	2026-10-03T22:20:37.4523793Z [command]/usr/bin/git config --file /home/runner/work/_temp/git-credentials-24040a07-5974-45d4-8be6-dea006078c83.config http.https://github.com/.extraheader AUTHORIZATION: basic ***
database-full-load (10)	Run actions/checkout@3d3c42e5aac5ba805825da76410c181273ba90b1	2026-10-03T22:20:37.4688934Z [command]/usr/bin/git config --local includeIf.gitdir:/home/runner/work/weir-tests/weir-tests/.git.path /home/runner/work/_temp/git-credentials-24040a07-5974-45d4-8be6-dea006078c83.config
database-full-load (10)	Run actions/checkout@3d3c42e5aac5ba805825da76410c181273ba90b1	2026-10-03T22:20:37.5197768Z [command]/usr/bin/git config --local includeIf.gitdir:/home/runner/work/weir-tests/weir-tests/.git/worktrees/*.path /home/runner/work/_temp/git-credentials-24040a07-5974-45d4-8be6-dea006078c83.config
database-full-load (10)	Run actions/checkout@3d3c42e5aac5ba805825da76410c181273ba90b1	2026-10-03T22:20:37.6091346Z [command]/usr/bin/git config --local includeIf.gitdir:/github/workspace/.git.path /github/runner_temp/git-credentials-24040a07-5974-45d4-8be6-dea006078c83.config
database-full-load (10)	Run actions/checkout@3d3c42e5aac5ba805825da76410c181273ba90b1	2026-10-03T22:20:37.6140446Z [command]/usr/bin/git config --local includeIf.gitdir:/github/workspace/.git/worktrees/*.path /github/runner_temp/git-credentials-24040a07-5974-45d4-8be6-dea006078c83.config
database-full-load (10)	Run actions/checkout@3d3c42e5aac5ba805825da76410c181273ba90b1	2026-10-03T22:20:37.6186850Z ##[endgroup]
database-full-load (10)	Run actions/checkout@3d3c42e5aac5ba805825da76410c181273ba90b1	2026-10-03T22:20:37.6187853Z ##[group]Fetching the repository
database-full-load (10)	Run actions/checkout@3d3c42e5aac5ba805825da76410c181273ba90b1	2026-10-03T22:20:37.6192011Z [command]/usr/bin/git -c protocol.version=2 fetch --no-tags --prune --no-recurse-submodules --depth=1 origin ecf3172b3d27bdc564af87388592cc68b553ac08
database-full-load (10)	Run actions/checkout@3d3c42e5aac5ba805825da76410c181273ba90b1	2026-10-03T22:20:39.2980192Z From https://github.com/batchstream/weir-tests
database-full-load (10)	Run actions/checkout@3d3c42e5aac5ba805825da76410c181273ba90b1	2026-10-03T22:20:39.2980740Z  * branch            ecf3172b3d27bdc564af87388592cc68b553ac08 -> FETCH_HEAD
database-full-load (10)	Run actions/checkout@3d3c42e5aac5ba805825da76410c181273ba90b1	2026-10-03T22:20:39.2989510Z [command]/usr/bin/git rev-parse --verify --quiet ecf3172b3d27bdc564af87388592cc68b553ac08^{object}
database-full-load (10)	Run actions/checkout@3d3c42e5aac5ba805825da76410c181273ba90b1	2026-10-03T22:20:39.3014530Z ecf3172b3d27bdc564af87388592cc68b553ac08
database-full-load (10)	Run actions/checkout@3d3c42e5aac5ba805825da76410c181273ba90b1	2026-10-03T22:20:39.3018351Z ##[endgroup]
database-full-load (10)	Run actions/checkout@3d3c42e5aac5ba805825da76410c181273ba90b1	2026-10-03T22:20:39.3018778Z ##[group]Determining the checkout info
database-full-load (10)	Run actions/checkout@3d3c42e5aac5ba805825da76410c181273ba90b1	2026-10-03T22:20:39.3019167Z ##[endgroup]
database-full-load (10)	Run actions/checkout@3d3c42e5aac5ba805825da76410c181273ba90b1	2026-10-03T22:20:39.3023161Z [command]/usr/bin/git sparse-checkout disable
database-full-load (10)	Run actions/checkout@3d3c42e5aac5ba805825da76410c181273ba90b1	2026-10-03T22:20:39.3069207Z [command]/usr/bin/git config --local --unset-all extensions.worktreeConfig
database-full-load (10)	Run actions/checkout@3d3c42e5aac5ba805825da76410c181273ba90b1	2026-10-03T22:20:39.3097281Z ##[group]Checking out the ref
database-full-load (10)	Run actions/checkout@3d3c42e5aac5ba805825da76410c181273ba90b1	2026-10-03T22:20:39.3099969Z [command]/usr/bin/git checkout --progress --force ecf3172b3d27bdc564af87388592cc68b553ac08
database-full-load (10)	Run actions/checkout@3d3c42e5aac5ba805825da76410c181273ba90b1	2026-10-03T22:20:39.3916223Z Note: switching to 'ecf3172b3d27bdc564af87388592cc68b553ac08'.
database-full-load (10)	Run actions/checkout@3d3c42e5aac5ba805825da76410c181273ba90b1	2026-10-03T22:20:39.3916564Z 
database-full-load (10)	Run actions/checkout@3d3c42e5aac5ba805825da76410c181273ba90b1	2026-10-03T22:20:39.3916686Z You are in 'detached HEAD' state. You can look around, make experimental
database-full-load (10)	Run actions/checkout@3d3c42e5aac5ba805825da76410c181273ba90b1	2026-10-03T22:20:39.3916976Z changes and commit them, and you can discard any commits you make in this
database-full-load (10)	Run actions/checkout@3d3c42e5aac5ba805825da76410c181273ba90b1	2026-10-03T22:20:39.3917288Z state without impacting any branches by switching back to a branch.
database-full-load (10)	Run actions/checkout@3d3c42e5aac5ba805825da76410c181273ba90b1	2026-10-03T22:20:39.3917434Z 
database-full-load (10)	Run actions/checkout@3d3c42e5aac5ba805825da76410c181273ba90b1	2026-10-03T22:20:39.3917533Z If you want to create a new branch to retain commits you create, you may
database-full-load (10)	Run actions/checkout@3d3c42e5aac5ba805825da76410c181273ba90b1	2026-10-03T22:20:39.3917777Z do so (now or later) by using -c with the switch command. Example:
database-full-load (10)	Run actions/checkout@3d3c42e5aac5ba805825da76410c181273ba90b1	2026-10-03T22:20:39.3917954Z 
database-full-load (10)	Run actions/checkout@3d3c42e5aac5ba805825da76410c181273ba90b1	2026-10-03T22:20:39.3918016Z   git switch -c <new-branch-name>
database-full-load (10)	Run actions/checkout@3d3c42e5aac5ba805825da76410c181273ba90b1	2026-10-03T22:20:39.3922337Z 
database-full-load (10)	Run actions/checkout@3d3c42e5aac5ba805825da76410c181273ba90b1	2026-10-03T22:20:39.3922776Z Or undo this operation with:
database-full-load (10)	Run actions/checkout@3d3c42e5aac5ba805825da76410c181273ba90b1	2026-10-03T22:20:39.3922952Z 
database-full-load (10)	Run actions/checkout@3d3c42e5aac5ba805825da76410c181273ba90b1	2026-10-03T22:20:39.3923031Z   git switch -
database-full-load (10)	Run actions/checkout@3d3c42e5aac5ba805825da76410c181273ba90b1	2026-10-03T22:20:39.3923375Z 
database-full-load (10)	Run actions/checkout@3d3c42e5aac5ba805825da76410c181273ba90b1	2026-10-03T22:20:39.3923545Z Turn off this advice by setting config variable advice.detachedHead to false
database-full-load (10)	Run actions/checkout@3d3c42e5aac5ba805825da76410c181273ba90b1	2026-10-03T22:20:39.3923787Z 
database-full-load (10)	Run actions/checkout@3d3c42e5aac5ba805825da76410c181273ba90b1	2026-10-03T22:20:39.3924276Z HEAD is now at ecf3172 🐛 fix: decode heterogeneous MongoDB command statistics
database-full-load (10)	Run actions/checkout@3d3c42e5aac5ba805825da76410c181273ba90b1	2026-10-03T22:20:39.3941433Z ##[endgroup]
database-full-load (10)	Run actions/checkout@3d3c42e5aac5ba805825da76410c181273ba90b1	2026-10-03T22:20:39.3986358Z [command]/usr/bin/git log -1 --format=%H
database-full-load (10)	Run actions/checkout@3d3c42e5aac5ba805825da76410c181273ba90b1	2026-10-03T22:20:39.4011017Z ecf3172b3d27bdc564af87388592cc68b553ac08
database-full-load (10)	Run actions/checkout@3d3c42e5aac5ba805825da76410c181273ba90b1	2026-10-03T22:20:39.4018992Z ##[group]Removing auth
database-full-load (10)	Run actions/checkout@3d3c42e5aac5ba805825da76410c181273ba90b1	2026-10-03T22:20:39.4022752Z Removing SSH command configuration
database-full-load (10)	Run actions/checkout@3d3c42e5aac5ba805825da76410c181273ba90b1	2026-10-03T22:20:39.4023129Z [command]/usr/bin/git config --local --name-only --get-regexp core\.sshCommand
database-full-load (10)	Run actions/checkout@3d3c42e5aac5ba805825da76410c181273ba90b1	2026-10-03T22:20:39.4050744Z [command]/usr/bin/git submodule foreach --recursive sh -c "git config --local --name-only --get-regexp 'core\.sshCommand' && git config --local --unset-all 'core.sshCommand' || :"
database-full-load (10)	Run actions/checkout@3d3c42e5aac5ba805825da76410c181273ba90b1	2026-10-03T22:20:39.4230016Z Removing HTTP extra header
database-full-load (10)	Run actions/checkout@3d3c42e5aac5ba805825da76410c181273ba90b1	2026-10-03T22:20:39.4231920Z [command]/usr/bin/git config --local --name-only --get-regexp http\.https\:\/\/github\.com\/\.extraheader
database-full-load (10)	Run actions/checkout@3d3c42e5aac5ba805825da76410c181273ba90b1	2026-10-03T22:20:39.4261801Z [command]/usr/bin/git submodule foreach --recursive sh -c "git config --local --name-only --get-regexp 'http\.https\:\/\/github\.com\/\.extraheader' && git config --local --unset-all 'http.https://github.com/.extraheader' || :"
database-full-load (10)	Run actions/checkout@3d3c42e5aac5ba805825da76410c181273ba90b1	2026-10-03T22:20:39.4425258Z Removing includeIf entries pointing to credentials config files
database-full-load (10)	Run actions/checkout@3d3c42e5aac5ba805825da76410c181273ba90b1	2026-10-03T22:20:39.4427359Z [command]/usr/bin/git config --local --name-only --get-regexp ^includeIf\.gitdir:
database-full-load (10)	Run actions/checkout@3d3c42e5aac5ba805825da76410c181273ba90b1	2026-10-03T22:20:39.4450367Z includeif.gitdir:/home/runner/work/weir-tests/weir-tests/.git.path
database-full-load (10)	Run actions/checkout@3d3c42e5aac5ba805825da76410c181273ba90b1	2026-10-03T22:20:39.4450661Z includeif.gitdir:/home/runner/work/weir-tests/weir-tests/.git/worktrees/*.path
database-full-load (10)	Run actions/checkout@3d3c42e5aac5ba805825da76410c181273ba90b1	2026-10-03T22:20:39.4450993Z includeif.gitdir:/github/workspace/.git.path
database-full-load (10)	Run actions/checkout@3d3c42e5aac5ba805825da76410c181273ba90b1	2026-10-03T22:20:39.4451290Z includeif.gitdir:/github/workspace/.git/worktrees/*.path
database-full-load (10)	Run actions/checkout@3d3c42e5aac5ba805825da76410c181273ba90b1	2026-10-03T22:20:39.4457081Z [command]/usr/bin/git config --local --get-all includeif.gitdir:/home/runner/work/weir-tests/weir-tests/.git.path
database-full-load (10)	Run actions/checkout@3d3c42e5aac5ba805825da76410c181273ba90b1	2026-10-03T22:20:39.4477352Z /home/runner/work/_temp/git-credentials-24040a07-5974-45d4-8be6-dea006078c83.config
database-full-load (10)	Run actions/checkout@3d3c42e5aac5ba805825da76410c181273ba90b1	2026-10-03T22:20:39.4484360Z [command]/usr/bin/git config --local --unset includeif.gitdir:/home/runner/work/weir-tests/weir-tests/.git.path \/home\/runner\/work\/_temp\/git\-credentials\-24040a07\-5974\-45d4\-8be6\-dea006078c83\.config
database-full-load (10)	Run actions/checkout@3d3c42e5aac5ba805825da76410c181273ba90b1	2026-10-03T22:20:39.4516840Z [command]/usr/bin/git config --local --get-all includeif.gitdir:/home/runner/work/weir-tests/weir-tests/.git/worktrees/*.path
database-full-load (10)	Run actions/checkout@3d3c42e5aac5ba805825da76410c181273ba90b1	2026-10-03T22:20:39.4536652Z /home/runner/work/_temp/git-credentials-24040a07-5974-45d4-8be6-dea006078c83.config
database-full-load (10)	Run actions/checkout@3d3c42e5aac5ba805825da76410c181273ba90b1	2026-10-03T22:20:39.4541852Z [command]/usr/bin/git config --local --unset includeif.gitdir:/home/runner/work/weir-tests/weir-tests/.git/worktrees/*.path \/home\/runner\/work\/_temp\/git\-credentials\-24040a07\-5974\-45d4\-8be6\-dea006078c83\.config
database-full-load (10)	Run actions/checkout@3d3c42e5aac5ba805825da76410c181273ba90b1	2026-10-03T22:20:39.4571342Z [command]/usr/bin/git config --local --get-all includeif.gitdir:/github/workspace/.git.path
database-full-load (10)	Run actions/checkout@3d3c42e5aac5ba805825da76410c181273ba90b1	2026-10-03T22:20:39.4591297Z /github/runner_temp/git-credentials-24040a07-5974-45d4-8be6-dea006078c83.config
database-full-load (10)	Run actions/checkout@3d3c42e5aac5ba805825da76410c181273ba90b1	2026-10-03T22:20:39.4595836Z [command]/usr/bin/git config --local --unset includeif.gitdir:/github/workspace/.git.path \/github\/runner_temp\/git\-credentials\-24040a07\-5974\-45d4\-8be6\-dea006078c83\.config
database-full-load (10)	Run actions/checkout@3d3c42e5aac5ba805825da76410c181273ba90b1	2026-10-03T22:20:39.4662948Z [command]/usr/bin/git config --local --get-all includeif.gitdir:/github/workspace/.git/worktrees/*.path
database-full-load (10)	Run actions/checkout@3d3c42e5aac5ba805825da76410c181273ba90b1	2026-10-03T22:20:39.4683708Z /github/runner_temp/git-credentials-24040a07-5974-45d4-8be6-dea006078c83.config
database-full-load (10)	Run actions/checkout@3d3c42e5aac5ba805825da76410c181273ba90b1	2026-10-03T22:20:39.4688472Z [command]/usr/bin/git config --local --unset includeif.gitdir:/github/workspace/.git/worktrees/*.path \/github\/runner_temp\/git\-credentials\-24040a07\-5974\-45d4\-8be6\-dea006078c83\.config
database-full-load (10)	Run actions/checkout@3d3c42e5aac5ba805825da76410c181273ba90b1	2026-10-03T22:20:39.4716924Z [command]/usr/bin/git submodule foreach --recursive git config --local --show-origin --name-only --get-regexp remote.origin.url
database-full-load (10)	Run actions/checkout@3d3c42e5aac5ba805825da76410c181273ba90b1	2026-10-03T22:20:39.4881467Z Removing credentials config '/home/runner/work/_temp/git-credentials-24040a07-5974-45d4-8be6-dea006078c83.config'
database-full-load (10)	Run actions/checkout@3d3c42e5aac5ba805825da76410c181273ba90b1	2026-10-03T22:20:39.4889089Z ##[endgroup]
database-full-load (10)	Run actions/setup-go@924ae3a1cded613372ab5595356fb5720e22ba16	﻿2026-10-03T22:20:39.5054813Z ##[group]Run actions/setup-go@924ae3a1cded613372ab5595356fb5720e22ba16
database-full-load (10)	Run actions/setup-go@924ae3a1cded613372ab5595356fb5720e22ba16	2026-10-03T22:20:39.5055017Z with:
database-full-load (10)	Run actions/setup-go@924ae3a1cded613372ab5595356fb5720e22ba16	2026-10-03T22:20:39.5055135Z   go-version-file: go.mod
database-full-load (10)	Run actions/setup-go@924ae3a1cded613372ab5595356fb5720e22ba16	2026-10-03T22:20:39.5055262Z   check-latest: false
database-full-load (10)	Run actions/setup-go@924ae3a1cded613372ab5595356fb5720e22ba16	2026-10-03T22:20:39.5056647Z   token: ***
database-full-load (10)	Run actions/setup-go@924ae3a1cded613372ab5595356fb5720e22ba16	2026-10-03T22:20:39.5056751Z   cache: true
database-full-load (10)	Run actions/setup-go@924ae3a1cded613372ab5595356fb5720e22ba16	2026-10-03T22:20:39.5056855Z env:
database-full-load (10)	Run actions/setup-go@924ae3a1cded613372ab5595356fb5720e22ba16	2026-10-03T22:20:39.5056951Z   GOENV: off
database-full-load (10)	Run actions/setup-go@924ae3a1cded613372ab5595356fb5720e22ba16	2026-10-03T22:20:39.5057049Z   GOWORK: off
database-full-load (10)	Run actions/setup-go@924ae3a1cded613372ab5595356fb5720e22ba16	2026-10-03T22:20:39.5057156Z   GOTOOLCHAIN: local
database-full-load (10)	Run actions/setup-go@924ae3a1cded613372ab5595356fb5720e22ba16	2026-10-03T22:20:39.5057279Z   GOFLAGS: -mod=readonly
database-full-load (10)	Run actions/setup-go@924ae3a1cded613372ab5595356fb5720e22ba16	2026-10-03T22:20:39.5057409Z   PYTHONDONTWRITEBYTECODE: 1
database-full-load (10)	Run actions/setup-go@924ae3a1cded613372ab5595356fb5720e22ba16	2026-10-03T22:20:39.5057559Z ##[endgroup]
database-full-load (10)	Run actions/setup-go@924ae3a1cded613372ab5595356fb5720e22ba16	2026-10-03T22:20:39.5835139Z Setup go version spec 1.27.1
database-full-load (10)	Run actions/setup-go@924ae3a1cded613372ab5595356fb5720e22ba16	2026-10-03T22:20:39.5841427Z Attempting to download 1.27.1...
database-full-load (10)	Run actions/setup-go@924ae3a1cded613372ab5595356fb5720e22ba16	2026-10-03T22:20:40.5414934Z matching 1.27.1...
database-full-load (10)	Run actions/setup-go@924ae3a1cded613372ab5595356fb5720e22ba16	2026-10-03T22:20:40.5431229Z Acquiring 1.27.1 from https://github.com/actions/go-versions/releases/download/1.27.1-33583469715/go-1.27.1-linux-x64.tar.gz
database-full-load (10)	Run actions/setup-go@924ae3a1cded613372ab5595356fb5720e22ba16	2026-10-03T22:20:41.1628160Z Extracting Go...
database-full-load (10)	Run actions/setup-go@924ae3a1cded613372ab5595356fb5720e22ba16	2026-10-03T22:20:41.1703584Z [command]/usr/bin/tar xz --warning=no-unknown-keyword --overwrite -C /home/runner/work/_temp/632f0c70-a1a0-4f49-96fe-b32c01172d56 -f /home/runner/work/_temp/4ce7d791-c484-4366-9731-1afd45c56359
database-full-load (10)	Run actions/setup-go@924ae3a1cded613372ab5595356fb5720e22ba16	2026-10-03T22:20:42.7637362Z Successfully extracted go to /home/runner/work/_temp/632f0c70-a1a0-4f49-96fe-b32c01172d56
database-full-load (10)	Run actions/setup-go@924ae3a1cded613372ab5595356fb5720e22ba16	2026-10-03T22:20:42.7637682Z Adding to the cache ...
database-full-load (10)	Run actions/setup-go@924ae3a1cded613372ab5595356fb5720e22ba16	2026-10-03T22:20:46.7469949Z Successfully cached go to /opt/hostedtoolcache/go/1.27.1/x64
database-full-load (10)	Run actions/setup-go@924ae3a1cded613372ab5595356fb5720e22ba16	2026-10-03T22:20:46.7471511Z Added go to the path
database-full-load (10)	Run actions/setup-go@924ae3a1cded613372ab5595356fb5720e22ba16	2026-10-03T22:20:46.7473182Z Successfully set up Go version 1.27.1
database-full-load (10)	Run actions/setup-go@924ae3a1cded613372ab5595356fb5720e22ba16	2026-10-03T22:20:46.7618227Z [command]/opt/hostedtoolcache/go/1.27.1/x64/bin/go env GOMODCACHE
database-full-load (10)	Run actions/setup-go@924ae3a1cded613372ab5595356fb5720e22ba16	2026-10-03T22:20:46.7644690Z [command]/opt/hostedtoolcache/go/1.27.1/x64/bin/go env GOCACHE
database-full-load (10)	Run actions/setup-go@924ae3a1cded613372ab5595356fb5720e22ba16	2026-10-03T22:20:46.7671076Z /home/runner/go/pkg/mod
database-full-load (10)	Run actions/setup-go@924ae3a1cded613372ab5595356fb5720e22ba16	2026-10-03T22:20:46.7683526Z /home/runner/.cache/go-build
database-full-load (10)	Run actions/setup-go@924ae3a1cded613372ab5595356fb5720e22ba16	2026-10-03T22:20:46.9814302Z Cache hit for: setup-go-Linux-x64-ubuntu24-go-1.27.1-f3893fbf0ff2b6e2efba8903234513786674983d753d1815a9a1fcf84a06448a
database-full-load (10)	Run actions/setup-go@924ae3a1cded613372ab5595356fb5720e22ba16	2026-10-03T22:20:48.2157425Z Received 33554432 of 252007507 (13.3%), 32.0 MBs/sec
database-full-load (10)	Run actions/setup-go@924ae3a1cded613372ab5595356fb5720e22ba16	2026-10-03T22:20:49.2165514Z Received 234881024 of 252007507 (93.2%), 111.9 MBs/sec
database-full-load (10)	Run actions/setup-go@924ae3a1cded613372ab5595356fb5720e22ba16	2026-10-03T22:20:49.3637404Z Received 252007507 of 252007507 (100.0%), 111.9 MBs/sec
database-full-load (10)	Run actions/setup-go@924ae3a1cded613372ab5595356fb5720e22ba16	2026-10-03T22:20:49.3638344Z Cache Size: ~240 MB (252007507 B)
database-full-load (10)	Run actions/setup-go@924ae3a1cded613372ab5595356fb5720e22ba16	2026-10-03T22:20:49.3737974Z [command]/usr/bin/tar -xf /home/runner/work/_temp/0f51f312-acf6-4acb-8156-8add143518e6/cache.tzst -P -C /home/runner/work/weir-tests/weir-tests --use-compress-program unzstd
database-full-load (10)	Run actions/setup-go@924ae3a1cded613372ab5595356fb5720e22ba16	2026-10-03T22:20:50.7345128Z Cache restored successfully
database-full-load (10)	Run actions/setup-go@924ae3a1cded613372ab5595356fb5720e22ba16	2026-10-03T22:20:50.7447509Z Cache restored from key: setup-go-Linux-x64-ubuntu24-go-1.27.1-f3893fbf0ff2b6e2efba8903234513786674983d753d1815a9a1fcf84a06448a
database-full-load (10)	Run actions/setup-go@924ae3a1cded613372ab5595356fb5720e22ba16	2026-10-03T22:20:50.7468700Z go version go1.27.1 linux/amd64
database-full-load (10)	Run actions/setup-go@924ae3a1cded613372ab5595356fb5720e22ba16	2026-10-03T22:20:50.7468876Z 
database-full-load (10)	Run actions/setup-go@924ae3a1cded613372ab5595356fb5720e22ba16	2026-10-03T22:20:50.7469088Z ##[group]go env
database-full-load (10)	Run actions/setup-go@924ae3a1cded613372ab5595356fb5720e22ba16	2026-10-03T22:20:50.7573552Z AR='ar'
database-full-load (10)	Run actions/setup-go@924ae3a1cded613372ab5595356fb5720e22ba16	2026-10-03T22:20:50.7573761Z CC='gcc'
database-full-load (10)	Run actions/setup-go@924ae3a1cded613372ab5595356fb5720e22ba16	2026-10-03T22:20:50.7573934Z CGO_CFLAGS='-O2 -g'
database-full-load (10)	Run actions/setup-go@924ae3a1cded613372ab5595356fb5720e22ba16	2026-10-03T22:20:50.7574125Z CGO_CPPFLAGS=''
database-full-load (10)	Run actions/setup-go@924ae3a1cded613372ab5595356fb5720e22ba16	2026-10-03T22:20:50.7574383Z CGO_CXXFLAGS='-O2 -g'
database-full-load (10)	Run actions/setup-go@924ae3a1cded613372ab5595356fb5720e22ba16	2026-10-03T22:20:50.7574570Z CGO_ENABLED='1'
database-full-load (10)	Run actions/setup-go@924ae3a1cded613372ab5595356fb5720e22ba16	2026-10-03T22:20:50.7574759Z CGO_FFLAGS='-O2 -g'
database-full-load (10)	Run actions/setup-go@924ae3a1cded613372ab5595356fb5720e22ba16	2026-10-03T22:20:50.7574940Z CGO_LDFLAGS='-O2 -g'
database-full-load (10)	Run actions/setup-go@924ae3a1cded613372ab5595356fb5720e22ba16	2026-10-03T22:20:50.7575113Z CXX='g++'
database-full-load (10)	Run actions/setup-go@924ae3a1cded613372ab5595356fb5720e22ba16	2026-10-03T22:20:50.7575270Z GCCGO='gccgo'
database-full-load (10)	Run actions/setup-go@924ae3a1cded613372ab5595356fb5720e22ba16	2026-10-03T22:20:50.7575435Z GO111MODULE=''
database-full-load (10)	Run actions/setup-go@924ae3a1cded613372ab5595356fb5720e22ba16	2026-10-03T22:20:50.7575602Z GOAMD64='v1'
database-full-load (10)	Run actions/setup-go@924ae3a1cded613372ab5595356fb5720e22ba16	2026-10-03T22:20:50.7575761Z GOARCH='amd64'
database-full-load (10)	Run actions/setup-go@924ae3a1cded613372ab5595356fb5720e22ba16	2026-10-03T22:20:50.7575923Z GOAUTH='netrc'
database-full-load (10)	Run actions/setup-go@924ae3a1cded613372ab5595356fb5720e22ba16	2026-10-03T22:20:50.7576101Z GOBIN='/home/runner/go/bin'
database-full-load (10)	Run actions/setup-go@924ae3a1cded613372ab5595356fb5720e22ba16	2026-10-03T22:20:50.7576326Z GOCACHE='/home/runner/.cache/go-build'
database-full-load (10)	Run actions/setup-go@924ae3a1cded613372ab5595356fb5720e22ba16	2026-10-03T22:20:50.7576556Z GOCACHEPROG=''
database-full-load (10)	Run actions/setup-go@924ae3a1cded613372ab5595356fb5720e22ba16	2026-10-03T22:20:50.7576706Z GODEBUG=''
database-full-load (10)	Run actions/setup-go@924ae3a1cded613372ab5595356fb5720e22ba16	2026-10-03T22:20:50.7576806Z GOENV=''
database-full-load (10)	Run actions/setup-go@924ae3a1cded613372ab5595356fb5720e22ba16	2026-10-03T22:20:50.7576904Z GOEXE=''
database-full-load (10)	Run actions/setup-go@924ae3a1cded613372ab5595356fb5720e22ba16	2026-10-03T22:20:50.7577012Z GOEXPERIMENT=''
database-full-load (10)	Run actions/setup-go@924ae3a1cded613372ab5595356fb5720e22ba16	2026-10-03T22:20:50.7577124Z GOFIPS140='off'
database-full-load (10)	Run actions/setup-go@924ae3a1cded613372ab5595356fb5720e22ba16	2026-10-03T22:20:50.7577237Z GOFLAGS='-mod=readonly'
database-full-load (10)	Run actions/setup-go@924ae3a1cded613372ab5595356fb5720e22ba16	2026-10-03T22:20:50.7577613Z GOGCCFLAGS='-fPIC -m64 -pthread -Wl,--no-gc-sections -fmessage-length=0 -ffile-prefix-map=/tmp/go-build2616574666=/tmp/go-build -gno-record-gcc-switches'
database-full-load (10)	Run actions/setup-go@924ae3a1cded613372ab5595356fb5720e22ba16	2026-10-03T22:20:50.7578177Z GOHOSTARCH='amd64'
database-full-load (10)	Run actions/setup-go@924ae3a1cded613372ab5595356fb5720e22ba16	2026-10-03T22:20:50.7578291Z GOHOSTOS='linux'
database-full-load (10)	Run actions/setup-go@924ae3a1cded613372ab5595356fb5720e22ba16	2026-10-03T22:20:50.7578401Z GOINSECURE=''
database-full-load (10)	Run actions/setup-go@924ae3a1cded613372ab5595356fb5720e22ba16	2026-10-03T22:20:50.7578549Z GOMOD='/home/runner/work/weir-tests/weir-tests/go.mod'
database-full-load (10)	Run actions/setup-go@924ae3a1cded613372ab5595356fb5720e22ba16	2026-10-03T22:20:50.7578739Z GOMODCACHE='/home/runner/go/pkg/mod'
database-full-load (10)	Run actions/setup-go@924ae3a1cded613372ab5595356fb5720e22ba16	2026-10-03T22:20:50.7578883Z GONOPROXY=''
database-full-load (10)	Run actions/setup-go@924ae3a1cded613372ab5595356fb5720e22ba16	2026-10-03T22:20:50.7578988Z GONOSUMDB=''
database-full-load (10)	Run actions/setup-go@924ae3a1cded613372ab5595356fb5720e22ba16	2026-10-03T22:20:50.7579089Z GOOS='linux'
database-full-load (10)	Run actions/setup-go@924ae3a1cded613372ab5595356fb5720e22ba16	2026-10-03T22:20:50.7579198Z GOPACKAGESDRIVER=''
database-full-load (10)	Run actions/setup-go@924ae3a1cded613372ab5595356fb5720e22ba16	2026-10-03T22:20:50.7579322Z GOPATH='/home/runner/go'
database-full-load (10)	Run actions/setup-go@924ae3a1cded613372ab5595356fb5720e22ba16	2026-10-03T22:20:50.7579452Z GOPRIVATE=''
database-full-load (10)	Run actions/setup-go@924ae3a1cded613372ab5595356fb5720e22ba16	2026-10-03T22:20:50.7579604Z GOPROXY='https://proxy.golang.org,direct'
database-full-load (10)	Run actions/setup-go@924ae3a1cded613372ab5595356fb5720e22ba16	2026-10-03T22:20:50.7579785Z GOROOT='/opt/hostedtoolcache/go/1.27.1/x64'
database-full-load (10)	Run actions/setup-go@924ae3a1cded613372ab5595356fb5720e22ba16	2026-10-03T22:20:50.7579950Z GOSUMDB='sum.golang.org'
database-full-load (10)	Run actions/setup-go@924ae3a1cded613372ab5595356fb5720e22ba16	2026-10-03T22:20:50.7580075Z GOTELEMETRY='local'
database-full-load (10)	Run actions/setup-go@924ae3a1cded613372ab5595356fb5720e22ba16	2026-10-03T22:20:50.7580217Z GOTELEMETRYDIR='/home/runner/.config/go/telemetry'
database-full-load (10)	Run actions/setup-go@924ae3a1cded613372ab5595356fb5720e22ba16	2026-10-03T22:20:50.7580378Z GOTMPDIR=''
database-full-load (10)	Run actions/setup-go@924ae3a1cded613372ab5595356fb5720e22ba16	2026-10-03T22:20:50.7580489Z GOTOOLCHAIN='local'
database-full-load (10)	Run actions/setup-go@924ae3a1cded613372ab5595356fb5720e22ba16	2026-10-03T22:20:50.7580663Z GOTOOLDIR='/opt/hostedtoolcache/go/1.27.1/x64/pkg/tool/linux_amd64'
database-full-load (10)	Run actions/setup-go@924ae3a1cded613372ab5595356fb5720e22ba16	2026-10-03T22:20:50.7580850Z GOVCS=''
database-full-load (10)	Run actions/setup-go@924ae3a1cded613372ab5595356fb5720e22ba16	2026-10-03T22:20:50.7580954Z GOVERSION='go1.27.1'
database-full-load (10)	Run actions/setup-go@924ae3a1cded613372ab5595356fb5720e22ba16	2026-10-03T22:20:50.7581073Z GOWORK='off'
database-full-load (10)	Run actions/setup-go@924ae3a1cded613372ab5595356fb5720e22ba16	2026-10-03T22:20:50.7581202Z PKG_CONFIG='pkg-config'
database-full-load (10)	Run actions/setup-go@924ae3a1cded613372ab5595356fb5720e22ba16	2026-10-03T22:20:50.7581279Z 
database-full-load (10)	Run actions/setup-go@924ae3a1cded613372ab5595356fb5720e22ba16	2026-10-03T22:20:50.7581466Z ##[endgroup]
database-full-load (10)	Prepare immutable tools and owned database images	﻿2026-10-03T22:20:50.7734245Z ##[group]Run python3 scripts/download_modules.py
database-full-load (10)	Prepare immutable tools and owned database images	2026-10-03T22:20:50.7734499Z [36;1mpython3 scripts/download_modules.py[0m
database-full-load (10)	Prepare immutable tools and owned database images	2026-10-03T22:20:50.7734689Z [36;1mpython3 scripts/prepare_weir.py[0m
database-full-load (10)	Prepare immutable tools and owned database images	2026-10-03T22:20:50.7734856Z [36;1mpython3 scripts/prepare_images.py[0m
database-full-load (10)	Prepare immutable tools and owned database images	2026-10-03T22:20:50.9868438Z shell: /usr/bin/bash --noprofile --norc -e -o pipefail {0}
database-full-load (10)	Prepare immutable tools and owned database images	2026-10-03T22:20:50.9868936Z env:
database-full-load (10)	Prepare immutable tools and owned database images	2026-10-03T22:20:50.9869055Z   GOENV: off
database-full-load (10)	Prepare immutable tools and owned database images	2026-10-03T22:20:50.9869166Z   GOWORK: off
database-full-load (10)	Prepare immutable tools and owned database images	2026-10-03T22:20:50.9869277Z   GOTOOLCHAIN: local
database-full-load (10)	Prepare immutable tools and owned database images	2026-10-03T22:20:50.9869402Z   GOFLAGS: -mod=readonly
database-full-load (10)	Prepare immutable tools and owned database images	2026-10-03T22:20:50.9869539Z   PYTHONDONTWRITEBYTECODE: 1
database-full-load (10)	Prepare immutable tools and owned database images	2026-10-03T22:20:50.9869672Z ##[endgroup]
database-full-load (10)	Prepare immutable tools and owned database images	2026-10-03T22:20:53.9466861Z all modules verified
database-full-load (10)	Prepare immutable tools and owned database images	2026-10-03T22:21:09.0078418Z /home/runner/work/weir-tests/weir-tests/.tools/weir
database-full-load (10)	Prepare immutable tools and owned database images	2026-10-03T22:21:09.7044215Z docker.io/library/mongo@sha256:d0d926f94df099bff534b7ee5b5986458131a22489dfff8664509af0c1e2ca9c: Pulling from library/mongo
database-full-load (10)	Prepare immutable tools and owned database images	2026-10-03T22:21:09.9330793Z a60ef8ec184e: Pulling fs layer
database-full-load (10)	Prepare immutable tools and owned database images	2026-10-03T22:21:09.9331473Z c4a88db82a6d: Pulling fs layer
database-full-load (10)	Prepare immutable tools and owned database images	2026-10-03T22:21:09.9331949Z f97373a3dd33: Pulling fs layer
database-full-load (10)	Prepare immutable tools and owned database images	2026-10-03T22:21:09.9332328Z 59898ec81c6b: Pulling fs layer
database-full-load (10)	Prepare immutable tools and owned database images	2026-10-03T22:21:09.9332516Z 2252b895f5de: Pulling fs layer
database-full-load (10)	Prepare immutable tools and owned database images	2026-10-03T22:21:09.9332774Z 08f85ec03d22: Pulling fs layer
database-full-load (10)	Prepare immutable tools and owned database images	2026-10-03T22:21:09.9332940Z cfbbec1d5328: Pulling fs layer
database-full-load (10)	Prepare immutable tools and owned database images	2026-10-03T22:21:09.9333196Z eedb5e3e5b38: Pulling fs layer
database-full-load (10)	Prepare immutable tools and owned database images	2026-10-03T22:21:09.9333389Z 59898ec81c6b: Waiting
database-full-load (10)	Prepare immutable tools and owned database images	2026-10-03T22:21:09.9333536Z 2252b895f5de: Waiting
database-full-load (10)	Prepare immutable tools and owned database images	2026-10-03T22:21:09.9333656Z eedb5e3e5b38: Waiting
database-full-load (10)	Prepare immutable tools and owned database images	2026-10-03T22:21:09.9333770Z cfbbec1d5328: Waiting
database-full-load (10)	Prepare immutable tools and owned database images	2026-10-03T22:21:10.1462005Z c4a88db82a6d: Download complete
database-full-load (10)	Prepare immutable tools and owned database images	2026-10-03T22:21:10.1621199Z f97373a3dd33: Download complete
database-full-load (10)	Prepare immutable tools and owned database images	2026-10-03T22:21:10.2451042Z a60ef8ec184e: Verifying Checksum
database-full-load (10)	Prepare immutable tools and owned database images	2026-10-03T22:21:10.2451373Z a60ef8ec184e: Download complete
database-full-load (10)	Prepare immutable tools and owned database images	2026-10-03T22:21:10.3329070Z 59898ec81c6b: Verifying Checksum
database-full-load (10)	Prepare immutable tools and owned database images	2026-10-03T22:21:10.3329459Z 59898ec81c6b: Download complete
database-full-load (10)	Prepare immutable tools and owned database images	2026-10-03T22:21:10.3408133Z 2252b895f5de: Verifying Checksum
database-full-load (10)	Prepare immutable tools and owned database images	2026-10-03T22:21:10.3408611Z 2252b895f5de: Download complete
database-full-load (10)	Prepare immutable tools and owned database images	2026-10-03T22:21:10.4274855Z 08f85ec03d22: Verifying Checksum
database-full-load (10)	Prepare immutable tools and owned database images	2026-10-03T22:21:10.4275542Z 08f85ec03d22: Download complete
database-full-load (10)	Prepare immutable tools and owned database images	2026-10-03T22:21:10.5289318Z eedb5e3e5b38: Verifying Checksum
database-full-load (10)	Prepare immutable tools and owned database images	2026-10-03T22:21:10.5289709Z eedb5e3e5b38: Download complete
database-full-load (10)	Prepare immutable tools and owned database images	2026-10-03T22:21:10.8754032Z a60ef8ec184e: Pull complete
database-full-load (10)	Prepare immutable tools and owned database images	2026-10-03T22:21:11.4752195Z cfbbec1d5328: Verifying Checksum
database-full-load (10)	Prepare immutable tools and owned database images	2026-10-03T22:21:11.4752535Z cfbbec1d5328: Download complete
database-full-load (10)	Prepare immutable tools and owned database images	2026-10-03T22:21:14.7246264Z c4a88db82a6d: Pull complete
database-full-load (10)	Prepare immutable tools and owned database images	2026-10-03T22:21:14.8843260Z f97373a3dd33: Pull complete
database-full-load (10)	Prepare immutable tools and owned database images	2026-10-03T22:21:14.9166734Z 59898ec81c6b: Pull complete
database-full-load (10)	Prepare immutable tools and owned database images	2026-10-03T22:21:14.9258431Z 2252b895f5de: Pull complete
database-full-load (10)	Prepare immutable tools and owned database images	2026-10-03T22:21:14.9506034Z 08f85ec03d22: Pull complete
database-full-load (10)	Prepare immutable tools and owned database images	2026-10-03T22:21:21.7609718Z cfbbec1d5328: Pull complete
database-full-load (10)	Prepare immutable tools and owned database images	2026-10-03T22:21:21.7680530Z eedb5e3e5b38: Pull complete
database-full-load (10)	Prepare immutable tools and owned database images	2026-10-03T22:21:21.7708284Z Digest: sha256:d0d926f94df099bff534b7ee5b5986458131a22489dfff8664509af0c1e2ca9c
database-full-load (10)	Prepare immutable tools and owned database images	2026-10-03T22:21:21.7714104Z Status: Downloaded newer image for mongo@sha256:d0d926f94df099bff534b7ee5b5986458131a22489dfff8664509af0c1e2ca9c
database-full-load (10)	Prepare immutable tools and owned database images	2026-10-03T22:21:21.7732730Z docker.io/library/mongo@sha256:d0d926f94df099bff534b7ee5b5986458131a22489dfff8664509af0c1e2ca9c
database-full-load (10)	Prepare immutable tools and owned database images	2026-10-03T22:21:22.5281514Z docker.elastic.co/elasticsearch/elasticsearch@sha256:e98f9c3b09beb2fbb9eaf667d602df3f0e00bd3644138b8458dc17ba1a675595: Pulling from elasticsearch/elasticsearch
database-full-load (10)	Prepare immutable tools and owned database images	2026-10-03T22:21:22.8520424Z 2c22c1bb1ce1: Pulling fs layer
database-full-load (10)	Prepare immutable tools and owned database images	2026-10-03T22:21:22.8520755Z 2796a25b8094: Pulling fs layer
database-full-load (10)	Prepare immutable tools and owned database images	2026-10-03T22:21:22.8520983Z 714e5b673049: Pulling fs layer
database-full-load (10)	Prepare immutable tools and owned database images	2026-10-03T22:21:22.8521201Z bd9ddc54bea9: Pulling fs layer
database-full-load (10)	Prepare immutable tools and owned database images	2026-10-03T22:21:22.8521422Z 2d68f716f01a: Pulling fs layer
database-full-load (10)	Prepare immutable tools and owned database images	2026-10-03T22:21:22.8521620Z c52e3a203c20: Pulling fs layer
database-full-load (10)	Prepare immutable tools and owned database images	2026-10-03T22:21:22.8521952Z 9b415d76a9c6: Pulling fs layer
database-full-load (10)	Prepare immutable tools and owned database images	2026-10-03T22:21:22.8522162Z d527cffe3ef6: Pulling fs layer
database-full-load (10)	Prepare immutable tools and owned database images	2026-10-03T22:21:22.8522376Z b8cda4b5aaf3: Pulling fs layer
database-full-load (10)	Prepare immutable tools and owned database images	2026-10-03T22:21:22.8522910Z 32c1c18d2ea5: Pulling fs layer
database-full-load (10)	Prepare immutable tools and owned database images	2026-10-03T22:21:22.8523118Z bd9ddc54bea9: Waiting
database-full-load (10)	Prepare immutable tools and owned database images	2026-10-03T22:21:22.8523306Z 2d68f716f01a: Waiting
database-full-load (10)	Prepare immutable tools and owned database images	2026-10-03T22:21:22.8523487Z c52e3a203c20: Waiting
database-full-load (10)	Prepare immutable tools and owned database images	2026-10-03T22:21:22.8523653Z 9b415d76a9c6: Waiting
database-full-load (10)	Prepare immutable tools and owned database images	2026-10-03T22:21:22.8523827Z d527cffe3ef6: Waiting
database-full-load (10)	Prepare immutable tools and owned database images	2026-10-03T22:21:22.8524002Z b8cda4b5aaf3: Waiting
database-full-load (10)	Prepare immutable tools and owned database images	2026-10-03T22:21:22.8524187Z 32c1c18d2ea5: Waiting
database-full-load (10)	Prepare immutable tools and owned database images	2026-10-03T22:21:23.4000727Z 714e5b673049: Verifying Checksum
database-full-load (10)	Prepare immutable tools and owned database images	2026-10-03T22:21:23.4001255Z 714e5b673049: Download complete
database-full-load (10)	Prepare immutable tools and owned database images	2026-10-03T22:21:23.4688531Z 2796a25b8094: Verifying Checksum
database-full-load (10)	Prepare immutable tools and owned database images	2026-10-03T22:21:23.4688896Z 2796a25b8094: Download complete
database-full-load (10)	Prepare immutable tools and owned database images	2026-10-03T22:21:23.6978769Z bd9ddc54bea9: Verifying Checksum
database-full-load (10)	Prepare immutable tools and owned database images	2026-10-03T22:21:23.6979120Z bd9ddc54bea9: Download complete
database-full-load (10)	Prepare immutable tools and owned database images	2026-10-03T22:21:23.7708162Z 2c22c1bb1ce1: Verifying Checksum
database-full-load (10)	Prepare immutable tools and owned database images	2026-10-03T22:21:23.7708687Z 2c22c1bb1ce1: Download complete
database-full-load (10)	Prepare immutable tools and owned database images	2026-10-03T22:21:24.0995861Z 9b415d76a9c6: Verifying Checksum
database-full-load (10)	Prepare immutable tools and owned database images	2026-10-03T22:21:24.0996219Z 9b415d76a9c6: Download complete
database-full-load (10)	Prepare immutable tools and owned database images	2026-10-03T22:21:24.2851111Z c52e3a203c20: Verifying Checksum
database-full-load (10)	Prepare immutable tools and owned database images	2026-10-03T22:21:24.2851864Z c52e3a203c20: Download complete
database-full-load (10)	Prepare immutable tools and owned database images	2026-10-03T22:21:24.4369102Z 2c22c1bb1ce1: Pull complete
database-full-load (10)	Prepare immutable tools and owned database images	2026-10-03T22:21:24.5872898Z d527cffe3ef6: Verifying Checksum
database-full-load (10)	Prepare immutable tools and owned database images	2026-10-03T22:21:24.5873263Z d527cffe3ef6: Download complete
database-full-load (10)	Prepare immutable tools and owned database images	2026-10-03T22:21:24.8090346Z b8cda4b5aaf3: Verifying Checksum
database-full-load (10)	Prepare immutable tools and owned database images	2026-10-03T22:21:24.8090745Z b8cda4b5aaf3: Download complete
database-full-load (10)	Prepare immutable tools and owned database images	2026-10-03T22:21:25.1193683Z 32c1c18d2ea5: Download complete
database-full-load (10)	Prepare immutable tools and owned database images	2026-10-03T22:21:26.1735755Z 2796a25b8094: Pull complete
database-full-load (10)	Prepare immutable tools and owned database images	2026-10-03T22:21:26.8361382Z 714e5b673049: Pull complete
database-full-load (10)	Prepare immutable tools and owned database images	2026-10-03T22:21:27.1241340Z bd9ddc54bea9: Pull complete
database-full-load (10)	Prepare immutable tools and owned database images	2026-10-03T22:21:29.5708020Z 2d68f716f01a: Verifying Checksum
database-full-load (10)	Prepare immutable tools and owned database images	2026-10-03T22:21:29.5708369Z 2d68f716f01a: Download complete
database-full-load (10)	Prepare immutable tools and owned database images	2026-10-03T22:21:39.5928329Z 2d68f716f01a: Pull complete
database-full-load (10)	Prepare immutable tools and owned database images	2026-10-03T22:21:39.6004100Z c52e3a203c20: Pull complete
database-full-load (10)	Prepare immutable tools and owned database images	2026-10-03T22:21:39.6073173Z 9b415d76a9c6: Pull complete
database-full-load (10)	Prepare immutable tools and owned database images	2026-10-03T22:21:39.6211019Z d527cffe3ef6: Pull complete
database-full-load (10)	Prepare immutable tools and owned database images	2026-10-03T22:21:39.6287929Z b8cda4b5aaf3: Pull complete
database-full-load (10)	Prepare immutable tools and owned database images	2026-10-03T22:21:39.6354669Z 32c1c18d2ea5: Pull complete
database-full-load (10)	Prepare immutable tools and owned database images	2026-10-03T22:21:39.6380766Z Digest: sha256:e98f9c3b09beb2fbb9eaf667d602df3f0e00bd3644138b8458dc17ba1a675595
database-full-load (10)	Prepare immutable tools and owned database images	2026-10-03T22:21:39.6385912Z Status: Downloaded newer image for docker.elastic.co/elasticsearch/elasticsearch@sha256:e98f9c3b09beb2fbb9eaf667d602df3f0e00bd3644138b8458dc17ba1a675595
database-full-load (10)	Prepare immutable tools and owned database images	2026-10-03T22:21:39.6391784Z docker.elastic.co/elasticsearch/elasticsearch@sha256:e98f9c3b09beb2fbb9eaf667d602df3f0e00bd3644138b8458dc17ba1a675595
database-full-load (10)	Independent single-request native and SDK clients	﻿2026-10-03T22:21:39.6925149Z ##[group]Run mkdir -p results/local
database-full-load (10)	Independent single-request native and SDK clients	2026-10-03T22:21:39.6925373Z [36;1mmkdir -p results/local[0m
database-full-load (10)	Independent single-request native and SDK clients	2026-10-03T22:21:39.6925541Z [36;1mgo build -o .tools/weir-lab ./cmd/weir-lab[0m
database-full-load (10)	Independent single-request native and SDK clients	2026-10-03T22:21:39.6925754Z [36;1mIFS=',' read -r -a batch_limits <<< "$BACKEND_BATCH_LIMITS"[0m
database-full-load (10)	Independent single-request native and SDK clients	2026-10-03T22:21:39.6925964Z [36;1mfor backend_limit in "${batch_limits[@]}"; do[0m
database-full-load (10)	Independent single-request native and SDK clients	2026-10-03T22:21:39.6926156Z [36;1m  export BACKEND_BATCH_LIMIT="$backend_limit"[0m
database-full-load (10)	Independent single-request native and SDK clients	2026-10-03T22:21:39.6926417Z [36;1m  export MEASUREMENT_OUTPUT="results/local/saturation-batch-$backend_limit"[0m
database-full-load (10)	Independent single-request native and SDK clients	2026-10-03T22:21:39.6926755Z [36;1m  export MEASUREMENT_RECEIPT="results/local/measurement-batch-$backend_limit.receipt.json"[0m
database-full-load (10)	Independent single-request native and SDK clients	2026-10-03T22:21:39.6927006Z [36;1m  python3 - <<'PY'[0m
database-full-load (10)	Independent single-request native and SDK clients	2026-10-03T22:21:39.6927166Z [36;1mimport hashlib, json, os, pathlib, subprocess[0m
database-full-load (10)	Independent single-request native and SDK clients	2026-10-03T22:21:39.6927358Z [36;1mbinary = pathlib.Path('.tools/weir-lab')[0m
database-full-load (10)	Independent single-request native and SDK clients	2026-10-03T22:21:39.6928276Z [36;1mcommand = [str(binary), '-mode', 'saturation', '-weir', '.tools/weir', '-backend', 'all', '-database-cpus', os.environ['DATABASE_CPUS'], '-store-concurrency', '32', '-backend-batch-limit', os.environ['BACKEND_BATCH_LIMIT'], '-client-processes', '4', '-concurrency-levels', os.environ['CLIENT_LEVELS'], '-batch-sizes', '1', '-records', '2048', '-payload-bytes', '1024', '-write-percent', os.environ['WRITE_PERCENT'], '-rounds', '3', '-warmup-duration', '10s', '-duration', '20s', '-output', os.environ['MEASUREMENT_OUTPUT']][0m
database-full-load (10)	Independent single-request native and SDK clients	2026-10-03T22:21:39.6930056Z [36;1mreceipt = {'host_memory_bytes': int(next(line for line in pathlib.Path('/proc/meminfo').read_text().splitlines() if line.startswith('MemTotal:')).split()[1]) * 1024, 'source': subprocess.check_output(['git', 'rev-parse', 'HEAD'], text=True).strip(), 'source_dirty': bool(subprocess.check_output(['git', 'status', '--porcelain'])), 'client_binary_sha256': hashlib.sha256(binary.read_bytes()).hexdigest(), 'client_build': subprocess.check_output(['go', 'version', '-m', str(binary)], text=True), 'versions': json.loads(pathlib.Path('versions.json').read_text()), 'command': command}[0m
database-full-load (10)	Independent single-request native and SDK clients	2026-10-03T22:21:39.6931202Z [36;1mif receipt['source_dirty']:[0m
database-full-load (10)	Independent single-request native and SDK clients	2026-10-03T22:21:39.6931408Z [36;1m    raise SystemExit('measurement requires a clean source checkout')[0m
database-full-load (10)	Independent single-request native and SDK clients	2026-10-03T22:21:39.6931824Z [36;1mpathlib.Path(os.environ['MEASUREMENT_RECEIPT']).write_text(json.dumps(receipt, indent=2) + '\n')[0m
database-full-load (10)	Independent single-request native and SDK clients	2026-10-03T22:21:39.6932070Z [36;1mPY[0m
database-full-load (10)	Independent single-request native and SDK clients	2026-10-03T22:21:39.6932866Z [36;1m  .tools/weir-lab -mode saturation -weir .tools/weir -backend all -database-cpus "$DATABASE_CPUS" -store-concurrency 32 -backend-batch-limit "$BACKEND_BATCH_LIMIT" -client-processes 4 -concurrency-levels "$CLIENT_LEVELS" -batch-sizes 1 -records 2048 -payload-bytes 1024 -write-percent "$WRITE_PERCENT" -rounds 3 -warmup-duration 10s -duration 20s -output "$MEASUREMENT_OUTPUT" 2>&1 | tee "results/local/saturation-batch-$backend_limit.log"[0m
database-full-load (10)	Independent single-request native and SDK clients	2026-10-03T22:21:39.6933695Z [36;1mdone[0m
database-full-load (10)	Independent single-request native and SDK clients	2026-10-03T22:21:39.6933812Z [36;1mgit diff --exit-code[0m
database-full-load (10)	Independent single-request native and SDK clients	2026-10-03T22:21:39.6983372Z shell: /usr/bin/bash --noprofile --norc -e -o pipefail {0}
database-full-load (10)	Independent single-request native and SDK clients	2026-10-03T22:21:39.6983550Z env:
database-full-load (10)	Independent single-request native and SDK clients	2026-10-03T22:21:39.6983664Z   GOENV: off
database-full-load (10)	Independent single-request native and SDK clients	2026-10-03T22:21:39.6983771Z   GOWORK: off
database-full-load (10)	Independent single-request native and SDK clients	2026-10-03T22:21:39.6983879Z   GOTOOLCHAIN: local
database-full-load (10)	Independent single-request native and SDK clients	2026-10-03T22:21:39.6984001Z   GOFLAGS: -mod=readonly
database-full-load (10)	Independent single-request native and SDK clients	2026-10-03T22:21:39.6984134Z   PYTHONDONTWRITEBYTECODE: 1
database-full-load (10)	Independent single-request native and SDK clients	2026-10-03T22:21:39.6984267Z   GOPROXY: off
database-full-load (10)	Independent single-request native and SDK clients	2026-10-03T22:21:39.6984372Z   GOSUMDB: off
database-full-load (10)	Independent single-request native and SDK clients	2026-10-03T22:21:39.6984480Z   WRITE_PERCENT: 10
database-full-load (10)	Independent single-request native and SDK clients	2026-10-03T22:21:39.6984592Z   DATABASE_CPUS: 1
database-full-load (10)	Independent single-request native and SDK clients	2026-10-03T22:21:39.6984705Z   CLIENT_LEVELS: 8,32,128
database-full-load (10)	Independent single-request native and SDK clients	2026-10-03T22:21:39.6984831Z   BACKEND_BATCH_LIMITS: 32
database-full-load (10)	Independent single-request native and SDK clients	2026-10-03T22:21:39.6984958Z ##[endgroup]
database-full-load (10)	Independent single-request native and SDK clients	2026-10-03T22:22:01.9103822Z Owned fixture logs: /tmp/weir-tests-1546757298
database-full-load (10)	Independent single-request native and SDK clients	2026-10-03T22:23:03.0554748Z single-request backend=mongo processes=4 workers=8 round=1 direct=10953.0 weir=6288.3 DB-CPU direct=98.8% weir=74.1%
database-full-load (10)	Independent single-request native and SDK clients	2026-10-03T22:24:04.1407555Z single-request backend=mongo processes=4 workers=8 round=2 direct=10725.6 weir=6408.1 DB-CPU direct=99.0% weir=76.4%
database-full-load (10)	Independent single-request native and SDK clients	2026-10-03T22:25:05.2478341Z single-request backend=mongo processes=4 workers=8 round=3 direct=10984.5 weir=6374.2 DB-CPU direct=99.0% weir=76.5%
database-full-load (10)	Independent single-request native and SDK clients	2026-10-03T22:26:06.3704490Z single-request backend=mongo processes=4 workers=32 round=1 direct=12742.6 weir=9525.6 DB-CPU direct=100.2% weir=87.1%
database-full-load (10)	Independent single-request native and SDK clients	2026-10-03T22:27:07.4615640Z single-request backend=mongo processes=4 workers=32 round=2 direct=12857.6 weir=9245.9 DB-CPU direct=100.0% weir=87.9%
database-full-load (10)	Independent single-request native and SDK clients	2026-10-03T22:28:08.5992410Z single-request backend=mongo processes=4 workers=32 round=3 direct=12191.0 weir=8969.1 DB-CPU direct=99.8% weir=88.6%
database-full-load (10)	Independent single-request native and SDK clients	2026-10-03T22:29:09.7573214Z single-request backend=mongo processes=4 workers=128 round=1 direct=12062.2 weir=13583.0 DB-CPU direct=100.0% weir=81.9%
database-full-load (10)	Independent single-request native and SDK clients	2026-10-03T22:30:10.9043850Z single-request backend=mongo processes=4 workers=128 round=2 direct=12414.9 weir=13722.8 DB-CPU direct=99.9% weir=83.0%
database-full-load (10)	Independent single-request native and SDK clients	2026-10-03T22:31:12.0574248Z single-request backend=mongo processes=4 workers=128 round=3 direct=11970.5 weir=14434.0 DB-CPU direct=99.9% weir=84.5%
database-full-load (10)	Independent single-request native and SDK clients	2026-10-03T22:31:12.0704544Z # Database saturation comparison
database-full-load (10)	Independent single-request native and SDK clients	2026-10-03T22:31:12.0704772Z 
database-full-load (10)	Independent single-request native and SDK clients	2026-10-03T22:31:12.0704882Z Backend **mongo**. Started 2026-10-03T22:22:01.929029986Z.
database-full-load (10)	Independent single-request native and SDK clients	2026-10-03T22:31:12.0705109Z 
database-full-load (10)	Independent single-request native and SDK clients	2026-10-03T22:31:12.0706589Z independent OS client processes send one record per native call or unary SDK RPC; native FindOne/ReplaceOne or single-ID mget/PUT; no client aggregation; worker-owned disjoint IDs; common phase barriers and unchanged pools across warmup and measurement; alternating AB/BA; latency is each business request including validation, queueing and any server aggregation; independent persisted postflight; sustained database CPU requires >=5 intervals, >=80% measurement coverage, mean CPU>=threshold and CPU>=threshold during >=80% measurement duration in every round, plus <=10% next-level throughput gain.
database-full-load (10)	Independent single-request native and SDK clients	2026-10-03T22:31:12.0708354Z 
database-full-load (10)	Independent single-request native and SDK clients	2026-10-03T22:31:12.0708596Z Warmup 10s and measurement 20s per path/stage, 3 paired rounds, requested writes 10%.
database-full-load (10)	Independent single-request native and SDK clients	2026-10-03T22:31:12.0708886Z 
database-full-load (10)	Independent single-request native and SDK clients	2026-10-03T22:31:12.0709607Z 4 independent OS client processes. Each worker sends one business request containing one record, waits for its acknowledged result, and validates it. p50/p95/p99 describe individual requests; histograms are pooled rather than averaging process quantiles.
database-full-load (10)	Independent single-request native and SDK clients	2026-10-03T22:31:12.0710267Z 
database-full-load (10)	Independent single-request native and SDK clients	2026-10-03T22:31:12.0710637Z | Batch | Workers | Round | Path | Read | Write | Success | Errors/unknown | Ops/s | p95 call ms | DB CPU budget % | Full CPU time % | Sampling coverage % | Verified |
database-full-load (10)	Independent single-request native and SDK clients	2026-10-03T22:31:12.0711140Z | ---: | ---: | ---: | --- | ---: | ---: | ---: | ---: | ---: | ---: | ---: | ---: | ---: | --- |
database-full-load (10)	Independent single-request native and SDK clients	2026-10-03T22:31:12.0711432Z | 1 | 8 | 1 | direct | 197258 | 21812 | 219070 | 0 | 10953.0 | 1.407 | 98.8 | 96.0 | 96.0 | true |
database-full-load (10)	Independent single-request native and SDK clients	2026-10-03T22:31:12.0712483Z | 1 | 8 | 1 | weir | 113127 | 12653 | 125780 | 0 | 6288.3 | 2.815 | 74.1 | 0.0 | 95.8 | true |
database-full-load (10)	Independent single-request native and SDK clients	2026-10-03T22:31:12.0712783Z | 1 | 8 | 2 | direct | 193175 | 21344 | 214519 | 0 | 10725.6 | 1.407 | 99.0 | 94.9 | 94.9 | true |
database-full-load (10)	Independent single-request native and SDK clients	2026-10-03T22:31:12.0713071Z | 1 | 8 | 2 | weir | 115297 | 12874 | 128171 | 0 | 6408.1 | 2.815 | 76.4 | 0.0 | 95.9 | true |
database-full-load (10)	Independent single-request native and SDK clients	2026-10-03T22:31:12.0713351Z | 1 | 8 | 3 | direct | 197829 | 21870 | 219699 | 0 | 10984.5 | 1.407 | 99.0 | 95.9 | 95.9 | true |
database-full-load (10)	Independent single-request native and SDK clients	2026-10-03T22:31:12.0713631Z | 1 | 8 | 3 | weir | 114699 | 12792 | 127491 | 0 | 6374.2 | 2.815 | 76.5 | 0.0 | 95.8 | true |
database-full-load (10)	Independent single-request native and SDK clients	2026-10-03T22:31:12.0713916Z | 1 | 32 | 1 | direct | 229171 | 25709 | 254880 | 0 | 12742.6 | 4.607 | 100.2 | 95.5 | 95.5 | true |
database-full-load (10)	Independent single-request native and SDK clients	2026-10-03T22:31:12.0714206Z | 1 | 32 | 1 | weir | 171296 | 19240 | 190536 | 0 | 9525.6 | 7.167 | 87.1 | 5.2 | 96.3 | true |
database-full-load (10)	Independent single-request native and SDK clients	2026-10-03T22:31:12.0714600Z | 1 | 32 | 2 | direct | 231288 | 25877 | 257165 | 0 | 12857.6 | 4.607 | 100.0 | 95.4 | 95.4 | true |
database-full-load (10)	Independent single-request native and SDK clients	2026-10-03T22:31:12.0715047Z | 1 | 32 | 2 | weir | 166281 | 18671 | 184952 | 0 | 9245.9 | 7.167 | 87.9 | 21.3 | 96.4 | true |
database-full-load (10)	Independent single-request native and SDK clients	2026-10-03T22:31:12.0715513Z | 1 | 32 | 3 | direct | 219369 | 24474 | 243843 | 0 | 12191.0 | 4.607 | 99.8 | 96.5 | 96.5 | true |
database-full-load (10)	Independent single-request native and SDK clients	2026-10-03T22:31:12.0716203Z | 1 | 32 | 3 | weir | 161311 | 18095 | 179406 | 0 | 8969.1 | 7.679 | 88.6 | 27.1 | 96.8 | true |
database-full-load (10)	Independent single-request native and SDK clients	2026-10-03T22:31:12.0716669Z | 1 | 128 | 1 | direct | 217315 | 23983 | 241298 | 0 | 12062.2 | 53.247 | 100.0 | 95.4 | 95.4 | true |
database-full-load (10)	Independent single-request native and SDK clients	2026-10-03T22:31:12.0717122Z | 1 | 128 | 1 | weir | 244896 | 26897 | 271793 | 0 | 13583.0 | 20.479 | 81.9 | 0.0 | 96.5 | true |
database-full-load (10)	Independent single-request native and SDK clients	2026-10-03T22:31:12.0717596Z | 1 | 128 | 2 | direct | 223684 | 24686 | 248370 | 0 | 12414.9 | 53.247 | 99.9 | 96.5 | 96.5 | true |
database-full-load (10)	Independent single-request native and SDK clients	2026-10-03T22:31:12.0717995Z | 1 | 128 | 2 | weir | 247361 | 27171 | 274532 | 0 | 13722.8 | 18.431 | 83.0 | 0.0 | 96.9 | true |
database-full-load (10)	Independent single-request native and SDK clients	2026-10-03T22:31:12.0718289Z | 1 | 128 | 3 | direct | 215774 | 23769 | 239543 | 0 | 11970.5 | 53.247 | 99.9 | 96.4 | 96.4 | true |
database-full-load (10)	Independent single-request native and SDK clients	2026-10-03T22:31:12.0718680Z | 1 | 128 | 3 | weir | 260164 | 28570 | 288734 | 0 | 14434.0 | 18.431 | 84.5 | 10.5 | 96.4 | true |
database-full-load (10)	Independent single-request native and SDK clients	2026-10-03T22:31:12.0718920Z 
database-full-load (10)	Independent single-request native and SDK clients	2026-10-03T22:31:12.0719126Z Measured Weir adapter and unary RPC evidence (warmup, reset and postflight excluded):
database-full-load (10)	Independent single-request native and SDK clients	2026-10-03T22:31:12.0719420Z 
database-full-load (10)	Independent single-request native and SDK clients	2026-10-03T22:31:12.0719864Z | Batch | Workers | Round | Adapter invocations | Mean adapter batch | Read/Mutate RPCs | Queue mean ms | Adapter mean ms | Rejections | Backend concurrency limit |
database-full-load (10)	Independent single-request native and SDK clients	2026-10-03T22:31:12.0720687Z | ---: | ---: | ---: | ---: | ---: | --- | ---: | ---: | ---: | ---: |
database-full-load (10)	Independent single-request native and SDK clients	2026-10-03T22:31:12.0721152Z | 1 | 8 | 1 | 115258 | 1.091 | 113127/12653 | 0.010 | 0.607 | 0 | 32.000 |
database-full-load (10)	Independent single-request native and SDK clients	2026-10-03T22:31:12.0721546Z | 1 | 8 | 2 | 117517 | 1.091 | 115297/12874 | 0.010 | 0.594 | 0 | 32.000 |
database-full-load (10)	Independent single-request native and SDK clients	2026-10-03T22:31:12.0722178Z | 1 | 8 | 3 | 117171 | 1.088 | 114699/12792 | 0.010 | 0.593 | 0 | 32.000 |
database-full-load (10)	Independent single-request native and SDK clients	2026-10-03T22:31:12.0722546Z | 1 | 32 | 1 | 130548 | 1.460 | 171296/19240 | 0.054 | 1.148 | 0 | 32.000 |
database-full-load (10)	Independent single-request native and SDK clients	2026-10-03T22:31:12.0722947Z | 1 | 32 | 2 | 124683 | 1.483 | 166281/18671 | 0.057 | 1.207 | 0 | 32.000 |
database-full-load (10)	Independent single-request native and SDK clients	2026-10-03T22:31:12.0723493Z | 1 | 32 | 3 | 120844 | 1.485 | 161311/18095 | 0.057 | 1.268 | 0 | 32.000 |
database-full-load (10)	Independent single-request native and SDK clients	2026-10-03T22:31:12.0723875Z | 1 | 128 | 1 | 91324 | 2.976 | 244896/26897 | 0.300 | 2.274 | 0 | 32.000 |
database-full-load (10)	Independent single-request native and SDK clients	2026-10-03T22:31:12.0724253Z | 1 | 128 | 2 | 94440 | 2.907 | 247361/27171 | 0.267 | 2.250 | 0 | 32.000 |
database-full-load (10)	Independent single-request native and SDK clients	2026-10-03T22:31:12.0724634Z | 1 | 128 | 3 | 98534 | 2.930 | 260164/28570 | 0.283 | 2.216 | 0 | 32.000 |
database-full-load (10)	Independent single-request native and SDK clients	2026-10-03T22:31:12.0724867Z 
database-full-load (10)	Independent single-request native and SDK clients	2026-10-03T22:31:12.0726012Z **Batch 1: database-full-load throughput comparison unavailable.** both paths must independently demonstrate sustained database CPU saturation and a verified next-level throughput plateau; increase concurrency or isolate client/Weir resources; I/O/network-bound saturation needs additional device/link capacity evidence.
database-full-load (10)	Independent single-request native and SDK clients	2026-10-03T22:31:12.0727152Z 
database-full-load (10)	Independent single-request native and SDK clients	2026-10-03T22:31:12.0727853Z Best verified business QPS within this ladder: direct 12597.1 (32 workers), Weir 13913.2 (128 workers), observed change +10.45%. This is a measured business-throughput comparison, not a maximum-database-capacity claim.
database-full-load (10)	Independent single-request native and SDK clients	2026-10-03T22:31:12.0728599Z 
database-full-load (10)	Independent single-request native and SDK clients	2026-10-03T22:31:12.0729023Z Observed single-request business performance at matched client concurrency (independent of the database-capacity qualification):
database-full-load (10)	Independent single-request native and SDK clients	2026-10-03T22:31:12.0729510Z 
database-full-load (10)	Independent single-request native and SDK clients	2026-10-03T22:31:12.0729752Z | Workers | Direct QPS | Weir QPS | Change | Direct p50/p95/p99 ms | Weir p50/p95/p99 ms |
database-full-load (10)	Independent single-request native and SDK clients	2026-10-03T22:31:12.0730171Z | ---: | ---: | ---: | ---: | --- | --- |
database-full-load (10)	Independent single-request native and SDK clients	2026-10-03T22:31:12.0730526Z | 8 | 10887.7 | 6356.9 | -41.61% | 0.383 / 1.407 / 3.583 | 1.151 / 2.815 / 4.095 |
database-full-load (10)	Independent single-request native and SDK clients	2026-10-03T22:31:12.0730964Z | 32 | 12597.1 | 9246.9 | -26.60% | 1.279 / 4.607 / 45.055 | 3.071 / 7.167 / 10.239 |
database-full-load (10)	Independent single-request native and SDK clients	2026-10-03T22:31:12.0731407Z | 128 | 12149.2 | 13913.2 | +14.52% | 5.631 / 53.247 / 65.535 | 9.215 / 18.431 / 26.623 |
database-full-load (10)	Independent single-request native and SDK clients	2026-10-03T22:31:12.0731916Z 
database-full-load (10)	Independent single-request native and SDK clients	2026-10-03T22:31:12.0732920Z These QPS and latency observations apply to this hardware and measured concurrency range. A business-throughput improvement can exist without demonstrating the maximum database capacity. An underfull database or missing next-level plateau keeps the database-capacity comparison unavailable.
database-full-load (10)	Independent single-request native and SDK clients	2026-10-03T22:31:12.0734073Z 
database-full-load (10)	Independent single-request native and SDK clients	2026-10-03T22:31:12.0736441Z Aggregation evidence: the JSON records one business request per record, Read/Mutate RPC counts, adapter invocation counts, average adapter batch and its cumulative histogram, and RPCs per adapter invocation. An adapter invocation is not necessarily one physical database wire command. MongoDB physical find/update/bulkWrite/getMore/killCursors deltas come from owned serverStatus at timed boundaries; missing counters remain unavailable. Elasticsearch has no equivalent physical HTTP-command counter. Every child PID, configured native pool limit, final revision ranges, exit result and sampled CPU/RSS is retained; coordinator sampling CPU is excluded from business-client CPU.
database-full-load (10)	Independent single-request native and SDK clients	2026-10-03T22:31:12.0738724Z 
database-full-load (10)	Independent single-request native and SDK clients	2026-10-03T22:31:12.0742145Z The JSON retains before/after raw public Weir metrics and their observed deltas, every resource sample, monitor failures, raw cumulative database/container I/O and network counters, CPU quota/host core denominator, and client/Weir cumulative CPU. Docker CPU uses cumulative Engine usage and read timestamps across each entire sampling interval, never CLI instantaneous percentages. Both interval endpoints must succeed; missing intervals reduce full-run coverage. Samples include monitoring traffic and background database work. Native ps CPU has platform-dependent clock resolution. Native databases share the host CPU budget with the client and Weir. Disk/network utilization or capacity is not inferred from byte counters. A plateau without sustained database CPU saturation is not a database-full-load result. Startup/discovery/reset/postflight and warmup are excluded from throughput; all in-flight completion and validation is included.
database-full-load (10)	Independent single-request native and SDK clients	2026-10-03T22:32:15.1333419Z single-request backend=search processes=4 workers=8 round=1 direct=3894.7 weir=4625.7 DB-CPU direct=100.1% weir=89.6%
database-full-load (10)	Independent single-request native and SDK clients	2026-10-03T22:33:16.4686313Z single-request backend=search processes=4 workers=8 round=2 direct=9959.5 weir=5734.7 DB-CPU direct=99.8% weir=77.7%
database-full-load (10)	Independent single-request native and SDK clients	2026-10-03T22:34:17.7691180Z single-request backend=search processes=4 workers=8 round=3 direct=10215.3 weir=6234.1 DB-CPU direct=99.9% weir=76.8%
database-full-load (10)	Independent single-request native and SDK clients	2026-10-03T22:35:18.9777373Z single-request backend=search processes=4 workers=32 round=1 direct=11598.8 weir=8716.1 DB-CPU direct=99.8% weir=82.0%
database-full-load (10)	Independent single-request native and SDK clients	2026-10-03T22:36:20.2519696Z single-request backend=search processes=4 workers=32 round=2 direct=11934.2 weir=8590.9 DB-CPU direct=100.0% weir=83.6%
database-full-load (10)	Independent single-request native and SDK clients	2026-10-03T22:37:21.5330071Z single-request backend=search processes=4 workers=32 round=3 direct=11113.9 weir=8995.1 DB-CPU direct=93.5% weir=82.3%
database-full-load (10)	Independent single-request native and SDK clients	2026-10-03T22:38:22.8266241Z single-request backend=search processes=4 workers=128 round=1 direct=12123.6 weir=11370.1 DB-CPU direct=100.0% weir=76.7%
database-full-load (10)	Independent single-request native and SDK clients	2026-10-03T22:39:24.1205551Z single-request backend=search processes=4 workers=128 round=2 direct=11689.8 weir=12215.6 DB-CPU direct=99.1% weir=77.7%
database-full-load (10)	Independent single-request native and SDK clients	2026-10-03T22:40:25.4095693Z single-request backend=search processes=4 workers=128 round=3 direct=12185.9 weir=12655.1 DB-CPU direct=0.0% weir=0.0%
database-full-load (10)	Independent single-request native and SDK clients	2026-10-03T22:40:25.4237113Z # Database saturation comparison
database-full-load (10)	Independent single-request native and SDK clients	2026-10-03T22:40:25.4237353Z 
database-full-load (10)	Independent single-request native and SDK clients	2026-10-03T22:40:25.4237466Z Backend **search**. Started 2026-10-03T22:31:12.308020257Z.
database-full-load (10)	Independent single-request native and SDK clients	2026-10-03T22:40:25.4237613Z 
database-full-load (10)	Independent single-request native and SDK clients	2026-10-03T22:40:25.4239175Z independent OS client processes send one record per native call or unary SDK RPC; native FindOne/ReplaceOne or single-ID mget/PUT; no client aggregation; worker-owned disjoint IDs; common phase barriers and unchanged pools across warmup and measurement; alternating AB/BA; latency is each business request including validation, queueing and any server aggregation; independent persisted postflight; sustained database CPU requires >=5 intervals, >=80% measurement coverage, mean CPU>=threshold and CPU>=threshold during >=80% measurement duration in every round, plus <=10% next-level throughput gain.
database-full-load (10)	Independent single-request native and SDK clients	2026-10-03T22:40:25.4240916Z 
database-full-load (10)	Independent single-request native and SDK clients	2026-10-03T22:40:25.4241140Z Warmup 10s and measurement 20s per path/stage, 3 paired rounds, requested writes 10%.
database-full-load (10)	Independent single-request native and SDK clients	2026-10-03T22:40:25.4243994Z 
database-full-load (10)	Independent single-request native and SDK clients	2026-10-03T22:40:25.4244705Z 4 independent OS client processes. Each worker sends one business request containing one record, waits for its acknowledged result, and validates it. p50/p95/p99 describe individual requests; histograms are pooled rather than averaging process quantiles.
database-full-load (10)	Independent single-request native and SDK clients	2026-10-03T22:40:25.4245402Z 
database-full-load (10)	Independent single-request native and SDK clients	2026-10-03T22:40:25.4245790Z | Batch | Workers | Round | Path | Read | Write | Success | Errors/unknown | Ops/s | p95 call ms | DB CPU budget % | Full CPU time % | Sampling coverage % | Verified |
database-full-load (10)	Independent single-request native and SDK clients	2026-10-03T22:40:25.4246376Z | ---: | ---: | ---: | --- | ---: | ---: | ---: | ---: | ---: | ---: | ---: | ---: | ---: | --- |
database-full-load (10)	Independent single-request native and SDK clients	2026-10-03T22:40:25.4246770Z | 1 | 8 | 1 | direct | 70055 | 7842 | 77897 | 0 | 3894.7 | 3.071 | 100.1 | 97.2 | 97.2 | true |
database-full-load (10)	Independent single-request native and SDK clients	2026-10-03T22:40:25.4247159Z | 1 | 8 | 1 | weir | 83213 | 9304 | 92517 | 0 | 4625.7 | 3.327 | 89.6 | 42.5 | 96.0 | true |
database-full-load (10)	Independent single-request native and SDK clients	2026-10-03T22:40:25.4247565Z | 1 | 8 | 2 | direct | 179290 | 19905 | 199195 | 0 | 9959.5 | 1.791 | 99.8 | 99.8 | 99.8 | true |
database-full-load (10)	Independent single-request native and SDK clients	2026-10-03T22:40:25.4247988Z | 1 | 8 | 2 | weir | 103228 | 11591 | 114819 | 0 | 5734.7 | 2.815 | 77.7 | 0.0 | 95.3 | true |
database-full-load (10)	Independent single-request native and SDK clients	2026-10-03T22:40:25.4248397Z | 1 | 8 | 3 | direct | 183971 | 20342 | 204313 | 0 | 10215.3 | 1.791 | 99.9 | 95.3 | 95.3 | true |
database-full-load (10)	Independent single-request native and SDK clients	2026-10-03T22:40:25.4248807Z | 1 | 8 | 3 | weir | 112137 | 12554 | 124691 | 0 | 6234.1 | 2.815 | 76.8 | 0.0 | 96.0 | true |
database-full-load (10)	Independent single-request native and SDK clients	2026-10-03T22:40:25.4249233Z | 1 | 32 | 1 | direct | 208716 | 23289 | 232005 | 0 | 11598.8 | 12.287 | 99.8 | 95.3 | 95.3 | true |
database-full-load (10)	Independent single-request native and SDK clients	2026-10-03T22:40:25.4249651Z | 1 | 32 | 1 | weir | 156778 | 17561 | 174339 | 0 | 8716.1 | 7.679 | 82.0 | 0.0 | 96.2 | true |
database-full-load (10)	Independent single-request native and SDK clients	2026-10-03T22:40:25.4250093Z | 1 | 32 | 2 | direct | 214786 | 23970 | 238756 | 0 | 11934.2 | 10.239 | 100.0 | 95.6 | 95.6 | true |
database-full-load (10)	Independent single-request native and SDK clients	2026-10-03T22:40:25.4250521Z | 1 | 32 | 2 | weir | 154516 | 17335 | 171851 | 0 | 8590.9 | 7.679 | 83.6 | 16.0 | 96.9 | true |
database-full-load (10)	Independent single-request native and SDK clients	2026-10-03T22:40:25.4251193Z | 1 | 32 | 3 | direct | 200041 | 22345 | 222386 | 0 | 11113.9 | 11.263 | 93.5 | 69.3 | 95.5 | true |
database-full-load (10)	Independent single-request native and SDK clients	2026-10-03T22:40:25.4251629Z | 1 | 32 | 3 | weir | 161794 | 18128 | 179922 | 0 | 8995.1 | 7.167 | 82.3 | 0.0 | 96.2 | true |
database-full-load (10)	Independent single-request native and SDK clients	2026-10-03T22:40:25.4252231Z | 1 | 128 | 1 | direct | 218894 | 24146 | 243040 | 0 | 12123.6 | 90.111 | 100.0 | 96.6 | 96.6 | true |
database-full-load (10)	Independent single-request native and SDK clients	2026-10-03T22:40:25.4252640Z | 1 | 128 | 1 | weir | 204853 | 22619 | 227472 | 0 | 11370.1 | 22.527 | 76.7 | 0.0 | 97.2 | true |
database-full-load (10)	Independent single-request native and SDK clients	2026-10-03T22:40:25.4253062Z | 1 | 128 | 2 | direct | 210971 | 23259 | 234230 | 0 | 11689.8 | 90.111 | 99.1 | 91.1 | 96.4 | true |
database-full-load (10)	Independent single-request native and SDK clients	2026-10-03T22:40:25.4253468Z | 1 | 128 | 2 | weir | 220077 | 24344 | 244421 | 0 | 12215.6 | 20.479 | 77.7 | 0.0 | 96.8 | true |
database-full-load (10)	Independent single-request native and SDK clients	2026-10-03T22:40:25.4253899Z | 1 | 128 | 3 | direct | 219963 | 24259 | 244222 | 0 | 12185.9 | 90.111 | 0.0 | 0.0 | 0.0 | true |
database-full-load (10)	Independent single-request native and SDK clients	2026-10-03T22:40:25.4254322Z | 1 | 128 | 3 | weir | 228077 | 25077 | 253154 | 0 | 12655.1 | 20.479 | 0.0 | 0.0 | 0.0 | true |
database-full-load (10)	Independent single-request native and SDK clients	2026-10-03T22:40:25.4254604Z 
database-full-load (10)	Independent single-request native and SDK clients	2026-10-03T22:40:25.4254846Z Measured Weir adapter and unary RPC evidence (warmup, reset and postflight excluded):
database-full-load (10)	Independent single-request native and SDK clients	2026-10-03T22:40:25.4255142Z 
database-full-load (10)	Independent single-request native and SDK clients	2026-10-03T22:40:25.4255586Z | Batch | Workers | Round | Adapter invocations | Mean adapter batch | Read/Mutate RPCs | Queue mean ms | Adapter mean ms | Rejections | Backend concurrency limit |
database-full-load (10)	Independent single-request native and SDK clients	2026-10-03T22:40:25.4256155Z | ---: | ---: | ---: | ---: | ---: | --- | ---: | ---: | ---: | ---: |
database-full-load (10)	Independent single-request native and SDK clients	2026-10-03T22:40:25.4256466Z | 1 | 8 | 1 | 85945 | 1.076 | 83213/9304 | 0.010 | 1.076 | 0 | 32.000 |
database-full-load (10)	Independent single-request native and SDK clients	2026-10-03T22:40:25.4256780Z | 1 | 8 | 2 | 106683 | 1.076 | 103228/11591 | 0.008 | 0.790 | 0 | 32.000 |
database-full-load (10)	Independent single-request native and SDK clients	2026-10-03T22:40:25.4257096Z | 1 | 8 | 3 | 115992 | 1.075 | 112137/12554 | 0.008 | 0.682 | 0 | 32.000 |
database-full-load (10)	Independent single-request native and SDK clients	2026-10-03T22:40:25.4257459Z | 1 | 32 | 1 | 127483 | 1.368 | 156778/17561 | 0.048 | 1.554 | 0 | 32.000 |
database-full-load (10)	Independent single-request native and SDK clients	2026-10-03T22:40:25.4257799Z | 1 | 32 | 2 | 125254 | 1.372 | 154516/17335 | 0.047 | 1.668 | 0 | 32.000 |
database-full-load (10)	Independent single-request native and SDK clients	2026-10-03T22:40:25.4258100Z | 1 | 32 | 3 | 131093 | 1.372 | 161794/18128 | 0.046 | 1.497 | 0 | 32.000 |
database-full-load (10)	Independent single-request native and SDK clients	2026-10-03T22:40:25.4258355Z | 1 | 128 | 1 | 82961 | 2.742 | 204853/22619 | 0.366 | 3.444 | 0 | 32.000 |
database-full-load (10)	Independent single-request native and SDK clients	2026-10-03T22:40:25.4258765Z | 1 | 128 | 2 | 89478 | 2.732 | 220077/24344 | 0.318 | 3.167 | 0 | 32.000 |
database-full-load (10)	Independent single-request native and SDK clients	2026-10-03T22:40:25.4259008Z | 1 | 128 | 3 | 92493 | 2.737 | 228077/25077 | 0.332 | 3.117 | 0 | 32.000 |
database-full-load (10)	Independent single-request native and SDK clients	2026-10-03T22:40:25.4259152Z 
database-full-load (10)	Independent single-request native and SDK clients	2026-10-03T22:40:25.4259911Z **Batch 1: database-full-load throughput comparison unavailable.** both paths must independently demonstrate sustained database CPU saturation and a verified next-level throughput plateau; increase concurrency or isolate client/Weir resources; I/O/network-bound saturation needs additional device/link capacity evidence.
database-full-load (10)	Independent single-request native and SDK clients	2026-10-03T22:40:25.4260665Z 
database-full-load (10)	Independent single-request native and SDK clients	2026-10-03T22:40:25.4261139Z Best verified business QPS within this ladder: direct 11999.8 (128 workers), Weir 12080.3 (128 workers), observed change +0.67%. This is a measured business-throughput comparison, not a maximum-database-capacity claim.
database-full-load (10)	Independent single-request native and SDK clients	2026-10-03T22:40:25.4261639Z 
database-full-load (10)	Independent single-request native and SDK clients	2026-10-03T22:40:25.4262097Z Observed single-request business performance at matched client concurrency (independent of the database-capacity qualification):
database-full-load (10)	Independent single-request native and SDK clients	2026-10-03T22:40:25.4262426Z 
database-full-load (10)	Independent single-request native and SDK clients	2026-10-03T22:40:25.4262600Z | Workers | Direct QPS | Weir QPS | Change | Direct p50/p95/p99 ms | Weir p50/p95/p99 ms |
database-full-load (10)	Independent single-request native and SDK clients	2026-10-03T22:40:25.4262896Z | ---: | ---: | ---: | ---: | --- | --- |
database-full-load (10)	Independent single-request native and SDK clients	2026-10-03T22:40:25.4263141Z | 8 | 8023.1 | 5531.6 | -31.05% | 0.479 / 1.919 / 13.311 | 1.151 / 2.815 / 5.631 |
database-full-load (10)	Independent single-request native and SDK clients	2026-10-03T22:40:25.4263578Z | 32 | 11548.9 | 8767.4 | -24.08% | 1.151 / 11.263 / 36.863 | 3.327 / 7.679 / 11.263 |
database-full-load (10)	Independent single-request native and SDK clients	2026-10-03T22:40:25.4264033Z | 128 | 11999.8 | 12080.3 | +0.67% | 1.663 / 90.111 / 106.495 | 10.239 / 20.479 / 28.671 |
database-full-load (10)	Independent single-request native and SDK clients	2026-10-03T22:40:25.4264280Z 
database-full-load (10)	Independent single-request native and SDK clients	2026-10-03T22:40:25.4265258Z These QPS and latency observations apply to this hardware and measured concurrency range. A business-throughput improvement can exist without demonstrating the maximum database capacity. An underfull database or missing next-level plateau keeps the database-capacity comparison unavailable.
database-full-load (10)	Independent single-request native and SDK clients	2026-10-03T22:40:25.4266443Z 
database-full-load (10)	Independent single-request native and SDK clients	2026-10-03T22:40:25.4269011Z Aggregation evidence: the JSON records one business request per record, Read/Mutate RPC counts, adapter invocation counts, average adapter batch and its cumulative histogram, and RPCs per adapter invocation. An adapter invocation is not necessarily one physical database wire command. MongoDB physical find/update/bulkWrite/getMore/killCursors deltas come from owned serverStatus at timed boundaries; missing counters remain unavailable. Elasticsearch has no equivalent physical HTTP-command counter. Every child PID, configured native pool limit, final revision ranges, exit result and sampled CPU/RSS is retained; coordinator sampling CPU is excluded from business-client CPU.
database-full-load (10)	Independent single-request native and SDK clients	2026-10-03T22:40:25.4271898Z 
database-full-load (10)	Independent single-request native and SDK clients	2026-10-03T22:40:25.4275345Z The JSON retains before/after raw public Weir metrics and their observed deltas, every resource sample, monitor failures, raw cumulative database/container I/O and network counters, CPU quota/host core denominator, and client/Weir cumulative CPU. Docker CPU uses cumulative Engine usage and read timestamps across each entire sampling interval, never CLI instantaneous percentages. Both interval endpoints must succeed; missing intervals reduce full-run coverage. Samples include monitoring traffic and background database work. Native ps CPU has platform-dependent clock resolution. Native databases share the host CPU budget with the client and Weir. Disk/network utilization or capacity is not inferred from byte counters. A plateau without sustained database CPU saturation is not a database-full-load result. Startup/discovery/reset/postflight and warmup are excluded from throughput; all in-flight completion and validation is included.
database-full-load (10)	Preserve raw resource samples, workload validation and cleanup	﻿2026-10-03T22:40:28.2800339Z ##[group]Run actions/upload-artifact@ea165f8d65b6e75b540449e92b4886f43607fa02
database-full-load (10)	Preserve raw resource samples, workload validation and cleanup	2026-10-03T22:40:28.2800581Z with:
database-full-load (10)	Preserve raw resource samples, workload validation and cleanup	2026-10-03T22:40:28.2800778Z   name: saturation-evidence-writes-10-7048776d09566a25a9f6cfe102eee07089f203c4
database-full-load (10)	Preserve raw resource samples, workload validation and cleanup	2026-10-03T22:40:28.2801323Z   path: results/local/
database-full-load (10)	Preserve raw resource samples, workload validation and cleanup	/tmp/weir-tests-*/manifest.json
database-full-load (10)	Preserve raw resource samples, workload validation and cleanup	/tmp/weir-tests-*/cleanup.json
database-full-load (10)	Preserve raw resource samples, workload validation and cleanup	/tmp/weir-tests-*/*config.json
database-full-load (10)	Preserve raw resource samples, workload validation and cleanup	/tmp/weir-tests-*/*routes.json
database-full-load (10)	Preserve raw resource samples, workload validation and cleanup	/tmp/weir-tests-*/*process.log
database-full-load (10)	Preserve raw resource samples, workload validation and cleanup	/tmp/weir-tests-*/docker-engine.json
database-full-load (10)	Preserve raw resource samples, workload validation and cleanup	
database-full-load (10)	Preserve raw resource samples, workload validation and cleanup	2026-10-03T22:40:28.2802058Z   retention-days: 14
database-full-load (10)	Preserve raw resource samples, workload validation and cleanup	2026-10-03T22:40:28.2802183Z   if-no-files-found: warn
database-full-load (10)	Preserve raw resource samples, workload validation and cleanup	2026-10-03T22:40:28.2802312Z   compression-level: 6
database-full-load (10)	Preserve raw resource samples, workload validation and cleanup	2026-10-03T22:40:28.2802431Z   overwrite: false
database-full-load (10)	Preserve raw resource samples, workload validation and cleanup	2026-10-03T22:40:28.2802550Z   include-hidden-files: false
database-full-load (10)	Preserve raw resource samples, workload validation and cleanup	2026-10-03T22:40:28.2802679Z env:
database-full-load (10)	Preserve raw resource samples, workload validation and cleanup	2026-10-03T22:40:28.2802777Z   GOENV: off
database-full-load (10)	Preserve raw resource samples, workload validation and cleanup	2026-10-03T22:40:28.2802884Z   GOWORK: off
database-full-load (10)	Preserve raw resource samples, workload validation and cleanup	2026-10-03T22:40:28.2802991Z   GOTOOLCHAIN: local
database-full-load (10)	Preserve raw resource samples, workload validation and cleanup	2026-10-03T22:40:28.2803112Z   GOFLAGS: -mod=readonly
database-full-load (10)	Preserve raw resource samples, workload validation and cleanup	2026-10-03T22:40:28.2803243Z   PYTHONDONTWRITEBYTECODE: 1
database-full-load (10)	Preserve raw resource samples, workload validation and cleanup	2026-10-03T22:40:28.2803398Z ##[endgroup]
database-full-load (10)	Preserve raw resource samples, workload validation and cleanup	2026-10-03T22:40:28.3879624Z (node:11980) [DEP0040] DeprecationWarning: The `punycode` module is deprecated. Please use a userland alternative instead.
database-full-load (10)	Preserve raw resource samples, workload validation and cleanup	2026-10-03T22:40:28.3880105Z (Use `node --trace-deprecation ...` to show where the warning was created)
database-full-load (10)	Preserve raw resource samples, workload validation and cleanup	2026-10-03T22:40:28.3960527Z Multiple search paths detected. Calculating the least common ancestor of all paths
database-full-load (10)	Preserve raw resource samples, workload validation and cleanup	2026-10-03T22:40:28.3962453Z The least common ancestor is /. This will be the root directory of the artifact
database-full-load (10)	Preserve raw resource samples, workload validation and cleanup	2026-10-03T22:40:28.3962844Z With the provided path, there will be 12 files uploaded
database-full-load (10)	Preserve raw resource samples, workload validation and cleanup	2026-10-03T22:40:28.3982340Z Artifact name is valid!
database-full-load (10)	Preserve raw resource samples, workload validation and cleanup	2026-10-03T22:40:28.3982773Z Root directory input is valid!
database-full-load (10)	Preserve raw resource samples, workload validation and cleanup	2026-10-03T22:40:28.7418380Z Beginning upload of artifact content to blob storage
database-full-load (10)	Preserve raw resource samples, workload validation and cleanup	2026-10-03T22:40:28.8128314Z (node:11980) [DEP0169] DeprecationWarning: `url.parse()` behavior is not standardized and prone to errors that have security implications. Use the WHATWG URL API instead. CVEs are not issued for `url.parse()` vulnerabilities.
database-full-load (10)	Preserve raw resource samples, workload validation and cleanup	2026-10-03T22:40:29.2731372Z Uploaded bytes 607637
database-full-load (10)	Preserve raw resource samples, workload validation and cleanup	2026-10-03T22:40:29.3292861Z Finished uploading artifact content to blob storage!
database-full-load (10)	Preserve raw resource samples, workload validation and cleanup	2026-10-03T22:40:29.3293784Z SHA256 digest of uploaded artifact zip is eee6174ab9e3bdd9b2f96e4a15109bcbec08f83f78b7cca0ebdba4aca9f4ec1a
database-full-load (10)	Preserve raw resource samples, workload validation and cleanup	2026-10-03T22:40:29.3294562Z Finalizing artifact upload
database-full-load (10)	Preserve raw resource samples, workload validation and cleanup	2026-10-03T22:40:29.5874546Z Artifact saturation-evidence-writes-10-7048776d09566a25a9f6cfe102eee07089f203c4.zip successfully finalized. Artifact ID 11287506205
database-full-load (10)	Preserve raw resource samples, workload validation and cleanup	2026-10-03T22:40:29.5875720Z Artifact saturation-evidence-writes-10-7048776d09566a25a9f6cfe102eee07089f203c4 has been successfully uploaded! Final size is 607637 bytes. Artifact ID is 11287506205
database-full-load (10)	Preserve raw resource samples, workload validation and cleanup	2026-10-03T22:40:29.5880311Z Artifact download URL: https://github.com/batchstream/weir-tests/actions/runs/37158104930/artifacts/11287506205
database-full-load (10)	Post Run actions/setup-go@924ae3a1cded613372ab5595356fb5720e22ba16	﻿2026-10-03T22:40:29.6029863Z Post job cleanup.
database-full-load (10)	Post Run actions/setup-go@924ae3a1cded613372ab5595356fb5720e22ba16	2026-10-03T22:40:29.6847383Z [command]/opt/hostedtoolcache/go/1.27.1/x64/bin/go env GOMODCACHE
database-full-load (10)	Post Run actions/setup-go@924ae3a1cded613372ab5595356fb5720e22ba16	2026-10-03T22:40:29.6881216Z [command]/opt/hostedtoolcache/go/1.27.1/x64/bin/go env GOCACHE
database-full-load (10)	Post Run actions/setup-go@924ae3a1cded613372ab5595356fb5720e22ba16	2026-10-03T22:40:29.6922558Z /home/runner/go/pkg/mod
database-full-load (10)	Post Run actions/setup-go@924ae3a1cded613372ab5595356fb5720e22ba16	2026-10-03T22:40:29.6925302Z /home/runner/.cache/go-build
database-full-load (10)	Post Run actions/setup-go@924ae3a1cded613372ab5595356fb5720e22ba16	2026-10-03T22:40:29.6930706Z Cache hit occurred on the primary key setup-go-Linux-x64-ubuntu24-go-1.27.1-f3893fbf0ff2b6e2efba8903234513786674983d753d1815a9a1fcf84a06448a, not saving cache.
database-full-load (10)	Post Run actions/checkout@3d3c42e5aac5ba805825da76410c181273ba90b1	﻿2026-10-03T22:40:29.7066969Z Post job cleanup.
database-full-load (10)	Post Run actions/checkout@3d3c42e5aac5ba805825da76410c181273ba90b1	2026-10-03T22:40:29.7650215Z [command]/usr/bin/git version
database-full-load (10)	Post Run actions/checkout@3d3c42e5aac5ba805825da76410c181273ba90b1	2026-10-03T22:40:29.7685050Z git version 2.55.0
database-full-load (10)	Post Run actions/checkout@3d3c42e5aac5ba805825da76410c181273ba90b1	2026-10-03T22:40:29.7708398Z Temporarily overriding HOME='/home/runner/work/_temp/4bfe9c84-c97f-4d6a-91cc-65c376c6c485' before making global git config changes
database-full-load (10)	Post Run actions/checkout@3d3c42e5aac5ba805825da76410c181273ba90b1	2026-10-03T22:40:29.7709240Z Adding repository directory to the temporary git global config as a safe directory
database-full-load (10)	Post Run actions/checkout@3d3c42e5aac5ba805825da76410c181273ba90b1	2026-10-03T22:40:29.7712285Z [command]/usr/bin/git config --global --add safe.directory /home/runner/work/weir-tests/weir-tests
database-full-load (10)	Post Run actions/checkout@3d3c42e5aac5ba805825da76410c181273ba90b1	2026-10-03T22:40:29.7742746Z Removing SSH command configuration
database-full-load (10)	Post Run actions/checkout@3d3c42e5aac5ba805825da76410c181273ba90b1	2026-10-03T22:40:29.7747774Z [command]/usr/bin/git config --local --name-only --get-regexp core\.sshCommand
database-full-load (10)	Post Run actions/checkout@3d3c42e5aac5ba805825da76410c181273ba90b1	2026-10-03T22:40:29.7780839Z [command]/usr/bin/git submodule foreach --recursive sh -c "git config --local --name-only --get-regexp 'core\.sshCommand' && git config --local --unset-all 'core.sshCommand' || :"
database-full-load (10)	Post Run actions/checkout@3d3c42e5aac5ba805825da76410c181273ba90b1	2026-10-03T22:40:29.7976628Z Removing HTTP extra header
database-full-load (10)	Post Run actions/checkout@3d3c42e5aac5ba805825da76410c181273ba90b1	2026-10-03T22:40:29.7982515Z [command]/usr/bin/git config --local --name-only --get-regexp http\.https\:\/\/github\.com\/\.extraheader
database-full-load (10)	Post Run actions/checkout@3d3c42e5aac5ba805825da76410c181273ba90b1	2026-10-03T22:40:29.8029431Z [command]/usr/bin/git submodule foreach --recursive sh -c "git config --local --name-only --get-regexp 'http\.https\:\/\/github\.com\/\.extraheader' && git config --local --unset-all 'http.https://github.com/.extraheader' || :"
database-full-load (10)	Post Run actions/checkout@3d3c42e5aac5ba805825da76410c181273ba90b1	2026-10-03T22:40:29.8292357Z Removing includeIf entries pointing to credentials config files
database-full-load (10)	Post Run actions/checkout@3d3c42e5aac5ba805825da76410c181273ba90b1	2026-10-03T22:40:29.8298148Z [command]/usr/bin/git config --local --name-only --get-regexp ^includeIf\.gitdir:
database-full-load (10)	Post Run actions/checkout@3d3c42e5aac5ba805825da76410c181273ba90b1	2026-10-03T22:40:29.8331508Z [command]/usr/bin/git submodule foreach --recursive git config --local --show-origin --name-only --get-regexp remote.origin.url
database-full-load (10)	Complete job	﻿2026-10-03T22:40:29.8640488Z Cleaning up orphan processes
database-full-load (10)	Complete job	2026-10-03T22:40:29.8868449Z ##[warning]Node.js 20 is deprecated. The following actions target Node.js 20 but are being forced to run on Node.js 24: actions/upload-artifact@ea165f8d65b6e75b540449e92b4886f43607fa02. For more information see: https://github.blog/changelog/2025-09-19-deprecation-of-node-20-on-github-actions-runners/
