database-full-load (0)	Set up job	﻿2026-10-03T23:59:03.4024253Z Current runner version: '2.337.0'
database-full-load (0)	Set up job	2026-10-03T23:59:03.4040769Z ##[group]Runner Image Provisioner
database-full-load (0)	Set up job	2026-10-03T23:59:03.4041491Z Hosted Compute Agent
database-full-load (0)	Set up job	2026-10-03T23:59:03.4041858Z Version: 20260901.588
database-full-load (0)	Set up job	2026-10-03T23:59:03.4042283Z Commit: f88ec8081b781fac6c440065ac7ff9e710ce3d0b
database-full-load (0)	Set up job	2026-10-03T23:59:03.4042699Z Build Date: 2026-09-01T19:56:44Z
database-full-load (0)	Set up job	2026-10-03T23:59:03.4043109Z Worker ID: {c4a521cb-d1d2-47b6-9339-0fca164f46be}
database-full-load (0)	Set up job	2026-10-03T23:59:03.4043527Z Azure Region: westus3
database-full-load (0)	Set up job	2026-10-03T23:59:03.4043885Z ##[endgroup]
database-full-load (0)	Set up job	2026-10-03T23:59:03.4044867Z ##[group]Operating System
database-full-load (0)	Set up job	2026-10-03T23:59:03.4045247Z Ubuntu
database-full-load (0)	Set up job	2026-10-03T23:59:03.4045580Z 24.04.5
database-full-load (0)	Set up job	2026-10-03T23:59:03.4045918Z LTS
database-full-load (0)	Set up job	2026-10-03T23:59:03.4046218Z ##[endgroup]
database-full-load (0)	Set up job	2026-10-03T23:59:03.4046566Z ##[group]Runner Image
database-full-load (0)	Set up job	2026-10-03T23:59:03.4046911Z Image: ubuntu-24.04
database-full-load (0)	Set up job	2026-10-03T23:59:03.4047228Z Version: 20260927.320.1
database-full-load (0)	Set up job	2026-10-03T23:59:03.4047850Z Included Software: https://github.com/actions/runner-images/blob/ubuntu24/20260927.320/images/ubuntu/Ubuntu2404-Readme.md
database-full-load (0)	Set up job	2026-10-03T23:59:03.4048878Z Image Release: https://github.com/actions/runner-images/releases/tag/ubuntu24%2F20260927.320
database-full-load (0)	Set up job	2026-10-03T23:59:03.4049418Z ##[endgroup]
database-full-load (0)	Set up job	2026-10-03T23:59:03.4050080Z ##[group]GITHUB_TOKEN Permissions
database-full-load (0)	Set up job	2026-10-03T23:59:03.4051391Z Contents: read
database-full-load (0)	Set up job	2026-10-03T23:59:03.4051715Z Metadata: read
database-full-load (0)	Set up job	2026-10-03T23:59:03.4052097Z ##[endgroup]
database-full-load (0)	Set up job	2026-10-03T23:59:03.4053306Z Secret source: Actions
database-full-load (0)	Set up job	2026-10-03T23:59:03.4053890Z Cache mode: write
database-full-load (0)	Set up job	2026-10-03T23:59:03.4054278Z Prepare workflow directory
database-full-load (0)	Set up job	2026-10-03T23:59:03.4287451Z Prepare all required actions
database-full-load (0)	Set up job	2026-10-03T23:59:03.4316592Z Getting action download info
database-full-load (0)	Set up job	2026-10-03T23:59:03.7564378Z Download action repository 'actions/checkout@3d3c42e5aac5ba805825da76410c181273ba90b1' (SHA:3d3c42e5aac5ba805825da76410c181273ba90b1)
database-full-load (0)	Set up job	2026-10-03T23:59:03.8764058Z Download action repository 'actions/setup-go@924ae3a1cded613372ab5595356fb5720e22ba16' (SHA:924ae3a1cded613372ab5595356fb5720e22ba16)
database-full-load (0)	Set up job	2026-10-03T23:59:04.6265958Z Download action repository 'actions/upload-artifact@ea165f8d65b6e75b540449e92b4886f43607fa02' (SHA:ea165f8d65b6e75b540449e92b4886f43607fa02)
database-full-load (0)	Set up job	2026-10-03T23:59:04.8014025Z Complete job name: database-full-load (0)
database-full-load (0)	Run actions/checkout@3d3c42e5aac5ba805825da76410c181273ba90b1	﻿2026-10-03T23:59:04.8493676Z ##[group]Run actions/checkout@3d3c42e5aac5ba805825da76410c181273ba90b1
database-full-load (0)	Run actions/checkout@3d3c42e5aac5ba805825da76410c181273ba90b1	2026-10-03T23:59:04.8494249Z with:
database-full-load (0)	Run actions/checkout@3d3c42e5aac5ba805825da76410c181273ba90b1	2026-10-03T23:59:04.8494527Z   ref: e790aa77629f0e4862159cbe8e3f0497df888314
database-full-load (0)	Run actions/checkout@3d3c42e5aac5ba805825da76410c181273ba90b1	2026-10-03T23:59:04.8494877Z   persist-credentials: false
database-full-load (0)	Run actions/checkout@3d3c42e5aac5ba805825da76410c181273ba90b1	2026-10-03T23:59:04.8495183Z   repository: batchstream/weir-tests
database-full-load (0)	Run actions/checkout@3d3c42e5aac5ba805825da76410c181273ba90b1	2026-10-03T23:59:04.8497264Z   token: ***
database-full-load (0)	Run actions/checkout@3d3c42e5aac5ba805825da76410c181273ba90b1	2026-10-03T23:59:04.8497514Z   ssh-strict: true
database-full-load (0)	Run actions/checkout@3d3c42e5aac5ba805825da76410c181273ba90b1	2026-10-03T23:59:04.8497768Z   ssh-user: git
database-full-load (0)	Run actions/checkout@3d3c42e5aac5ba805825da76410c181273ba90b1	2026-10-03T23:59:04.8498015Z   clean: true
database-full-load (0)	Run actions/checkout@3d3c42e5aac5ba805825da76410c181273ba90b1	2026-10-03T23:59:04.8498276Z   sparse-checkout-cone-mode: true
database-full-load (0)	Run actions/checkout@3d3c42e5aac5ba805825da76410c181273ba90b1	2026-10-03T23:59:04.8498581Z   fetch-depth: 1
database-full-load (0)	Run actions/checkout@3d3c42e5aac5ba805825da76410c181273ba90b1	2026-10-03T23:59:04.8498834Z   fetch-tags: false
database-full-load (0)	Run actions/checkout@3d3c42e5aac5ba805825da76410c181273ba90b1	2026-10-03T23:59:04.8499099Z   show-progress: true
database-full-load (0)	Run actions/checkout@3d3c42e5aac5ba805825da76410c181273ba90b1	2026-10-03T23:59:04.8499373Z   lfs: false
database-full-load (0)	Run actions/checkout@3d3c42e5aac5ba805825da76410c181273ba90b1	2026-10-03T23:59:04.8499617Z   submodules: false
database-full-load (0)	Run actions/checkout@3d3c42e5aac5ba805825da76410c181273ba90b1	2026-10-03T23:59:04.8499880Z   set-safe-directory: true
database-full-load (0)	Run actions/checkout@3d3c42e5aac5ba805825da76410c181273ba90b1	2026-10-03T23:59:04.8500196Z   allow-unsafe-pr-checkout: false
database-full-load (0)	Run actions/checkout@3d3c42e5aac5ba805825da76410c181273ba90b1	2026-10-03T23:59:04.8500558Z env:
database-full-load (0)	Run actions/checkout@3d3c42e5aac5ba805825da76410c181273ba90b1	2026-10-03T23:59:04.8500791Z   GOENV: off
database-full-load (0)	Run actions/checkout@3d3c42e5aac5ba805825da76410c181273ba90b1	2026-10-03T23:59:04.8501200Z   GOWORK: off
database-full-load (0)	Run actions/checkout@3d3c42e5aac5ba805825da76410c181273ba90b1	2026-10-03T23:59:04.8501485Z   GOTOOLCHAIN: local
database-full-load (0)	Run actions/checkout@3d3c42e5aac5ba805825da76410c181273ba90b1	2026-10-03T23:59:04.8501769Z   GOFLAGS: -mod=readonly
database-full-load (0)	Run actions/checkout@3d3c42e5aac5ba805825da76410c181273ba90b1	2026-10-03T23:59:04.8502048Z   PYTHONDONTWRITEBYTECODE: 1
database-full-load (0)	Run actions/checkout@3d3c42e5aac5ba805825da76410c181273ba90b1	2026-10-03T23:59:04.8502331Z ##[endgroup]
database-full-load (0)	Run actions/checkout@3d3c42e5aac5ba805825da76410c181273ba90b1	2026-10-03T23:59:04.9153264Z Syncing repository: batchstream/weir-tests
database-full-load (0)	Run actions/checkout@3d3c42e5aac5ba805825da76410c181273ba90b1	2026-10-03T23:59:04.9154444Z ##[group]Getting Git version info
database-full-load (0)	Run actions/checkout@3d3c42e5aac5ba805825da76410c181273ba90b1	2026-10-03T23:59:04.9154851Z Working directory is '/home/runner/work/weir-tests/weir-tests'
database-full-load (0)	Run actions/checkout@3d3c42e5aac5ba805825da76410c181273ba90b1	2026-10-03T23:59:04.9155775Z [command]/usr/bin/git version
database-full-load (0)	Run actions/checkout@3d3c42e5aac5ba805825da76410c181273ba90b1	2026-10-03T23:59:04.9235129Z git version 2.55.0
database-full-load (0)	Run actions/checkout@3d3c42e5aac5ba805825da76410c181273ba90b1	2026-10-03T23:59:04.9248659Z ##[endgroup]
database-full-load (0)	Run actions/checkout@3d3c42e5aac5ba805825da76410c181273ba90b1	2026-10-03T23:59:04.9256843Z Temporarily overriding HOME='/home/runner/work/_temp/3f23f1f6-fce6-43e4-a571-c3509ce41f21' before making global git config changes
database-full-load (0)	Run actions/checkout@3d3c42e5aac5ba805825da76410c181273ba90b1	2026-10-03T23:59:04.9257991Z Adding repository directory to the temporary git global config as a safe directory
database-full-load (0)	Run actions/checkout@3d3c42e5aac5ba805825da76410c181273ba90b1	2026-10-03T23:59:04.9261314Z [command]/usr/bin/git config --global --add safe.directory /home/runner/work/weir-tests/weir-tests
database-full-load (0)	Run actions/checkout@3d3c42e5aac5ba805825da76410c181273ba90b1	2026-10-03T23:59:04.9302487Z Deleting the contents of '/home/runner/work/weir-tests/weir-tests'
database-full-load (0)	Run actions/checkout@3d3c42e5aac5ba805825da76410c181273ba90b1	2026-10-03T23:59:04.9332141Z ##[group]Determining repository object format
database-full-load (0)	Run actions/checkout@3d3c42e5aac5ba805825da76410c181273ba90b1	2026-10-03T23:59:04.9343811Z ##[endgroup]
database-full-load (0)	Run actions/checkout@3d3c42e5aac5ba805825da76410c181273ba90b1	2026-10-03T23:59:04.9345209Z ##[group]Initializing the repository
database-full-load (0)	Run actions/checkout@3d3c42e5aac5ba805825da76410c181273ba90b1	2026-10-03T23:59:04.9346098Z [command]/usr/bin/git init /home/runner/work/weir-tests/weir-tests
database-full-load (0)	Run actions/checkout@3d3c42e5aac5ba805825da76410c181273ba90b1	2026-10-03T23:59:04.9426065Z hint: Using 'master' as the name for the initial branch. This default branch name
database-full-load (0)	Run actions/checkout@3d3c42e5aac5ba805825da76410c181273ba90b1	2026-10-03T23:59:04.9427126Z hint: will change to "main" in Git 3.0. To configure the initial branch name
database-full-load (0)	Run actions/checkout@3d3c42e5aac5ba805825da76410c181273ba90b1	2026-10-03T23:59:04.9427997Z hint: to use in all of your new repositories, which will suppress this warning,
database-full-load (0)	Run actions/checkout@3d3c42e5aac5ba805825da76410c181273ba90b1	2026-10-03T23:59:04.9428700Z hint: call:
database-full-load (0)	Run actions/checkout@3d3c42e5aac5ba805825da76410c181273ba90b1	2026-10-03T23:59:04.9429062Z hint:
database-full-load (0)	Run actions/checkout@3d3c42e5aac5ba805825da76410c181273ba90b1	2026-10-03T23:59:04.9429573Z hint: 	git config --global init.defaultBranch <name>
database-full-load (0)	Run actions/checkout@3d3c42e5aac5ba805825da76410c181273ba90b1	2026-10-03T23:59:04.9430183Z hint:
database-full-load (0)	Run actions/checkout@3d3c42e5aac5ba805825da76410c181273ba90b1	2026-10-03T23:59:04.9430712Z hint: Names commonly chosen instead of 'master' are 'main', 'trunk' and
database-full-load (0)	Run actions/checkout@3d3c42e5aac5ba805825da76410c181273ba90b1	2026-10-03T23:59:04.9431850Z hint: 'development'. The just-created branch can be renamed via this command:
database-full-load (0)	Run actions/checkout@3d3c42e5aac5ba805825da76410c181273ba90b1	2026-10-03T23:59:04.9432589Z hint:
database-full-load (0)	Run actions/checkout@3d3c42e5aac5ba805825da76410c181273ba90b1	2026-10-03T23:59:04.9432962Z hint: 	git branch -m <name>
database-full-load (0)	Run actions/checkout@3d3c42e5aac5ba805825da76410c181273ba90b1	2026-10-03T23:59:04.9433389Z hint:
database-full-load (0)	Run actions/checkout@3d3c42e5aac5ba805825da76410c181273ba90b1	2026-10-03T23:59:04.9433953Z hint: Disable this message with "git config set advice.defaultBranchName false"
database-full-load (0)	Run actions/checkout@3d3c42e5aac5ba805825da76410c181273ba90b1	2026-10-03T23:59:04.9434965Z Initialized empty Git repository in /home/runner/work/weir-tests/weir-tests/.git/
database-full-load (0)	Run actions/checkout@3d3c42e5aac5ba805825da76410c181273ba90b1	2026-10-03T23:59:04.9443889Z [command]/usr/bin/git remote add origin https://github.com/batchstream/weir-tests
database-full-load (0)	Run actions/checkout@3d3c42e5aac5ba805825da76410c181273ba90b1	2026-10-03T23:59:04.9492193Z ##[endgroup]
database-full-load (0)	Run actions/checkout@3d3c42e5aac5ba805825da76410c181273ba90b1	2026-10-03T23:59:04.9492922Z ##[group]Disabling automatic garbage collection
database-full-load (0)	Run actions/checkout@3d3c42e5aac5ba805825da76410c181273ba90b1	2026-10-03T23:59:04.9495206Z [command]/usr/bin/git config --local gc.auto 0
database-full-load (0)	Run actions/checkout@3d3c42e5aac5ba805825da76410c181273ba90b1	2026-10-03T23:59:04.9523964Z ##[endgroup]
database-full-load (0)	Run actions/checkout@3d3c42e5aac5ba805825da76410c181273ba90b1	2026-10-03T23:59:04.9524941Z ##[group]Setting up auth
database-full-load (0)	Run actions/checkout@3d3c42e5aac5ba805825da76410c181273ba90b1	2026-10-03T23:59:04.9525422Z Removing SSH command configuration
database-full-load (0)	Run actions/checkout@3d3c42e5aac5ba805825da76410c181273ba90b1	2026-10-03T23:59:04.9528342Z [command]/usr/bin/git config --local --name-only --get-regexp core\.sshCommand
database-full-load (0)	Run actions/checkout@3d3c42e5aac5ba805825da76410c181273ba90b1	2026-10-03T23:59:04.9562698Z [command]/usr/bin/git submodule foreach --recursive sh -c "git config --local --name-only --get-regexp 'core\.sshCommand' && git config --local --unset-all 'core.sshCommand' || :"
database-full-load (0)	Run actions/checkout@3d3c42e5aac5ba805825da76410c181273ba90b1	2026-10-03T23:59:04.9862087Z Removing HTTP extra header
database-full-load (0)	Run actions/checkout@3d3c42e5aac5ba805825da76410c181273ba90b1	2026-10-03T23:59:04.9867071Z [command]/usr/bin/git config --local --name-only --get-regexp http\.https\:\/\/github\.com\/\.extraheader
database-full-load (0)	Run actions/checkout@3d3c42e5aac5ba805825da76410c181273ba90b1	2026-10-03T23:59:04.9895045Z [command]/usr/bin/git submodule foreach --recursive sh -c "git config --local --name-only --get-regexp 'http\.https\:\/\/github\.com\/\.extraheader' && git config --local --unset-all 'http.https://github.com/.extraheader' || :"
database-full-load (0)	Run actions/checkout@3d3c42e5aac5ba805825da76410c181273ba90b1	2026-10-03T23:59:05.0058263Z Removing includeIf entries pointing to credentials config files
database-full-load (0)	Run actions/checkout@3d3c42e5aac5ba805825da76410c181273ba90b1	2026-10-03T23:59:05.0062076Z [command]/usr/bin/git config --local --name-only --get-regexp ^includeIf\.gitdir:
database-full-load (0)	Run actions/checkout@3d3c42e5aac5ba805825da76410c181273ba90b1	2026-10-03T23:59:05.0089206Z [command]/usr/bin/git submodule foreach --recursive git config --local --show-origin --name-only --get-regexp remote.origin.url
database-full-load (0)	Run actions/checkout@3d3c42e5aac5ba805825da76410c181273ba90b1	2026-10-03T23:59:05.0256361Z [command]/usr/bin/git config --file /home/runner/work/_temp/git-credentials-08acea48-7cab-4936-a665-e227c607a542.config http.https://github.com/.extraheader AUTHORIZATION: basic ***
database-full-load (0)	Run actions/checkout@3d3c42e5aac5ba805825da76410c181273ba90b1	2026-10-03T23:59:05.0286871Z [command]/usr/bin/git config --local includeIf.gitdir:/home/runner/work/weir-tests/weir-tests/.git.path /home/runner/work/_temp/git-credentials-08acea48-7cab-4936-a665-e227c607a542.config
database-full-load (0)	Run actions/checkout@3d3c42e5aac5ba805825da76410c181273ba90b1	2026-10-03T23:59:05.0314150Z [command]/usr/bin/git config --local includeIf.gitdir:/home/runner/work/weir-tests/weir-tests/.git/worktrees/*.path /home/runner/work/_temp/git-credentials-08acea48-7cab-4936-a665-e227c607a542.config
database-full-load (0)	Run actions/checkout@3d3c42e5aac5ba805825da76410c181273ba90b1	2026-10-03T23:59:05.0344450Z [command]/usr/bin/git config --local includeIf.gitdir:/github/workspace/.git.path /github/runner_temp/git-credentials-08acea48-7cab-4936-a665-e227c607a542.config
database-full-load (0)	Run actions/checkout@3d3c42e5aac5ba805825da76410c181273ba90b1	2026-10-03T23:59:05.0371978Z [command]/usr/bin/git config --local includeIf.gitdir:/github/workspace/.git/worktrees/*.path /github/runner_temp/git-credentials-08acea48-7cab-4936-a665-e227c607a542.config
database-full-load (0)	Run actions/checkout@3d3c42e5aac5ba805825da76410c181273ba90b1	2026-10-03T23:59:05.0396633Z ##[endgroup]
database-full-load (0)	Run actions/checkout@3d3c42e5aac5ba805825da76410c181273ba90b1	2026-10-03T23:59:05.0397128Z ##[group]Fetching the repository
database-full-load (0)	Run actions/checkout@3d3c42e5aac5ba805825da76410c181273ba90b1	2026-10-03T23:59:05.0400407Z [command]/usr/bin/git -c protocol.version=2 fetch --no-tags --prune --no-recurse-submodules --depth=1 origin e790aa77629f0e4862159cbe8e3f0497df888314
database-full-load (0)	Run actions/checkout@3d3c42e5aac5ba805825da76410c181273ba90b1	2026-10-03T23:59:06.0865983Z From https://github.com/batchstream/weir-tests
database-full-load (0)	Run actions/checkout@3d3c42e5aac5ba805825da76410c181273ba90b1	2026-10-03T23:59:06.0867471Z  * branch            e790aa77629f0e4862159cbe8e3f0497df888314 -> FETCH_HEAD
database-full-load (0)	Run actions/checkout@3d3c42e5aac5ba805825da76410c181273ba90b1	2026-10-03T23:59:06.0873298Z [command]/usr/bin/git rev-parse --verify --quiet e790aa77629f0e4862159cbe8e3f0497df888314^{object}
database-full-load (0)	Run actions/checkout@3d3c42e5aac5ba805825da76410c181273ba90b1	2026-10-03T23:59:06.0897656Z e790aa77629f0e4862159cbe8e3f0497df888314
database-full-load (0)	Run actions/checkout@3d3c42e5aac5ba805825da76410c181273ba90b1	2026-10-03T23:59:06.0901713Z ##[endgroup]
database-full-load (0)	Run actions/checkout@3d3c42e5aac5ba805825da76410c181273ba90b1	2026-10-03T23:59:06.0902833Z ##[group]Determining the checkout info
database-full-load (0)	Run actions/checkout@3d3c42e5aac5ba805825da76410c181273ba90b1	2026-10-03T23:59:06.0904146Z ##[endgroup]
database-full-load (0)	Run actions/checkout@3d3c42e5aac5ba805825da76410c181273ba90b1	2026-10-03T23:59:06.0904799Z [command]/usr/bin/git sparse-checkout disable
database-full-load (0)	Run actions/checkout@3d3c42e5aac5ba805825da76410c181273ba90b1	2026-10-03T23:59:06.0950260Z [command]/usr/bin/git config --local --unset-all extensions.worktreeConfig
database-full-load (0)	Run actions/checkout@3d3c42e5aac5ba805825da76410c181273ba90b1	2026-10-03T23:59:06.0978466Z ##[group]Checking out the ref
database-full-load (0)	Run actions/checkout@3d3c42e5aac5ba805825da76410c181273ba90b1	2026-10-03T23:59:06.0980371Z [command]/usr/bin/git checkout --progress --force e790aa77629f0e4862159cbe8e3f0497df888314
database-full-load (0)	Run actions/checkout@3d3c42e5aac5ba805825da76410c181273ba90b1	2026-10-03T23:59:06.1792768Z Note: switching to 'e790aa77629f0e4862159cbe8e3f0497df888314'.
database-full-load (0)	Run actions/checkout@3d3c42e5aac5ba805825da76410c181273ba90b1	2026-10-03T23:59:06.1793768Z 
database-full-load (0)	Run actions/checkout@3d3c42e5aac5ba805825da76410c181273ba90b1	2026-10-03T23:59:06.1794395Z You are in 'detached HEAD' state. You can look around, make experimental
database-full-load (0)	Run actions/checkout@3d3c42e5aac5ba805825da76410c181273ba90b1	2026-10-03T23:59:06.1795868Z changes and commit them, and you can discard any commits you make in this
database-full-load (0)	Run actions/checkout@3d3c42e5aac5ba805825da76410c181273ba90b1	2026-10-03T23:59:06.1797331Z state without impacting any branches by switching back to a branch.
database-full-load (0)	Run actions/checkout@3d3c42e5aac5ba805825da76410c181273ba90b1	2026-10-03T23:59:06.1798163Z 
database-full-load (0)	Run actions/checkout@3d3c42e5aac5ba805825da76410c181273ba90b1	2026-10-03T23:59:06.1798754Z If you want to create a new branch to retain commits you create, you may
database-full-load (0)	Run actions/checkout@3d3c42e5aac5ba805825da76410c181273ba90b1	2026-10-03T23:59:06.1800129Z do so (now or later) by using -c with the switch command. Example:
database-full-load (0)	Run actions/checkout@3d3c42e5aac5ba805825da76410c181273ba90b1	2026-10-03T23:59:06.1800900Z 
database-full-load (0)	Run actions/checkout@3d3c42e5aac5ba805825da76410c181273ba90b1	2026-10-03T23:59:06.1801432Z   git switch -c <new-branch-name>
database-full-load (0)	Run actions/checkout@3d3c42e5aac5ba805825da76410c181273ba90b1	2026-10-03T23:59:06.1802066Z 
database-full-load (0)	Run actions/checkout@3d3c42e5aac5ba805825da76410c181273ba90b1	2026-10-03T23:59:06.1802427Z Or undo this operation with:
database-full-load (0)	Run actions/checkout@3d3c42e5aac5ba805825da76410c181273ba90b1	2026-10-03T23:59:06.1802939Z 
database-full-load (0)	Run actions/checkout@3d3c42e5aac5ba805825da76410c181273ba90b1	2026-10-03T23:59:06.1803262Z   git switch -
database-full-load (0)	Run actions/checkout@3d3c42e5aac5ba805825da76410c181273ba90b1	2026-10-03T23:59:06.1803959Z 
database-full-load (0)	Run actions/checkout@3d3c42e5aac5ba805825da76410c181273ba90b1	2026-10-03T23:59:06.1804660Z Turn off this advice by setting config variable advice.detachedHead to false
database-full-load (0)	Run actions/checkout@3d3c42e5aac5ba805825da76410c181273ba90b1	2026-10-03T23:59:06.1805570Z 
database-full-load (0)	Run actions/checkout@3d3c42e5aac5ba805825da76410c181273ba90b1	2026-10-03T23:59:06.1806504Z HEAD is now at e790aa7 📌 chore: pin Weir with explicit backend request deadlines
database-full-load (0)	Run actions/checkout@3d3c42e5aac5ba805825da76410c181273ba90b1	2026-10-03T23:59:06.1815477Z ##[endgroup]
database-full-load (0)	Run actions/checkout@3d3c42e5aac5ba805825da76410c181273ba90b1	2026-10-03T23:59:06.1855772Z [command]/usr/bin/git log -1 --format=%H
database-full-load (0)	Run actions/checkout@3d3c42e5aac5ba805825da76410c181273ba90b1	2026-10-03T23:59:06.1879393Z e790aa77629f0e4862159cbe8e3f0497df888314
database-full-load (0)	Run actions/checkout@3d3c42e5aac5ba805825da76410c181273ba90b1	2026-10-03T23:59:06.1889762Z ##[group]Removing auth
database-full-load (0)	Run actions/checkout@3d3c42e5aac5ba805825da76410c181273ba90b1	2026-10-03T23:59:06.1890653Z Removing SSH command configuration
database-full-load (0)	Run actions/checkout@3d3c42e5aac5ba805825da76410c181273ba90b1	2026-10-03T23:59:06.1892033Z [command]/usr/bin/git config --local --name-only --get-regexp core\.sshCommand
database-full-load (0)	Run actions/checkout@3d3c42e5aac5ba805825da76410c181273ba90b1	2026-10-03T23:59:06.1921509Z [command]/usr/bin/git submodule foreach --recursive sh -c "git config --local --name-only --get-regexp 'core\.sshCommand' && git config --local --unset-all 'core.sshCommand' || :"
database-full-load (0)	Run actions/checkout@3d3c42e5aac5ba805825da76410c181273ba90b1	2026-10-03T23:59:06.2093409Z Removing HTTP extra header
database-full-load (0)	Run actions/checkout@3d3c42e5aac5ba805825da76410c181273ba90b1	2026-10-03T23:59:06.2095223Z [command]/usr/bin/git config --local --name-only --get-regexp http\.https\:\/\/github\.com\/\.extraheader
database-full-load (0)	Run actions/checkout@3d3c42e5aac5ba805825da76410c181273ba90b1	2026-10-03T23:59:06.2126146Z [command]/usr/bin/git submodule foreach --recursive sh -c "git config --local --name-only --get-regexp 'http\.https\:\/\/github\.com\/\.extraheader' && git config --local --unset-all 'http.https://github.com/.extraheader' || :"
database-full-load (0)	Run actions/checkout@3d3c42e5aac5ba805825da76410c181273ba90b1	2026-10-03T23:59:06.2292879Z Removing includeIf entries pointing to credentials config files
database-full-load (0)	Run actions/checkout@3d3c42e5aac5ba805825da76410c181273ba90b1	2026-10-03T23:59:06.2295063Z [command]/usr/bin/git config --local --name-only --get-regexp ^includeIf\.gitdir:
database-full-load (0)	Run actions/checkout@3d3c42e5aac5ba805825da76410c181273ba90b1	2026-10-03T23:59:06.2319731Z includeif.gitdir:/home/runner/work/weir-tests/weir-tests/.git.path
database-full-load (0)	Run actions/checkout@3d3c42e5aac5ba805825da76410c181273ba90b1	2026-10-03T23:59:06.2321354Z includeif.gitdir:/home/runner/work/weir-tests/weir-tests/.git/worktrees/*.path
database-full-load (0)	Run actions/checkout@3d3c42e5aac5ba805825da76410c181273ba90b1	2026-10-03T23:59:06.2322848Z includeif.gitdir:/github/workspace/.git.path
database-full-load (0)	Run actions/checkout@3d3c42e5aac5ba805825da76410c181273ba90b1	2026-10-03T23:59:06.2323846Z includeif.gitdir:/github/workspace/.git/worktrees/*.path
database-full-load (0)	Run actions/checkout@3d3c42e5aac5ba805825da76410c181273ba90b1	2026-10-03T23:59:06.2326834Z [command]/usr/bin/git config --local --get-all includeif.gitdir:/home/runner/work/weir-tests/weir-tests/.git.path
database-full-load (0)	Run actions/checkout@3d3c42e5aac5ba805825da76410c181273ba90b1	2026-10-03T23:59:06.2347640Z /home/runner/work/_temp/git-credentials-08acea48-7cab-4936-a665-e227c607a542.config
database-full-load (0)	Run actions/checkout@3d3c42e5aac5ba805825da76410c181273ba90b1	2026-10-03T23:59:06.2356349Z [command]/usr/bin/git config --local --unset includeif.gitdir:/home/runner/work/weir-tests/weir-tests/.git.path \/home\/runner\/work\/_temp\/git\-credentials\-08acea48\-7cab\-4936\-a665\-e227c607a542\.config
database-full-load (0)	Run actions/checkout@3d3c42e5aac5ba805825da76410c181273ba90b1	2026-10-03T23:59:06.2388930Z [command]/usr/bin/git config --local --get-all includeif.gitdir:/home/runner/work/weir-tests/weir-tests/.git/worktrees/*.path
database-full-load (0)	Run actions/checkout@3d3c42e5aac5ba805825da76410c181273ba90b1	2026-10-03T23:59:06.2408969Z /home/runner/work/_temp/git-credentials-08acea48-7cab-4936-a665-e227c607a542.config
database-full-load (0)	Run actions/checkout@3d3c42e5aac5ba805825da76410c181273ba90b1	2026-10-03T23:59:06.2415252Z [command]/usr/bin/git config --local --unset includeif.gitdir:/home/runner/work/weir-tests/weir-tests/.git/worktrees/*.path \/home\/runner\/work\/_temp\/git\-credentials\-08acea48\-7cab\-4936\-a665\-e227c607a542\.config
database-full-load (0)	Run actions/checkout@3d3c42e5aac5ba805825da76410c181273ba90b1	2026-10-03T23:59:06.2445621Z [command]/usr/bin/git config --local --get-all includeif.gitdir:/github/workspace/.git.path
database-full-load (0)	Run actions/checkout@3d3c42e5aac5ba805825da76410c181273ba90b1	2026-10-03T23:59:06.2466502Z /github/runner_temp/git-credentials-08acea48-7cab-4936-a665-e227c607a542.config
database-full-load (0)	Run actions/checkout@3d3c42e5aac5ba805825da76410c181273ba90b1	2026-10-03T23:59:06.2471587Z [command]/usr/bin/git config --local --unset includeif.gitdir:/github/workspace/.git.path \/github\/runner_temp\/git\-credentials\-08acea48\-7cab\-4936\-a665\-e227c607a542\.config
database-full-load (0)	Run actions/checkout@3d3c42e5aac5ba805825da76410c181273ba90b1	2026-10-03T23:59:06.2528393Z [command]/usr/bin/git config --local --get-all includeif.gitdir:/github/workspace/.git/worktrees/*.path
database-full-load (0)	Run actions/checkout@3d3c42e5aac5ba805825da76410c181273ba90b1	2026-10-03T23:59:06.2560037Z /github/runner_temp/git-credentials-08acea48-7cab-4936-a665-e227c607a542.config
database-full-load (0)	Run actions/checkout@3d3c42e5aac5ba805825da76410c181273ba90b1	2026-10-03T23:59:06.2566286Z [command]/usr/bin/git config --local --unset includeif.gitdir:/github/workspace/.git/worktrees/*.path \/github\/runner_temp\/git\-credentials\-08acea48\-7cab\-4936\-a665\-e227c607a542\.config
database-full-load (0)	Run actions/checkout@3d3c42e5aac5ba805825da76410c181273ba90b1	2026-10-03T23:59:06.2594942Z [command]/usr/bin/git submodule foreach --recursive git config --local --show-origin --name-only --get-regexp remote.origin.url
database-full-load (0)	Run actions/checkout@3d3c42e5aac5ba805825da76410c181273ba90b1	2026-10-03T23:59:06.2758561Z Removing credentials config '/home/runner/work/_temp/git-credentials-08acea48-7cab-4936-a665-e227c607a542.config'
database-full-load (0)	Run actions/checkout@3d3c42e5aac5ba805825da76410c181273ba90b1	2026-10-03T23:59:06.2767509Z ##[endgroup]
database-full-load (0)	Run actions/setup-go@924ae3a1cded613372ab5595356fb5720e22ba16	﻿2026-10-03T23:59:06.2984422Z ##[group]Run actions/setup-go@924ae3a1cded613372ab5595356fb5720e22ba16
database-full-load (0)	Run actions/setup-go@924ae3a1cded613372ab5595356fb5720e22ba16	2026-10-03T23:59:06.2985341Z with:
database-full-load (0)	Run actions/setup-go@924ae3a1cded613372ab5595356fb5720e22ba16	2026-10-03T23:59:06.2985839Z   go-version-file: go.mod
database-full-load (0)	Run actions/setup-go@924ae3a1cded613372ab5595356fb5720e22ba16	2026-10-03T23:59:06.2986419Z   check-latest: false
database-full-load (0)	Run actions/setup-go@924ae3a1cded613372ab5595356fb5720e22ba16	2026-10-03T23:59:06.2991392Z   token: ***
database-full-load (0)	Run actions/setup-go@924ae3a1cded613372ab5595356fb5720e22ba16	2026-10-03T23:59:06.2991892Z   cache: true
database-full-load (0)	Run actions/setup-go@924ae3a1cded613372ab5595356fb5720e22ba16	2026-10-03T23:59:06.2992376Z env:
database-full-load (0)	Run actions/setup-go@924ae3a1cded613372ab5595356fb5720e22ba16	2026-10-03T23:59:06.2992837Z   GOENV: off
database-full-load (0)	Run actions/setup-go@924ae3a1cded613372ab5595356fb5720e22ba16	2026-10-03T23:59:06.2993328Z   GOWORK: off
database-full-load (0)	Run actions/setup-go@924ae3a1cded613372ab5595356fb5720e22ba16	2026-10-03T23:59:06.2993831Z   GOTOOLCHAIN: local
database-full-load (0)	Run actions/setup-go@924ae3a1cded613372ab5595356fb5720e22ba16	2026-10-03T23:59:06.2994387Z   GOFLAGS: -mod=readonly
database-full-load (0)	Run actions/setup-go@924ae3a1cded613372ab5595356fb5720e22ba16	2026-10-03T23:59:06.2994978Z   PYTHONDONTWRITEBYTECODE: 1
database-full-load (0)	Run actions/setup-go@924ae3a1cded613372ab5595356fb5720e22ba16	2026-10-03T23:59:06.2995567Z ##[endgroup]
database-full-load (0)	Run actions/setup-go@924ae3a1cded613372ab5595356fb5720e22ba16	2026-10-03T23:59:06.3759137Z Setup go version spec 1.27.1
database-full-load (0)	Run actions/setup-go@924ae3a1cded613372ab5595356fb5720e22ba16	2026-10-03T23:59:06.3766461Z Attempting to download 1.27.1...
database-full-load (0)	Run actions/setup-go@924ae3a1cded613372ab5595356fb5720e22ba16	2026-10-03T23:59:07.5111816Z matching 1.27.1...
database-full-load (0)	Run actions/setup-go@924ae3a1cded613372ab5595356fb5720e22ba16	2026-10-03T23:59:07.5126910Z Acquiring 1.27.1 from https://github.com/actions/go-versions/releases/download/1.27.1-33583469715/go-1.27.1-linux-x64.tar.gz
database-full-load (0)	Run actions/setup-go@924ae3a1cded613372ab5595356fb5720e22ba16	2026-10-03T23:59:08.0371403Z Extracting Go...
database-full-load (0)	Run actions/setup-go@924ae3a1cded613372ab5595356fb5720e22ba16	2026-10-03T23:59:08.0443589Z [command]/usr/bin/tar xz --warning=no-unknown-keyword --overwrite -C /home/runner/work/_temp/255a8415-2f5c-4189-908a-7035128c9779 -f /home/runner/work/_temp/3331ed0f-c404-4b04-9f96-3d7d89aa6454
database-full-load (0)	Run actions/setup-go@924ae3a1cded613372ab5595356fb5720e22ba16	2026-10-03T23:59:09.2567074Z Successfully extracted go to /home/runner/work/_temp/255a8415-2f5c-4189-908a-7035128c9779
database-full-load (0)	Run actions/setup-go@924ae3a1cded613372ab5595356fb5720e22ba16	2026-10-03T23:59:09.2567429Z Adding to the cache ...
database-full-load (0)	Run actions/setup-go@924ae3a1cded613372ab5595356fb5720e22ba16	2026-10-03T23:59:12.7347472Z Successfully cached go to /opt/hostedtoolcache/go/1.27.1/x64
database-full-load (0)	Run actions/setup-go@924ae3a1cded613372ab5595356fb5720e22ba16	2026-10-03T23:59:12.7348971Z Added go to the path
database-full-load (0)	Run actions/setup-go@924ae3a1cded613372ab5595356fb5720e22ba16	2026-10-03T23:59:12.7351510Z Successfully set up Go version 1.27.1
database-full-load (0)	Run actions/setup-go@924ae3a1cded613372ab5595356fb5720e22ba16	2026-10-03T23:59:12.7496103Z [command]/opt/hostedtoolcache/go/1.27.1/x64/bin/go env GOMODCACHE
database-full-load (0)	Run actions/setup-go@924ae3a1cded613372ab5595356fb5720e22ba16	2026-10-03T23:59:12.7525263Z [command]/opt/hostedtoolcache/go/1.27.1/x64/bin/go env GOCACHE
database-full-load (0)	Run actions/setup-go@924ae3a1cded613372ab5595356fb5720e22ba16	2026-10-03T23:59:12.7555273Z /home/runner/go/pkg/mod
database-full-load (0)	Run actions/setup-go@924ae3a1cded613372ab5595356fb5720e22ba16	2026-10-03T23:59:12.7566791Z /home/runner/.cache/go-build
database-full-load (0)	Run actions/setup-go@924ae3a1cded613372ab5595356fb5720e22ba16	2026-10-03T23:59:12.9623600Z Cache hit for: setup-go-Linux-x64-ubuntu24-go-1.27.1-f3893fbf0ff2b6e2efba8903234513786674983d753d1815a9a1fcf84a06448a
database-full-load (0)	Run actions/setup-go@924ae3a1cded613372ab5595356fb5720e22ba16	2026-10-03T23:59:14.1920513Z Received 33554432 of 252007507 (13.3%), 32.0 MBs/sec
database-full-load (0)	Run actions/setup-go@924ae3a1cded613372ab5595356fb5720e22ba16	2026-10-03T23:59:15.1915451Z Received 226492416 of 252007507 (89.9%), 108.0 MBs/sec
database-full-load (0)	Run actions/setup-go@924ae3a1cded613372ab5595356fb5720e22ba16	2026-10-03T23:59:15.4475843Z Received 252007507 of 252007507 (100.0%), 106.5 MBs/sec
database-full-load (0)	Run actions/setup-go@924ae3a1cded613372ab5595356fb5720e22ba16	2026-10-03T23:59:15.4476263Z Cache Size: ~240 MB (252007507 B)
database-full-load (0)	Run actions/setup-go@924ae3a1cded613372ab5595356fb5720e22ba16	2026-10-03T23:59:15.4520537Z [command]/usr/bin/tar -xf /home/runner/work/_temp/45c24dc5-81f8-4c43-9f0c-4be40ab9d336/cache.tzst -P -C /home/runner/work/weir-tests/weir-tests --use-compress-program unzstd
database-full-load (0)	Run actions/setup-go@924ae3a1cded613372ab5595356fb5720e22ba16	2026-10-03T23:59:16.6130921Z Cache restored successfully
database-full-load (0)	Run actions/setup-go@924ae3a1cded613372ab5595356fb5720e22ba16	2026-10-03T23:59:16.6234387Z Cache restored from key: setup-go-Linux-x64-ubuntu24-go-1.27.1-f3893fbf0ff2b6e2efba8903234513786674983d753d1815a9a1fcf84a06448a
database-full-load (0)	Run actions/setup-go@924ae3a1cded613372ab5595356fb5720e22ba16	2026-10-03T23:59:16.6256361Z go version go1.27.1 linux/amd64
database-full-load (0)	Run actions/setup-go@924ae3a1cded613372ab5595356fb5720e22ba16	2026-10-03T23:59:16.6256572Z 
database-full-load (0)	Run actions/setup-go@924ae3a1cded613372ab5595356fb5720e22ba16	2026-10-03T23:59:16.6256804Z ##[group]go env
database-full-load (0)	Run actions/setup-go@924ae3a1cded613372ab5595356fb5720e22ba16	2026-10-03T23:59:16.6810806Z AR='ar'
database-full-load (0)	Run actions/setup-go@924ae3a1cded613372ab5595356fb5720e22ba16	2026-10-03T23:59:16.6811143Z CC='gcc'
database-full-load (0)	Run actions/setup-go@924ae3a1cded613372ab5595356fb5720e22ba16	2026-10-03T23:59:16.6811316Z CGO_CFLAGS='-O2 -g'
database-full-load (0)	Run actions/setup-go@924ae3a1cded613372ab5595356fb5720e22ba16	2026-10-03T23:59:16.6811506Z CGO_CPPFLAGS=''
database-full-load (0)	Run actions/setup-go@924ae3a1cded613372ab5595356fb5720e22ba16	2026-10-03T23:59:16.6811776Z CGO_CXXFLAGS='-O2 -g'
database-full-load (0)	Run actions/setup-go@924ae3a1cded613372ab5595356fb5720e22ba16	2026-10-03T23:59:16.6811940Z CGO_ENABLED='1'
database-full-load (0)	Run actions/setup-go@924ae3a1cded613372ab5595356fb5720e22ba16	2026-10-03T23:59:16.6812122Z CGO_FFLAGS='-O2 -g'
database-full-load (0)	Run actions/setup-go@924ae3a1cded613372ab5595356fb5720e22ba16	2026-10-03T23:59:16.6812357Z CGO_LDFLAGS='-O2 -g'
database-full-load (0)	Run actions/setup-go@924ae3a1cded613372ab5595356fb5720e22ba16	2026-10-03T23:59:16.6812556Z CXX='g++'
database-full-load (0)	Run actions/setup-go@924ae3a1cded613372ab5595356fb5720e22ba16	2026-10-03T23:59:16.6812715Z GCCGO='gccgo'
database-full-load (0)	Run actions/setup-go@924ae3a1cded613372ab5595356fb5720e22ba16	2026-10-03T23:59:16.6812881Z GO111MODULE=''
database-full-load (0)	Run actions/setup-go@924ae3a1cded613372ab5595356fb5720e22ba16	2026-10-03T23:59:16.6813050Z GOAMD64='v1'
database-full-load (0)	Run actions/setup-go@924ae3a1cded613372ab5595356fb5720e22ba16	2026-10-03T23:59:16.6813205Z GOARCH='amd64'
database-full-load (0)	Run actions/setup-go@924ae3a1cded613372ab5595356fb5720e22ba16	2026-10-03T23:59:16.6813376Z GOAUTH='netrc'
database-full-load (0)	Run actions/setup-go@924ae3a1cded613372ab5595356fb5720e22ba16	2026-10-03T23:59:16.6813561Z GOBIN='/home/runner/go/bin'
database-full-load (0)	Run actions/setup-go@924ae3a1cded613372ab5595356fb5720e22ba16	2026-10-03T23:59:16.6813792Z GOCACHE='/home/runner/.cache/go-build'
database-full-load (0)	Run actions/setup-go@924ae3a1cded613372ab5595356fb5720e22ba16	2026-10-03T23:59:16.6814022Z GOCACHEPROG=''
database-full-load (0)	Run actions/setup-go@924ae3a1cded613372ab5595356fb5720e22ba16	2026-10-03T23:59:16.6814194Z GODEBUG=''
database-full-load (0)	Run actions/setup-go@924ae3a1cded613372ab5595356fb5720e22ba16	2026-10-03T23:59:16.6814359Z GOENV=''
database-full-load (0)	Run actions/setup-go@924ae3a1cded613372ab5595356fb5720e22ba16	2026-10-03T23:59:16.6814510Z GOEXE=''
database-full-load (0)	Run actions/setup-go@924ae3a1cded613372ab5595356fb5720e22ba16	2026-10-03T23:59:16.6814677Z GOEXPERIMENT=''
database-full-load (0)	Run actions/setup-go@924ae3a1cded613372ab5595356fb5720e22ba16	2026-10-03T23:59:16.6814852Z GOFIPS140='off'
database-full-load (0)	Run actions/setup-go@924ae3a1cded613372ab5595356fb5720e22ba16	2026-10-03T23:59:16.6815033Z GOFLAGS='-mod=readonly'
database-full-load (0)	Run actions/setup-go@924ae3a1cded613372ab5595356fb5720e22ba16	2026-10-03T23:59:16.6815599Z GOGCCFLAGS='-fPIC -m64 -pthread -Wl,--no-gc-sections -fmessage-length=0 -ffile-prefix-map=/tmp/go-build2575784736=/tmp/go-build -gno-record-gcc-switches'
database-full-load (0)	Run actions/setup-go@924ae3a1cded613372ab5595356fb5720e22ba16	2026-10-03T23:59:16.6816462Z GOHOSTARCH='amd64'
database-full-load (0)	Run actions/setup-go@924ae3a1cded613372ab5595356fb5720e22ba16	2026-10-03T23:59:16.6816642Z GOHOSTOS='linux'
database-full-load (0)	Run actions/setup-go@924ae3a1cded613372ab5595356fb5720e22ba16	2026-10-03T23:59:16.6816819Z GOINSECURE=''
database-full-load (0)	Run actions/setup-go@924ae3a1cded613372ab5595356fb5720e22ba16	2026-10-03T23:59:16.6817085Z GOMOD='/home/runner/work/weir-tests/weir-tests/go.mod'
database-full-load (0)	Run actions/setup-go@924ae3a1cded613372ab5595356fb5720e22ba16	2026-10-03T23:59:16.6817372Z GOMODCACHE='/home/runner/go/pkg/mod'
database-full-load (0)	Run actions/setup-go@924ae3a1cded613372ab5595356fb5720e22ba16	2026-10-03T23:59:16.6817594Z GONOPROXY=''
database-full-load (0)	Run actions/setup-go@924ae3a1cded613372ab5595356fb5720e22ba16	2026-10-03T23:59:16.6817761Z GONOSUMDB=''
database-full-load (0)	Run actions/setup-go@924ae3a1cded613372ab5595356fb5720e22ba16	2026-10-03T23:59:16.6817921Z GOOS='linux'
database-full-load (0)	Run actions/setup-go@924ae3a1cded613372ab5595356fb5720e22ba16	2026-10-03T23:59:16.6818112Z GOPACKAGESDRIVER=''
database-full-load (0)	Run actions/setup-go@924ae3a1cded613372ab5595356fb5720e22ba16	2026-10-03T23:59:16.6818301Z GOPATH='/home/runner/go'
database-full-load (0)	Run actions/setup-go@924ae3a1cded613372ab5595356fb5720e22ba16	2026-10-03T23:59:16.6818493Z GOPRIVATE=''
database-full-load (0)	Run actions/setup-go@924ae3a1cded613372ab5595356fb5720e22ba16	2026-10-03T23:59:16.6818726Z GOPROXY='https://proxy.golang.org,direct'
database-full-load (0)	Run actions/setup-go@924ae3a1cded613372ab5595356fb5720e22ba16	2026-10-03T23:59:16.6819001Z GOROOT='/opt/hostedtoolcache/go/1.27.1/x64'
database-full-load (0)	Run actions/setup-go@924ae3a1cded613372ab5595356fb5720e22ba16	2026-10-03T23:59:16.6819253Z GOSUMDB='sum.golang.org'
database-full-load (0)	Run actions/setup-go@924ae3a1cded613372ab5595356fb5720e22ba16	2026-10-03T23:59:16.6819449Z GOTELEMETRY='local'
database-full-load (0)	Run actions/setup-go@924ae3a1cded613372ab5595356fb5720e22ba16	2026-10-03T23:59:16.6819677Z GOTELEMETRYDIR='/home/runner/.config/go/telemetry'
database-full-load (0)	Run actions/setup-go@924ae3a1cded613372ab5595356fb5720e22ba16	2026-10-03T23:59:16.6819927Z GOTMPDIR=''
database-full-load (0)	Run actions/setup-go@924ae3a1cded613372ab5595356fb5720e22ba16	2026-10-03T23:59:16.6820070Z GOTOOLCHAIN='local'
database-full-load (0)	Run actions/setup-go@924ae3a1cded613372ab5595356fb5720e22ba16	2026-10-03T23:59:16.6820249Z GOTOOLDIR='/opt/hostedtoolcache/go/1.27.1/x64/pkg/tool/linux_amd64'
database-full-load (0)	Run actions/setup-go@924ae3a1cded613372ab5595356fb5720e22ba16	2026-10-03T23:59:16.6820441Z GOVCS=''
database-full-load (0)	Run actions/setup-go@924ae3a1cded613372ab5595356fb5720e22ba16	2026-10-03T23:59:16.6820550Z GOVERSION='go1.27.1'
database-full-load (0)	Run actions/setup-go@924ae3a1cded613372ab5595356fb5720e22ba16	2026-10-03T23:59:16.6820670Z GOWORK='off'
database-full-load (0)	Run actions/setup-go@924ae3a1cded613372ab5595356fb5720e22ba16	2026-10-03T23:59:16.6820789Z PKG_CONFIG='pkg-config'
database-full-load (0)	Run actions/setup-go@924ae3a1cded613372ab5595356fb5720e22ba16	2026-10-03T23:59:16.6820871Z 
database-full-load (0)	Run actions/setup-go@924ae3a1cded613372ab5595356fb5720e22ba16	2026-10-03T23:59:16.6821248Z ##[endgroup]
database-full-load (0)	Prepare immutable tools and owned database images	﻿2026-10-03T23:59:16.6973744Z ##[group]Run python3 scripts/download_modules.py
database-full-load (0)	Prepare immutable tools and owned database images	2026-10-03T23:59:16.6974003Z [36;1mpython3 scripts/download_modules.py[0m
database-full-load (0)	Prepare immutable tools and owned database images	2026-10-03T23:59:16.6974191Z [36;1mpython3 scripts/prepare_weir.py[0m
database-full-load (0)	Prepare immutable tools and owned database images	2026-10-03T23:59:16.6974355Z [36;1mpython3 scripts/prepare_images.py[0m
database-full-load (0)	Prepare immutable tools and owned database images	2026-10-03T23:59:16.7194425Z shell: /usr/bin/bash --noprofile --norc -e -o pipefail {0}
database-full-load (0)	Prepare immutable tools and owned database images	2026-10-03T23:59:16.7194806Z env:
database-full-load (0)	Prepare immutable tools and owned database images	2026-10-03T23:59:16.7194917Z   GOENV: off
database-full-load (0)	Prepare immutable tools and owned database images	2026-10-03T23:59:16.7195023Z   GOWORK: off
database-full-load (0)	Prepare immutable tools and owned database images	2026-10-03T23:59:16.7195135Z   GOTOOLCHAIN: local
database-full-load (0)	Prepare immutable tools and owned database images	2026-10-03T23:59:16.7195257Z   GOFLAGS: -mod=readonly
database-full-load (0)	Prepare immutable tools and owned database images	2026-10-03T23:59:16.7195392Z   PYTHONDONTWRITEBYTECODE: 1
database-full-load (0)	Prepare immutable tools and owned database images	2026-10-03T23:59:16.7195525Z ##[endgroup]
database-full-load (0)	Prepare immutable tools and owned database images	2026-10-03T23:59:19.9406052Z all modules verified
database-full-load (0)	Prepare immutable tools and owned database images	2026-10-03T23:59:34.8950994Z /home/runner/work/weir-tests/weir-tests/.tools/weir
database-full-load (0)	Prepare immutable tools and owned database images	2026-10-03T23:59:36.4399906Z docker.io/library/mongo@sha256:d0d926f94df099bff534b7ee5b5986458131a22489dfff8664509af0c1e2ca9c: Pulling from library/mongo
database-full-load (0)	Prepare immutable tools and owned database images	2026-10-03T23:59:36.6586557Z a60ef8ec184e: Pulling fs layer
database-full-load (0)	Prepare immutable tools and owned database images	2026-10-03T23:59:36.6587613Z c4a88db82a6d: Pulling fs layer
database-full-load (0)	Prepare immutable tools and owned database images	2026-10-03T23:59:36.6587842Z f97373a3dd33: Pulling fs layer
database-full-load (0)	Prepare immutable tools and owned database images	2026-10-03T23:59:36.6588178Z 59898ec81c6b: Pulling fs layer
database-full-load (0)	Prepare immutable tools and owned database images	2026-10-03T23:59:36.6588382Z 2252b895f5de: Pulling fs layer
database-full-load (0)	Prepare immutable tools and owned database images	2026-10-03T23:59:36.6588588Z 08f85ec03d22: Pulling fs layer
database-full-load (0)	Prepare immutable tools and owned database images	2026-10-03T23:59:36.6588798Z cfbbec1d5328: Pulling fs layer
database-full-load (0)	Prepare immutable tools and owned database images	2026-10-03T23:59:36.6589014Z eedb5e3e5b38: Pulling fs layer
database-full-load (0)	Prepare immutable tools and owned database images	2026-10-03T23:59:36.6589148Z 2252b895f5de: Waiting
database-full-load (0)	Prepare immutable tools and owned database images	2026-10-03T23:59:36.6589272Z 08f85ec03d22: Waiting
database-full-load (0)	Prepare immutable tools and owned database images	2026-10-03T23:59:36.6589386Z cfbbec1d5328: Waiting
database-full-load (0)	Prepare immutable tools and owned database images	2026-10-03T23:59:36.6589501Z eedb5e3e5b38: Waiting
database-full-load (0)	Prepare immutable tools and owned database images	2026-10-03T23:59:36.6589614Z 59898ec81c6b: Waiting
database-full-load (0)	Prepare immutable tools and owned database images	2026-10-03T23:59:36.8396971Z c4a88db82a6d: Verifying Checksum
database-full-load (0)	Prepare immutable tools and owned database images	2026-10-03T23:59:36.8397250Z c4a88db82a6d: Download complete
database-full-load (0)	Prepare immutable tools and owned database images	2026-10-03T23:59:36.8576058Z f97373a3dd33: Verifying Checksum
database-full-load (0)	Prepare immutable tools and owned database images	2026-10-03T23:59:36.8576338Z f97373a3dd33: Download complete
database-full-load (0)	Prepare immutable tools and owned database images	2026-10-03T23:59:36.9163262Z a60ef8ec184e: Verifying Checksum
database-full-load (0)	Prepare immutable tools and owned database images	2026-10-03T23:59:36.9163821Z a60ef8ec184e: Download complete
database-full-load (0)	Prepare immutable tools and owned database images	2026-10-03T23:59:37.0334405Z 59898ec81c6b: Download complete
database-full-load (0)	Prepare immutable tools and owned database images	2026-10-03T23:59:37.0473691Z 2252b895f5de: Verifying Checksum
database-full-load (0)	Prepare immutable tools and owned database images	2026-10-03T23:59:37.0474234Z 2252b895f5de: Download complete
database-full-load (0)	Prepare immutable tools and owned database images	2026-10-03T23:59:37.1018752Z 08f85ec03d22: Verifying Checksum
database-full-load (0)	Prepare immutable tools and owned database images	2026-10-03T23:59:37.1019214Z 08f85ec03d22: Download complete
database-full-load (0)	Prepare immutable tools and owned database images	2026-10-03T23:59:37.2223896Z eedb5e3e5b38: Verifying Checksum
database-full-load (0)	Prepare immutable tools and owned database images	2026-10-03T23:59:37.2224279Z eedb5e3e5b38: Download complete
database-full-load (0)	Prepare immutable tools and owned database images	2026-10-03T23:59:37.5874468Z a60ef8ec184e: Pull complete
database-full-load (0)	Prepare immutable tools and owned database images	2026-10-03T23:59:37.7893789Z cfbbec1d5328: Verifying Checksum
database-full-load (0)	Prepare immutable tools and owned database images	2026-10-03T23:59:37.7894121Z cfbbec1d5328: Download complete
database-full-load (0)	Prepare immutable tools and owned database images	2026-10-03T23:59:42.4088574Z c4a88db82a6d: Pull complete
database-full-load (0)	Prepare immutable tools and owned database images	2026-10-03T23:59:42.5619841Z f97373a3dd33: Pull complete
database-full-load (0)	Prepare immutable tools and owned database images	2026-10-03T23:59:42.6010476Z 59898ec81c6b: Pull complete
database-full-load (0)	Prepare immutable tools and owned database images	2026-10-03T23:59:42.6087461Z 2252b895f5de: Pull complete
database-full-load (0)	Prepare immutable tools and owned database images	2026-10-03T23:59:42.6145462Z 08f85ec03d22: Pull complete
database-full-load (0)	Prepare immutable tools and owned database images	2026-10-03T23:59:49.0235686Z cfbbec1d5328: Pull complete
database-full-load (0)	Prepare immutable tools and owned database images	2026-10-03T23:59:49.0336198Z eedb5e3e5b38: Pull complete
database-full-load (0)	Prepare immutable tools and owned database images	2026-10-03T23:59:49.0363949Z Digest: sha256:d0d926f94df099bff534b7ee5b5986458131a22489dfff8664509af0c1e2ca9c
database-full-load (0)	Prepare immutable tools and owned database images	2026-10-03T23:59:49.0369203Z Status: Downloaded newer image for mongo@sha256:d0d926f94df099bff534b7ee5b5986458131a22489dfff8664509af0c1e2ca9c
database-full-load (0)	Prepare immutable tools and owned database images	2026-10-03T23:59:49.0375828Z docker.io/library/mongo@sha256:d0d926f94df099bff534b7ee5b5986458131a22489dfff8664509af0c1e2ca9c
database-full-load (0)	Prepare immutable tools and owned database images	2026-10-03T23:59:49.9605621Z docker.elastic.co/elasticsearch/elasticsearch@sha256:e98f9c3b09beb2fbb9eaf667d602df3f0e00bd3644138b8458dc17ba1a675595: Pulling from elasticsearch/elasticsearch
database-full-load (0)	Prepare immutable tools and owned database images	2026-10-03T23:59:50.4584257Z 2c22c1bb1ce1: Pulling fs layer
database-full-load (0)	Prepare immutable tools and owned database images	2026-10-03T23:59:50.4584569Z 2796a25b8094: Pulling fs layer
database-full-load (0)	Prepare immutable tools and owned database images	2026-10-03T23:59:50.4584997Z 714e5b673049: Pulling fs layer
database-full-load (0)	Prepare immutable tools and owned database images	2026-10-03T23:59:50.4585348Z bd9ddc54bea9: Pulling fs layer
database-full-load (0)	Prepare immutable tools and owned database images	2026-10-03T23:59:50.4585498Z 2d68f716f01a: Pulling fs layer
database-full-load (0)	Prepare immutable tools and owned database images	2026-10-03T23:59:50.4585631Z c52e3a203c20: Pulling fs layer
database-full-load (0)	Prepare immutable tools and owned database images	2026-10-03T23:59:50.4585765Z 9b415d76a9c6: Pulling fs layer
database-full-load (0)	Prepare immutable tools and owned database images	2026-10-03T23:59:50.4585904Z d527cffe3ef6: Pulling fs layer
database-full-load (0)	Prepare immutable tools and owned database images	2026-10-03T23:59:50.4586299Z b8cda4b5aaf3: Pulling fs layer
database-full-load (0)	Prepare immutable tools and owned database images	2026-10-03T23:59:50.4586433Z 32c1c18d2ea5: Pulling fs layer
database-full-load (0)	Prepare immutable tools and owned database images	2026-10-03T23:59:50.4586560Z c52e3a203c20: Waiting
database-full-load (0)	Prepare immutable tools and owned database images	2026-10-03T23:59:50.4586682Z 9b415d76a9c6: Waiting
database-full-load (0)	Prepare immutable tools and owned database images	2026-10-03T23:59:50.4586802Z d527cffe3ef6: Waiting
database-full-load (0)	Prepare immutable tools and owned database images	2026-10-03T23:59:50.4586917Z b8cda4b5aaf3: Waiting
database-full-load (0)	Prepare immutable tools and owned database images	2026-10-03T23:59:50.4587031Z 32c1c18d2ea5: Waiting
database-full-load (0)	Prepare immutable tools and owned database images	2026-10-03T23:59:50.4587275Z bd9ddc54bea9: Waiting
database-full-load (0)	Prepare immutable tools and owned database images	2026-10-03T23:59:50.9723830Z 2d68f716f01a: Waiting
database-full-load (0)	Prepare immutable tools and owned database images	2026-10-03T23:59:50.9724107Z 714e5b673049: Download complete
database-full-load (0)	Prepare immutable tools and owned database images	2026-10-03T23:59:51.0710847Z 2796a25b8094: Verifying Checksum
database-full-load (0)	Prepare immutable tools and owned database images	2026-10-03T23:59:51.0711232Z 2796a25b8094: Download complete
database-full-load (0)	Prepare immutable tools and owned database images	2026-10-03T23:59:51.3130172Z bd9ddc54bea9: Verifying Checksum
database-full-load (0)	Prepare immutable tools and owned database images	2026-10-03T23:59:51.3130586Z bd9ddc54bea9: Download complete
database-full-load (0)	Prepare immutable tools and owned database images	2026-10-03T23:59:51.5484416Z 2c22c1bb1ce1: Verifying Checksum
database-full-load (0)	Prepare immutable tools and owned database images	2026-10-03T23:59:51.5484794Z 2c22c1bb1ce1: Download complete
database-full-load (0)	Prepare immutable tools and owned database images	2026-10-03T23:59:51.8069610Z c52e3a203c20: Verifying Checksum
database-full-load (0)	Prepare immutable tools and owned database images	2026-10-03T23:59:51.8070197Z c52e3a203c20: Download complete
database-full-load (0)	Prepare immutable tools and owned database images	2026-10-03T23:59:52.0059622Z 9b415d76a9c6: Verifying Checksum
database-full-load (0)	Prepare immutable tools and owned database images	2026-10-03T23:59:52.0060031Z 9b415d76a9c6: Download complete
database-full-load (0)	Prepare immutable tools and owned database images	2026-10-03T23:59:52.2328133Z 2c22c1bb1ce1: Pull complete
database-full-load (0)	Prepare immutable tools and owned database images	2026-10-03T23:59:52.3802954Z d527cffe3ef6: Verifying Checksum
database-full-load (0)	Prepare immutable tools and owned database images	2026-10-03T23:59:52.3803320Z d527cffe3ef6: Download complete
database-full-load (0)	Prepare immutable tools and owned database images	2026-10-03T23:59:52.4702858Z b8cda4b5aaf3: Verifying Checksum
database-full-load (0)	Prepare immutable tools and owned database images	2026-10-03T23:59:52.4704273Z b8cda4b5aaf3: Download complete
database-full-load (0)	Prepare immutable tools and owned database images	2026-10-03T23:59:52.8500550Z 32c1c18d2ea5: Verifying Checksum
database-full-load (0)	Prepare immutable tools and owned database images	2026-10-03T23:59:52.8500824Z 32c1c18d2ea5: Download complete
database-full-load (0)	Prepare immutable tools and owned database images	2026-10-03T23:59:53.8727516Z 2796a25b8094: Pull complete
database-full-load (0)	Prepare immutable tools and owned database images	2026-10-03T23:59:54.3741483Z 714e5b673049: Pull complete
database-full-load (0)	Prepare immutable tools and owned database images	2026-10-03T23:59:54.5172584Z bd9ddc54bea9: Pull complete
database-full-load (0)	Prepare immutable tools and owned database images	2026-10-03T23:59:58.5132968Z 2d68f716f01a: Verifying Checksum
database-full-load (0)	Prepare immutable tools and owned database images	2026-10-03T23:59:58.5133280Z 2d68f716f01a: Download complete
database-full-load (0)	Prepare immutable tools and owned database images	2026-10-04T00:00:08.4885193Z 2d68f716f01a: Pull complete
database-full-load (0)	Prepare immutable tools and owned database images	2026-10-04T00:00:08.4952506Z c52e3a203c20: Pull complete
database-full-load (0)	Prepare immutable tools and owned database images	2026-10-04T00:00:08.5024009Z 9b415d76a9c6: Pull complete
database-full-load (0)	Prepare immutable tools and owned database images	2026-10-04T00:00:08.5147945Z d527cffe3ef6: Pull complete
database-full-load (0)	Prepare immutable tools and owned database images	2026-10-04T00:00:08.5200848Z b8cda4b5aaf3: Pull complete
database-full-load (0)	Prepare immutable tools and owned database images	2026-10-04T00:00:08.5273632Z 32c1c18d2ea5: Pull complete
database-full-load (0)	Prepare immutable tools and owned database images	2026-10-04T00:00:08.5355284Z Digest: sha256:e98f9c3b09beb2fbb9eaf667d602df3f0e00bd3644138b8458dc17ba1a675595
database-full-load (0)	Prepare immutable tools and owned database images	2026-10-04T00:00:08.5361389Z Status: Downloaded newer image for docker.elastic.co/elasticsearch/elasticsearch@sha256:e98f9c3b09beb2fbb9eaf667d602df3f0e00bd3644138b8458dc17ba1a675595
database-full-load (0)	Prepare immutable tools and owned database images	2026-10-04T00:00:08.5367598Z docker.elastic.co/elasticsearch/elasticsearch@sha256:e98f9c3b09beb2fbb9eaf667d602df3f0e00bd3644138b8458dc17ba1a675595
database-full-load (0)	Independent single-request native and SDK clients	﻿2026-10-04T00:00:08.5663232Z ##[group]Run mkdir -p results/local
database-full-load (0)	Independent single-request native and SDK clients	2026-10-04T00:00:08.5663447Z [36;1mmkdir -p results/local[0m
database-full-load (0)	Independent single-request native and SDK clients	2026-10-04T00:00:08.5663615Z [36;1mgo build -o .tools/weir-lab ./cmd/weir-lab[0m
database-full-load (0)	Independent single-request native and SDK clients	2026-10-04T00:00:08.5663830Z [36;1mIFS=',' read -r -a batch_limits <<< "$BACKEND_BATCH_LIMITS"[0m
database-full-load (0)	Independent single-request native and SDK clients	2026-10-04T00:00:08.5664041Z [36;1mfor backend_limit in "${batch_limits[@]}"; do[0m
database-full-load (0)	Independent single-request native and SDK clients	2026-10-04T00:00:08.5664241Z [36;1m  export BACKEND_BATCH_LIMIT="$backend_limit"[0m
database-full-load (0)	Independent single-request native and SDK clients	2026-10-04T00:00:08.5664477Z [36;1m  export MEASUREMENT_OUTPUT="results/local/saturation-batch-$backend_limit"[0m
database-full-load (0)	Independent single-request native and SDK clients	2026-10-04T00:00:08.5664794Z [36;1m  export MEASUREMENT_RECEIPT="results/local/measurement-batch-$backend_limit.receipt.json"[0m
database-full-load (0)	Independent single-request native and SDK clients	2026-10-04T00:00:08.5665042Z [36;1m  python3 - <<'PY'[0m
database-full-load (0)	Independent single-request native and SDK clients	2026-10-04T00:00:08.5665209Z [36;1mimport hashlib, json, os, pathlib, subprocess[0m
database-full-load (0)	Independent single-request native and SDK clients	2026-10-04T00:00:08.5665398Z [36;1mbinary = pathlib.Path('.tools/weir-lab')[0m
database-full-load (0)	Independent single-request native and SDK clients	2026-10-04T00:00:08.5666291Z [36;1mcommand = [str(binary), '-mode', 'saturation', '-weir', '.tools/weir', '-backend', 'all', '-database-cpus', os.environ['DATABASE_CPUS'], '-store-concurrency', '32', '-backend-batch-limit', os.environ['BACKEND_BATCH_LIMIT'], '-client-processes', '4', '-concurrency-levels', os.environ['CLIENT_LEVELS'], '-batch-sizes', '1', '-records', '2048', '-payload-bytes', '1024', '-write-percent', os.environ['WRITE_PERCENT'], '-rounds', '3', '-warmup-duration', '10s', '-duration', '20s', '-output', os.environ['MEASUREMENT_OUTPUT']][0m
database-full-load (0)	Independent single-request native and SDK clients	2026-10-04T00:00:08.5668122Z [36;1mreceipt = {'client_operation_timeout': '10s', 'weir_backend_timeout': '10s', 'host_memory_bytes': int(next(line for line in pathlib.Path('/proc/meminfo').read_text().splitlines() if line.startswith('MemTotal:')).split()[1]) * 1024, 'source': subprocess.check_output(['git', 'rev-parse', 'HEAD'], text=True).strip(), 'source_dirty': bool(subprocess.check_output(['git', 'status', '--porcelain'])), 'client_binary_sha256': hashlib.sha256(binary.read_bytes()).hexdigest(), 'client_build': subprocess.check_output(['go', 'version', '-m', str(binary)], text=True), 'versions': json.loads(pathlib.Path('versions.json').read_text()), 'command': command}[0m
database-full-load (0)	Independent single-request native and SDK clients	2026-10-04T00:00:08.5669331Z [36;1mif receipt['source_dirty']:[0m
database-full-load (0)	Independent single-request native and SDK clients	2026-10-04T00:00:08.5669536Z [36;1m    raise SystemExit('measurement requires a clean source checkout')[0m
database-full-load (0)	Independent single-request native and SDK clients	2026-10-04T00:00:08.5669841Z [36;1mpathlib.Path(os.environ['MEASUREMENT_RECEIPT']).write_text(json.dumps(receipt, indent=2) + '\n')[0m
database-full-load (0)	Independent single-request native and SDK clients	2026-10-04T00:00:08.5670082Z [36;1mPY[0m
database-full-load (0)	Independent single-request native and SDK clients	2026-10-04T00:00:08.5670870Z [36;1m  .tools/weir-lab -mode saturation -weir .tools/weir -backend all -database-cpus "$DATABASE_CPUS" -store-concurrency 32 -backend-batch-limit "$BACKEND_BATCH_LIMIT" -client-processes 4 -concurrency-levels "$CLIENT_LEVELS" -batch-sizes 1 -records 2048 -payload-bytes 1024 -write-percent "$WRITE_PERCENT" -rounds 3 -warmup-duration 10s -duration 20s -output "$MEASUREMENT_OUTPUT" 2>&1 | tee "results/local/saturation-batch-$backend_limit.log"[0m
database-full-load (0)	Independent single-request native and SDK clients	2026-10-04T00:00:08.5671813Z [36;1mdone[0m
database-full-load (0)	Independent single-request native and SDK clients	2026-10-04T00:00:08.5671932Z [36;1mgit diff --exit-code[0m
database-full-load (0)	Independent single-request native and SDK clients	2026-10-04T00:00:08.5721717Z shell: /usr/bin/bash --noprofile --norc -e -o pipefail {0}
database-full-load (0)	Independent single-request native and SDK clients	2026-10-04T00:00:08.5721896Z env:
database-full-load (0)	Independent single-request native and SDK clients	2026-10-04T00:00:08.5722008Z   GOENV: off
database-full-load (0)	Independent single-request native and SDK clients	2026-10-04T00:00:08.5722112Z   GOWORK: off
database-full-load (0)	Independent single-request native and SDK clients	2026-10-04T00:00:08.5722223Z   GOTOOLCHAIN: local
database-full-load (0)	Independent single-request native and SDK clients	2026-10-04T00:00:08.5722343Z   GOFLAGS: -mod=readonly
database-full-load (0)	Independent single-request native and SDK clients	2026-10-04T00:00:08.5722475Z   PYTHONDONTWRITEBYTECODE: 1
database-full-load (0)	Independent single-request native and SDK clients	2026-10-04T00:00:08.5722606Z   GOPROXY: off
database-full-load (0)	Independent single-request native and SDK clients	2026-10-04T00:00:08.5722710Z   GOSUMDB: off
database-full-load (0)	Independent single-request native and SDK clients	2026-10-04T00:00:08.5722817Z   WRITE_PERCENT: 0
database-full-load (0)	Independent single-request native and SDK clients	2026-10-04T00:00:08.5722929Z   DATABASE_CPUS: 1
database-full-load (0)	Independent single-request native and SDK clients	2026-10-04T00:00:08.5723040Z   CLIENT_LEVELS: 8,32,128
database-full-load (0)	Independent single-request native and SDK clients	2026-10-04T00:00:08.5723166Z   BACKEND_BATCH_LIMITS: 32
database-full-load (0)	Independent single-request native and SDK clients	2026-10-04T00:00:08.5723294Z ##[endgroup]
database-full-load (0)	Independent single-request native and SDK clients	2026-10-04T00:00:32.9495193Z Owned fixture logs: /tmp/weir-tests-1452186102
database-full-load (0)	Independent single-request native and SDK clients	2026-10-04T00:01:34.0760954Z single-request backend=mongo processes=4 workers=8 round=1 direct=16127.1 weir=7112.0 DB-CPU direct=100.0% weir=65.1%
database-full-load (0)	Independent single-request native and SDK clients	2026-10-04T00:02:35.0629037Z single-request backend=mongo processes=4 workers=8 round=2 direct=16247.9 weir=7126.2 DB-CPU direct=100.0% weir=65.2%
database-full-load (0)	Independent single-request native and SDK clients	2026-10-04T00:03:36.0566843Z single-request backend=mongo processes=4 workers=8 round=3 direct=16246.6 weir=7233.2 DB-CPU direct=100.0% weir=66.5%
database-full-load (0)	Independent single-request native and SDK clients	2026-10-04T00:04:37.0663852Z single-request backend=mongo processes=4 workers=32 round=1 direct=18933.0 weir=10951.2 DB-CPU direct=100.0% weir=71.8%
database-full-load (0)	Independent single-request native and SDK clients	2026-10-04T00:05:38.0682853Z single-request backend=mongo processes=4 workers=32 round=2 direct=19078.8 weir=11434.5 DB-CPU direct=100.0% weir=72.1%
database-full-load (0)	Independent single-request native and SDK clients	2026-10-04T00:06:39.0614898Z single-request backend=mongo processes=4 workers=32 round=3 direct=19706.6 weir=11584.7 DB-CPU direct=100.1% weir=71.4%
database-full-load (0)	Independent single-request native and SDK clients	2026-10-04T00:07:40.0798183Z single-request backend=mongo processes=4 workers=128 round=1 direct=20419.4 weir=18418.0 DB-CPU direct=100.1% weir=60.5%
database-full-load (0)	Independent single-request native and SDK clients	2026-10-04T00:08:41.0978956Z single-request backend=mongo processes=4 workers=128 round=2 direct=19485.9 weir=17572.2 DB-CPU direct=100.3% weir=59.0%
database-full-load (0)	Independent single-request native and SDK clients	2026-10-04T00:09:42.1314401Z single-request backend=mongo processes=4 workers=128 round=3 direct=19581.6 weir=18041.0 DB-CPU direct=100.3% weir=59.9%
database-full-load (0)	Independent single-request native and SDK clients	2026-10-04T00:09:42.1441191Z # Database saturation comparison
database-full-load (0)	Independent single-request native and SDK clients	2026-10-04T00:09:42.1441509Z 
database-full-load (0)	Independent single-request native and SDK clients	2026-10-04T00:09:42.1441657Z Backend **mongo**. Started 2026-10-04T00:00:32.974810417Z.
database-full-load (0)	Independent single-request native and SDK clients	2026-10-04T00:09:42.1441877Z 
database-full-load (0)	Independent single-request native and SDK clients	2026-10-04T00:09:42.1443504Z independent OS client processes send one record per native call or unary SDK RPC; native FindOne/ReplaceOne or single-ID mget/PUT; no client aggregation; worker-owned disjoint IDs; common phase barriers and unchanged pools across warmup and measurement; alternating AB/BA; latency is each business request including validation, queueing and any server aggregation; independent persisted postflight; sustained database CPU requires >=5 intervals, >=80% measurement coverage, mean CPU>=threshold and CPU>=threshold during >=80% measurement duration in every round, plus <=10% next-level throughput gain.
database-full-load (0)	Independent single-request native and SDK clients	2026-10-04T00:09:42.1445437Z 
database-full-load (0)	Independent single-request native and SDK clients	2026-10-04T00:09:42.1445666Z Warmup 10s and measurement 20s per path/stage, 3 paired rounds, requested writes 0%.
database-full-load (0)	Independent single-request native and SDK clients	2026-10-04T00:09:42.1445928Z 
database-full-load (0)	Independent single-request native and SDK clients	2026-10-04T00:09:42.1446058Z Complete business-request budget for both paths: 10s.
database-full-load (0)	Independent single-request native and SDK clients	2026-10-04T00:09:42.1446247Z 
database-full-load (0)	Independent single-request native and SDK clients	2026-10-04T00:09:42.1446445Z Configured Weir Store backend budget: 10s; the active caller deadline also applies.
database-full-load (0)	Independent single-request native and SDK clients	2026-10-04T00:09:42.1446698Z 
database-full-load (0)	Independent single-request native and SDK clients	2026-10-04T00:09:42.1447353Z 4 independent OS client processes. Each worker sends one business request containing one record, waits for its acknowledged result, and validates it. p50/p95/p99 describe individual requests; histograms are pooled rather than averaging process quantiles.
database-full-load (0)	Independent single-request native and SDK clients	2026-10-04T00:09:42.1448037Z 
database-full-load (0)	Independent single-request native and SDK clients	2026-10-04T00:09:42.1448328Z | Batch | Workers | Round | Path | Read | Write | Success | Errors/unknown | Ops/s | p95 call ms | DB CPU budget % | Full CPU time % | Sampling coverage % | Verified |
database-full-load (0)	Independent single-request native and SDK clients	2026-10-04T00:09:42.1448796Z | ---: | ---: | ---: | --- | ---: | ---: | ---: | ---: | ---: | ---: | ---: | ---: | ---: | --- |
database-full-load (0)	Independent single-request native and SDK clients	2026-10-04T00:09:42.1449069Z | 1 | 8 | 1 | direct | 322551 | 0 | 322551 | 0 | 16127.1 | 0.895 | 100.0 | 96.8 | 96.8 | true |
database-full-load (0)	Independent single-request native and SDK clients	2026-10-04T00:09:42.1449320Z | 1 | 8 | 1 | weir | 142246 | 0 | 142246 | 0 | 7112.0 | 2.559 | 65.1 | 0.0 | 95.5 | true |
database-full-load (0)	Independent single-request native and SDK clients	2026-10-04T00:09:42.1449575Z | 1 | 8 | 2 | direct | 324966 | 0 | 324966 | 0 | 16247.9 | 0.831 | 100.0 | 95.5 | 95.5 | true |
database-full-load (0)	Independent single-request native and SDK clients	2026-10-04T00:09:42.1449821Z | 1 | 8 | 2 | weir | 142530 | 0 | 142530 | 0 | 7126.2 | 2.303 | 65.2 | 0.0 | 95.7 | true |
database-full-load (0)	Independent single-request native and SDK clients	2026-10-04T00:09:42.1450067Z | 1 | 8 | 3 | direct | 324941 | 0 | 324941 | 0 | 16246.6 | 0.831 | 100.0 | 95.8 | 95.8 | true |
database-full-load (0)	Independent single-request native and SDK clients	2026-10-04T00:09:42.1450316Z | 1 | 8 | 3 | weir | 144668 | 0 | 144668 | 0 | 7233.2 | 2.303 | 66.5 | 0.0 | 95.6 | true |
database-full-load (0)	Independent single-request native and SDK clients	2026-10-04T00:09:42.1450634Z | 1 | 32 | 1 | direct | 378676 | 0 | 378676 | 0 | 18933.0 | 3.583 | 100.0 | 96.5 | 96.5 | true |
database-full-load (0)	Independent single-request native and SDK clients	2026-10-04T00:09:42.1450887Z | 1 | 32 | 1 | weir | 219050 | 0 | 219050 | 0 | 10951.2 | 6.143 | 71.8 | 0.0 | 96.5 | true |
database-full-load (0)	Independent single-request native and SDK clients	2026-10-04T00:09:42.1451369Z | 1 | 32 | 2 | direct | 381603 | 0 | 381603 | 0 | 19078.8 | 3.583 | 100.0 | 97.0 | 97.0 | true |
database-full-load (0)	Independent single-request native and SDK clients	2026-10-04T00:09:42.1451960Z | 1 | 32 | 2 | weir | 228703 | 0 | 228703 | 0 | 11434.5 | 5.631 | 72.1 | 0.0 | 95.9 | true |
database-full-load (0)	Independent single-request native and SDK clients	2026-10-04T00:09:42.1452329Z | 1 | 32 | 3 | direct | 394155 | 0 | 394155 | 0 | 19706.6 | 3.327 | 100.1 | 96.8 | 96.8 | true |
database-full-load (0)	Independent single-request native and SDK clients	2026-10-04T00:09:42.1452709Z | 1 | 32 | 3 | weir | 231724 | 0 | 231724 | 0 | 11584.7 | 5.631 | 71.4 | 0.0 | 95.8 | true |
database-full-load (0)	Independent single-request native and SDK clients	2026-10-04T00:09:42.1453087Z | 1 | 128 | 1 | direct | 408478 | 0 | 408478 | 0 | 20419.4 | 32.767 | 100.1 | 96.0 | 96.0 | true |
database-full-load (0)	Independent single-request native and SDK clients	2026-10-04T00:09:42.1453364Z | 1 | 128 | 1 | weir | 368495 | 0 | 368495 | 0 | 18418.0 | 14.335 | 60.5 | 0.0 | 95.9 | true |
database-full-load (0)	Independent single-request native and SDK clients	2026-10-04T00:09:42.1453618Z | 1 | 128 | 2 | direct | 389786 | 0 | 389786 | 0 | 19485.9 | 36.863 | 100.3 | 97.1 | 97.1 | true |
database-full-load (0)	Independent single-request native and SDK clients	2026-10-04T00:09:42.1453878Z | 1 | 128 | 2 | weir | 351576 | 0 | 351576 | 0 | 17572.2 | 15.359 | 59.0 | 0.0 | 96.0 | true |
database-full-load (0)	Independent single-request native and SDK clients	2026-10-04T00:09:42.1454134Z | 1 | 128 | 3 | direct | 391694 | 0 | 391694 | 0 | 19581.6 | 36.863 | 100.3 | 96.6 | 96.6 | true |
database-full-load (0)	Independent single-request native and SDK clients	2026-10-04T00:09:42.1454388Z | 1 | 128 | 3 | weir | 360872 | 0 | 360872 | 0 | 18041.0 | 14.335 | 59.9 | 0.0 | 95.9 | true |
database-full-load (0)	Independent single-request native and SDK clients	2026-10-04T00:09:42.1454628Z 
database-full-load (0)	Independent single-request native and SDK clients	2026-10-04T00:09:42.1454826Z Measured Weir adapter and unary RPC evidence (warmup, reset and postflight excluded):
database-full-load (0)	Independent single-request native and SDK clients	2026-10-04T00:09:42.1455084Z 
database-full-load (0)	Independent single-request native and SDK clients	2026-10-04T00:09:42.1455342Z | Batch | Workers | Round | Adapter invocations | Mean adapter batch | Read/Mutate RPCs | Queue mean ms | Adapter mean ms | Rejections | Backend concurrency limit |
database-full-load (0)	Independent single-request native and SDK clients	2026-10-04T00:09:42.1455910Z | ---: | ---: | ---: | ---: | ---: | --- | ---: | ---: | ---: | ---: |
database-full-load (0)	Independent single-request native and SDK clients	2026-10-04T00:09:42.1456209Z | 1 | 8 | 1 | 127979 | 1.111 | 142246/0 | 0.011 | 0.473 | 0 | 32.000 |
database-full-load (0)	Independent single-request native and SDK clients	2026-10-04T00:09:42.1456601Z | 1 | 8 | 2 | 128517 | 1.109 | 142530/0 | 0.011 | 0.475 | 0 | 32.000 |
database-full-load (0)	Independent single-request native and SDK clients	2026-10-04T00:09:42.1456861Z | 1 | 8 | 3 | 130164 | 1.111 | 144668/0 | 0.011 | 0.469 | 0 | 32.000 |
database-full-load (0)	Independent single-request native and SDK clients	2026-10-04T00:09:42.1457059Z | 1 | 32 | 1 | 134754 | 1.626 | 219050/0 | 0.064 | 0.933 | 0 | 32.000 |
database-full-load (0)	Independent single-request native and SDK clients	2026-10-04T00:09:42.1457260Z | 1 | 32 | 2 | 144065 | 1.587 | 228703/0 | 0.055 | 0.889 | 0 | 32.000 |
database-full-load (0)	Independent single-request native and SDK clients	2026-10-04T00:09:42.1457454Z | 1 | 32 | 3 | 145538 | 1.592 | 231724/0 | 0.056 | 0.881 | 0 | 32.000 |
database-full-load (0)	Independent single-request native and SDK clients	2026-10-04T00:09:42.1457806Z | 1 | 128 | 1 | 109995 | 3.350 | 368495/0 | 0.243 | 1.613 | 0 | 32.000 |
database-full-load (0)	Independent single-request native and SDK clients	2026-10-04T00:09:42.1458127Z | 1 | 128 | 2 | 101871 | 3.451 | 351576/0 | 0.261 | 1.681 | 0 | 32.000 |
database-full-load (0)	Independent single-request native and SDK clients	2026-10-04T00:09:42.1458459Z | 1 | 128 | 3 | 106213 | 3.398 | 360872/0 | 0.250 | 1.639 | 0 | 32.000 |
database-full-load (0)	Independent single-request native and SDK clients	2026-10-04T00:09:42.1458647Z 
database-full-load (0)	Independent single-request native and SDK clients	2026-10-04T00:09:42.1459346Z **Batch 1: database-full-load throughput comparison unavailable.** both paths must independently demonstrate sustained database CPU saturation and a verified next-level throughput plateau; increase concurrency or isolate client/Weir resources; I/O/network-bound saturation needs additional device/link capacity evidence.
database-full-load (0)	Independent single-request native and SDK clients	2026-10-04T00:09:42.1460166Z 
database-full-load (0)	Independent single-request native and SDK clients	2026-10-04T00:09:42.1460751Z Best verified business QPS within this ladder: direct 19829.0 (128 workers), Weir 18010.4 (128 workers), observed change -9.17%. This is a measured business-throughput comparison, not a maximum-database-capacity claim.
database-full-load (0)	Independent single-request native and SDK clients	2026-10-04T00:09:42.1461453Z 
database-full-load (0)	Independent single-request native and SDK clients	2026-10-04T00:09:42.1461840Z Observed single-request business performance at matched client concurrency (independent of the database-capacity qualification):
database-full-load (0)	Independent single-request native and SDK clients	2026-10-04T00:09:42.1462295Z 
database-full-load (0)	Independent single-request native and SDK clients	2026-10-04T00:09:42.1462531Z | Workers | Direct QPS | Weir QPS | Change | Direct p50/p95/p99 ms | Weir p50/p95/p99 ms |
database-full-load (0)	Independent single-request native and SDK clients	2026-10-04T00:09:42.1462923Z | ---: | ---: | ---: | ---: | --- | --- |
database-full-load (0)	Independent single-request native and SDK clients	2026-10-04T00:09:42.1463285Z | 8 | 16207.2 | 7157.1 | -55.84% | 0.351 / 0.831 / 1.919 | 0.959 / 2.303 / 3.583 |
database-full-load (0)	Independent single-request native and SDK clients	2026-10-04T00:09:42.1463756Z | 32 | 19239.5 | 11323.4 | -41.14% | 0.959 / 3.583 / 32.767 | 2.559 / 6.143 / 7.679 |
database-full-load (0)	Independent single-request native and SDK clients	2026-10-04T00:09:42.1464183Z | 128 | 19829.0 | 18010.4 | -9.17% | 3.839 / 36.863 / 45.055 | 6.655 / 14.335 / 20.479 |
database-full-load (0)	Independent single-request native and SDK clients	2026-10-04T00:09:42.1464436Z 
database-full-load (0)	Independent single-request native and SDK clients	2026-10-04T00:09:42.1465360Z These QPS and latency observations apply to this hardware and measured concurrency range. A business-throughput improvement can exist without demonstrating the maximum database capacity. An underfull database or missing next-level plateau keeps the database-capacity comparison unavailable.
database-full-load (0)	Independent single-request native and SDK clients	2026-10-04T00:09:42.1466493Z 
database-full-load (0)	Independent single-request native and SDK clients	2026-10-04T00:09:42.1468705Z Aggregation evidence: the JSON records one business request per record, Read/Mutate RPC counts, adapter invocation counts, average adapter batch and its cumulative histogram, and RPCs per adapter invocation. An adapter invocation is not necessarily one physical database wire command. MongoDB physical find/update/bulkWrite/getMore/killCursors deltas come from owned serverStatus at timed boundaries; missing counters remain unavailable. Elasticsearch has no equivalent physical HTTP-command counter. Every child PID, configured native pool limit, final revision ranges, exit result and sampled CPU/RSS is retained; coordinator sampling CPU is excluded from business-client CPU.
database-full-load (0)	Independent single-request native and SDK clients	2026-10-04T00:09:42.1470839Z 
database-full-load (0)	Independent single-request native and SDK clients	2026-10-04T00:09:42.1474039Z The JSON retains before/after raw public Weir metrics and their observed deltas, every resource sample, monitor failures, raw cumulative database/container I/O and network counters, CPU quota/host core denominator, and client/Weir cumulative CPU. Docker CPU uses cumulative Engine usage and read timestamps across each entire sampling interval, never CLI instantaneous percentages. Both interval endpoints must succeed; missing intervals reduce full-run coverage. Samples include monitoring traffic and background database work. Native ps CPU has platform-dependent clock resolution. Native databases share the host CPU budget with the client and Weir. Disk/network utilization or capacity is not inferred from byte counters. A plateau without sustained database CPU saturation is not a database-full-load result. Startup/discovery/reset/postflight and warmup are excluded from throughput; all in-flight completion and validation is included.
database-full-load (0)	Independent single-request native and SDK clients	2026-10-04T00:10:45.4515763Z single-request backend=search processes=4 workers=8 round=1 direct=12186.8 weir=7209.1 DB-CPU direct=99.8% weir=66.6%
database-full-load (0)	Independent single-request native and SDK clients	2026-10-04T00:11:47.1487814Z single-request backend=search processes=4 workers=8 round=2 direct=14710.3 weir=7103.6 DB-CPU direct=99.8% weir=66.3%
database-full-load (0)	Independent single-request native and SDK clients	2026-10-04T00:12:48.8319007Z single-request backend=search processes=4 workers=8 round=3 direct=14510.0 weir=6954.6 DB-CPU direct=99.7% weir=65.7%
database-full-load (0)	Independent single-request native and SDK clients	2026-10-04T00:13:50.4046988Z single-request backend=search processes=4 workers=32 round=1 direct=18223.4 weir=10650.1 DB-CPU direct=99.6% weir=67.1%
database-full-load (0)	Independent single-request native and SDK clients	2026-10-04T00:14:51.8742226Z single-request backend=search processes=4 workers=32 round=2 direct=18432.9 weir=10765.9 DB-CPU direct=99.8% weir=67.2%
database-full-load (0)	Independent single-request native and SDK clients	2026-10-04T00:15:53.2998173Z single-request backend=search processes=4 workers=32 round=3 direct=17988.3 weir=10771.2 DB-CPU direct=99.6% weir=67.4%
database-full-load (0)	Independent single-request native and SDK clients	2026-10-04T00:16:54.6733149Z single-request backend=search processes=4 workers=128 round=1 direct=19620.1 weir=16161.8 DB-CPU direct=99.9% weir=58.9%
database-full-load (0)	Independent single-request native and SDK clients	2026-10-04T00:17:56.0517963Z single-request backend=search processes=4 workers=128 round=2 direct=19710.3 weir=17045.9 DB-CPU direct=99.9% weir=59.4%
database-full-load (0)	Independent single-request native and SDK clients	2026-10-04T00:18:57.3884353Z single-request backend=search processes=4 workers=128 round=3 direct=19559.1 weir=16584.7 DB-CPU direct=99.8% weir=59.0%
database-full-load (0)	Independent single-request native and SDK clients	2026-10-04T00:18:57.4006975Z # Database saturation comparison
database-full-load (0)	Independent single-request native and SDK clients	2026-10-04T00:18:57.4007256Z 
database-full-load (0)	Independent single-request native and SDK clients	2026-10-04T00:18:57.4007417Z Backend **search**. Started 2026-10-04T00:09:42.367706596Z.
database-full-load (0)	Independent single-request native and SDK clients	2026-10-04T00:18:57.4007623Z 
database-full-load (0)	Independent single-request native and SDK clients	2026-10-04T00:18:57.4009269Z independent OS client processes send one record per native call or unary SDK RPC; native FindOne/ReplaceOne or single-ID mget/PUT; no client aggregation; worker-owned disjoint IDs; common phase barriers and unchanged pools across warmup and measurement; alternating AB/BA; latency is each business request including validation, queueing and any server aggregation; independent persisted postflight; sustained database CPU requires >=5 intervals, >=80% measurement coverage, mean CPU>=threshold and CPU>=threshold during >=80% measurement duration in every round, plus <=10% next-level throughput gain.
database-full-load (0)	Independent single-request native and SDK clients	2026-10-04T00:18:57.4011412Z 
database-full-load (0)	Independent single-request native and SDK clients	2026-10-04T00:18:57.4011639Z Warmup 10s and measurement 20s per path/stage, 3 paired rounds, requested writes 0%.
database-full-load (0)	Independent single-request native and SDK clients	2026-10-04T00:18:57.4011888Z 
database-full-load (0)	Independent single-request native and SDK clients	2026-10-04T00:18:57.4012013Z Complete business-request budget for both paths: 10s.
database-full-load (0)	Independent single-request native and SDK clients	2026-10-04T00:18:57.4012202Z 
database-full-load (0)	Independent single-request native and SDK clients	2026-10-04T00:18:57.4012393Z Configured Weir Store backend budget: 10s; the active caller deadline also applies.
database-full-load (0)	Independent single-request native and SDK clients	2026-10-04T00:18:57.4012655Z 
database-full-load (0)	Independent single-request native and SDK clients	2026-10-04T00:18:57.4013305Z 4 independent OS client processes. Each worker sends one business request containing one record, waits for its acknowledged result, and validates it. p50/p95/p99 describe individual requests; histograms are pooled rather than averaging process quantiles.
database-full-load (0)	Independent single-request native and SDK clients	2026-10-04T00:18:57.4014005Z 
database-full-load (0)	Independent single-request native and SDK clients	2026-10-04T00:18:57.4014382Z | Batch | Workers | Round | Path | Read | Write | Success | Errors/unknown | Ops/s | p95 call ms | DB CPU budget % | Full CPU time % | Sampling coverage % | Verified |
database-full-load (0)	Independent single-request native and SDK clients	2026-10-04T00:18:57.4014972Z | ---: | ---: | ---: | --- | ---: | ---: | ---: | ---: | ---: | ---: | ---: | ---: | ---: | --- |
database-full-load (0)	Independent single-request native and SDK clients	2026-10-04T00:18:57.4015360Z | 1 | 8 | 1 | direct | 243742 | 0 | 243742 | 0 | 12186.8 | 0.959 | 99.8 | 96.1 | 96.1 | true |
database-full-load (0)	Independent single-request native and SDK clients	2026-10-04T00:18:57.4015727Z | 1 | 8 | 1 | weir | 144192 | 0 | 144192 | 0 | 7209.1 | 2.303 | 66.6 | 0.0 | 95.9 | true |
database-full-load (0)	Independent single-request native and SDK clients	2026-10-04T00:18:57.4016152Z | 1 | 8 | 2 | direct | 294213 | 0 | 294213 | 0 | 14710.3 | 0.831 | 99.8 | 95.2 | 95.2 | true |
database-full-load (0)	Independent single-request native and SDK clients	2026-10-04T00:18:57.4016517Z | 1 | 8 | 2 | weir | 142076 | 0 | 142076 | 0 | 7103.6 | 2.303 | 66.3 | 0.0 | 95.7 | true |
database-full-load (0)	Independent single-request native and SDK clients	2026-10-04T00:18:57.4016877Z | 1 | 8 | 3 | direct | 290208 | 0 | 290208 | 0 | 14510.0 | 0.831 | 99.7 | 95.2 | 95.2 | true |
database-full-load (0)	Independent single-request native and SDK clients	2026-10-04T00:18:57.4017242Z | 1 | 8 | 3 | weir | 139097 | 0 | 139097 | 0 | 6954.6 | 2.559 | 65.7 | 0.0 | 95.7 | true |
database-full-load (0)	Independent single-request native and SDK clients	2026-10-04T00:18:57.4017933Z | 1 | 32 | 1 | direct | 364497 | 0 | 364497 | 0 | 18223.4 | 3.071 | 99.6 | 96.3 | 96.3 | true |
database-full-load (0)	Independent single-request native and SDK clients	2026-10-04T00:18:57.4018313Z | 1 | 32 | 1 | weir | 213022 | 0 | 213022 | 0 | 10650.1 | 6.143 | 67.1 | 0.0 | 96.0 | true |
database-full-load (0)	Independent single-request native and SDK clients	2026-10-04T00:18:57.4018695Z | 1 | 32 | 2 | direct | 368678 | 0 | 368678 | 0 | 18432.9 | 3.327 | 99.8 | 96.0 | 96.0 | true |
database-full-load (0)	Independent single-request native and SDK clients	2026-10-04T00:18:57.4019071Z | 1 | 32 | 2 | weir | 215341 | 0 | 215341 | 0 | 10765.9 | 6.143 | 67.2 | 0.0 | 95.9 | true |
database-full-load (0)	Independent single-request native and SDK clients	2026-10-04T00:18:57.4019448Z | 1 | 32 | 3 | direct | 359787 | 0 | 359787 | 0 | 17988.3 | 3.071 | 99.6 | 96.5 | 96.5 | true |
database-full-load (0)	Independent single-request native and SDK clients	2026-10-04T00:18:57.4019823Z | 1 | 32 | 3 | weir | 215459 | 0 | 215459 | 0 | 10771.2 | 6.143 | 67.4 | 0.0 | 95.8 | true |
database-full-load (0)	Independent single-request native and SDK clients	2026-10-04T00:18:57.4020207Z | 1 | 128 | 1 | direct | 392442 | 0 | 392442 | 0 | 19620.1 | 26.623 | 99.9 | 97.1 | 97.1 | true |
database-full-load (0)	Independent single-request native and SDK clients	2026-10-04T00:18:57.4020624Z | 1 | 128 | 1 | weir | 323311 | 0 | 323311 | 0 | 16161.8 | 15.359 | 58.9 | 0.0 | 96.0 | true |
database-full-load (0)	Independent single-request native and SDK clients	2026-10-04T00:18:57.4021254Z | 1 | 128 | 2 | direct | 394274 | 0 | 394274 | 0 | 19710.3 | 28.671 | 99.9 | 96.5 | 96.5 | true |
database-full-load (0)	Independent single-request native and SDK clients	2026-10-04T00:18:57.4021644Z | 1 | 128 | 2 | weir | 341006 | 0 | 341006 | 0 | 17045.9 | 14.335 | 59.4 | 0.0 | 96.4 | true |
database-full-load (0)	Independent single-request native and SDK clients	2026-10-04T00:18:57.4022046Z | 1 | 128 | 3 | direct | 391241 | 0 | 391241 | 0 | 19559.1 | 26.623 | 99.8 | 97.5 | 97.5 | true |
database-full-load (0)	Independent single-request native and SDK clients	2026-10-04T00:18:57.4022443Z | 1 | 128 | 3 | weir | 331767 | 0 | 331767 | 0 | 16584.7 | 15.359 | 59.0 | 0.0 | 95.6 | true |
database-full-load (0)	Independent single-request native and SDK clients	2026-10-04T00:18:57.4022713Z 
database-full-load (0)	Independent single-request native and SDK clients	2026-10-04T00:18:57.4022920Z Measured Weir adapter and unary RPC evidence (warmup, reset and postflight excluded):
database-full-load (0)	Independent single-request native and SDK clients	2026-10-04T00:18:57.4023173Z 
database-full-load (0)	Independent single-request native and SDK clients	2026-10-04T00:18:57.4023559Z | Batch | Workers | Round | Adapter invocations | Mean adapter batch | Read/Mutate RPCs | Queue mean ms | Adapter mean ms | Rejections | Backend concurrency limit |
database-full-load (0)	Independent single-request native and SDK clients	2026-10-04T00:18:57.4024115Z | ---: | ---: | ---: | ---: | ---: | --- | ---: | ---: | ---: | ---: |
database-full-load (0)	Independent single-request native and SDK clients	2026-10-04T00:18:57.4024428Z | 1 | 8 | 1 | 132341 | 1.090 | 144192/0 | 0.009 | 0.532 | 0 | 32.000 |
database-full-load (0)	Independent single-request native and SDK clients	2026-10-04T00:18:57.4024720Z | 1 | 8 | 2 | 130225 | 1.091 | 142076/0 | 0.009 | 0.543 | 0 | 32.000 |
database-full-load (0)	Independent single-request native and SDK clients	2026-10-04T00:18:57.4025023Z | 1 | 8 | 3 | 127846 | 1.088 | 139097/0 | 0.009 | 0.554 | 0 | 32.000 |
database-full-load (0)	Independent single-request native and SDK clients	2026-10-04T00:18:57.4027762Z | 1 | 32 | 1 | 147255 | 1.447 | 213022/0 | 0.048 | 1.193 | 0 | 32.000 |
database-full-load (0)	Independent single-request native and SDK clients	2026-10-04T00:18:57.4028069Z | 1 | 32 | 2 | 149486 | 1.441 | 215341/0 | 0.047 | 1.186 | 0 | 32.000 |
database-full-load (0)	Independent single-request native and SDK clients	2026-10-04T00:18:57.4028380Z | 1 | 32 | 3 | 149596 | 1.440 | 215459/0 | 0.047 | 1.191 | 0 | 32.000 |
database-full-load (0)	Independent single-request native and SDK clients	2026-10-04T00:18:57.4028676Z | 1 | 128 | 1 | 110822 | 2.917 | 323311/0 | 0.266 | 2.387 | 0 | 32.000 |
database-full-load (0)	Independent single-request native and SDK clients	2026-10-04T00:18:57.4028878Z | 1 | 128 | 2 | 116465 | 2.928 | 341006/0 | 0.251 | 2.262 | 0 | 32.000 |
database-full-load (0)	Independent single-request native and SDK clients	2026-10-04T00:18:57.4029076Z | 1 | 128 | 3 | 113980 | 2.911 | 331767/0 | 0.266 | 2.336 | 0 | 32.000 |
database-full-load (0)	Independent single-request native and SDK clients	2026-10-04T00:18:57.4029196Z 
database-full-load (0)	Independent single-request native and SDK clients	2026-10-04T00:18:57.4029763Z **Batch 1: database-full-load throughput comparison unavailable.** both paths must independently demonstrate sustained database CPU saturation and a verified next-level throughput plateau; increase concurrency or isolate client/Weir resources; I/O/network-bound saturation needs additional device/link capacity evidence.
database-full-load (0)	Independent single-request native and SDK clients	2026-10-04T00:18:57.4030350Z 
database-full-load (0)	Independent single-request native and SDK clients	2026-10-04T00:18:57.4030714Z Best verified business QPS within this ladder: direct 19629.8 (128 workers), Weir 16597.4 (128 workers), observed change -15.45%. This is a measured business-throughput comparison, not a maximum-database-capacity claim.
database-full-load (0)	Independent single-request native and SDK clients	2026-10-04T00:18:57.4031274Z 
database-full-load (0)	Independent single-request native and SDK clients	2026-10-04T00:18:57.4031491Z Observed single-request business performance at matched client concurrency (independent of the database-capacity qualification):
database-full-load (0)	Independent single-request native and SDK clients	2026-10-04T00:18:57.4031738Z 
database-full-load (0)	Independent single-request native and SDK clients	2026-10-04T00:18:57.4031876Z | Workers | Direct QPS | Weir QPS | Change | Direct p50/p95/p99 ms | Weir p50/p95/p99 ms |
database-full-load (0)	Independent single-request native and SDK clients	2026-10-04T00:18:57.4032106Z | ---: | ---: | ---: | ---: | --- | --- |
database-full-load (0)	Independent single-request native and SDK clients	2026-10-04T00:18:57.4032300Z | 8 | 13802.4 | 7089.1 | -48.64% | 0.447 / 0.831 / 2.815 | 0.959 / 2.303 / 3.583 |
database-full-load (0)	Independent single-request native and SDK clients	2026-10-04T00:18:57.4032856Z | 32 | 18214.9 | 10729.1 | -41.10% | 1.279 / 3.071 / 22.527 | 2.815 / 6.143 / 8.191 |
database-full-load (0)	Independent single-request native and SDK clients	2026-10-04T00:18:57.4033098Z | 128 | 19629.8 | 16597.4 | -15.45% | 4.607 / 28.671 / 36.863 | 7.167 / 15.359 / 20.479 |
database-full-load (0)	Independent single-request native and SDK clients	2026-10-04T00:18:57.4033250Z 
database-full-load (0)	Independent single-request native and SDK clients	2026-10-04T00:18:57.4033753Z These QPS and latency observations apply to this hardware and measured concurrency range. A business-throughput improvement can exist without demonstrating the maximum database capacity. An underfull database or missing next-level plateau keeps the database-capacity comparison unavailable.
database-full-load (0)	Independent single-request native and SDK clients	2026-10-04T00:18:57.4034301Z 
database-full-load (0)	Independent single-request native and SDK clients	2026-10-04T00:18:57.4035481Z Aggregation evidence: the JSON records one business request per record, Read/Mutate RPC counts, adapter invocation counts, average adapter batch and its cumulative histogram, and RPCs per adapter invocation. An adapter invocation is not necessarily one physical database wire command. MongoDB physical find/update/bulkWrite/getMore/killCursors deltas come from owned serverStatus at timed boundaries; missing counters remain unavailable. Elasticsearch has no equivalent physical HTTP-command counter. Every child PID, configured native pool limit, final revision ranges, exit result and sampled CPU/RSS is retained; coordinator sampling CPU is excluded from business-client CPU.
database-full-load (0)	Independent single-request native and SDK clients	2026-10-04T00:18:57.4037015Z 
database-full-load (0)	Independent single-request native and SDK clients	2026-10-04T00:18:57.4038724Z The JSON retains before/after raw public Weir metrics and their observed deltas, every resource sample, monitor failures, raw cumulative database/container I/O and network counters, CPU quota/host core denominator, and client/Weir cumulative CPU. Docker CPU uses cumulative Engine usage and read timestamps across each entire sampling interval, never CLI instantaneous percentages. Both interval endpoints must succeed; missing intervals reduce full-run coverage. Samples include monitoring traffic and background database work. Native ps CPU has platform-dependent clock resolution. Native databases share the host CPU budget with the client and Weir. Disk/network utilization or capacity is not inferred from byte counters. A plateau without sustained database CPU saturation is not a database-full-load result. Startup/discovery/reset/postflight and warmup are excluded from throughput; all in-flight completion and validation is included.
database-full-load (0)	Preserve raw resource samples, workload validation and cleanup	﻿2026-10-04T00:19:00.0536411Z ##[group]Run actions/upload-artifact@ea165f8d65b6e75b540449e92b4886f43607fa02
database-full-load (0)	Preserve raw resource samples, workload validation and cleanup	2026-10-04T00:19:00.0536656Z with:
database-full-load (0)	Preserve raw resource samples, workload validation and cleanup	2026-10-04T00:19:00.0536849Z   name: saturation-evidence-writes-0-f8ba341b99680ce4fc16c99c73c07838b0ccfc89
database-full-load (0)	Preserve raw resource samples, workload validation and cleanup	2026-10-04T00:19:00.0537362Z   path: results/local/
database-full-load (0)	Preserve raw resource samples, workload validation and cleanup	/tmp/weir-tests-*/manifest.json
database-full-load (0)	Preserve raw resource samples, workload validation and cleanup	/tmp/weir-tests-*/cleanup.json
database-full-load (0)	Preserve raw resource samples, workload validation and cleanup	/tmp/weir-tests-*/*config.json
database-full-load (0)	Preserve raw resource samples, workload validation and cleanup	/tmp/weir-tests-*/*routes.json
database-full-load (0)	Preserve raw resource samples, workload validation and cleanup	/tmp/weir-tests-*/*process.log
database-full-load (0)	Preserve raw resource samples, workload validation and cleanup	/tmp/weir-tests-*/docker-engine.json
database-full-load (0)	Preserve raw resource samples, workload validation and cleanup	
database-full-load (0)	Preserve raw resource samples, workload validation and cleanup	2026-10-04T00:19:00.0537786Z   retention-days: 14
database-full-load (0)	Preserve raw resource samples, workload validation and cleanup	2026-10-04T00:19:00.0537909Z   if-no-files-found: warn
database-full-load (0)	Preserve raw resource samples, workload validation and cleanup	2026-10-04T00:19:00.0538037Z   compression-level: 6
database-full-load (0)	Preserve raw resource samples, workload validation and cleanup	2026-10-04T00:19:00.0538154Z   overwrite: false
database-full-load (0)	Preserve raw resource samples, workload validation and cleanup	2026-10-04T00:19:00.0538284Z   include-hidden-files: false
database-full-load (0)	Preserve raw resource samples, workload validation and cleanup	2026-10-04T00:19:00.0538410Z env:
database-full-load (0)	Preserve raw resource samples, workload validation and cleanup	2026-10-04T00:19:00.0538507Z   GOENV: off
database-full-load (0)	Preserve raw resource samples, workload validation and cleanup	2026-10-04T00:19:00.0538612Z   GOWORK: off
database-full-load (0)	Preserve raw resource samples, workload validation and cleanup	2026-10-04T00:19:00.0538717Z   GOTOOLCHAIN: local
database-full-load (0)	Preserve raw resource samples, workload validation and cleanup	2026-10-04T00:19:00.0538833Z   GOFLAGS: -mod=readonly
database-full-load (0)	Preserve raw resource samples, workload validation and cleanup	2026-10-04T00:19:00.0538961Z   PYTHONDONTWRITEBYTECODE: 1
database-full-load (0)	Preserve raw resource samples, workload validation and cleanup	2026-10-04T00:19:00.0539118Z ##[endgroup]
database-full-load (0)	Preserve raw resource samples, workload validation and cleanup	2026-10-04T00:19:00.1572759Z (node:12082) [DEP0040] DeprecationWarning: The `punycode` module is deprecated. Please use a userland alternative instead.
database-full-load (0)	Preserve raw resource samples, workload validation and cleanup	2026-10-04T00:19:00.1573254Z (Use `node --trace-deprecation ...` to show where the warning was created)
database-full-load (0)	Preserve raw resource samples, workload validation and cleanup	2026-10-04T00:19:00.1651573Z Multiple search paths detected. Calculating the least common ancestor of all paths
database-full-load (0)	Preserve raw resource samples, workload validation and cleanup	2026-10-04T00:19:00.1652836Z The least common ancestor is /. This will be the root directory of the artifact
database-full-load (0)	Preserve raw resource samples, workload validation and cleanup	2026-10-04T00:19:00.1653266Z With the provided path, there will be 12 files uploaded
database-full-load (0)	Preserve raw resource samples, workload validation and cleanup	2026-10-04T00:19:00.1656578Z Artifact name is valid!
database-full-load (0)	Preserve raw resource samples, workload validation and cleanup	2026-10-04T00:19:00.1657054Z Root directory input is valid!
database-full-load (0)	Preserve raw resource samples, workload validation and cleanup	2026-10-04T00:19:00.4906184Z Beginning upload of artifact content to blob storage
database-full-load (0)	Preserve raw resource samples, workload validation and cleanup	2026-10-04T00:19:00.5519795Z (node:12082) [DEP0169] DeprecationWarning: `url.parse()` behavior is not standardized and prone to errors that have security implications. Use the WHATWG URL API instead. CVEs are not issued for `url.parse()` vulnerabilities.
database-full-load (0)	Preserve raw resource samples, workload validation and cleanup	2026-10-04T00:19:01.0122903Z Uploaded bytes 568746
database-full-load (0)	Preserve raw resource samples, workload validation and cleanup	2026-10-04T00:19:01.0671490Z Finished uploading artifact content to blob storage!
database-full-load (0)	Preserve raw resource samples, workload validation and cleanup	2026-10-04T00:19:01.0672048Z SHA256 digest of uploaded artifact zip is 52371b7a1ecb6260abff2903414e290d5640a9feaf2daf31e7e33c8ee39ceaab
database-full-load (0)	Preserve raw resource samples, workload validation and cleanup	2026-10-04T00:19:01.0673426Z Finalizing artifact upload
database-full-load (0)	Preserve raw resource samples, workload validation and cleanup	2026-10-04T00:19:01.3037202Z Artifact saturation-evidence-writes-0-f8ba341b99680ce4fc16c99c73c07838b0ccfc89.zip successfully finalized. Artifact ID 11288398292
database-full-load (0)	Preserve raw resource samples, workload validation and cleanup	2026-10-04T00:19:01.3037976Z Artifact saturation-evidence-writes-0-f8ba341b99680ce4fc16c99c73c07838b0ccfc89 has been successfully uploaded! Final size is 568746 bytes. Artifact ID is 11288398292
database-full-load (0)	Preserve raw resource samples, workload validation and cleanup	2026-10-04T00:19:01.3041448Z Artifact download URL: https://github.com/batchstream/weir-tests/actions/runs/37163474977/artifacts/11288398292
database-full-load (0)	Post Run actions/setup-go@924ae3a1cded613372ab5595356fb5720e22ba16	﻿2026-10-04T00:19:01.3176627Z Post job cleanup.
database-full-load (0)	Post Run actions/setup-go@924ae3a1cded613372ab5595356fb5720e22ba16	2026-10-04T00:19:01.3922986Z [command]/opt/hostedtoolcache/go/1.27.1/x64/bin/go env GOMODCACHE
database-full-load (0)	Post Run actions/setup-go@924ae3a1cded613372ab5595356fb5720e22ba16	2026-10-04T00:19:01.3958513Z [command]/opt/hostedtoolcache/go/1.27.1/x64/bin/go env GOCACHE
database-full-load (0)	Post Run actions/setup-go@924ae3a1cded613372ab5595356fb5720e22ba16	2026-10-04T00:19:01.3976865Z /home/runner/go/pkg/mod
database-full-load (0)	Post Run actions/setup-go@924ae3a1cded613372ab5595356fb5720e22ba16	2026-10-04T00:19:01.3992027Z /home/runner/.cache/go-build
database-full-load (0)	Post Run actions/setup-go@924ae3a1cded613372ab5595356fb5720e22ba16	2026-10-04T00:19:01.3996273Z Cache hit occurred on the primary key setup-go-Linux-x64-ubuntu24-go-1.27.1-f3893fbf0ff2b6e2efba8903234513786674983d753d1815a9a1fcf84a06448a, not saving cache.
database-full-load (0)	Post Run actions/checkout@3d3c42e5aac5ba805825da76410c181273ba90b1	﻿2026-10-04T00:19:01.4127158Z Post job cleanup.
database-full-load (0)	Post Run actions/checkout@3d3c42e5aac5ba805825da76410c181273ba90b1	2026-10-04T00:19:01.4643070Z [command]/usr/bin/git version
database-full-load (0)	Post Run actions/checkout@3d3c42e5aac5ba805825da76410c181273ba90b1	2026-10-04T00:19:01.4673154Z git version 2.55.0
database-full-load (0)	Post Run actions/checkout@3d3c42e5aac5ba805825da76410c181273ba90b1	2026-10-04T00:19:01.4694983Z Temporarily overriding HOME='/home/runner/work/_temp/2bc32f0a-16fd-476d-897a-e3b2b3900329' before making global git config changes
database-full-load (0)	Post Run actions/checkout@3d3c42e5aac5ba805825da76410c181273ba90b1	2026-10-04T00:19:01.4695767Z Adding repository directory to the temporary git global config as a safe directory
database-full-load (0)	Post Run actions/checkout@3d3c42e5aac5ba805825da76410c181273ba90b1	2026-10-04T00:19:01.4698747Z [command]/usr/bin/git config --global --add safe.directory /home/runner/work/weir-tests/weir-tests
database-full-load (0)	Post Run actions/checkout@3d3c42e5aac5ba805825da76410c181273ba90b1	2026-10-04T00:19:01.4724093Z Removing SSH command configuration
database-full-load (0)	Post Run actions/checkout@3d3c42e5aac5ba805825da76410c181273ba90b1	2026-10-04T00:19:01.4727994Z [command]/usr/bin/git config --local --name-only --get-regexp core\.sshCommand
database-full-load (0)	Post Run actions/checkout@3d3c42e5aac5ba805825da76410c181273ba90b1	2026-10-04T00:19:01.4759447Z [command]/usr/bin/git submodule foreach --recursive sh -c "git config --local --name-only --get-regexp 'core\.sshCommand' && git config --local --unset-all 'core.sshCommand' || :"
database-full-load (0)	Post Run actions/checkout@3d3c42e5aac5ba805825da76410c181273ba90b1	2026-10-04T00:19:01.4943488Z Removing HTTP extra header
database-full-load (0)	Post Run actions/checkout@3d3c42e5aac5ba805825da76410c181273ba90b1	2026-10-04T00:19:01.4948877Z [command]/usr/bin/git config --local --name-only --get-regexp http\.https\:\/\/github\.com\/\.extraheader
database-full-load (0)	Post Run actions/checkout@3d3c42e5aac5ba805825da76410c181273ba90b1	2026-10-04T00:19:01.4978676Z [command]/usr/bin/git submodule foreach --recursive sh -c "git config --local --name-only --get-regexp 'http\.https\:\/\/github\.com\/\.extraheader' && git config --local --unset-all 'http.https://github.com/.extraheader' || :"
database-full-load (0)	Post Run actions/checkout@3d3c42e5aac5ba805825da76410c181273ba90b1	2026-10-04T00:19:01.5180338Z Removing includeIf entries pointing to credentials config files
database-full-load (0)	Post Run actions/checkout@3d3c42e5aac5ba805825da76410c181273ba90b1	2026-10-04T00:19:01.5187593Z [command]/usr/bin/git config --local --name-only --get-regexp ^includeIf\.gitdir:
database-full-load (0)	Post Run actions/checkout@3d3c42e5aac5ba805825da76410c181273ba90b1	2026-10-04T00:19:01.5224398Z [command]/usr/bin/git submodule foreach --recursive git config --local --show-origin --name-only --get-regexp remote.origin.url
database-full-load (0)	Complete job	﻿2026-10-04T00:19:01.5535534Z Cleaning up orphan processes
database-full-load (0)	Complete job	2026-10-04T00:19:01.5783228Z ##[warning]Node.js 20 is deprecated. The following actions target Node.js 20 but are being forced to run on Node.js 24: actions/upload-artifact@ea165f8d65b6e75b540449e92b4886f43607fa02. For more information see: https://github.blog/changelog/2025-09-19-deprecation-of-node-20-on-github-actions-runners/
database-full-load (100)	Set up job	﻿2026-10-03T23:59:03.1939849Z Current runner version: '2.337.0'
database-full-load (100)	Set up job	2026-10-03T23:59:03.1964964Z ##[group]Runner Image Provisioner
database-full-load (100)	Set up job	2026-10-03T23:59:03.1965913Z Hosted Compute Agent
database-full-load (100)	Set up job	2026-10-03T23:59:03.1966559Z Version: 20260901.588
database-full-load (100)	Set up job	2026-10-03T23:59:03.1967239Z Commit: f88ec8081b781fac6c440065ac7ff9e710ce3d0b
database-full-load (100)	Set up job	2026-10-03T23:59:03.1968015Z Build Date: 2026-09-01T19:56:44Z
database-full-load (100)	Set up job	2026-10-03T23:59:03.1968741Z Worker ID: {33ed16d7-cbba-4c6d-8715-b5ddf65d11c0}
database-full-load (100)	Set up job	2026-10-03T23:59:03.1969563Z Azure Region: northcentralus
database-full-load (100)	Set up job	2026-10-03T23:59:03.1970178Z ##[endgroup]
database-full-load (100)	Set up job	2026-10-03T23:59:03.1972090Z ##[group]Operating System
database-full-load (100)	Set up job	2026-10-03T23:59:03.1972782Z Ubuntu
database-full-load (100)	Set up job	2026-10-03T23:59:03.1973340Z 24.04.5
database-full-load (100)	Set up job	2026-10-03T23:59:03.1973897Z LTS
database-full-load (100)	Set up job	2026-10-03T23:59:03.1974405Z ##[endgroup]
database-full-load (100)	Set up job	2026-10-03T23:59:03.1974941Z ##[group]Runner Image
database-full-load (100)	Set up job	2026-10-03T23:59:03.1975601Z Image: ubuntu-24.04
database-full-load (100)	Set up job	2026-10-03T23:59:03.1976201Z Version: 20260927.320.1
database-full-load (100)	Set up job	2026-10-03T23:59:03.1977367Z Included Software: https://github.com/actions/runner-images/blob/ubuntu24/20260927.320/images/ubuntu/Ubuntu2404-Readme.md
database-full-load (100)	Set up job	2026-10-03T23:59:03.1979073Z Image Release: https://github.com/actions/runner-images/releases/tag/ubuntu24%2F20260927.320
database-full-load (100)	Set up job	2026-10-03T23:59:03.1980136Z ##[endgroup]
database-full-load (100)	Set up job	2026-10-03T23:59:03.1981539Z ##[group]GITHUB_TOKEN Permissions
database-full-load (100)	Set up job	2026-10-03T23:59:03.1983580Z Contents: read
database-full-load (100)	Set up job	2026-10-03T23:59:03.1984200Z Metadata: read
database-full-load (100)	Set up job	2026-10-03T23:59:03.1984843Z ##[endgroup]
database-full-load (100)	Set up job	2026-10-03T23:59:03.1986855Z Secret source: Actions
database-full-load (100)	Set up job	2026-10-03T23:59:03.1987848Z Cache mode: write
database-full-load (100)	Set up job	2026-10-03T23:59:03.1988626Z Prepare workflow directory
database-full-load (100)	Set up job	2026-10-03T23:59:03.2532847Z Prepare all required actions
database-full-load (100)	Set up job	2026-10-03T23:59:03.2602405Z Getting action download info
database-full-load (100)	Set up job	2026-10-03T23:59:03.5087446Z Download action repository 'actions/checkout@3d3c42e5aac5ba805825da76410c181273ba90b1' (SHA:3d3c42e5aac5ba805825da76410c181273ba90b1)
database-full-load (100)	Set up job	2026-10-03T23:59:03.6066906Z Download action repository 'actions/setup-go@924ae3a1cded613372ab5595356fb5720e22ba16' (SHA:924ae3a1cded613372ab5595356fb5720e22ba16)
database-full-load (100)	Set up job	2026-10-03T23:59:03.9830308Z Download action repository 'actions/upload-artifact@ea165f8d65b6e75b540449e92b4886f43607fa02' (SHA:ea165f8d65b6e75b540449e92b4886f43607fa02)
database-full-load (100)	Set up job	2026-10-03T23:59:04.1788034Z Complete job name: database-full-load (100)
database-full-load (100)	Run actions/checkout@3d3c42e5aac5ba805825da76410c181273ba90b1	﻿2026-10-03T23:59:04.2556223Z ##[group]Run actions/checkout@3d3c42e5aac5ba805825da76410c181273ba90b1
database-full-load (100)	Run actions/checkout@3d3c42e5aac5ba805825da76410c181273ba90b1	2026-10-03T23:59:04.2557294Z with:
database-full-load (100)	Run actions/checkout@3d3c42e5aac5ba805825da76410c181273ba90b1	2026-10-03T23:59:04.2557770Z   ref: e790aa77629f0e4862159cbe8e3f0497df888314
database-full-load (100)	Run actions/checkout@3d3c42e5aac5ba805825da76410c181273ba90b1	2026-10-03T23:59:04.2558386Z   persist-credentials: false
database-full-load (100)	Run actions/checkout@3d3c42e5aac5ba805825da76410c181273ba90b1	2026-10-03T23:59:04.2558929Z   repository: batchstream/weir-tests
database-full-load (100)	Run actions/checkout@3d3c42e5aac5ba805825da76410c181273ba90b1	2026-10-03T23:59:04.2563236Z   token: ***
database-full-load (100)	Run actions/checkout@3d3c42e5aac5ba805825da76410c181273ba90b1	2026-10-03T23:59:04.2563689Z   ssh-strict: true
database-full-load (100)	Run actions/checkout@3d3c42e5aac5ba805825da76410c181273ba90b1	2026-10-03T23:59:04.2564134Z   ssh-user: git
database-full-load (100)	Run actions/checkout@3d3c42e5aac5ba805825da76410c181273ba90b1	2026-10-03T23:59:04.2564555Z   clean: true
database-full-load (100)	Run actions/checkout@3d3c42e5aac5ba805825da76410c181273ba90b1	2026-10-03T23:59:04.2565005Z   sparse-checkout-cone-mode: true
database-full-load (100)	Run actions/checkout@3d3c42e5aac5ba805825da76410c181273ba90b1	2026-10-03T23:59:04.2565564Z   fetch-depth: 1
database-full-load (100)	Run actions/checkout@3d3c42e5aac5ba805825da76410c181273ba90b1	2026-10-03T23:59:04.2566003Z   fetch-tags: false
database-full-load (100)	Run actions/checkout@3d3c42e5aac5ba805825da76410c181273ba90b1	2026-10-03T23:59:04.2566440Z   show-progress: true
database-full-load (100)	Run actions/checkout@3d3c42e5aac5ba805825da76410c181273ba90b1	2026-10-03T23:59:04.2566912Z   lfs: false
database-full-load (100)	Run actions/checkout@3d3c42e5aac5ba805825da76410c181273ba90b1	2026-10-03T23:59:04.2567318Z   submodules: false
database-full-load (100)	Run actions/checkout@3d3c42e5aac5ba805825da76410c181273ba90b1	2026-10-03T23:59:04.2567757Z   set-safe-directory: true
database-full-load (100)	Run actions/checkout@3d3c42e5aac5ba805825da76410c181273ba90b1	2026-10-03T23:59:04.2568274Z   allow-unsafe-pr-checkout: false
database-full-load (100)	Run actions/checkout@3d3c42e5aac5ba805825da76410c181273ba90b1	2026-10-03T23:59:04.2569053Z env:
database-full-load (100)	Run actions/checkout@3d3c42e5aac5ba805825da76410c181273ba90b1	2026-10-03T23:59:04.2569458Z   GOENV: off
database-full-load (100)	Run actions/checkout@3d3c42e5aac5ba805825da76410c181273ba90b1	2026-10-03T23:59:04.2569864Z   GOWORK: off
database-full-load (100)	Run actions/checkout@3d3c42e5aac5ba805825da76410c181273ba90b1	2026-10-03T23:59:04.2570304Z   GOTOOLCHAIN: local
database-full-load (100)	Run actions/checkout@3d3c42e5aac5ba805825da76410c181273ba90b1	2026-10-03T23:59:04.2570769Z   GOFLAGS: -mod=readonly
database-full-load (100)	Run actions/checkout@3d3c42e5aac5ba805825da76410c181273ba90b1	2026-10-03T23:59:04.2571512Z   PYTHONDONTWRITEBYTECODE: 1
database-full-load (100)	Run actions/checkout@3d3c42e5aac5ba805825da76410c181273ba90b1	2026-10-03T23:59:04.2572018Z ##[endgroup]
database-full-load (100)	Run actions/checkout@3d3c42e5aac5ba805825da76410c181273ba90b1	2026-10-03T23:59:04.3592196Z Syncing repository: batchstream/weir-tests
database-full-load (100)	Run actions/checkout@3d3c42e5aac5ba805825da76410c181273ba90b1	2026-10-03T23:59:04.3594640Z ##[group]Getting Git version info
database-full-load (100)	Run actions/checkout@3d3c42e5aac5ba805825da76410c181273ba90b1	2026-10-03T23:59:04.3595920Z Working directory is '/home/runner/work/weir-tests/weir-tests'
database-full-load (100)	Run actions/checkout@3d3c42e5aac5ba805825da76410c181273ba90b1	2026-10-03T23:59:04.3622106Z [command]/usr/bin/git version
database-full-load (100)	Run actions/checkout@3d3c42e5aac5ba805825da76410c181273ba90b1	2026-10-03T23:59:04.3738679Z git version 2.55.0
database-full-load (100)	Run actions/checkout@3d3c42e5aac5ba805825da76410c181273ba90b1	2026-10-03T23:59:04.3761917Z ##[endgroup]
database-full-load (100)	Run actions/checkout@3d3c42e5aac5ba805825da76410c181273ba90b1	2026-10-03T23:59:04.3773832Z Temporarily overriding HOME='/home/runner/work/_temp/a812536b-a8ba-4e24-bc37-f7d2489799b6' before making global git config changes
database-full-load (100)	Run actions/checkout@3d3c42e5aac5ba805825da76410c181273ba90b1	2026-10-03T23:59:04.3776126Z Adding repository directory to the temporary git global config as a safe directory
database-full-load (100)	Run actions/checkout@3d3c42e5aac5ba805825da76410c181273ba90b1	2026-10-03T23:59:04.3780169Z [command]/usr/bin/git config --global --add safe.directory /home/runner/work/weir-tests/weir-tests
database-full-load (100)	Run actions/checkout@3d3c42e5aac5ba805825da76410c181273ba90b1	2026-10-03T23:59:04.3828603Z Deleting the contents of '/home/runner/work/weir-tests/weir-tests'
database-full-load (100)	Run actions/checkout@3d3c42e5aac5ba805825da76410c181273ba90b1	2026-10-03T23:59:04.3832108Z ##[group]Determining repository object format
database-full-load (100)	Run actions/checkout@3d3c42e5aac5ba805825da76410c181273ba90b1	2026-10-03T23:59:04.3833924Z ##[endgroup]
database-full-load (100)	Run actions/checkout@3d3c42e5aac5ba805825da76410c181273ba90b1	2026-10-03T23:59:04.3834711Z ##[group]Initializing the repository
database-full-load (100)	Run actions/checkout@3d3c42e5aac5ba805825da76410c181273ba90b1	2026-10-03T23:59:04.3839395Z [command]/usr/bin/git init /home/runner/work/weir-tests/weir-tests
database-full-load (100)	Run actions/checkout@3d3c42e5aac5ba805825da76410c181273ba90b1	2026-10-03T23:59:04.3974701Z hint: Using 'master' as the name for the initial branch. This default branch name
database-full-load (100)	Run actions/checkout@3d3c42e5aac5ba805825da76410c181273ba90b1	2026-10-03T23:59:04.3976098Z hint: will change to "main" in Git 3.0. To configure the initial branch name
database-full-load (100)	Run actions/checkout@3d3c42e5aac5ba805825da76410c181273ba90b1	2026-10-03T23:59:04.3977140Z hint: to use in all of your new repositories, which will suppress this warning,
database-full-load (100)	Run actions/checkout@3d3c42e5aac5ba805825da76410c181273ba90b1	2026-10-03T23:59:04.3979285Z hint: call:
database-full-load (100)	Run actions/checkout@3d3c42e5aac5ba805825da76410c181273ba90b1	2026-10-03T23:59:04.3980517Z hint:
database-full-load (100)	Run actions/checkout@3d3c42e5aac5ba805825da76410c181273ba90b1	2026-10-03T23:59:04.3982453Z hint: 	git config --global init.defaultBranch <name>
database-full-load (100)	Run actions/checkout@3d3c42e5aac5ba805825da76410c181273ba90b1	2026-10-03T23:59:04.3984277Z hint:
database-full-load (100)	Run actions/checkout@3d3c42e5aac5ba805825da76410c181273ba90b1	2026-10-03T23:59:04.3985953Z hint: Names commonly chosen instead of 'master' are 'main', 'trunk' and
database-full-load (100)	Run actions/checkout@3d3c42e5aac5ba805825da76410c181273ba90b1	2026-10-03T23:59:04.3988056Z hint: 'development'. The just-created branch can be renamed via this command:
database-full-load (100)	Run actions/checkout@3d3c42e5aac5ba805825da76410c181273ba90b1	2026-10-03T23:59:04.3989419Z hint:
database-full-load (100)	Run actions/checkout@3d3c42e5aac5ba805825da76410c181273ba90b1	2026-10-03T23:59:04.3989918Z hint: 	git branch -m <name>
database-full-load (100)	Run actions/checkout@3d3c42e5aac5ba805825da76410c181273ba90b1	2026-10-03T23:59:04.3990403Z hint:
database-full-load (100)	Run actions/checkout@3d3c42e5aac5ba805825da76410c181273ba90b1	2026-10-03T23:59:04.3991044Z hint: Disable this message with "git config set advice.defaultBranchName false"
database-full-load (100)	Run actions/checkout@3d3c42e5aac5ba805825da76410c181273ba90b1	2026-10-03T23:59:04.3992542Z Initialized empty Git repository in /home/runner/work/weir-tests/weir-tests/.git/
database-full-load (100)	Run actions/checkout@3d3c42e5aac5ba805825da76410c181273ba90b1	2026-10-03T23:59:04.3997332Z [command]/usr/bin/git remote add origin https://github.com/batchstream/weir-tests
database-full-load (100)	Run actions/checkout@3d3c42e5aac5ba805825da76410c181273ba90b1	2026-10-03T23:59:04.4056443Z ##[endgroup]
database-full-load (100)	Run actions/checkout@3d3c42e5aac5ba805825da76410c181273ba90b1	2026-10-03T23:59:04.4058363Z ##[group]Disabling automatic garbage collection
database-full-load (100)	Run actions/checkout@3d3c42e5aac5ba805825da76410c181273ba90b1	2026-10-03T23:59:04.4060822Z [command]/usr/bin/git config --local gc.auto 0
database-full-load (100)	Run actions/checkout@3d3c42e5aac5ba805825da76410c181273ba90b1	2026-10-03T23:59:04.4096124Z ##[endgroup]
database-full-load (100)	Run actions/checkout@3d3c42e5aac5ba805825da76410c181273ba90b1	2026-10-03T23:59:04.4097548Z ##[group]Setting up auth
database-full-load (100)	Run actions/checkout@3d3c42e5aac5ba805825da76410c181273ba90b1	2026-10-03T23:59:04.4098461Z Removing SSH command configuration
database-full-load (100)	Run actions/checkout@3d3c42e5aac5ba805825da76410c181273ba90b1	2026-10-03T23:59:04.4102934Z [command]/usr/bin/git config --local --name-only --get-regexp core\.sshCommand
database-full-load (100)	Run actions/checkout@3d3c42e5aac5ba805825da76410c181273ba90b1	2026-10-03T23:59:04.4138899Z [command]/usr/bin/git submodule foreach --recursive sh -c "git config --local --name-only --get-regexp 'core\.sshCommand' && git config --local --unset-all 'core.sshCommand' || :"
database-full-load (100)	Run actions/checkout@3d3c42e5aac5ba805825da76410c181273ba90b1	2026-10-03T23:59:04.4506411Z Removing HTTP extra header
database-full-load (100)	Run actions/checkout@3d3c42e5aac5ba805825da76410c181273ba90b1	2026-10-03T23:59:04.4512612Z [command]/usr/bin/git config --local --name-only --get-regexp http\.https\:\/\/github\.com\/\.extraheader
database-full-load (100)	Run actions/checkout@3d3c42e5aac5ba805825da76410c181273ba90b1	2026-10-03T23:59:04.4547613Z [command]/usr/bin/git submodule foreach --recursive sh -c "git config --local --name-only --get-regexp 'http\.https\:\/\/github\.com\/\.extraheader' && git config --local --unset-all 'http.https://github.com/.extraheader' || :"
database-full-load (100)	Run actions/checkout@3d3c42e5aac5ba805825da76410c181273ba90b1	2026-10-03T23:59:04.4761966Z Removing includeIf entries pointing to credentials config files
database-full-load (100)	Run actions/checkout@3d3c42e5aac5ba805825da76410c181273ba90b1	2026-10-03T23:59:04.4766561Z [command]/usr/bin/git config --local --name-only --get-regexp ^includeIf\.gitdir:
database-full-load (100)	Run actions/checkout@3d3c42e5aac5ba805825da76410c181273ba90b1	2026-10-03T23:59:04.4800015Z [command]/usr/bin/git submodule foreach --recursive git config --local --show-origin --name-only --get-regexp remote.origin.url
database-full-load (100)	Run actions/checkout@3d3c42e5aac5ba805825da76410c181273ba90b1	2026-10-03T23:59:04.5021504Z [command]/usr/bin/git config --file /home/runner/work/_temp/git-credentials-dedc84c2-3fe7-4faf-846c-fd282230441f.config http.https://github.com/.extraheader AUTHORIZATION: basic ***
database-full-load (100)	Run actions/checkout@3d3c42e5aac5ba805825da76410c181273ba90b1	2026-10-03T23:59:04.5060110Z [command]/usr/bin/git config --local includeIf.gitdir:/home/runner/work/weir-tests/weir-tests/.git.path /home/runner/work/_temp/git-credentials-dedc84c2-3fe7-4faf-846c-fd282230441f.config
database-full-load (100)	Run actions/checkout@3d3c42e5aac5ba805825da76410c181273ba90b1	2026-10-03T23:59:04.5094363Z [command]/usr/bin/git config --local includeIf.gitdir:/home/runner/work/weir-tests/weir-tests/.git/worktrees/*.path /home/runner/work/_temp/git-credentials-dedc84c2-3fe7-4faf-846c-fd282230441f.config
database-full-load (100)	Run actions/checkout@3d3c42e5aac5ba805825da76410c181273ba90b1	2026-10-03T23:59:04.5131832Z [command]/usr/bin/git config --local includeIf.gitdir:/github/workspace/.git.path /github/runner_temp/git-credentials-dedc84c2-3fe7-4faf-846c-fd282230441f.config
database-full-load (100)	Run actions/checkout@3d3c42e5aac5ba805825da76410c181273ba90b1	2026-10-03T23:59:04.5166976Z [command]/usr/bin/git config --local includeIf.gitdir:/github/workspace/.git/worktrees/*.path /github/runner_temp/git-credentials-dedc84c2-3fe7-4faf-846c-fd282230441f.config
database-full-load (100)	Run actions/checkout@3d3c42e5aac5ba805825da76410c181273ba90b1	2026-10-03T23:59:04.5197925Z ##[endgroup]
database-full-load (100)	Run actions/checkout@3d3c42e5aac5ba805825da76410c181273ba90b1	2026-10-03T23:59:04.5198726Z ##[group]Fetching the repository
database-full-load (100)	Run actions/checkout@3d3c42e5aac5ba805825da76410c181273ba90b1	2026-10-03T23:59:04.5203887Z [command]/usr/bin/git -c protocol.version=2 fetch --no-tags --prune --no-recurse-submodules --depth=1 origin e790aa77629f0e4862159cbe8e3f0497df888314
database-full-load (100)	Run actions/checkout@3d3c42e5aac5ba805825da76410c181273ba90b1	2026-10-03T23:59:05.2475840Z From https://github.com/batchstream/weir-tests
database-full-load (100)	Run actions/checkout@3d3c42e5aac5ba805825da76410c181273ba90b1	2026-10-03T23:59:05.2478742Z  * branch            e790aa77629f0e4862159cbe8e3f0497df888314 -> FETCH_HEAD
database-full-load (100)	Run actions/checkout@3d3c42e5aac5ba805825da76410c181273ba90b1	2026-10-03T23:59:05.2488099Z [command]/usr/bin/git rev-parse --verify --quiet e790aa77629f0e4862159cbe8e3f0497df888314^{object}
database-full-load (100)	Run actions/checkout@3d3c42e5aac5ba805825da76410c181273ba90b1	2026-10-03T23:59:05.2517480Z e790aa77629f0e4862159cbe8e3f0497df888314
database-full-load (100)	Run actions/checkout@3d3c42e5aac5ba805825da76410c181273ba90b1	2026-10-03T23:59:05.2525438Z ##[endgroup]
database-full-load (100)	Run actions/checkout@3d3c42e5aac5ba805825da76410c181273ba90b1	2026-10-03T23:59:05.2527072Z ##[group]Determining the checkout info
database-full-load (100)	Run actions/checkout@3d3c42e5aac5ba805825da76410c181273ba90b1	2026-10-03T23:59:05.2528903Z ##[endgroup]
database-full-load (100)	Run actions/checkout@3d3c42e5aac5ba805825da76410c181273ba90b1	2026-10-03T23:59:05.2531003Z [command]/usr/bin/git sparse-checkout disable
database-full-load (100)	Run actions/checkout@3d3c42e5aac5ba805825da76410c181273ba90b1	2026-10-03T23:59:05.2591039Z [command]/usr/bin/git config --local --unset-all extensions.worktreeConfig
database-full-load (100)	Run actions/checkout@3d3c42e5aac5ba805825da76410c181273ba90b1	2026-10-03T23:59:05.2634531Z ##[group]Checking out the ref
database-full-load (100)	Run actions/checkout@3d3c42e5aac5ba805825da76410c181273ba90b1	2026-10-03T23:59:05.2638344Z [command]/usr/bin/git checkout --progress --force e790aa77629f0e4862159cbe8e3f0497df888314
database-full-load (100)	Run actions/checkout@3d3c42e5aac5ba805825da76410c181273ba90b1	2026-10-03T23:59:05.3780283Z Note: switching to 'e790aa77629f0e4862159cbe8e3f0497df888314'.
database-full-load (100)	Run actions/checkout@3d3c42e5aac5ba805825da76410c181273ba90b1	2026-10-03T23:59:05.3782049Z 
database-full-load (100)	Run actions/checkout@3d3c42e5aac5ba805825da76410c181273ba90b1	2026-10-03T23:59:05.3782865Z You are in 'detached HEAD' state. You can look around, make experimental
database-full-load (100)	Run actions/checkout@3d3c42e5aac5ba805825da76410c181273ba90b1	2026-10-03T23:59:05.3785476Z changes and commit them, and you can discard any commits you make in this
database-full-load (100)	Run actions/checkout@3d3c42e5aac5ba805825da76410c181273ba90b1	2026-10-03T23:59:05.3787899Z state without impacting any branches by switching back to a branch.
database-full-load (100)	Run actions/checkout@3d3c42e5aac5ba805825da76410c181273ba90b1	2026-10-03T23:59:05.3789317Z 
database-full-load (100)	Run actions/checkout@3d3c42e5aac5ba805825da76410c181273ba90b1	2026-10-03T23:59:05.3790205Z If you want to create a new branch to retain commits you create, you may
database-full-load (100)	Run actions/checkout@3d3c42e5aac5ba805825da76410c181273ba90b1	2026-10-03T23:59:05.3792709Z do so (now or later) by using -c with the switch command. Example:
database-full-load (100)	Run actions/checkout@3d3c42e5aac5ba805825da76410c181273ba90b1	2026-10-03T23:59:05.3794057Z 
database-full-load (100)	Run actions/checkout@3d3c42e5aac5ba805825da76410c181273ba90b1	2026-10-03T23:59:05.3794616Z   git switch -c <new-branch-name>
database-full-load (100)	Run actions/checkout@3d3c42e5aac5ba805825da76410c181273ba90b1	2026-10-03T23:59:05.3795663Z 
database-full-load (100)	Run actions/checkout@3d3c42e5aac5ba805825da76410c181273ba90b1	2026-10-03T23:59:05.3796230Z Or undo this operation with:
database-full-load (100)	Run actions/checkout@3d3c42e5aac5ba805825da76410c181273ba90b1	2026-10-03T23:59:05.3797118Z 
database-full-load (100)	Run actions/checkout@3d3c42e5aac5ba805825da76410c181273ba90b1	2026-10-03T23:59:05.3797592Z   git switch -
database-full-load (100)	Run actions/checkout@3d3c42e5aac5ba805825da76410c181273ba90b1	2026-10-03T23:59:05.3798551Z 
database-full-load (100)	Run actions/checkout@3d3c42e5aac5ba805825da76410c181273ba90b1	2026-10-03T23:59:05.3799546Z Turn off this advice by setting config variable advice.detachedHead to false
database-full-load (100)	Run actions/checkout@3d3c42e5aac5ba805825da76410c181273ba90b1	2026-10-03T23:59:05.3801103Z 
database-full-load (100)	Run actions/checkout@3d3c42e5aac5ba805825da76410c181273ba90b1	2026-10-03T23:59:05.3803470Z HEAD is now at e790aa7 📌 chore: pin Weir with explicit backend request deadlines
database-full-load (100)	Run actions/checkout@3d3c42e5aac5ba805825da76410c181273ba90b1	2026-10-03T23:59:05.3832549Z ##[endgroup]
database-full-load (100)	Run actions/checkout@3d3c42e5aac5ba805825da76410c181273ba90b1	2026-10-03T23:59:05.3958844Z [command]/usr/bin/git log -1 --format=%H
database-full-load (100)	Run actions/checkout@3d3c42e5aac5ba805825da76410c181273ba90b1	2026-10-03T23:59:05.3964057Z e790aa77629f0e4862159cbe8e3f0497df888314
database-full-load (100)	Run actions/checkout@3d3c42e5aac5ba805825da76410c181273ba90b1	2026-10-03T23:59:05.3983993Z ##[group]Removing auth
database-full-load (100)	Run actions/checkout@3d3c42e5aac5ba805825da76410c181273ba90b1	2026-10-03T23:59:05.3985344Z Removing SSH command configuration
database-full-load (100)	Run actions/checkout@3d3c42e5aac5ba805825da76410c181273ba90b1	2026-10-03T23:59:05.3987374Z [command]/usr/bin/git config --local --name-only --get-regexp core\.sshCommand
database-full-load (100)	Run actions/checkout@3d3c42e5aac5ba805825da76410c181273ba90b1	2026-10-03T23:59:05.3995450Z [command]/usr/bin/git submodule foreach --recursive sh -c "git config --local --name-only --get-regexp 'core\.sshCommand' && git config --local --unset-all 'core.sshCommand' || :"
database-full-load (100)	Run actions/checkout@3d3c42e5aac5ba805825da76410c181273ba90b1	2026-10-03T23:59:05.4211500Z Removing HTTP extra header
database-full-load (100)	Run actions/checkout@3d3c42e5aac5ba805825da76410c181273ba90b1	2026-10-03T23:59:05.4214645Z [command]/usr/bin/git config --local --name-only --get-regexp http\.https\:\/\/github\.com\/\.extraheader
database-full-load (100)	Run actions/checkout@3d3c42e5aac5ba805825da76410c181273ba90b1	2026-10-03T23:59:05.4261083Z [command]/usr/bin/git submodule foreach --recursive sh -c "git config --local --name-only --get-regexp 'http\.https\:\/\/github\.com\/\.extraheader' && git config --local --unset-all 'http.https://github.com/.extraheader' || :"
database-full-load (100)	Run actions/checkout@3d3c42e5aac5ba805825da76410c181273ba90b1	2026-10-03T23:59:05.4479549Z Removing includeIf entries pointing to credentials config files
database-full-load (100)	Run actions/checkout@3d3c42e5aac5ba805825da76410c181273ba90b1	2026-10-03T23:59:05.4483413Z [command]/usr/bin/git config --local --name-only --get-regexp ^includeIf\.gitdir:
database-full-load (100)	Run actions/checkout@3d3c42e5aac5ba805825da76410c181273ba90b1	2026-10-03T23:59:05.4514146Z includeif.gitdir:/home/runner/work/weir-tests/weir-tests/.git.path
database-full-load (100)	Run actions/checkout@3d3c42e5aac5ba805825da76410c181273ba90b1	2026-10-03T23:59:05.4517846Z includeif.gitdir:/home/runner/work/weir-tests/weir-tests/.git/worktrees/*.path
database-full-load (100)	Run actions/checkout@3d3c42e5aac5ba805825da76410c181273ba90b1	2026-10-03T23:59:05.4521023Z includeif.gitdir:/github/workspace/.git.path
database-full-load (100)	Run actions/checkout@3d3c42e5aac5ba805825da76410c181273ba90b1	2026-10-03T23:59:05.4523928Z includeif.gitdir:/github/workspace/.git/worktrees/*.path
database-full-load (100)	Run actions/checkout@3d3c42e5aac5ba805825da76410c181273ba90b1	2026-10-03T23:59:05.4530375Z [command]/usr/bin/git config --local --get-all includeif.gitdir:/home/runner/work/weir-tests/weir-tests/.git.path
database-full-load (100)	Run actions/checkout@3d3c42e5aac5ba805825da76410c181273ba90b1	2026-10-03T23:59:05.4553200Z /home/runner/work/_temp/git-credentials-dedc84c2-3fe7-4faf-846c-fd282230441f.config
database-full-load (100)	Run actions/checkout@3d3c42e5aac5ba805825da76410c181273ba90b1	2026-10-03T23:59:05.4564824Z [command]/usr/bin/git config --local --unset includeif.gitdir:/home/runner/work/weir-tests/weir-tests/.git.path \/home\/runner\/work\/_temp\/git\-credentials\-dedc84c2\-3fe7\-4faf\-846c\-fd282230441f\.config
database-full-load (100)	Run actions/checkout@3d3c42e5aac5ba805825da76410c181273ba90b1	2026-10-03T23:59:05.4605879Z [command]/usr/bin/git config --local --get-all includeif.gitdir:/home/runner/work/weir-tests/weir-tests/.git/worktrees/*.path
database-full-load (100)	Run actions/checkout@3d3c42e5aac5ba805825da76410c181273ba90b1	2026-10-03T23:59:05.4630401Z /home/runner/work/_temp/git-credentials-dedc84c2-3fe7-4faf-846c-fd282230441f.config
database-full-load (100)	Run actions/checkout@3d3c42e5aac5ba805825da76410c181273ba90b1	2026-10-03T23:59:05.4639979Z [command]/usr/bin/git config --local --unset includeif.gitdir:/home/runner/work/weir-tests/weir-tests/.git/worktrees/*.path \/home\/runner\/work\/_temp\/git\-credentials\-dedc84c2\-3fe7\-4faf\-846c\-fd282230441f\.config
database-full-load (100)	Run actions/checkout@3d3c42e5aac5ba805825da76410c181273ba90b1	2026-10-03T23:59:05.4677446Z [command]/usr/bin/git config --local --get-all includeif.gitdir:/github/workspace/.git.path
database-full-load (100)	Run actions/checkout@3d3c42e5aac5ba805825da76410c181273ba90b1	2026-10-03T23:59:05.4706580Z /github/runner_temp/git-credentials-dedc84c2-3fe7-4faf-846c-fd282230441f.config
database-full-load (100)	Run actions/checkout@3d3c42e5aac5ba805825da76410c181273ba90b1	2026-10-03T23:59:05.4715977Z [command]/usr/bin/git config --local --unset includeif.gitdir:/github/workspace/.git.path \/github\/runner_temp\/git\-credentials\-dedc84c2\-3fe7\-4faf\-846c\-fd282230441f\.config
database-full-load (100)	Run actions/checkout@3d3c42e5aac5ba805825da76410c181273ba90b1	2026-10-03T23:59:05.4792514Z [command]/usr/bin/git config --local --get-all includeif.gitdir:/github/workspace/.git/worktrees/*.path
database-full-load (100)	Run actions/checkout@3d3c42e5aac5ba805825da76410c181273ba90b1	2026-10-03T23:59:05.4831061Z /github/runner_temp/git-credentials-dedc84c2-3fe7-4faf-846c-fd282230441f.config
database-full-load (100)	Run actions/checkout@3d3c42e5aac5ba805825da76410c181273ba90b1	2026-10-03T23:59:05.4839703Z [command]/usr/bin/git config --local --unset includeif.gitdir:/github/workspace/.git/worktrees/*.path \/github\/runner_temp\/git\-credentials\-dedc84c2\-3fe7\-4faf\-846c\-fd282230441f\.config
database-full-load (100)	Run actions/checkout@3d3c42e5aac5ba805825da76410c181273ba90b1	2026-10-03T23:59:05.4876303Z [command]/usr/bin/git submodule foreach --recursive git config --local --show-origin --name-only --get-regexp remote.origin.url
database-full-load (100)	Run actions/checkout@3d3c42e5aac5ba805825da76410c181273ba90b1	2026-10-03T23:59:05.5092953Z Removing credentials config '/home/runner/work/_temp/git-credentials-dedc84c2-3fe7-4faf-846c-fd282230441f.config'
database-full-load (100)	Run actions/checkout@3d3c42e5aac5ba805825da76410c181273ba90b1	2026-10-03T23:59:05.5099635Z ##[endgroup]
database-full-load (100)	Run actions/setup-go@924ae3a1cded613372ab5595356fb5720e22ba16	﻿2026-10-03T23:59:05.5420317Z ##[group]Run actions/setup-go@924ae3a1cded613372ab5595356fb5720e22ba16
database-full-load (100)	Run actions/setup-go@924ae3a1cded613372ab5595356fb5720e22ba16	2026-10-03T23:59:05.5422105Z with:
database-full-load (100)	Run actions/setup-go@924ae3a1cded613372ab5595356fb5720e22ba16	2026-10-03T23:59:05.5422898Z   go-version-file: go.mod
database-full-load (100)	Run actions/setup-go@924ae3a1cded613372ab5595356fb5720e22ba16	2026-10-03T23:59:05.5423853Z   check-latest: false
database-full-load (100)	Run actions/setup-go@924ae3a1cded613372ab5595356fb5720e22ba16	2026-10-03T23:59:05.5433860Z   token: ***
database-full-load (100)	Run actions/setup-go@924ae3a1cded613372ab5595356fb5720e22ba16	2026-10-03T23:59:05.5434673Z   cache: true
database-full-load (100)	Run actions/setup-go@924ae3a1cded613372ab5595356fb5720e22ba16	2026-10-03T23:59:05.5435447Z env:
database-full-load (100)	Run actions/setup-go@924ae3a1cded613372ab5595356fb5720e22ba16	2026-10-03T23:59:05.5436163Z   GOENV: off
database-full-load (100)	Run actions/setup-go@924ae3a1cded613372ab5595356fb5720e22ba16	2026-10-03T23:59:05.5436933Z   GOWORK: off
database-full-load (100)	Run actions/setup-go@924ae3a1cded613372ab5595356fb5720e22ba16	2026-10-03T23:59:05.5437730Z   GOTOOLCHAIN: local
database-full-load (100)	Run actions/setup-go@924ae3a1cded613372ab5595356fb5720e22ba16	2026-10-03T23:59:05.5438611Z   GOFLAGS: -mod=readonly
database-full-load (100)	Run actions/setup-go@924ae3a1cded613372ab5595356fb5720e22ba16	2026-10-03T23:59:05.5439578Z   PYTHONDONTWRITEBYTECODE: 1
database-full-load (100)	Run actions/setup-go@924ae3a1cded613372ab5595356fb5720e22ba16	2026-10-03T23:59:05.5440545Z ##[endgroup]
database-full-load (100)	Run actions/setup-go@924ae3a1cded613372ab5595356fb5720e22ba16	2026-10-03T23:59:05.6681875Z Setup go version spec 1.27.1
database-full-load (100)	Run actions/setup-go@924ae3a1cded613372ab5595356fb5720e22ba16	2026-10-03T23:59:05.6696614Z Attempting to download 1.27.1...
database-full-load (100)	Run actions/setup-go@924ae3a1cded613372ab5595356fb5720e22ba16	2026-10-03T23:59:06.2709459Z matching 1.27.1...
database-full-load (100)	Run actions/setup-go@924ae3a1cded613372ab5595356fb5720e22ba16	2026-10-03T23:59:06.2737060Z Acquiring 1.27.1 from https://github.com/actions/go-versions/releases/download/1.27.1-33583469715/go-1.27.1-linux-x64.tar.gz
database-full-load (100)	Run actions/setup-go@924ae3a1cded613372ab5595356fb5720e22ba16	2026-10-03T23:59:06.7274233Z Extracting Go...
database-full-load (100)	Run actions/setup-go@924ae3a1cded613372ab5595356fb5720e22ba16	2026-10-03T23:59:06.7388005Z [command]/usr/bin/tar xz --warning=no-unknown-keyword --overwrite -C /home/runner/work/_temp/1b74e1c0-2f12-4ec5-8251-810adcb4a673 -f /home/runner/work/_temp/e8917cb7-4548-4e3d-bcd7-808e007482bf
database-full-load (100)	Run actions/setup-go@924ae3a1cded613372ab5595356fb5720e22ba16	2026-10-03T23:59:08.4928080Z Successfully extracted go to /home/runner/work/_temp/1b74e1c0-2f12-4ec5-8251-810adcb4a673
database-full-load (100)	Run actions/setup-go@924ae3a1cded613372ab5595356fb5720e22ba16	2026-10-03T23:59:08.4929104Z Adding to the cache ...
database-full-load (100)	Run actions/setup-go@924ae3a1cded613372ab5595356fb5720e22ba16	2026-10-03T23:59:14.1109274Z Successfully cached go to /opt/hostedtoolcache/go/1.27.1/x64
database-full-load (100)	Run actions/setup-go@924ae3a1cded613372ab5595356fb5720e22ba16	2026-10-03T23:59:14.1111729Z Added go to the path
database-full-load (100)	Run actions/setup-go@924ae3a1cded613372ab5595356fb5720e22ba16	2026-10-03T23:59:14.1114650Z Successfully set up Go version 1.27.1
database-full-load (100)	Run actions/setup-go@924ae3a1cded613372ab5595356fb5720e22ba16	2026-10-03T23:59:14.1348071Z [command]/opt/hostedtoolcache/go/1.27.1/x64/bin/go env GOMODCACHE
database-full-load (100)	Run actions/setup-go@924ae3a1cded613372ab5595356fb5720e22ba16	2026-10-03T23:59:14.1383647Z [command]/opt/hostedtoolcache/go/1.27.1/x64/bin/go env GOCACHE
database-full-load (100)	Run actions/setup-go@924ae3a1cded613372ab5595356fb5720e22ba16	2026-10-03T23:59:14.1419765Z /home/runner/go/pkg/mod
database-full-load (100)	Run actions/setup-go@924ae3a1cded613372ab5595356fb5720e22ba16	2026-10-03T23:59:14.1437621Z /home/runner/.cache/go-build
database-full-load (100)	Run actions/setup-go@924ae3a1cded613372ab5595356fb5720e22ba16	2026-10-03T23:59:14.2504222Z Cache hit for: setup-go-Linux-x64-ubuntu24-go-1.27.1-f3893fbf0ff2b6e2efba8903234513786674983d753d1815a9a1fcf84a06448a
database-full-load (100)	Run actions/setup-go@924ae3a1cded613372ab5595356fb5720e22ba16	2026-10-03T23:59:15.3548570Z Received 188743680 of 252007507 (74.9%), 179.8 MBs/sec
database-full-load (100)	Run actions/setup-go@924ae3a1cded613372ab5595356fb5720e22ba16	2026-10-03T23:59:15.5783538Z Received 252007507 of 252007507 (100.0%), 196.2 MBs/sec
database-full-load (100)	Run actions/setup-go@924ae3a1cded613372ab5595356fb5720e22ba16	2026-10-03T23:59:15.5784879Z Cache Size: ~240 MB (252007507 B)
database-full-load (100)	Run actions/setup-go@924ae3a1cded613372ab5595356fb5720e22ba16	2026-10-03T23:59:15.5818731Z [command]/usr/bin/tar -xf /home/runner/work/_temp/cd261969-3eda-4493-919a-7bddb75e18f6/cache.tzst -P -C /home/runner/work/weir-tests/weir-tests --use-compress-program unzstd
database-full-load (100)	Run actions/setup-go@924ae3a1cded613372ab5595356fb5720e22ba16	2026-10-03T23:59:17.3608116Z Cache restored successfully
database-full-load (100)	Run actions/setup-go@924ae3a1cded613372ab5595356fb5720e22ba16	2026-10-03T23:59:17.3742847Z Cache restored from key: setup-go-Linux-x64-ubuntu24-go-1.27.1-f3893fbf0ff2b6e2efba8903234513786674983d753d1815a9a1fcf84a06448a
database-full-load (100)	Run actions/setup-go@924ae3a1cded613372ab5595356fb5720e22ba16	2026-10-03T23:59:17.3763571Z go version go1.27.1 linux/amd64
database-full-load (100)	Run actions/setup-go@924ae3a1cded613372ab5595356fb5720e22ba16	2026-10-03T23:59:17.3763898Z 
database-full-load (100)	Run actions/setup-go@924ae3a1cded613372ab5595356fb5720e22ba16	2026-10-03T23:59:17.3764363Z ##[group]go env
database-full-load (100)	Run actions/setup-go@924ae3a1cded613372ab5595356fb5720e22ba16	2026-10-03T23:59:17.4055831Z AR='ar'
database-full-load (100)	Run actions/setup-go@924ae3a1cded613372ab5595356fb5720e22ba16	2026-10-03T23:59:17.4056182Z CC='gcc'
database-full-load (100)	Run actions/setup-go@924ae3a1cded613372ab5595356fb5720e22ba16	2026-10-03T23:59:17.4056410Z CGO_CFLAGS='-O2 -g'
database-full-load (100)	Run actions/setup-go@924ae3a1cded613372ab5595356fb5720e22ba16	2026-10-03T23:59:17.4056653Z CGO_CPPFLAGS=''
database-full-load (100)	Run actions/setup-go@924ae3a1cded613372ab5595356fb5720e22ba16	2026-10-03T23:59:17.4056877Z CGO_CXXFLAGS='-O2 -g'
database-full-load (100)	Run actions/setup-go@924ae3a1cded613372ab5595356fb5720e22ba16	2026-10-03T23:59:17.4057101Z CGO_ENABLED='1'
database-full-load (100)	Run actions/setup-go@924ae3a1cded613372ab5595356fb5720e22ba16	2026-10-03T23:59:17.4057364Z CGO_FFLAGS='-O2 -g'
database-full-load (100)	Run actions/setup-go@924ae3a1cded613372ab5595356fb5720e22ba16	2026-10-03T23:59:17.4057606Z CGO_LDFLAGS='-O2 -g'
database-full-load (100)	Run actions/setup-go@924ae3a1cded613372ab5595356fb5720e22ba16	2026-10-03T23:59:17.4057851Z CXX='g++'
database-full-load (100)	Run actions/setup-go@924ae3a1cded613372ab5595356fb5720e22ba16	2026-10-03T23:59:17.4058046Z GCCGO='gccgo'
database-full-load (100)	Run actions/setup-go@924ae3a1cded613372ab5595356fb5720e22ba16	2026-10-03T23:59:17.4058247Z GO111MODULE=''
database-full-load (100)	Run actions/setup-go@924ae3a1cded613372ab5595356fb5720e22ba16	2026-10-03T23:59:17.4058449Z GOAMD64='v1'
database-full-load (100)	Run actions/setup-go@924ae3a1cded613372ab5595356fb5720e22ba16	2026-10-03T23:59:17.4058643Z GOARCH='amd64'
database-full-load (100)	Run actions/setup-go@924ae3a1cded613372ab5595356fb5720e22ba16	2026-10-03T23:59:17.4058834Z GOAUTH='netrc'
database-full-load (100)	Run actions/setup-go@924ae3a1cded613372ab5595356fb5720e22ba16	2026-10-03T23:59:17.4059048Z GOBIN='/home/runner/go/bin'
database-full-load (100)	Run actions/setup-go@924ae3a1cded613372ab5595356fb5720e22ba16	2026-10-03T23:59:17.4059324Z GOCACHE='/home/runner/.cache/go-build'
database-full-load (100)	Run actions/setup-go@924ae3a1cded613372ab5595356fb5720e22ba16	2026-10-03T23:59:17.4059602Z GOCACHEPROG=''
database-full-load (100)	Run actions/setup-go@924ae3a1cded613372ab5595356fb5720e22ba16	2026-10-03T23:59:17.4059807Z GODEBUG=''
database-full-load (100)	Run actions/setup-go@924ae3a1cded613372ab5595356fb5720e22ba16	2026-10-03T23:59:17.4059995Z GOENV=''
database-full-load (100)	Run actions/setup-go@924ae3a1cded613372ab5595356fb5720e22ba16	2026-10-03T23:59:17.4060171Z GOEXE=''
database-full-load (100)	Run actions/setup-go@924ae3a1cded613372ab5595356fb5720e22ba16	2026-10-03T23:59:17.4060359Z GOEXPERIMENT=''
database-full-load (100)	Run actions/setup-go@924ae3a1cded613372ab5595356fb5720e22ba16	2026-10-03T23:59:17.4060560Z GOFIPS140='off'
database-full-load (100)	Run actions/setup-go@924ae3a1cded613372ab5595356fb5720e22ba16	2026-10-03T23:59:17.4060778Z GOFLAGS='-mod=readonly'
database-full-load (100)	Run actions/setup-go@924ae3a1cded613372ab5595356fb5720e22ba16	2026-10-03T23:59:17.4061711Z GOGCCFLAGS='-fPIC -m64 -pthread -Wl,--no-gc-sections -fmessage-length=0 -ffile-prefix-map=/tmp/go-build3934393996=/tmp/go-build -gno-record-gcc-switches'
database-full-load (100)	Run actions/setup-go@924ae3a1cded613372ab5595356fb5720e22ba16	2026-10-03T23:59:17.4062402Z GOHOSTARCH='amd64'
database-full-load (100)	Run actions/setup-go@924ae3a1cded613372ab5595356fb5720e22ba16	2026-10-03T23:59:17.4062909Z GOHOSTOS='linux'
database-full-load (100)	Run actions/setup-go@924ae3a1cded613372ab5595356fb5720e22ba16	2026-10-03T23:59:17.4063114Z GOINSECURE=''
database-full-load (100)	Run actions/setup-go@924ae3a1cded613372ab5595356fb5720e22ba16	2026-10-03T23:59:17.4063414Z GOMOD='/home/runner/work/weir-tests/weir-tests/go.mod'
database-full-load (100)	Run actions/setup-go@924ae3a1cded613372ab5595356fb5720e22ba16	2026-10-03T23:59:17.4063758Z GOMODCACHE='/home/runner/go/pkg/mod'
database-full-load (100)	Run actions/setup-go@924ae3a1cded613372ab5595356fb5720e22ba16	2026-10-03T23:59:17.4064024Z GONOPROXY=''
database-full-load (100)	Run actions/setup-go@924ae3a1cded613372ab5595356fb5720e22ba16	2026-10-03T23:59:17.4064234Z GONOSUMDB=''
database-full-load (100)	Run actions/setup-go@924ae3a1cded613372ab5595356fb5720e22ba16	2026-10-03T23:59:17.4064423Z GOOS='linux'
database-full-load (100)	Run actions/setup-go@924ae3a1cded613372ab5595356fb5720e22ba16	2026-10-03T23:59:17.4064620Z GOPACKAGESDRIVER=''
database-full-load (100)	Run actions/setup-go@924ae3a1cded613372ab5595356fb5720e22ba16	2026-10-03T23:59:17.4064852Z GOPATH='/home/runner/go'
database-full-load (100)	Run actions/setup-go@924ae3a1cded613372ab5595356fb5720e22ba16	2026-10-03T23:59:17.4065078Z GOPRIVATE=''
database-full-load (100)	Run actions/setup-go@924ae3a1cded613372ab5595356fb5720e22ba16	2026-10-03T23:59:17.4065338Z GOPROXY='https://proxy.golang.org,direct'
database-full-load (100)	Run actions/setup-go@924ae3a1cded613372ab5595356fb5720e22ba16	2026-10-03T23:59:17.4065662Z GOROOT='/opt/hostedtoolcache/go/1.27.1/x64'
database-full-load (100)	Run actions/setup-go@924ae3a1cded613372ab5595356fb5720e22ba16	2026-10-03T23:59:17.4065961Z GOSUMDB='sum.golang.org'
database-full-load (100)	Run actions/setup-go@924ae3a1cded613372ab5595356fb5720e22ba16	2026-10-03T23:59:17.4066189Z GOTELEMETRY='local'
database-full-load (100)	Run actions/setup-go@924ae3a1cded613372ab5595356fb5720e22ba16	2026-10-03T23:59:17.4066460Z GOTELEMETRYDIR='/home/runner/.config/go/telemetry'
database-full-load (100)	Run actions/setup-go@924ae3a1cded613372ab5595356fb5720e22ba16	2026-10-03T23:59:17.4066762Z GOTMPDIR=''
database-full-load (100)	Run actions/setup-go@924ae3a1cded613372ab5595356fb5720e22ba16	2026-10-03T23:59:17.4066960Z GOTOOLCHAIN='local'
database-full-load (100)	Run actions/setup-go@924ae3a1cded613372ab5595356fb5720e22ba16	2026-10-03T23:59:17.4067277Z GOTOOLDIR='/opt/hostedtoolcache/go/1.27.1/x64/pkg/tool/linux_amd64'
database-full-load (100)	Run actions/setup-go@924ae3a1cded613372ab5595356fb5720e22ba16	2026-10-03T23:59:17.4067634Z GOVCS=''
database-full-load (100)	Run actions/setup-go@924ae3a1cded613372ab5595356fb5720e22ba16	2026-10-03T23:59:17.4067828Z GOVERSION='go1.27.1'
database-full-load (100)	Run actions/setup-go@924ae3a1cded613372ab5595356fb5720e22ba16	2026-10-03T23:59:17.4068040Z GOWORK='off'
database-full-load (100)	Run actions/setup-go@924ae3a1cded613372ab5595356fb5720e22ba16	2026-10-03T23:59:17.4068272Z PKG_CONFIG='pkg-config'
database-full-load (100)	Run actions/setup-go@924ae3a1cded613372ab5595356fb5720e22ba16	2026-10-03T23:59:17.4068414Z 
database-full-load (100)	Run actions/setup-go@924ae3a1cded613372ab5595356fb5720e22ba16	2026-10-03T23:59:17.4068697Z ##[endgroup]
database-full-load (100)	Prepare immutable tools and owned database images	﻿2026-10-03T23:59:17.4265977Z ##[group]Run python3 scripts/download_modules.py
database-full-load (100)	Prepare immutable tools and owned database images	2026-10-03T23:59:17.4266433Z [36;1mpython3 scripts/download_modules.py[0m
database-full-load (100)	Prepare immutable tools and owned database images	2026-10-03T23:59:17.4266769Z [36;1mpython3 scripts/prepare_weir.py[0m
database-full-load (100)	Prepare immutable tools and owned database images	2026-10-03T23:59:17.4267077Z [36;1mpython3 scripts/prepare_images.py[0m
database-full-load (100)	Prepare immutable tools and owned database images	2026-10-03T23:59:17.4559024Z shell: /usr/bin/bash --noprofile --norc -e -o pipefail {0}
database-full-load (100)	Prepare immutable tools and owned database images	2026-10-03T23:59:17.4559439Z env:
database-full-load (100)	Prepare immutable tools and owned database images	2026-10-03T23:59:17.4559651Z   GOENV: off
database-full-load (100)	Prepare immutable tools and owned database images	2026-10-03T23:59:17.4560074Z   GOWORK: off
database-full-load (100)	Prepare immutable tools and owned database images	2026-10-03T23:59:17.4560307Z   GOTOOLCHAIN: local
database-full-load (100)	Prepare immutable tools and owned database images	2026-10-03T23:59:17.4560558Z   GOFLAGS: -mod=readonly
database-full-load (100)	Prepare immutable tools and owned database images	2026-10-03T23:59:17.4560834Z   PYTHONDONTWRITEBYTECODE: 1
database-full-load (100)	Prepare immutable tools and owned database images	2026-10-03T23:59:17.4561313Z ##[endgroup]
database-full-load (100)	Prepare immutable tools and owned database images	2026-10-03T23:59:21.6765725Z all modules verified
database-full-load (100)	Prepare immutable tools and owned database images	2026-10-03T23:59:46.0719010Z /home/runner/work/weir-tests/weir-tests/.tools/weir
database-full-load (100)	Prepare immutable tools and owned database images	2026-10-03T23:59:46.4831020Z docker.io/library/mongo@sha256:d0d926f94df099bff534b7ee5b5986458131a22489dfff8664509af0c1e2ca9c: Pulling from library/mongo
database-full-load (100)	Prepare immutable tools and owned database images	2026-10-03T23:59:46.6027450Z a60ef8ec184e: Pulling fs layer
database-full-load (100)	Prepare immutable tools and owned database images	2026-10-03T23:59:46.6029508Z c4a88db82a6d: Pulling fs layer
database-full-load (100)	Prepare immutable tools and owned database images	2026-10-03T23:59:46.6030007Z f97373a3dd33: Pulling fs layer
database-full-load (100)	Prepare immutable tools and owned database images	2026-10-03T23:59:46.6030869Z 59898ec81c6b: Pulling fs layer
database-full-load (100)	Prepare immutable tools and owned database images	2026-10-03T23:59:46.6031772Z 2252b895f5de: Pulling fs layer
database-full-load (100)	Prepare immutable tools and owned database images	2026-10-03T23:59:46.6032239Z 08f85ec03d22: Pulling fs layer
database-full-load (100)	Prepare immutable tools and owned database images	2026-10-03T23:59:46.6032678Z cfbbec1d5328: Pulling fs layer
database-full-load (100)	Prepare immutable tools and owned database images	2026-10-03T23:59:46.6033350Z eedb5e3e5b38: Pulling fs layer
database-full-load (100)	Prepare immutable tools and owned database images	2026-10-03T23:59:46.6033784Z 2252b895f5de: Waiting
database-full-load (100)	Prepare immutable tools and owned database images	2026-10-03T23:59:46.6034438Z 08f85ec03d22: Waiting
database-full-load (100)	Prepare immutable tools and owned database images	2026-10-03T23:59:46.6034823Z cfbbec1d5328: Waiting
database-full-load (100)	Prepare immutable tools and owned database images	2026-10-03T23:59:46.6035461Z 59898ec81c6b: Waiting
database-full-load (100)	Prepare immutable tools and owned database images	2026-10-03T23:59:46.6035833Z eedb5e3e5b38: Waiting
database-full-load (100)	Prepare immutable tools and owned database images	2026-10-03T23:59:46.6893888Z c4a88db82a6d: Download complete
database-full-load (100)	Prepare immutable tools and owned database images	2026-10-03T23:59:46.7181975Z f97373a3dd33: Download complete
database-full-load (100)	Prepare immutable tools and owned database images	2026-10-03T23:59:46.7735889Z 59898ec81c6b: Verifying Checksum
database-full-load (100)	Prepare immutable tools and owned database images	2026-10-03T23:59:46.7736558Z 59898ec81c6b: Download complete
database-full-load (100)	Prepare immutable tools and owned database images	2026-10-03T23:59:46.8005672Z a60ef8ec184e: Verifying Checksum
database-full-load (100)	Prepare immutable tools and owned database images	2026-10-03T23:59:46.8006624Z a60ef8ec184e: Download complete
database-full-load (100)	Prepare immutable tools and owned database images	2026-10-03T23:59:46.8013461Z 2252b895f5de: Verifying Checksum
database-full-load (100)	Prepare immutable tools and owned database images	2026-10-03T23:59:46.8014108Z 2252b895f5de: Download complete
database-full-load (100)	Prepare immutable tools and owned database images	2026-10-03T23:59:46.8455038Z 08f85ec03d22: Verifying Checksum
database-full-load (100)	Prepare immutable tools and owned database images	2026-10-03T23:59:46.8455737Z 08f85ec03d22: Download complete
database-full-load (100)	Prepare immutable tools and owned database images	2026-10-03T23:59:46.8792998Z eedb5e3e5b38: Verifying Checksum
database-full-load (100)	Prepare immutable tools and owned database images	2026-10-03T23:59:46.8793975Z eedb5e3e5b38: Download complete
database-full-load (100)	Prepare immutable tools and owned database images	2026-10-03T23:59:47.9812105Z cfbbec1d5328: Verifying Checksum
database-full-load (100)	Prepare immutable tools and owned database images	2026-10-03T23:59:47.9812575Z cfbbec1d5328: Download complete
database-full-load (100)	Prepare immutable tools and owned database images	2026-10-03T23:59:48.0148280Z a60ef8ec184e: Pull complete
database-full-load (100)	Prepare immutable tools and owned database images	2026-10-03T23:59:49.8057574Z c4a88db82a6d: Pull complete
database-full-load (100)	Prepare immutable tools and owned database images	2026-10-03T23:59:49.9603433Z f97373a3dd33: Pull complete
database-full-load (100)	Prepare immutable tools and owned database images	2026-10-03T23:59:50.0021379Z 59898ec81c6b: Pull complete
database-full-load (100)	Prepare immutable tools and owned database images	2026-10-03T23:59:50.0096639Z 2252b895f5de: Pull complete
database-full-load (100)	Prepare immutable tools and owned database images	2026-10-03T23:59:50.0199239Z 08f85ec03d22: Pull complete
database-full-load (100)	Prepare immutable tools and owned database images	2026-10-03T23:59:55.4928840Z cfbbec1d5328: Pull complete
database-full-load (100)	Prepare immutable tools and owned database images	2026-10-03T23:59:55.5027700Z eedb5e3e5b38: Pull complete
database-full-load (100)	Prepare immutable tools and owned database images	2026-10-03T23:59:55.5074821Z Digest: sha256:d0d926f94df099bff534b7ee5b5986458131a22489dfff8664509af0c1e2ca9c
database-full-load (100)	Prepare immutable tools and owned database images	2026-10-03T23:59:55.5081989Z Status: Downloaded newer image for mongo@sha256:d0d926f94df099bff534b7ee5b5986458131a22489dfff8664509af0c1e2ca9c
database-full-load (100)	Prepare immutable tools and owned database images	2026-10-03T23:59:55.5089382Z docker.io/library/mongo@sha256:d0d926f94df099bff534b7ee5b5986458131a22489dfff8664509af0c1e2ca9c
database-full-load (100)	Prepare immutable tools and owned database images	2026-10-03T23:59:56.0869459Z docker.elastic.co/elasticsearch/elasticsearch@sha256:e98f9c3b09beb2fbb9eaf667d602df3f0e00bd3644138b8458dc17ba1a675595: Pulling from elasticsearch/elasticsearch
database-full-load (100)	Prepare immutable tools and owned database images	2026-10-03T23:59:56.4737177Z 2c22c1bb1ce1: Pulling fs layer
database-full-load (100)	Prepare immutable tools and owned database images	2026-10-03T23:59:56.4738839Z 2796a25b8094: Pulling fs layer
database-full-load (100)	Prepare immutable tools and owned database images	2026-10-03T23:59:56.4739342Z 714e5b673049: Pulling fs layer
database-full-load (100)	Prepare immutable tools and owned database images	2026-10-03T23:59:56.4739787Z bd9ddc54bea9: Pulling fs layer
database-full-load (100)	Prepare immutable tools and owned database images	2026-10-03T23:59:56.4740320Z 2d68f716f01a: Pulling fs layer
database-full-load (100)	Prepare immutable tools and owned database images	2026-10-03T23:59:56.4740926Z c52e3a203c20: Pulling fs layer
database-full-load (100)	Prepare immutable tools and owned database images	2026-10-03T23:59:56.4741689Z 9b415d76a9c6: Pulling fs layer
database-full-load (100)	Prepare immutable tools and owned database images	2026-10-03T23:59:56.4742192Z d527cffe3ef6: Pulling fs layer
database-full-load (100)	Prepare immutable tools and owned database images	2026-10-03T23:59:56.4742743Z b8cda4b5aaf3: Pulling fs layer
database-full-load (100)	Prepare immutable tools and owned database images	2026-10-03T23:59:56.4743405Z 32c1c18d2ea5: Pulling fs layer
database-full-load (100)	Prepare immutable tools and owned database images	2026-10-03T23:59:56.4743836Z bd9ddc54bea9: Waiting
database-full-load (100)	Prepare immutable tools and owned database images	2026-10-03T23:59:56.4744199Z 2d68f716f01a: Waiting
database-full-load (100)	Prepare immutable tools and owned database images	2026-10-03T23:59:56.4744486Z 9b415d76a9c6: Waiting
database-full-load (100)	Prepare immutable tools and owned database images	2026-10-03T23:59:56.4744690Z d527cffe3ef6: Waiting
database-full-load (100)	Prepare immutable tools and owned database images	2026-10-03T23:59:56.4744988Z b8cda4b5aaf3: Waiting
database-full-load (100)	Prepare immutable tools and owned database images	2026-10-03T23:59:56.4745272Z 32c1c18d2ea5: Waiting
database-full-load (100)	Prepare immutable tools and owned database images	2026-10-03T23:59:56.4745480Z c52e3a203c20: Waiting
database-full-load (100)	Prepare immutable tools and owned database images	2026-10-03T23:59:56.8097149Z 714e5b673049: Verifying Checksum
database-full-load (100)	Prepare immutable tools and owned database images	2026-10-03T23:59:56.8097682Z 714e5b673049: Download complete
database-full-load (100)	Prepare immutable tools and owned database images	2026-10-03T23:59:56.9213439Z 2796a25b8094: Verifying Checksum
database-full-load (100)	Prepare immutable tools and owned database images	2026-10-03T23:59:56.9214014Z 2796a25b8094: Download complete
database-full-load (100)	Prepare immutable tools and owned database images	2026-10-03T23:59:56.9537470Z bd9ddc54bea9: Download complete
database-full-load (100)	Prepare immutable tools and owned database images	2026-10-03T23:59:57.0665427Z 2c22c1bb1ce1: Verifying Checksum
database-full-load (100)	Prepare immutable tools and owned database images	2026-10-03T23:59:57.0666105Z 2c22c1bb1ce1: Download complete
database-full-load (100)	Prepare immutable tools and owned database images	2026-10-03T23:59:57.2609377Z c52e3a203c20: Verifying Checksum
database-full-load (100)	Prepare immutable tools and owned database images	2026-10-03T23:59:57.2610630Z c52e3a203c20: Download complete
database-full-load (100)	Prepare immutable tools and owned database images	2026-10-03T23:59:57.3458223Z 9b415d76a9c6: Verifying Checksum
database-full-load (100)	Prepare immutable tools and owned database images	2026-10-03T23:59:57.3460431Z 9b415d76a9c6: Download complete
database-full-load (100)	Prepare immutable tools and owned database images	2026-10-03T23:59:57.4743834Z b8cda4b5aaf3: Download complete
database-full-load (100)	Prepare immutable tools and owned database images	2026-10-03T23:59:57.5612255Z d527cffe3ef6: Verifying Checksum
database-full-load (100)	Prepare immutable tools and owned database images	2026-10-03T23:59:57.5612878Z d527cffe3ef6: Download complete
database-full-load (100)	Prepare immutable tools and owned database images	2026-10-03T23:59:57.8034531Z 32c1c18d2ea5: Verifying Checksum
database-full-load (100)	Prepare immutable tools and owned database images	2026-10-03T23:59:57.8035295Z 32c1c18d2ea5: Download complete
database-full-load (100)	Prepare immutable tools and owned database images	2026-10-03T23:59:58.2507423Z 2c22c1bb1ce1: Pull complete
database-full-load (100)	Prepare immutable tools and owned database images	2026-10-03T23:59:58.9980493Z 2796a25b8094: Pull complete
database-full-load (100)	Prepare immutable tools and owned database images	2026-10-03T23:59:59.0181275Z 714e5b673049: Pull complete
database-full-load (100)	Prepare immutable tools and owned database images	2026-10-03T23:59:59.0282163Z bd9ddc54bea9: Pull complete
database-full-load (100)	Prepare immutable tools and owned database images	2026-10-04T00:00:04.0166217Z 2d68f716f01a: Verifying Checksum
database-full-load (100)	Prepare immutable tools and owned database images	2026-10-04T00:00:04.0166617Z 2d68f716f01a: Download complete
database-full-load (100)	Prepare immutable tools and owned database images	2026-10-04T00:00:11.6967181Z 2d68f716f01a: Pull complete
database-full-load (100)	Prepare immutable tools and owned database images	2026-10-04T00:00:11.7080055Z c52e3a203c20: Pull complete
database-full-load (100)	Prepare immutable tools and owned database images	2026-10-04T00:00:11.7175440Z 9b415d76a9c6: Pull complete
database-full-load (100)	Prepare immutable tools and owned database images	2026-10-04T00:00:11.7385276Z d527cffe3ef6: Pull complete
database-full-load (100)	Prepare immutable tools and owned database images	2026-10-04T00:00:11.7465134Z b8cda4b5aaf3: Pull complete
database-full-load (100)	Prepare immutable tools and owned database images	2026-10-04T00:00:11.7570196Z 32c1c18d2ea5: Pull complete
database-full-load (100)	Prepare immutable tools and owned database images	2026-10-04T00:00:11.7602798Z Digest: sha256:e98f9c3b09beb2fbb9eaf667d602df3f0e00bd3644138b8458dc17ba1a675595
database-full-load (100)	Prepare immutable tools and owned database images	2026-10-04T00:00:11.7609879Z Status: Downloaded newer image for docker.elastic.co/elasticsearch/elasticsearch@sha256:e98f9c3b09beb2fbb9eaf667d602df3f0e00bd3644138b8458dc17ba1a675595
database-full-load (100)	Prepare immutable tools and owned database images	2026-10-04T00:00:11.7615977Z docker.elastic.co/elasticsearch/elasticsearch@sha256:e98f9c3b09beb2fbb9eaf667d602df3f0e00bd3644138b8458dc17ba1a675595
database-full-load (100)	Independent single-request native and SDK clients	﻿2026-10-04T00:00:11.7803547Z ##[group]Run mkdir -p results/local
database-full-load (100)	Independent single-request native and SDK clients	2026-10-04T00:00:11.7803935Z [36;1mmkdir -p results/local[0m
database-full-load (100)	Independent single-request native and SDK clients	2026-10-04T00:00:11.7804247Z [36;1mgo build -o .tools/weir-lab ./cmd/weir-lab[0m
database-full-load (100)	Independent single-request native and SDK clients	2026-10-04T00:00:11.7804645Z [36;1mIFS=',' read -r -a batch_limits <<< "$BACKEND_BATCH_LIMITS"[0m
database-full-load (100)	Independent single-request native and SDK clients	2026-10-04T00:00:11.7805035Z [36;1mfor backend_limit in "${batch_limits[@]}"; do[0m
database-full-load (100)	Independent single-request native and SDK clients	2026-10-04T00:00:11.7805686Z [36;1m  export BACKEND_BATCH_LIMIT="$backend_limit"[0m
database-full-load (100)	Independent single-request native and SDK clients	2026-10-04T00:00:11.7806139Z [36;1m  export MEASUREMENT_OUTPUT="results/local/saturation-batch-$backend_limit"[0m
database-full-load (100)	Independent single-request native and SDK clients	2026-10-04T00:00:11.7806754Z [36;1m  export MEASUREMENT_RECEIPT="results/local/measurement-batch-$backend_limit.receipt.json"[0m
database-full-load (100)	Independent single-request native and SDK clients	2026-10-04T00:00:11.7807244Z [36;1m  python3 - <<'PY'[0m
database-full-load (100)	Independent single-request native and SDK clients	2026-10-04T00:00:11.7807534Z [36;1mimport hashlib, json, os, pathlib, subprocess[0m
database-full-load (100)	Independent single-request native and SDK clients	2026-10-04T00:00:11.7807901Z [36;1mbinary = pathlib.Path('.tools/weir-lab')[0m
database-full-load (100)	Independent single-request native and SDK clients	2026-10-04T00:00:11.7809695Z [36;1mcommand = [str(binary), '-mode', 'saturation', '-weir', '.tools/weir', '-backend', 'all', '-database-cpus', os.environ['DATABASE_CPUS'], '-store-concurrency', '32', '-backend-batch-limit', os.environ['BACKEND_BATCH_LIMIT'], '-client-processes', '4', '-concurrency-levels', os.environ['CLIENT_LEVELS'], '-batch-sizes', '1', '-records', '2048', '-payload-bytes', '1024', '-write-percent', os.environ['WRITE_PERCENT'], '-rounds', '3', '-warmup-duration', '10s', '-duration', '20s', '-output', os.environ['MEASUREMENT_OUTPUT']][0m
database-full-load (100)	Independent single-request native and SDK clients	2026-10-04T00:00:11.7813639Z [36;1mreceipt = {'client_operation_timeout': '10s', 'weir_backend_timeout': '10s', 'host_memory_bytes': int(next(line for line in pathlib.Path('/proc/meminfo').read_text().splitlines() if line.startswith('MemTotal:')).split()[1]) * 1024, 'source': subprocess.check_output(['git', 'rev-parse', 'HEAD'], text=True).strip(), 'source_dirty': bool(subprocess.check_output(['git', 'status', '--porcelain'])), 'client_binary_sha256': hashlib.sha256(binary.read_bytes()).hexdigest(), 'client_build': subprocess.check_output(['go', 'version', '-m', str(binary)], text=True), 'versions': json.loads(pathlib.Path('versions.json').read_text()), 'command': command}[0m
database-full-load (100)	Independent single-request native and SDK clients	2026-10-04T00:00:11.7816037Z [36;1mif receipt['source_dirty']:[0m
database-full-load (100)	Independent single-request native and SDK clients	2026-10-04T00:00:11.7816743Z [36;1m    raise SystemExit('measurement requires a clean source checkout')[0m
database-full-load (100)	Independent single-request native and SDK clients	2026-10-04T00:00:11.7817801Z [36;1mpathlib.Path(os.environ['MEASUREMENT_RECEIPT']).write_text(json.dumps(receipt, indent=2) + '\n')[0m
database-full-load (100)	Independent single-request native and SDK clients	2026-10-04T00:00:11.7818730Z [36;1mPY[0m
database-full-load (100)	Independent single-request native and SDK clients	2026-10-04T00:00:11.7821521Z [36;1m  .tools/weir-lab -mode saturation -weir .tools/weir -backend all -database-cpus "$DATABASE_CPUS" -store-concurrency 32 -backend-batch-limit "$BACKEND_BATCH_LIMIT" -client-processes 4 -concurrency-levels "$CLIENT_LEVELS" -batch-sizes 1 -records 2048 -payload-bytes 1024 -write-percent "$WRITE_PERCENT" -rounds 3 -warmup-duration 10s -duration 20s -output "$MEASUREMENT_OUTPUT" 2>&1 | tee "results/local/saturation-batch-$backend_limit.log"[0m
database-full-load (100)	Independent single-request native and SDK clients	2026-10-04T00:00:11.7823227Z [36;1mdone[0m
database-full-load (100)	Independent single-request native and SDK clients	2026-10-04T00:00:11.7823447Z [36;1mgit diff --exit-code[0m
database-full-load (100)	Independent single-request native and SDK clients	2026-10-04T00:00:11.7888436Z shell: /usr/bin/bash --noprofile --norc -e -o pipefail {0}
database-full-load (100)	Independent single-request native and SDK clients	2026-10-04T00:00:11.7888779Z env:
database-full-load (100)	Independent single-request native and SDK clients	2026-10-04T00:00:11.7888964Z   GOENV: off
database-full-load (100)	Independent single-request native and SDK clients	2026-10-04T00:00:11.7889149Z   GOWORK: off
database-full-load (100)	Independent single-request native and SDK clients	2026-10-04T00:00:11.7889346Z   GOTOOLCHAIN: local
database-full-load (100)	Independent single-request native and SDK clients	2026-10-04T00:00:11.7889562Z   GOFLAGS: -mod=readonly
database-full-load (100)	Independent single-request native and SDK clients	2026-10-04T00:00:11.7889799Z   PYTHONDONTWRITEBYTECODE: 1
database-full-load (100)	Independent single-request native and SDK clients	2026-10-04T00:00:11.7890033Z   GOPROXY: off
database-full-load (100)	Independent single-request native and SDK clients	2026-10-04T00:00:11.7890219Z   GOSUMDB: off
database-full-load (100)	Independent single-request native and SDK clients	2026-10-04T00:00:11.7890410Z   WRITE_PERCENT: 100
database-full-load (100)	Independent single-request native and SDK clients	2026-10-04T00:00:11.7890609Z   DATABASE_CPUS: 1
database-full-load (100)	Independent single-request native and SDK clients	2026-10-04T00:00:11.7890808Z   CLIENT_LEVELS: 8,32,128
database-full-load (100)	Independent single-request native and SDK clients	2026-10-04T00:00:11.7891034Z   BACKEND_BATCH_LIMITS: 32
database-full-load (100)	Independent single-request native and SDK clients	2026-10-04T00:00:11.7891540Z ##[endgroup]
database-full-load (100)	Independent single-request native and SDK clients	2026-10-04T00:00:50.2129383Z Owned fixture logs: /tmp/weir-tests-3170477856
database-full-load (100)	Independent single-request native and SDK clients	2026-10-04T00:01:51.7192928Z single-request backend=mongo processes=4 workers=8 round=1 direct=2678.6 weir=2360.5 DB-CPU direct=98.9% weir=96.7%
database-full-load (100)	Independent single-request native and SDK clients	2026-10-04T00:02:53.1298784Z single-request backend=mongo processes=4 workers=8 round=2 direct=2526.9 weir=2355.7 DB-CPU direct=99.1% weir=99.6%
database-full-load (100)	Independent single-request native and SDK clients	2026-10-04T00:03:54.8410327Z single-request backend=mongo processes=4 workers=8 round=3 direct=2534.4 weir=2258.0 DB-CPU direct=99.3% weir=99.5%
database-full-load (100)	Independent single-request native and SDK clients	2026-10-04T00:04:56.5132000Z single-request backend=mongo processes=4 workers=32 round=1 direct=2553.6 weir=2668.2 DB-CPU direct=99.2% weir=99.6%
database-full-load (100)	Independent single-request native and SDK clients	2026-10-04T00:05:58.1314980Z single-request backend=mongo processes=4 workers=32 round=2 direct=2476.2 weir=2604.4 DB-CPU direct=99.4% weir=99.8%
database-full-load (100)	Independent single-request native and SDK clients	2026-10-04T00:06:59.6566589Z single-request backend=mongo processes=4 workers=32 round=3 direct=2516.2 weir=2524.0 DB-CPU direct=99.4% weir=99.8%
database-full-load (100)	Independent single-request native and SDK clients	2026-10-04T00:08:01.4635466Z single-request backend=mongo processes=4 workers=128 round=1 direct=2577.5 weir=3594.9 DB-CPU direct=99.9% weir=99.9%
database-full-load (100)	Independent single-request native and SDK clients	2026-10-04T00:09:03.1007226Z single-request backend=mongo processes=4 workers=128 round=2 direct=2604.6 weir=3532.4 DB-CPU direct=99.8% weir=100.0%
database-full-load (100)	Independent single-request native and SDK clients	2026-10-04T00:10:04.8819379Z single-request backend=mongo processes=4 workers=128 round=3 direct=2751.9 weir=3453.6 DB-CPU direct=100.0% weir=99.5%
database-full-load (100)	Independent single-request native and SDK clients	2026-10-04T00:10:04.9039398Z # Database saturation comparison
database-full-load (100)	Independent single-request native and SDK clients	2026-10-04T00:10:04.9040051Z 
database-full-load (100)	Independent single-request native and SDK clients	2026-10-04T00:10:04.9040371Z Backend **mongo**. Started 2026-10-04T00:00:50.239809154Z.
database-full-load (100)	Independent single-request native and SDK clients	2026-10-04T00:10:04.9040661Z 
database-full-load (100)	Independent single-request native and SDK clients	2026-10-04T00:10:04.9043985Z independent OS client processes send one record per native call or unary SDK RPC; native FindOne/ReplaceOne or single-ID mget/PUT; no client aggregation; worker-owned disjoint IDs; common phase barriers and unchanged pools across warmup and measurement; alternating AB/BA; latency is each business request including validation, queueing and any server aggregation; independent persisted postflight; sustained database CPU requires >=5 intervals, >=80% measurement coverage, mean CPU>=threshold and CPU>=threshold during >=80% measurement duration in every round, plus <=10% next-level throughput gain.
database-full-load (100)	Independent single-request native and SDK clients	2026-10-04T00:10:04.9048500Z 
database-full-load (100)	Independent single-request native and SDK clients	2026-10-04T00:10:04.9048874Z Warmup 10s and measurement 20s per path/stage, 3 paired rounds, requested writes 100%.
database-full-load (100)	Independent single-request native and SDK clients	2026-10-04T00:10:04.9049801Z 
database-full-load (100)	Independent single-request native and SDK clients	2026-10-04T00:10:04.9050118Z Complete business-request budget for both paths: 10s.
database-full-load (100)	Independent single-request native and SDK clients	2026-10-04T00:10:04.9050422Z 
database-full-load (100)	Independent single-request native and SDK clients	2026-10-04T00:10:04.9050807Z Configured Weir Store backend budget: 10s; the active caller deadline also applies.
database-full-load (100)	Independent single-request native and SDK clients	2026-10-04T00:10:04.9051658Z 
database-full-load (100)	Independent single-request native and SDK clients	2026-10-04T00:10:04.9052574Z 4 independent OS client processes. Each worker sends one business request containing one record, waits for its acknowledged result, and validates it. p50/p95/p99 describe individual requests; histograms are pooled rather than averaging process quantiles.
database-full-load (100)	Independent single-request native and SDK clients	2026-10-04T00:10:04.9053477Z 
database-full-load (100)	Independent single-request native and SDK clients	2026-10-04T00:10:04.9054188Z | Batch | Workers | Round | Path | Read | Write | Success | Errors/unknown | Ops/s | p95 call ms | DB CPU budget % | Full CPU time % | Sampling coverage % | Verified |
database-full-load (100)	Independent single-request native and SDK clients	2026-10-04T00:10:04.9055343Z | ---: | ---: | ---: | --- | ---: | ---: | ---: | ---: | ---: | ---: | ---: | ---: | ---: | --- |
database-full-load (100)	Independent single-request native and SDK clients	2026-10-04T00:10:04.9056088Z | 1 | 8 | 1 | direct | 0 | 53579 | 53579 | 0 | 2678.6 | 3.071 | 98.9 | 96.4 | 96.4 | true |
database-full-load (100)	Independent single-request native and SDK clients	2026-10-04T00:10:04.9056903Z | 1 | 8 | 1 | weir | 0 | 47218 | 47218 | 0 | 2360.5 | 6.143 | 96.7 | 99.9 | 99.9 | true |
database-full-load (100)	Independent single-request native and SDK clients	2026-10-04T00:10:04.9057668Z | 1 | 8 | 2 | direct | 0 | 50654 | 50654 | 0 | 2526.9 | 3.327 | 99.1 | 96.0 | 96.0 | true |
database-full-load (100)	Independent single-request native and SDK clients	2026-10-04T00:10:04.9058555Z | 1 | 8 | 2 | weir | 0 | 47211 | 47211 | 0 | 2355.7 | 6.143 | 99.6 | 98.2 | 98.2 | true |
database-full-load (100)	Independent single-request native and SDK clients	2026-10-04T00:10:04.9059355Z | 1 | 8 | 3 | direct | 0 | 50692 | 50692 | 0 | 2534.4 | 3.327 | 99.3 | 96.2 | 96.2 | true |
database-full-load (100)	Independent single-request native and SDK clients	2026-10-04T00:10:04.9060053Z | 1 | 8 | 3 | weir | 0 | 45168 | 45168 | 0 | 2258.0 | 6.143 | 99.5 | 98.2 | 98.2 | true |
database-full-load (100)	Independent single-request native and SDK clients	2026-10-04T00:10:04.9060963Z | 1 | 32 | 1 | direct | 0 | 51134 | 51134 | 0 | 2553.6 | 61.439 | 99.2 | 97.4 | 97.4 | true |
database-full-load (100)	Independent single-request native and SDK clients	2026-10-04T00:10:04.9062062Z | 1 | 32 | 1 | weir | 0 | 53379 | 53379 | 0 | 2668.2 | 36.863 | 99.6 | 99.0 | 99.0 | true |
database-full-load (100)	Independent single-request native and SDK clients	2026-10-04T00:10:04.9062914Z | 1 | 32 | 2 | direct | 0 | 49691 | 49691 | 0 | 2476.2 | 65.535 | 99.4 | 97.5 | 97.5 | true |
database-full-load (100)	Independent single-request native and SDK clients	2026-10-04T00:10:04.9064035Z | 1 | 32 | 2 | weir | 0 | 52165 | 52165 | 0 | 2604.4 | 36.863 | 99.8 | 99.1 | 99.1 | true |
database-full-load (100)	Independent single-request native and SDK clients	2026-10-04T00:10:04.9064860Z | 1 | 32 | 3 | direct | 0 | 50335 | 50335 | 0 | 2516.2 | 61.439 | 99.4 | 97.9 | 97.9 | true |
database-full-load (100)	Independent single-request native and SDK clients	2026-10-04T00:10:04.9065682Z | 1 | 32 | 3 | weir | 0 | 50485 | 50485 | 0 | 2524.0 | 36.863 | 99.8 | 98.2 | 98.2 | true |
database-full-load (100)	Independent single-request native and SDK clients	2026-10-04T00:10:04.9066512Z | 1 | 128 | 1 | direct | 0 | 51577 | 51577 | 0 | 2577.5 | 98.303 | 99.9 | 98.8 | 98.8 | true |
database-full-load (100)	Independent single-request native and SDK clients	2026-10-04T00:10:04.9067356Z | 1 | 128 | 1 | weir | 0 | 71938 | 71938 | 0 | 3594.9 | 90.111 | 99.9 | 98.9 | 98.9 | true |
database-full-load (100)	Independent single-request native and SDK clients	2026-10-04T00:10:04.9068355Z | 1 | 128 | 2 | direct | 0 | 52131 | 52131 | 0 | 2604.6 | 98.303 | 99.8 | 98.3 | 98.3 | true |
database-full-load (100)	Independent single-request native and SDK clients	2026-10-04T00:10:04.9069293Z | 1 | 128 | 2 | weir | 0 | 70712 | 70712 | 0 | 3532.4 | 90.111 | 100.0 | 98.9 | 98.9 | true |
database-full-load (100)	Independent single-request native and SDK clients	2026-10-04T00:10:04.9070170Z | 1 | 128 | 3 | direct | 0 | 55247 | 55247 | 0 | 2751.9 | 98.303 | 100.0 | 99.0 | 99.0 | true |
database-full-load (100)	Independent single-request native and SDK clients	2026-10-04T00:10:04.9071041Z | 1 | 128 | 3 | weir | 0 | 69114 | 69114 | 0 | 3453.6 | 98.303 | 99.5 | 98.8 | 98.8 | true |
database-full-load (100)	Independent single-request native and SDK clients	2026-10-04T00:10:04.9071738Z 
database-full-load (100)	Independent single-request native and SDK clients	2026-10-04T00:10:04.9072210Z Measured Weir adapter and unary RPC evidence (warmup, reset and postflight excluded):
database-full-load (100)	Independent single-request native and SDK clients	2026-10-04T00:10:04.9072817Z 
database-full-load (100)	Independent single-request native and SDK clients	2026-10-04T00:10:04.9073716Z | Batch | Workers | Round | Adapter invocations | Mean adapter batch | Read/Mutate RPCs | Queue mean ms | Adapter mean ms | Rejections | Backend concurrency limit |
database-full-load (100)	Independent single-request native and SDK clients	2026-10-04T00:10:04.9075019Z | ---: | ---: | ---: | ---: | ---: | --- | ---: | ---: | ---: | ---: |
database-full-load (100)	Independent single-request native and SDK clients	2026-10-04T00:10:04.9075666Z | 1 | 8 | 1 | 43846 | 1.077 | 0/47218 | 0.024 | 2.117 | 0 | 32.000 |
database-full-load (100)	Independent single-request native and SDK clients	2026-10-04T00:10:04.9076296Z | 1 | 8 | 2 | 43688 | 1.081 | 0/47211 | 0.020 | 2.354 | 0 | 32.000 |
database-full-load (100)	Independent single-request native and SDK clients	2026-10-04T00:10:04.9076919Z | 1 | 8 | 3 | 41787 | 1.081 | 0/45168 | 0.021 | 2.517 | 0 | 32.000 |
database-full-load (100)	Independent single-request native and SDK clients	2026-10-04T00:10:04.9077544Z | 1 | 32 | 1 | 38716 | 1.379 | 0/53379 | 0.096 | 8.558 | 0 | 32.000 |
database-full-load (100)	Independent single-request native and SDK clients	2026-10-04T00:10:04.9078398Z | 1 | 32 | 2 | 37105 | 1.406 | 0/52165 | 0.107 | 8.490 | 0 | 32.000 |
database-full-load (100)	Independent single-request native and SDK clients	2026-10-04T00:10:04.9079032Z | 1 | 32 | 3 | 35949 | 1.404 | 0/50485 | 0.106 | 8.973 | 0 | 32.000 |
database-full-load (100)	Independent single-request native and SDK clients	2026-10-04T00:10:04.9079685Z | 1 | 128 | 1 | 25621 | 2.808 | 0/71938 | 2.521 | 18.457 | 0 | 32.000 |
database-full-load (100)	Independent single-request native and SDK clients	2026-10-04T00:10:04.9080343Z | 1 | 128 | 2 | 25970 | 2.723 | 0/70712 | 2.455 | 18.628 | 0 | 32.000 |
database-full-load (100)	Independent single-request native and SDK clients	2026-10-04T00:10:04.9080992Z | 1 | 128 | 3 | 25035 | 2.761 | 0/69114 | 2.497 | 19.389 | 0 | 32.000 |
database-full-load (100)	Independent single-request native and SDK clients	2026-10-04T00:10:04.9081594Z 
database-full-load (100)	Independent single-request native and SDK clients	2026-10-04T00:10:04.9083688Z **Batch 1: database-full-load throughput comparison unavailable.** both paths must independently demonstrate sustained database CPU saturation and a verified next-level throughput plateau; increase concurrency or isolate client/Weir resources; I/O/network-bound saturation needs additional device/link capacity evidence.
database-full-load (100)	Independent single-request native and SDK clients	2026-10-04T00:10:04.9085797Z 
database-full-load (100)	Independent single-request native and SDK clients	2026-10-04T00:10:04.9087078Z Best verified business QPS within this ladder: direct 2644.8 (128 workers), Weir 3527.0 (128 workers), observed change +33.36%. This is a measured business-throughput comparison, not a maximum-database-capacity claim.
database-full-load (100)	Independent single-request native and SDK clients	2026-10-04T00:10:04.9088427Z 
database-full-load (100)	Independent single-request native and SDK clients	2026-10-04T00:10:04.9089197Z Observed single-request business performance at matched client concurrency (independent of the database-capacity qualification):
database-full-load (100)	Independent single-request native and SDK clients	2026-10-04T00:10:04.9090100Z 
database-full-load (100)	Independent single-request native and SDK clients	2026-10-04T00:10:04.9090539Z | Workers | Direct QPS | Weir QPS | Change | Direct p50/p95/p99 ms | Weir p50/p95/p99 ms |
database-full-load (100)	Independent single-request native and SDK clients	2026-10-04T00:10:04.9091473Z | ---: | ---: | ---: | ---: | --- | --- |
database-full-load (100)	Independent single-request native and SDK clients	2026-10-04T00:10:04.9092094Z | 8 | 2579.9 | 2324.8 | -9.89% | 1.535 / 3.327 / 49.151 | 2.815 / 6.143 / 16.383 |
database-full-load (100)	Independent single-request native and SDK clients	2026-10-04T00:10:04.9092860Z | 32 | 2515.3 | 2598.9 | +3.32% | 5.119 / 61.439 / 81.919 | 8.191 / 36.863 / 73.727 |
database-full-load (100)	Independent single-request native and SDK clients	2026-10-04T00:10:04.9093655Z | 128 | 2644.8 | 3527.0 | +33.36% | 24.575 / 98.303 / 327.679 | 26.623 / 90.111 / 180.223 |
database-full-load (100)	Independent single-request native and SDK clients	2026-10-04T00:10:04.9094150Z 
database-full-load (100)	Independent single-request native and SDK clients	2026-10-04T00:10:04.9096002Z These QPS and latency observations apply to this hardware and measured concurrency range. A business-throughput improvement can exist without demonstrating the maximum database capacity. An underfull database or missing next-level plateau keeps the database-capacity comparison unavailable.
database-full-load (100)	Independent single-request native and SDK clients	2026-10-04T00:10:04.9098179Z 
database-full-load (100)	Independent single-request native and SDK clients	2026-10-04T00:10:04.9102822Z Aggregation evidence: the JSON records one business request per record, Read/Mutate RPC counts, adapter invocation counts, average adapter batch and its cumulative histogram, and RPCs per adapter invocation. An adapter invocation is not necessarily one physical database wire command. MongoDB physical find/update/bulkWrite/getMore/killCursors deltas come from owned serverStatus at timed boundaries; missing counters remain unavailable. Elasticsearch has no equivalent physical HTTP-command counter. Every child PID, configured native pool limit, final revision ranges, exit result and sampled CPU/RSS is retained; coordinator sampling CPU is excluded from business-client CPU.
database-full-load (100)	Independent single-request native and SDK clients	2026-10-04T00:10:04.9107139Z 
database-full-load (100)	Independent single-request native and SDK clients	2026-10-04T00:10:04.9113502Z The JSON retains before/after raw public Weir metrics and their observed deltas, every resource sample, monitor failures, raw cumulative database/container I/O and network counters, CPU quota/host core denominator, and client/Weir cumulative CPU. Docker CPU uses cumulative Engine usage and read timestamps across each entire sampling interval, never CLI instantaneous percentages. Both interval endpoints must succeed; missing intervals reduce full-run coverage. Samples include monitoring traffic and background database work. Native ps CPU has platform-dependent clock resolution. Native databases share the host CPU budget with the client and Weir. Disk/network utilization or capacity is not inferred from byte counters. A plateau without sustained database CPU saturation is not a database-full-load result. Startup/discovery/reset/postflight and warmup are excluded from throughput; all in-flight completion and validation is included.
database-full-load (100)	Independent single-request native and SDK clients	2026-10-04T00:11:10.1116473Z single-request backend=search processes=4 workers=8 round=1 direct=636.0 weir=899.5 DB-CPU direct=100.1% weir=96.4%
database-full-load (100)	Independent single-request native and SDK clients	2026-10-04T00:12:12.5919369Z single-request backend=search processes=4 workers=8 round=2 direct=1648.7 weir=1417.6 DB-CPU direct=75.6% weir=77.6%
database-full-load (100)	Independent single-request native and SDK clients	2026-10-04T00:13:14.4163737Z single-request backend=search processes=4 workers=8 round=3 direct=1675.9 weir=1602.2 DB-CPU direct=73.3% weir=71.6%
database-full-load (100)	Independent single-request native and SDK clients	2026-10-04T00:14:16.1149725Z single-request backend=search processes=4 workers=32 round=1 direct=1853.4 weir=1599.6 DB-CPU direct=73.1% weir=72.5%
database-full-load (100)	Independent single-request native and SDK clients	2026-10-04T00:15:17.5856891Z single-request backend=search processes=4 workers=32 round=2 direct=1901.3 weir=1605.0 DB-CPU direct=72.4% weir=71.7%
database-full-load (100)	Independent single-request native and SDK clients	2026-10-04T00:16:19.0546617Z single-request backend=search processes=4 workers=32 round=3 direct=1848.1 weir=1594.1 DB-CPU direct=70.4% weir=69.4%
database-full-load (100)	Independent single-request native and SDK clients	2026-10-04T00:17:20.6228292Z single-request backend=search processes=4 workers=128 round=1 direct=1996.2 weir=5022.5 DB-CPU direct=72.5% weir=75.0%
database-full-load (100)	Independent single-request native and SDK clients	2026-10-04T00:18:22.3730233Z single-request backend=search processes=4 workers=128 round=2 direct=2016.2 weir=5060.2 DB-CPU direct=72.0% weir=75.7%
database-full-load (100)	Independent single-request native and SDK clients	2026-10-04T00:19:24.0148861Z single-request backend=search processes=4 workers=128 round=3 direct=2046.6 weir=5061.7 DB-CPU direct=73.2% weir=73.0%
database-full-load (100)	Independent single-request native and SDK clients	2026-10-04T00:19:24.0448882Z # Database saturation comparison
database-full-load (100)	Independent single-request native and SDK clients	2026-10-04T00:19:24.0449365Z 
database-full-load (100)	Independent single-request native and SDK clients	2026-10-04T00:19:24.0449678Z Backend **search**. Started 2026-10-04T00:10:05.219377619Z.
database-full-load (100)	Independent single-request native and SDK clients	2026-10-04T00:19:24.0450104Z 
database-full-load (100)	Independent single-request native and SDK clients	2026-10-04T00:19:24.0453004Z independent OS client processes send one record per native call or unary SDK RPC; native FindOne/ReplaceOne or single-ID mget/PUT; no client aggregation; worker-owned disjoint IDs; common phase barriers and unchanged pools across warmup and measurement; alternating AB/BA; latency is each business request including validation, queueing and any server aggregation; independent persisted postflight; sustained database CPU requires >=5 intervals, >=80% measurement coverage, mean CPU>=threshold and CPU>=threshold during >=80% measurement duration in every round, plus <=10% next-level throughput gain.
database-full-load (100)	Independent single-request native and SDK clients	2026-10-04T00:19:24.0455116Z 
database-full-load (100)	Independent single-request native and SDK clients	2026-10-04T00:19:24.0455617Z Warmup 10s and measurement 20s per path/stage, 3 paired rounds, requested writes 100%.
database-full-load (100)	Independent single-request native and SDK clients	2026-10-04T00:19:24.0455954Z 
database-full-load (100)	Independent single-request native and SDK clients	2026-10-04T00:19:24.0456124Z Complete business-request budget for both paths: 10s.
database-full-load (100)	Independent single-request native and SDK clients	2026-10-04T00:19:24.0456353Z 
database-full-load (100)	Independent single-request native and SDK clients	2026-10-04T00:19:24.0456606Z Configured Weir Store backend budget: 10s; the active caller deadline also applies.
database-full-load (100)	Independent single-request native and SDK clients	2026-10-04T00:19:24.0456934Z 
database-full-load (100)	Independent single-request native and SDK clients	2026-10-04T00:19:24.0457794Z 4 independent OS client processes. Each worker sends one business request containing one record, waits for its acknowledged result, and validates it. p50/p95/p99 describe individual requests; histograms are pooled rather than averaging process quantiles.
database-full-load (100)	Independent single-request native and SDK clients	2026-10-04T00:19:24.0458682Z 
database-full-load (100)	Independent single-request native and SDK clients	2026-10-04T00:19:24.0459172Z | Batch | Workers | Round | Path | Read | Write | Success | Errors/unknown | Ops/s | p95 call ms | DB CPU budget % | Full CPU time % | Sampling coverage % | Verified |
database-full-load (100)	Independent single-request native and SDK clients	2026-10-04T00:19:24.0459921Z | ---: | ---: | ---: | --- | ---: | ---: | ---: | ---: | ---: | ---: | ---: | ---: | ---: | --- |
database-full-load (100)	Independent single-request native and SDK clients	2026-10-04T00:19:24.0460412Z | 1 | 8 | 1 | direct | 0 | 12723 | 12723 | 0 | 636.0 | 57.343 | 100.1 | 98.3 | 98.3 | true |
database-full-load (100)	Independent single-request native and SDK clients	2026-10-04T00:19:24.0460880Z | 1 | 8 | 1 | weir | 0 | 17995 | 17995 | 0 | 899.5 | 45.055 | 96.4 | 76.9 | 98.9 | true |
database-full-load (100)	Independent single-request native and SDK clients	2026-10-04T00:19:24.0461471Z | 1 | 8 | 2 | direct | 0 | 33029 | 33029 | 0 | 1648.7 | 6.143 | 75.6 | 5.3 | 95.1 | true |
database-full-load (100)	Independent single-request native and SDK clients	2026-10-04T00:19:24.0461928Z | 1 | 8 | 2 | weir | 0 | 28357 | 28357 | 0 | 1417.6 | 7.679 | 77.6 | 10.7 | 96.8 | true |
database-full-load (100)	Independent single-request native and SDK clients	2026-10-04T00:19:24.0462395Z | 1 | 8 | 3 | direct | 0 | 33524 | 33524 | 0 | 1675.9 | 6.655 | 73.3 | 5.3 | 95.5 | true |
database-full-load (100)	Independent single-request native and SDK clients	2026-10-04T00:19:24.0462844Z | 1 | 8 | 3 | weir | 0 | 32050 | 32050 | 0 | 1602.2 | 6.655 | 71.6 | 0.0 | 96.8 | true |
database-full-load (100)	Independent single-request native and SDK clients	2026-10-04T00:19:24.0463299Z | 1 | 32 | 1 | direct | 0 | 37098 | 37098 | 0 | 1853.4 | 20.479 | 73.1 | 0.0 | 95.3 | true |
database-full-load (100)	Independent single-request native and SDK clients	2026-10-04T00:19:24.0463757Z | 1 | 32 | 1 | weir | 0 | 32019 | 32019 | 0 | 1599.6 | 24.575 | 72.5 | 0.0 | 96.4 | true |
database-full-load (100)	Independent single-request native and SDK clients	2026-10-04T00:19:24.0464403Z | 1 | 32 | 2 | direct | 0 | 38061 | 38061 | 0 | 1901.3 | 20.479 | 72.4 | 0.0 | 95.2 | true |
database-full-load (100)	Independent single-request native and SDK clients	2026-10-04T00:19:24.0464858Z | 1 | 32 | 2 | weir | 0 | 32129 | 32129 | 0 | 1605.0 | 24.575 | 71.7 | 0.0 | 96.3 | true |
database-full-load (100)	Independent single-request native and SDK clients	2026-10-04T00:19:24.0465306Z | 1 | 32 | 3 | direct | 0 | 36991 | 36991 | 0 | 1848.1 | 20.479 | 70.4 | 0.0 | 95.1 | true |
database-full-load (100)	Independent single-request native and SDK clients	2026-10-04T00:19:24.0465770Z | 1 | 32 | 3 | weir | 0 | 31909 | 31909 | 0 | 1594.1 | 24.575 | 69.4 | 0.0 | 96.5 | true |
database-full-load (100)	Independent single-request native and SDK clients	2026-10-04T00:19:24.0466227Z | 1 | 128 | 1 | direct | 0 | 40045 | 40045 | 0 | 1996.2 | 73.727 | 72.5 | 0.0 | 94.9 | true |
database-full-load (100)	Independent single-request native and SDK clients	2026-10-04T00:19:24.0466692Z | 1 | 128 | 1 | weir | 0 | 100567 | 100567 | 0 | 5022.5 | 32.767 | 75.0 | 5.4 | 98.6 | true |
database-full-load (100)	Independent single-request native and SDK clients	2026-10-04T00:19:24.0467158Z | 1 | 128 | 2 | direct | 0 | 40439 | 40439 | 0 | 2016.2 | 73.727 | 72.0 | 0.0 | 95.1 | true |
database-full-load (100)	Independent single-request native and SDK clients	2026-10-04T00:19:24.0467633Z | 1 | 128 | 2 | weir | 0 | 101305 | 101305 | 0 | 5060.2 | 32.767 | 75.7 | 11.1 | 98.8 | true |
database-full-load (100)	Independent single-request native and SDK clients	2026-10-04T00:19:24.0468113Z | 1 | 128 | 3 | direct | 0 | 41056 | 41056 | 0 | 2046.6 | 73.727 | 73.2 | 0.0 | 94.9 | true |
database-full-load (100)	Independent single-request native and SDK clients	2026-10-04T00:19:24.0468578Z | 1 | 128 | 3 | weir | 0 | 101345 | 101345 | 0 | 5061.7 | 30.719 | 73.0 | 0.0 | 98.6 | true |
database-full-load (100)	Independent single-request native and SDK clients	2026-10-04T00:19:24.0468852Z 
database-full-load (100)	Independent single-request native and SDK clients	2026-10-04T00:19:24.0469108Z Measured Weir adapter and unary RPC evidence (warmup, reset and postflight excluded):
database-full-load (100)	Independent single-request native and SDK clients	2026-10-04T00:19:24.0469432Z 
database-full-load (100)	Independent single-request native and SDK clients	2026-10-04T00:19:24.0469937Z | Batch | Workers | Round | Adapter invocations | Mean adapter batch | Read/Mutate RPCs | Queue mean ms | Adapter mean ms | Rejections | Backend concurrency limit |
database-full-load (100)	Independent single-request native and SDK clients	2026-10-04T00:19:24.0470646Z | ---: | ---: | ---: | ---: | ---: | --- | ---: | ---: | ---: | ---: |
database-full-load (100)	Independent single-request native and SDK clients	2026-10-04T00:19:24.0471027Z | 1 | 8 | 1 | 17886 | 1.006 | 0/17995 | 0.012 | 8.364 | 0 | 32.000 |
database-full-load (100)	Independent single-request native and SDK clients	2026-10-04T00:19:24.0471514Z | 1 | 8 | 2 | 28235 | 1.004 | 0/28357 | 0.010 | 5.180 | 0 | 32.000 |
database-full-load (100)	Independent single-request native and SDK clients	2026-10-04T00:19:24.0471859Z | 1 | 8 | 3 | 31918 | 1.004 | 0/32050 | 0.010 | 4.548 | 0 | 32.000 |
database-full-load (100)	Independent single-request native and SDK clients	2026-10-04T00:19:24.0472207Z | 1 | 32 | 1 | 31880 | 1.004 | 0/32019 | 0.012 | 19.529 | 0 | 32.000 |
database-full-load (100)	Independent single-request native and SDK clients	2026-10-04T00:19:24.0472703Z | 1 | 32 | 2 | 31989 | 1.004 | 0/32129 | 0.012 | 19.467 | 0 | 32.000 |
database-full-load (100)	Independent single-request native and SDK clients	2026-10-04T00:19:24.0473054Z | 1 | 32 | 3 | 31774 | 1.004 | 0/31909 | 0.012 | 19.620 | 0 | 32.000 |
database-full-load (100)	Independent single-request native and SDK clients	2026-10-04T00:19:24.0473417Z | 1 | 128 | 1 | 27623 | 3.641 | 0/100567 | 0.505 | 22.878 | 0 | 32.000 |
database-full-load (100)	Independent single-request native and SDK clients	2026-10-04T00:19:24.0473792Z | 1 | 128 | 2 | 28111 | 3.604 | 0/101305 | 0.565 | 22.412 | 0 | 32.000 |
database-full-load (100)	Independent single-request native and SDK clients	2026-10-04T00:19:24.0474161Z | 1 | 128 | 3 | 27983 | 3.622 | 0/101345 | 0.476 | 22.566 | 0 | 32.000 |
database-full-load (100)	Independent single-request native and SDK clients	2026-10-04T00:19:24.0474379Z 
database-full-load (100)	Independent single-request native and SDK clients	2026-10-04T00:19:24.0475500Z **Batch 1: database-full-load throughput comparison unavailable.** both paths must independently demonstrate sustained database CPU saturation and a verified next-level throughput plateau; increase concurrency or isolate client/Weir resources; I/O/network-bound saturation needs additional device/link capacity evidence.
database-full-load (100)	Independent single-request native and SDK clients	2026-10-04T00:19:24.0476628Z 
database-full-load (100)	Independent single-request native and SDK clients	2026-10-04T00:19:24.0477345Z Best verified business QPS within this ladder: direct 2019.7 (128 workers), Weir 5048.1 (128 workers), observed change +149.95%. This is a measured business-throughput comparison, not a maximum-database-capacity claim.
database-full-load (100)	Independent single-request native and SDK clients	2026-10-04T00:19:24.0478104Z 
database-full-load (100)	Independent single-request native and SDK clients	2026-10-04T00:19:24.0478530Z Observed single-request business performance at matched client concurrency (independent of the database-capacity qualification):
database-full-load (100)	Independent single-request native and SDK clients	2026-10-04T00:19:24.0479024Z 
database-full-load (100)	Independent single-request native and SDK clients	2026-10-04T00:19:24.0479274Z | Workers | Direct QPS | Weir QPS | Change | Direct p50/p95/p99 ms | Weir p50/p95/p99 ms |
database-full-load (100)	Independent single-request native and SDK clients	2026-10-04T00:19:24.0479706Z | ---: | ---: | ---: | ---: | --- | --- |
database-full-load (100)	Independent single-request native and SDK clients	2026-10-04T00:19:24.0480074Z | 8 | 1320.3 | 1306.4 | -1.05% | 4.607 / 8.191 / 57.343 | 5.119 / 8.191 / 49.151 |
database-full-load (100)	Independent single-request native and SDK clients	2026-10-04T00:19:24.0480523Z | 32 | 1867.6 | 1599.6 | -14.35% | 18.431 / 20.479 / 26.623 | 20.479 / 24.575 / 30.719 |
database-full-load (100)	Independent single-request native and SDK clients	2026-10-04T00:19:24.0480982Z | 128 | 2019.7 | 5048.1 | +149.95% | 65.535 / 73.727 / 114.687 | 24.575 / 32.767 / 65.535 |
database-full-load (100)	Independent single-request native and SDK clients	2026-10-04T00:19:24.0481372Z 
database-full-load (100)	Independent single-request native and SDK clients	2026-10-04T00:19:24.0482514Z These QPS and latency observations apply to this hardware and measured concurrency range. A business-throughput improvement can exist without demonstrating the maximum database capacity. An underfull database or missing next-level plateau keeps the database-capacity comparison unavailable.
database-full-load (100)	Independent single-request native and SDK clients	2026-10-04T00:19:24.0483547Z 
database-full-load (100)	Independent single-request native and SDK clients	2026-10-04T00:19:24.0486003Z Aggregation evidence: the JSON records one business request per record, Read/Mutate RPC counts, adapter invocation counts, average adapter batch and its cumulative histogram, and RPCs per adapter invocation. An adapter invocation is not necessarily one physical database wire command. MongoDB physical find/update/bulkWrite/getMore/killCursors deltas come from owned serverStatus at timed boundaries; missing counters remain unavailable. Elasticsearch has no equivalent physical HTTP-command counter. Every child PID, configured native pool limit, final revision ranges, exit result and sampled CPU/RSS is retained; coordinator sampling CPU is excluded from business-client CPU.
database-full-load (100)	Independent single-request native and SDK clients	2026-10-04T00:19:24.0488317Z 
database-full-load (100)	Independent single-request native and SDK clients	2026-10-04T00:19:24.0491935Z The JSON retains before/after raw public Weir metrics and their observed deltas, every resource sample, monitor failures, raw cumulative database/container I/O and network counters, CPU quota/host core denominator, and client/Weir cumulative CPU. Docker CPU uses cumulative Engine usage and read timestamps across each entire sampling interval, never CLI instantaneous percentages. Both interval endpoints must succeed; missing intervals reduce full-run coverage. Samples include monitoring traffic and background database work. Native ps CPU has platform-dependent clock resolution. Native databases share the host CPU budget with the client and Weir. Disk/network utilization or capacity is not inferred from byte counters. A plateau without sustained database CPU saturation is not a database-full-load result. Startup/discovery/reset/postflight and warmup are excluded from throughput; all in-flight completion and validation is included.
database-full-load (100)	Preserve raw resource samples, workload validation and cleanup	﻿2026-10-04T00:19:27.1128589Z ##[group]Run actions/upload-artifact@ea165f8d65b6e75b540449e92b4886f43607fa02
database-full-load (100)	Preserve raw resource samples, workload validation and cleanup	2026-10-04T00:19:27.1129047Z with:
database-full-load (100)	Preserve raw resource samples, workload validation and cleanup	2026-10-04T00:19:27.1129410Z   name: saturation-evidence-writes-100-f8ba341b99680ce4fc16c99c73c07838b0ccfc89
database-full-load (100)	Preserve raw resource samples, workload validation and cleanup	2026-10-04T00:19:27.1130404Z   path: results/local/
database-full-load (100)	Preserve raw resource samples, workload validation and cleanup	/tmp/weir-tests-*/manifest.json
database-full-load (100)	Preserve raw resource samples, workload validation and cleanup	/tmp/weir-tests-*/cleanup.json
database-full-load (100)	Preserve raw resource samples, workload validation and cleanup	/tmp/weir-tests-*/*config.json
database-full-load (100)	Preserve raw resource samples, workload validation and cleanup	/tmp/weir-tests-*/*routes.json
database-full-load (100)	Preserve raw resource samples, workload validation and cleanup	/tmp/weir-tests-*/*process.log
database-full-load (100)	Preserve raw resource samples, workload validation and cleanup	/tmp/weir-tests-*/docker-engine.json
database-full-load (100)	Preserve raw resource samples, workload validation and cleanup	
database-full-load (100)	Preserve raw resource samples, workload validation and cleanup	2026-10-04T00:19:27.1131448Z   retention-days: 14
database-full-load (100)	Preserve raw resource samples, workload validation and cleanup	2026-10-04T00:19:27.1131680Z   if-no-files-found: warn
database-full-load (100)	Preserve raw resource samples, workload validation and cleanup	2026-10-04T00:19:27.1131905Z   compression-level: 6
database-full-load (100)	Preserve raw resource samples, workload validation and cleanup	2026-10-04T00:19:27.1132116Z   overwrite: false
database-full-load (100)	Preserve raw resource samples, workload validation and cleanup	2026-10-04T00:19:27.1132325Z   include-hidden-files: false
database-full-load (100)	Preserve raw resource samples, workload validation and cleanup	2026-10-04T00:19:27.1132558Z env:
database-full-load (100)	Preserve raw resource samples, workload validation and cleanup	2026-10-04T00:19:27.1132727Z   GOENV: off
database-full-load (100)	Preserve raw resource samples, workload validation and cleanup	2026-10-04T00:19:27.1132911Z   GOWORK: off
database-full-load (100)	Preserve raw resource samples, workload validation and cleanup	2026-10-04T00:19:27.1133096Z   GOTOOLCHAIN: local
database-full-load (100)	Preserve raw resource samples, workload validation and cleanup	2026-10-04T00:19:27.1133303Z   GOFLAGS: -mod=readonly
database-full-load (100)	Preserve raw resource samples, workload validation and cleanup	2026-10-04T00:19:27.1133538Z   PYTHONDONTWRITEBYTECODE: 1
database-full-load (100)	Preserve raw resource samples, workload validation and cleanup	2026-10-04T00:19:27.1133812Z ##[endgroup]
database-full-load (100)	Preserve raw resource samples, workload validation and cleanup	2026-10-04T00:19:27.2828472Z (node:12136) [DEP0040] DeprecationWarning: The `punycode` module is deprecated. Please use a userland alternative instead.
database-full-load (100)	Preserve raw resource samples, workload validation and cleanup	2026-10-04T00:19:27.2829220Z (Use `node --trace-deprecation ...` to show where the warning was created)
database-full-load (100)	Preserve raw resource samples, workload validation and cleanup	2026-10-04T00:19:27.3030823Z Multiple search paths detected. Calculating the least common ancestor of all paths
database-full-load (100)	Preserve raw resource samples, workload validation and cleanup	2026-10-04T00:19:27.3033342Z The least common ancestor is /. This will be the root directory of the artifact
database-full-load (100)	Preserve raw resource samples, workload validation and cleanup	2026-10-04T00:19:27.3034604Z With the provided path, there will be 12 files uploaded
database-full-load (100)	Preserve raw resource samples, workload validation and cleanup	2026-10-04T00:19:27.3036264Z Artifact name is valid!
database-full-load (100)	Preserve raw resource samples, workload validation and cleanup	2026-10-04T00:19:27.3037243Z Root directory input is valid!
database-full-load (100)	Preserve raw resource samples, workload validation and cleanup	2026-10-04T00:19:27.5482828Z Beginning upload of artifact content to blob storage
database-full-load (100)	Preserve raw resource samples, workload validation and cleanup	2026-10-04T00:19:27.6677219Z (node:12136) [DEP0169] DeprecationWarning: `url.parse()` behavior is not standardized and prone to errors that have security implications. Use the WHATWG URL API instead. CVEs are not issued for `url.parse()` vulnerabilities.
database-full-load (100)	Preserve raw resource samples, workload validation and cleanup	2026-10-04T00:19:27.8754926Z Uploaded bytes 566431
database-full-load (100)	Preserve raw resource samples, workload validation and cleanup	2026-10-04T00:19:27.9084476Z Finished uploading artifact content to blob storage!
database-full-load (100)	Preserve raw resource samples, workload validation and cleanup	2026-10-04T00:19:27.9085196Z SHA256 digest of uploaded artifact zip is 251828570c20ec90ae0b953f305afd0375c397a9025d4a3d467c215521b44353
database-full-load (100)	Preserve raw resource samples, workload validation and cleanup	2026-10-04T00:19:27.9087104Z Finalizing artifact upload
database-full-load (100)	Preserve raw resource samples, workload validation and cleanup	2026-10-04T00:19:28.1540484Z Artifact saturation-evidence-writes-100-f8ba341b99680ce4fc16c99c73c07838b0ccfc89.zip successfully finalized. Artifact ID 11289520470
database-full-load (100)	Preserve raw resource samples, workload validation and cleanup	2026-10-04T00:19:28.1542221Z Artifact saturation-evidence-writes-100-f8ba341b99680ce4fc16c99c73c07838b0ccfc89 has been successfully uploaded! Final size is 566431 bytes. Artifact ID is 11289520470
database-full-load (100)	Preserve raw resource samples, workload validation and cleanup	2026-10-04T00:19:28.1546412Z Artifact download URL: https://github.com/batchstream/weir-tests/actions/runs/37163474977/artifacts/11289520470
database-full-load (100)	Post Run actions/setup-go@924ae3a1cded613372ab5595356fb5720e22ba16	﻿2026-10-04T00:19:28.1728888Z Post job cleanup.
database-full-load (100)	Post Run actions/setup-go@924ae3a1cded613372ab5595356fb5720e22ba16	2026-10-04T00:19:28.2950868Z [command]/opt/hostedtoolcache/go/1.27.1/x64/bin/go env GOMODCACHE
database-full-load (100)	Post Run actions/setup-go@924ae3a1cded613372ab5595356fb5720e22ba16	2026-10-04T00:19:28.3012725Z [command]/opt/hostedtoolcache/go/1.27.1/x64/bin/go env GOCACHE
database-full-load (100)	Post Run actions/setup-go@924ae3a1cded613372ab5595356fb5720e22ba16	2026-10-04T00:19:28.3031044Z /home/runner/go/pkg/mod
database-full-load (100)	Post Run actions/setup-go@924ae3a1cded613372ab5595356fb5720e22ba16	2026-10-04T00:19:28.3053365Z /home/runner/.cache/go-build
database-full-load (100)	Post Run actions/setup-go@924ae3a1cded613372ab5595356fb5720e22ba16	2026-10-04T00:19:28.3060380Z Cache hit occurred on the primary key setup-go-Linux-x64-ubuntu24-go-1.27.1-f3893fbf0ff2b6e2efba8903234513786674983d753d1815a9a1fcf84a06448a, not saving cache.
database-full-load (100)	Post Run actions/checkout@3d3c42e5aac5ba805825da76410c181273ba90b1	﻿2026-10-04T00:19:28.3229904Z Post job cleanup.
database-full-load (100)	Post Run actions/checkout@3d3c42e5aac5ba805825da76410c181273ba90b1	2026-10-04T00:19:28.4269951Z [command]/usr/bin/git version
database-full-load (100)	Post Run actions/checkout@3d3c42e5aac5ba805825da76410c181273ba90b1	2026-10-04T00:19:28.4316884Z git version 2.55.0
database-full-load (100)	Post Run actions/checkout@3d3c42e5aac5ba805825da76410c181273ba90b1	2026-10-04T00:19:28.4358307Z Temporarily overriding HOME='/home/runner/work/_temp/dc5ceb56-d0c1-4160-9fb3-047e6f0a6b62' before making global git config changes
database-full-load (100)	Post Run actions/checkout@3d3c42e5aac5ba805825da76410c181273ba90b1	2026-10-04T00:19:28.4362121Z Adding repository directory to the temporary git global config as a safe directory
database-full-load (100)	Post Run actions/checkout@3d3c42e5aac5ba805825da76410c181273ba90b1	2026-10-04T00:19:28.4365773Z [command]/usr/bin/git config --global --add safe.directory /home/runner/work/weir-tests/weir-tests
database-full-load (100)	Post Run actions/checkout@3d3c42e5aac5ba805825da76410c181273ba90b1	2026-10-04T00:19:28.4404465Z Removing SSH command configuration
database-full-load (100)	Post Run actions/checkout@3d3c42e5aac5ba805825da76410c181273ba90b1	2026-10-04T00:19:28.4413249Z [command]/usr/bin/git config --local --name-only --get-regexp core\.sshCommand
database-full-load (100)	Post Run actions/checkout@3d3c42e5aac5ba805825da76410c181273ba90b1	2026-10-04T00:19:28.4455904Z [command]/usr/bin/git submodule foreach --recursive sh -c "git config --local --name-only --get-regexp 'core\.sshCommand' && git config --local --unset-all 'core.sshCommand' || :"
database-full-load (100)	Post Run actions/checkout@3d3c42e5aac5ba805825da76410c181273ba90b1	2026-10-04T00:19:28.4790132Z Removing HTTP extra header
database-full-load (100)	Post Run actions/checkout@3d3c42e5aac5ba805825da76410c181273ba90b1	2026-10-04T00:19:28.4791474Z [command]/usr/bin/git config --local --name-only --get-regexp http\.https\:\/\/github\.com\/\.extraheader
database-full-load (100)	Post Run actions/checkout@3d3c42e5aac5ba805825da76410c181273ba90b1	2026-10-04T00:19:28.4855289Z [command]/usr/bin/git submodule foreach --recursive sh -c "git config --local --name-only --get-regexp 'http\.https\:\/\/github\.com\/\.extraheader' && git config --local --unset-all 'http.https://github.com/.extraheader' || :"
database-full-load (100)	Post Run actions/checkout@3d3c42e5aac5ba805825da76410c181273ba90b1	2026-10-04T00:19:28.5233365Z Removing includeIf entries pointing to credentials config files
database-full-load (100)	Post Run actions/checkout@3d3c42e5aac5ba805825da76410c181273ba90b1	2026-10-04T00:19:28.5234549Z [command]/usr/bin/git config --local --name-only --get-regexp ^includeIf\.gitdir:
database-full-load (100)	Post Run actions/checkout@3d3c42e5aac5ba805825da76410c181273ba90b1	2026-10-04T00:19:28.5265232Z [command]/usr/bin/git submodule foreach --recursive git config --local --show-origin --name-only --get-regexp remote.origin.url
database-full-load (100)	Complete job	﻿2026-10-04T00:19:28.5700589Z Cleaning up orphan processes
database-full-load (100)	Complete job	2026-10-04T00:19:28.6044429Z ##[warning]Node.js 20 is deprecated. The following actions target Node.js 20 but are being forced to run on Node.js 24: actions/upload-artifact@ea165f8d65b6e75b540449e92b4886f43607fa02. For more information see: https://github.blog/changelog/2025-09-19-deprecation-of-node-20-on-github-actions-runners/
database-full-load (10)	Set up job	﻿2026-10-03T23:59:04.8299110Z Current runner version: '2.337.0'
database-full-load (10)	Set up job	2026-10-03T23:59:04.8324969Z ##[group]Runner Image Provisioner
database-full-load (10)	Set up job	2026-10-03T23:59:04.8326023Z Hosted Compute Agent
database-full-load (10)	Set up job	2026-10-03T23:59:04.8326904Z Version: 20260901.588
database-full-load (10)	Set up job	2026-10-03T23:59:04.8327718Z Commit: f88ec8081b781fac6c440065ac7ff9e710ce3d0b
database-full-load (10)	Set up job	2026-10-03T23:59:04.8328552Z Build Date: 2026-09-01T19:56:44Z
database-full-load (10)	Set up job	2026-10-03T23:59:04.8329456Z Worker ID: {2d3a452c-98a0-4626-8be8-ae0c7749c5f4}
database-full-load (10)	Set up job	2026-10-03T23:59:04.8330683Z Azure Region: westus2
database-full-load (10)	Set up job	2026-10-03T23:59:04.8331624Z ##[endgroup]
database-full-load (10)	Set up job	2026-10-03T23:59:04.8333995Z ##[group]Operating System
database-full-load (10)	Set up job	2026-10-03T23:59:04.8335088Z Ubuntu
database-full-load (10)	Set up job	2026-10-03T23:59:04.8336124Z 24.04.5
database-full-load (10)	Set up job	2026-10-03T23:59:04.8336968Z LTS
database-full-load (10)	Set up job	2026-10-03T23:59:04.8337582Z ##[endgroup]
database-full-load (10)	Set up job	2026-10-03T23:59:04.8338153Z ##[group]Runner Image
database-full-load (10)	Set up job	2026-10-03T23:59:04.8338758Z Image: ubuntu-24.04
database-full-load (10)	Set up job	2026-10-03T23:59:04.8339408Z Version: 20260927.320.1
database-full-load (10)	Set up job	2026-10-03T23:59:04.8340838Z Included Software: https://github.com/actions/runner-images/blob/ubuntu24/20260927.320/images/ubuntu/Ubuntu2404-Readme.md
database-full-load (10)	Set up job	2026-10-03T23:59:04.8342720Z Image Release: https://github.com/actions/runner-images/releases/tag/ubuntu24%2F20260927.320
database-full-load (10)	Set up job	2026-10-03T23:59:04.8343688Z ##[endgroup]
database-full-load (10)	Set up job	2026-10-03T23:59:04.8344909Z ##[group]GITHUB_TOKEN Permissions
database-full-load (10)	Set up job	2026-10-03T23:59:04.8346801Z Contents: read
database-full-load (10)	Set up job	2026-10-03T23:59:04.8347550Z Metadata: read
database-full-load (10)	Set up job	2026-10-03T23:59:04.8348123Z ##[endgroup]
database-full-load (10)	Set up job	2026-10-03T23:59:04.8350784Z Secret source: Actions
database-full-load (10)	Set up job	2026-10-03T23:59:04.8351853Z Cache mode: write
database-full-load (10)	Set up job	2026-10-03T23:59:04.8352600Z Prepare workflow directory
database-full-load (10)	Set up job	2026-10-03T23:59:04.8821481Z Prepare all required actions
database-full-load (10)	Set up job	2026-10-03T23:59:04.8869762Z Getting action download info
database-full-load (10)	Set up job	2026-10-03T23:59:05.2365297Z Download action repository 'actions/checkout@3d3c42e5aac5ba805825da76410c181273ba90b1' (SHA:3d3c42e5aac5ba805825da76410c181273ba90b1)
database-full-load (10)	Set up job	2026-10-03T23:59:05.3281913Z Download action repository 'actions/setup-go@924ae3a1cded613372ab5595356fb5720e22ba16' (SHA:924ae3a1cded613372ab5595356fb5720e22ba16)
database-full-load (10)	Set up job	2026-10-03T23:59:05.5502036Z Download action repository 'actions/upload-artifact@ea165f8d65b6e75b540449e92b4886f43607fa02' (SHA:ea165f8d65b6e75b540449e92b4886f43607fa02)
database-full-load (10)	Set up job	2026-10-03T23:59:05.7456003Z Complete job name: database-full-load (10)
database-full-load (10)	Run actions/checkout@3d3c42e5aac5ba805825da76410c181273ba90b1	﻿2026-10-03T23:59:05.8312397Z ##[group]Run actions/checkout@3d3c42e5aac5ba805825da76410c181273ba90b1
database-full-load (10)	Run actions/checkout@3d3c42e5aac5ba805825da76410c181273ba90b1	2026-10-03T23:59:05.8313807Z with:
database-full-load (10)	Run actions/checkout@3d3c42e5aac5ba805825da76410c181273ba90b1	2026-10-03T23:59:05.8314322Z   ref: e790aa77629f0e4862159cbe8e3f0497df888314
database-full-load (10)	Run actions/checkout@3d3c42e5aac5ba805825da76410c181273ba90b1	2026-10-03T23:59:05.8314951Z   persist-credentials: false
database-full-load (10)	Run actions/checkout@3d3c42e5aac5ba805825da76410c181273ba90b1	2026-10-03T23:59:05.8315541Z   repository: batchstream/weir-tests
database-full-load (10)	Run actions/checkout@3d3c42e5aac5ba805825da76410c181273ba90b1	2026-10-03T23:59:05.8320030Z   token: ***
database-full-load (10)	Run actions/checkout@3d3c42e5aac5ba805825da76410c181273ba90b1	2026-10-03T23:59:05.8320672Z   ssh-strict: true
database-full-load (10)	Run actions/checkout@3d3c42e5aac5ba805825da76410c181273ba90b1	2026-10-03T23:59:05.8321118Z   ssh-user: git
database-full-load (10)	Run actions/checkout@3d3c42e5aac5ba805825da76410c181273ba90b1	2026-10-03T23:59:05.8321542Z   clean: true
database-full-load (10)	Run actions/checkout@3d3c42e5aac5ba805825da76410c181273ba90b1	2026-10-03T23:59:05.8321994Z   sparse-checkout-cone-mode: true
database-full-load (10)	Run actions/checkout@3d3c42e5aac5ba805825da76410c181273ba90b1	2026-10-03T23:59:05.8322518Z   fetch-depth: 1
database-full-load (10)	Run actions/checkout@3d3c42e5aac5ba805825da76410c181273ba90b1	2026-10-03T23:59:05.8322945Z   fetch-tags: false
database-full-load (10)	Run actions/checkout@3d3c42e5aac5ba805825da76410c181273ba90b1	2026-10-03T23:59:05.8323388Z   show-progress: true
database-full-load (10)	Run actions/checkout@3d3c42e5aac5ba805825da76410c181273ba90b1	2026-10-03T23:59:05.8323836Z   lfs: false
database-full-load (10)	Run actions/checkout@3d3c42e5aac5ba805825da76410c181273ba90b1	2026-10-03T23:59:05.8324246Z   submodules: false
database-full-load (10)	Run actions/checkout@3d3c42e5aac5ba805825da76410c181273ba90b1	2026-10-03T23:59:05.8324692Z   set-safe-directory: true
database-full-load (10)	Run actions/checkout@3d3c42e5aac5ba805825da76410c181273ba90b1	2026-10-03T23:59:05.8325214Z   allow-unsafe-pr-checkout: false
database-full-load (10)	Run actions/checkout@3d3c42e5aac5ba805825da76410c181273ba90b1	2026-10-03T23:59:05.8326109Z env:
database-full-load (10)	Run actions/checkout@3d3c42e5aac5ba805825da76410c181273ba90b1	2026-10-03T23:59:05.8326522Z   GOENV: off
database-full-load (10)	Run actions/checkout@3d3c42e5aac5ba805825da76410c181273ba90b1	2026-10-03T23:59:05.8326928Z   GOWORK: off
database-full-load (10)	Run actions/checkout@3d3c42e5aac5ba805825da76410c181273ba90b1	2026-10-03T23:59:05.8327370Z   GOTOOLCHAIN: local
database-full-load (10)	Run actions/checkout@3d3c42e5aac5ba805825da76410c181273ba90b1	2026-10-03T23:59:05.8327839Z   GOFLAGS: -mod=readonly
database-full-load (10)	Run actions/checkout@3d3c42e5aac5ba805825da76410c181273ba90b1	2026-10-03T23:59:05.8328328Z   PYTHONDONTWRITEBYTECODE: 1
database-full-load (10)	Run actions/checkout@3d3c42e5aac5ba805825da76410c181273ba90b1	2026-10-03T23:59:05.8328820Z ##[endgroup]
database-full-load (10)	Run actions/checkout@3d3c42e5aac5ba805825da76410c181273ba90b1	2026-10-03T23:59:05.9462206Z Syncing repository: batchstream/weir-tests
database-full-load (10)	Run actions/checkout@3d3c42e5aac5ba805825da76410c181273ba90b1	2026-10-03T23:59:05.9465077Z ##[group]Getting Git version info
database-full-load (10)	Run actions/checkout@3d3c42e5aac5ba805825da76410c181273ba90b1	2026-10-03T23:59:05.9466412Z Working directory is '/home/runner/work/weir-tests/weir-tests'
database-full-load (10)	Run actions/checkout@3d3c42e5aac5ba805825da76410c181273ba90b1	2026-10-03T23:59:05.9480784Z [command]/usr/bin/git version
database-full-load (10)	Run actions/checkout@3d3c42e5aac5ba805825da76410c181273ba90b1	2026-10-03T23:59:05.9570460Z git version 2.55.0
database-full-load (10)	Run actions/checkout@3d3c42e5aac5ba805825da76410c181273ba90b1	2026-10-03T23:59:05.9593282Z ##[endgroup]
database-full-load (10)	Run actions/checkout@3d3c42e5aac5ba805825da76410c181273ba90b1	2026-10-03T23:59:05.9605042Z Temporarily overriding HOME='/home/runner/work/_temp/0d5cb117-4093-45c6-9850-25ec610e7750' before making global git config changes
database-full-load (10)	Run actions/checkout@3d3c42e5aac5ba805825da76410c181273ba90b1	2026-10-03T23:59:05.9607430Z Adding repository directory to the temporary git global config as a safe directory
database-full-load (10)	Run actions/checkout@3d3c42e5aac5ba805825da76410c181273ba90b1	2026-10-03T23:59:05.9611133Z [command]/usr/bin/git config --global --add safe.directory /home/runner/work/weir-tests/weir-tests
database-full-load (10)	Run actions/checkout@3d3c42e5aac5ba805825da76410c181273ba90b1	2026-10-03T23:59:05.9659882Z Deleting the contents of '/home/runner/work/weir-tests/weir-tests'
database-full-load (10)	Run actions/checkout@3d3c42e5aac5ba805825da76410c181273ba90b1	2026-10-03T23:59:05.9663960Z ##[group]Determining repository object format
database-full-load (10)	Run actions/checkout@3d3c42e5aac5ba805825da76410c181273ba90b1	2026-10-03T23:59:05.9665621Z ##[endgroup]
database-full-load (10)	Run actions/checkout@3d3c42e5aac5ba805825da76410c181273ba90b1	2026-10-03T23:59:05.9667005Z ##[group]Initializing the repository
database-full-load (10)	Run actions/checkout@3d3c42e5aac5ba805825da76410c181273ba90b1	2026-10-03T23:59:05.9671011Z [command]/usr/bin/git init /home/runner/work/weir-tests/weir-tests
database-full-load (10)	Run actions/checkout@3d3c42e5aac5ba805825da76410c181273ba90b1	2026-10-03T23:59:05.9758686Z hint: Using 'master' as the name for the initial branch. This default branch name
database-full-load (10)	Run actions/checkout@3d3c42e5aac5ba805825da76410c181273ba90b1	2026-10-03T23:59:05.9760794Z hint: will change to "main" in Git 3.0. To configure the initial branch name
database-full-load (10)	Run actions/checkout@3d3c42e5aac5ba805825da76410c181273ba90b1	2026-10-03T23:59:05.9762456Z hint: to use in all of your new repositories, which will suppress this warning,
database-full-load (10)	Run actions/checkout@3d3c42e5aac5ba805825da76410c181273ba90b1	2026-10-03T23:59:05.9763733Z hint: call:
database-full-load (10)	Run actions/checkout@3d3c42e5aac5ba805825da76410c181273ba90b1	2026-10-03T23:59:05.9764499Z hint:
database-full-load (10)	Run actions/checkout@3d3c42e5aac5ba805825da76410c181273ba90b1	2026-10-03T23:59:05.9765493Z hint: 	git config --global init.defaultBranch <name>
database-full-load (10)	Run actions/checkout@3d3c42e5aac5ba805825da76410c181273ba90b1	2026-10-03T23:59:05.9766614Z hint:
database-full-load (10)	Run actions/checkout@3d3c42e5aac5ba805825da76410c181273ba90b1	2026-10-03T23:59:05.9767619Z hint: Names commonly chosen instead of 'master' are 'main', 'trunk' and
database-full-load (10)	Run actions/checkout@3d3c42e5aac5ba805825da76410c181273ba90b1	2026-10-03T23:59:05.9769233Z hint: 'development'. The just-created branch can be renamed via this command:
database-full-load (10)	Run actions/checkout@3d3c42e5aac5ba805825da76410c181273ba90b1	2026-10-03T23:59:05.9770850Z hint:
database-full-load (10)	Run actions/checkout@3d3c42e5aac5ba805825da76410c181273ba90b1	2026-10-03T23:59:05.9771545Z hint: 	git branch -m <name>
database-full-load (10)	Run actions/checkout@3d3c42e5aac5ba805825da76410c181273ba90b1	2026-10-03T23:59:05.9772299Z hint:
database-full-load (10)	Run actions/checkout@3d3c42e5aac5ba805825da76410c181273ba90b1	2026-10-03T23:59:05.9773295Z hint: Disable this message with "git config set advice.defaultBranchName false"
database-full-load (10)	Run actions/checkout@3d3c42e5aac5ba805825da76410c181273ba90b1	2026-10-03T23:59:05.9775008Z Initialized empty Git repository in /home/runner/work/weir-tests/weir-tests/.git/
database-full-load (10)	Run actions/checkout@3d3c42e5aac5ba805825da76410c181273ba90b1	2026-10-03T23:59:05.9777664Z [command]/usr/bin/git remote add origin https://github.com/batchstream/weir-tests
database-full-load (10)	Run actions/checkout@3d3c42e5aac5ba805825da76410c181273ba90b1	2026-10-03T23:59:05.9824418Z ##[endgroup]
database-full-load (10)	Run actions/checkout@3d3c42e5aac5ba805825da76410c181273ba90b1	2026-10-03T23:59:05.9825839Z ##[group]Disabling automatic garbage collection
database-full-load (10)	Run actions/checkout@3d3c42e5aac5ba805825da76410c181273ba90b1	2026-10-03T23:59:05.9827502Z [command]/usr/bin/git config --local gc.auto 0
database-full-load (10)	Run actions/checkout@3d3c42e5aac5ba805825da76410c181273ba90b1	2026-10-03T23:59:05.9873969Z ##[endgroup]
database-full-load (10)	Run actions/checkout@3d3c42e5aac5ba805825da76410c181273ba90b1	2026-10-03T23:59:05.9877034Z ##[group]Setting up auth
database-full-load (10)	Run actions/checkout@3d3c42e5aac5ba805825da76410c181273ba90b1	2026-10-03T23:59:05.9878283Z Removing SSH command configuration
database-full-load (10)	Run actions/checkout@3d3c42e5aac5ba805825da76410c181273ba90b1	2026-10-03T23:59:05.9880569Z [command]/usr/bin/git config --local --name-only --get-regexp core\.sshCommand
database-full-load (10)	Run actions/checkout@3d3c42e5aac5ba805825da76410c181273ba90b1	2026-10-03T23:59:05.9916474Z [command]/usr/bin/git submodule foreach --recursive sh -c "git config --local --name-only --get-regexp 'core\.sshCommand' && git config --local --unset-all 'core.sshCommand' || :"
database-full-load (10)	Run actions/checkout@3d3c42e5aac5ba805825da76410c181273ba90b1	2026-10-03T23:59:06.0271890Z Removing HTTP extra header
database-full-load (10)	Run actions/checkout@3d3c42e5aac5ba805825da76410c181273ba90b1	2026-10-03T23:59:06.0278017Z [command]/usr/bin/git config --local --name-only --get-regexp http\.https\:\/\/github\.com\/\.extraheader
database-full-load (10)	Run actions/checkout@3d3c42e5aac5ba805825da76410c181273ba90b1	2026-10-03T23:59:06.0315451Z [command]/usr/bin/git submodule foreach --recursive sh -c "git config --local --name-only --get-regexp 'http\.https\:\/\/github\.com\/\.extraheader' && git config --local --unset-all 'http.https://github.com/.extraheader' || :"
database-full-load (10)	Run actions/checkout@3d3c42e5aac5ba805825da76410c181273ba90b1	2026-10-03T23:59:06.0539194Z Removing includeIf entries pointing to credentials config files
database-full-load (10)	Run actions/checkout@3d3c42e5aac5ba805825da76410c181273ba90b1	2026-10-03T23:59:06.0545135Z [command]/usr/bin/git config --local --name-only --get-regexp ^includeIf\.gitdir:
database-full-load (10)	Run actions/checkout@3d3c42e5aac5ba805825da76410c181273ba90b1	2026-10-03T23:59:06.0580555Z [command]/usr/bin/git submodule foreach --recursive git config --local --show-origin --name-only --get-regexp remote.origin.url
database-full-load (10)	Run actions/checkout@3d3c42e5aac5ba805825da76410c181273ba90b1	2026-10-03T23:59:06.0811091Z [command]/usr/bin/git config --file /home/runner/work/_temp/git-credentials-7ab3d197-94ed-4730-9d87-a28e10dfcead.config http.https://github.com/.extraheader AUTHORIZATION: basic ***
database-full-load (10)	Run actions/checkout@3d3c42e5aac5ba805825da76410c181273ba90b1	2026-10-03T23:59:06.0851315Z [command]/usr/bin/git config --local includeIf.gitdir:/home/runner/work/weir-tests/weir-tests/.git.path /home/runner/work/_temp/git-credentials-7ab3d197-94ed-4730-9d87-a28e10dfcead.config
database-full-load (10)	Run actions/checkout@3d3c42e5aac5ba805825da76410c181273ba90b1	2026-10-03T23:59:06.0887278Z [command]/usr/bin/git config --local includeIf.gitdir:/home/runner/work/weir-tests/weir-tests/.git/worktrees/*.path /home/runner/work/_temp/git-credentials-7ab3d197-94ed-4730-9d87-a28e10dfcead.config
database-full-load (10)	Run actions/checkout@3d3c42e5aac5ba805825da76410c181273ba90b1	2026-10-03T23:59:06.0926168Z [command]/usr/bin/git config --local includeIf.gitdir:/github/workspace/.git.path /github/runner_temp/git-credentials-7ab3d197-94ed-4730-9d87-a28e10dfcead.config
database-full-load (10)	Run actions/checkout@3d3c42e5aac5ba805825da76410c181273ba90b1	2026-10-03T23:59:06.0972958Z [command]/usr/bin/git config --local includeIf.gitdir:/github/workspace/.git/worktrees/*.path /github/runner_temp/git-credentials-7ab3d197-94ed-4730-9d87-a28e10dfcead.config
database-full-load (10)	Run actions/checkout@3d3c42e5aac5ba805825da76410c181273ba90b1	2026-10-03T23:59:06.1010055Z ##[endgroup]
database-full-load (10)	Run actions/checkout@3d3c42e5aac5ba805825da76410c181273ba90b1	2026-10-03T23:59:06.1011139Z ##[group]Fetching the repository
database-full-load (10)	Run actions/checkout@3d3c42e5aac5ba805825da76410c181273ba90b1	2026-10-03T23:59:06.1012321Z [command]/usr/bin/git -c protocol.version=2 fetch --no-tags --prune --no-recurse-submodules --depth=1 origin e790aa77629f0e4862159cbe8e3f0497df888314
database-full-load (10)	Run actions/checkout@3d3c42e5aac5ba805825da76410c181273ba90b1	2026-10-03T23:59:06.6010602Z From https://github.com/batchstream/weir-tests
database-full-load (10)	Run actions/checkout@3d3c42e5aac5ba805825da76410c181273ba90b1	2026-10-03T23:59:06.6012589Z  * branch            e790aa77629f0e4862159cbe8e3f0497df888314 -> FETCH_HEAD
database-full-load (10)	Run actions/checkout@3d3c42e5aac5ba805825da76410c181273ba90b1	2026-10-03T23:59:06.6051863Z [command]/usr/bin/git rev-parse --verify --quiet e790aa77629f0e4862159cbe8e3f0497df888314^{object}
database-full-load (10)	Run actions/checkout@3d3c42e5aac5ba805825da76410c181273ba90b1	2026-10-03T23:59:06.6052970Z e790aa77629f0e4862159cbe8e3f0497df888314
database-full-load (10)	Run actions/checkout@3d3c42e5aac5ba805825da76410c181273ba90b1	2026-10-03T23:59:06.6064132Z ##[endgroup]
database-full-load (10)	Run actions/checkout@3d3c42e5aac5ba805825da76410c181273ba90b1	2026-10-03T23:59:06.6065655Z ##[group]Determining the checkout info
database-full-load (10)	Run actions/checkout@3d3c42e5aac5ba805825da76410c181273ba90b1	2026-10-03T23:59:06.6073198Z ##[endgroup]
database-full-load (10)	Run actions/checkout@3d3c42e5aac5ba805825da76410c181273ba90b1	2026-10-03T23:59:06.6074316Z [command]/usr/bin/git sparse-checkout disable
database-full-load (10)	Run actions/checkout@3d3c42e5aac5ba805825da76410c181273ba90b1	2026-10-03T23:59:06.6131736Z [command]/usr/bin/git config --local --unset-all extensions.worktreeConfig
database-full-load (10)	Run actions/checkout@3d3c42e5aac5ba805825da76410c181273ba90b1	2026-10-03T23:59:06.6247156Z ##[group]Checking out the ref
database-full-load (10)	Run actions/checkout@3d3c42e5aac5ba805825da76410c181273ba90b1	2026-10-03T23:59:06.6249661Z [command]/usr/bin/git checkout --progress --force e790aa77629f0e4862159cbe8e3f0497df888314
database-full-load (10)	Run actions/checkout@3d3c42e5aac5ba805825da76410c181273ba90b1	2026-10-03T23:59:06.7330954Z Note: switching to 'e790aa77629f0e4862159cbe8e3f0497df888314'.
database-full-load (10)	Run actions/checkout@3d3c42e5aac5ba805825da76410c181273ba90b1	2026-10-03T23:59:06.7331846Z 
database-full-load (10)	Run actions/checkout@3d3c42e5aac5ba805825da76410c181273ba90b1	2026-10-03T23:59:06.7332338Z You are in 'detached HEAD' state. You can look around, make experimental
database-full-load (10)	Run actions/checkout@3d3c42e5aac5ba805825da76410c181273ba90b1	2026-10-03T23:59:06.7333537Z changes and commit them, and you can discard any commits you make in this
database-full-load (10)	Run actions/checkout@3d3c42e5aac5ba805825da76410c181273ba90b1	2026-10-03T23:59:06.7334717Z state without impacting any branches by switching back to a branch.
database-full-load (10)	Run actions/checkout@3d3c42e5aac5ba805825da76410c181273ba90b1	2026-10-03T23:59:06.7335521Z 
database-full-load (10)	Run actions/checkout@3d3c42e5aac5ba805825da76410c181273ba90b1	2026-10-03T23:59:06.7336028Z If you want to create a new branch to retain commits you create, you may
database-full-load (10)	Run actions/checkout@3d3c42e5aac5ba805825da76410c181273ba90b1	2026-10-03T23:59:06.7337294Z do so (now or later) by using -c with the switch command. Example:
database-full-load (10)	Run actions/checkout@3d3c42e5aac5ba805825da76410c181273ba90b1	2026-10-03T23:59:06.7338156Z 
database-full-load (10)	Run actions/checkout@3d3c42e5aac5ba805825da76410c181273ba90b1	2026-10-03T23:59:06.7338443Z   git switch -c <new-branch-name>
database-full-load (10)	Run actions/checkout@3d3c42e5aac5ba805825da76410c181273ba90b1	2026-10-03T23:59:06.7339049Z 
database-full-load (10)	Run actions/checkout@3d3c42e5aac5ba805825da76410c181273ba90b1	2026-10-03T23:59:06.7339293Z Or undo this operation with:
database-full-load (10)	Run actions/checkout@3d3c42e5aac5ba805825da76410c181273ba90b1	2026-10-03T23:59:06.7339744Z 
database-full-load (10)	Run actions/checkout@3d3c42e5aac5ba805825da76410c181273ba90b1	2026-10-03T23:59:06.7339947Z   git switch -
database-full-load (10)	Run actions/checkout@3d3c42e5aac5ba805825da76410c181273ba90b1	2026-10-03T23:59:06.7340824Z 
database-full-load (10)	Run actions/checkout@3d3c42e5aac5ba805825da76410c181273ba90b1	2026-10-03T23:59:06.7341445Z Turn off this advice by setting config variable advice.detachedHead to false
database-full-load (10)	Run actions/checkout@3d3c42e5aac5ba805825da76410c181273ba90b1	2026-10-03T23:59:06.7342436Z 
database-full-load (10)	Run actions/checkout@3d3c42e5aac5ba805825da76410c181273ba90b1	2026-10-03T23:59:06.7343344Z HEAD is now at e790aa7 📌 chore: pin Weir with explicit backend request deadlines
database-full-load (10)	Run actions/checkout@3d3c42e5aac5ba805825da76410c181273ba90b1	2026-10-03T23:59:06.7372973Z ##[endgroup]
database-full-load (10)	Run actions/checkout@3d3c42e5aac5ba805825da76410c181273ba90b1	2026-10-03T23:59:06.7422767Z [command]/usr/bin/git log -1 --format=%H
database-full-load (10)	Run actions/checkout@3d3c42e5aac5ba805825da76410c181273ba90b1	2026-10-03T23:59:06.7450594Z e790aa77629f0e4862159cbe8e3f0497df888314
database-full-load (10)	Run actions/checkout@3d3c42e5aac5ba805825da76410c181273ba90b1	2026-10-03T23:59:06.7462001Z ##[group]Removing auth
database-full-load (10)	Run actions/checkout@3d3c42e5aac5ba805825da76410c181273ba90b1	2026-10-03T23:59:06.7463151Z Removing SSH command configuration
database-full-load (10)	Run actions/checkout@3d3c42e5aac5ba805825da76410c181273ba90b1	2026-10-03T23:59:06.7467002Z [command]/usr/bin/git config --local --name-only --get-regexp core\.sshCommand
database-full-load (10)	Run actions/checkout@3d3c42e5aac5ba805825da76410c181273ba90b1	2026-10-03T23:59:06.7504154Z [command]/usr/bin/git submodule foreach --recursive sh -c "git config --local --name-only --get-regexp 'core\.sshCommand' && git config --local --unset-all 'core.sshCommand' || :"
database-full-load (10)	Run actions/checkout@3d3c42e5aac5ba805825da76410c181273ba90b1	2026-10-03T23:59:06.7728800Z Removing HTTP extra header
database-full-load (10)	Run actions/checkout@3d3c42e5aac5ba805825da76410c181273ba90b1	2026-10-03T23:59:06.7733883Z [command]/usr/bin/git config --local --name-only --get-regexp http\.https\:\/\/github\.com\/\.extraheader
database-full-load (10)	Run actions/checkout@3d3c42e5aac5ba805825da76410c181273ba90b1	2026-10-03T23:59:06.7778007Z [command]/usr/bin/git submodule foreach --recursive sh -c "git config --local --name-only --get-regexp 'http\.https\:\/\/github\.com\/\.extraheader' && git config --local --unset-all 'http.https://github.com/.extraheader' || :"
database-full-load (10)	Run actions/checkout@3d3c42e5aac5ba805825da76410c181273ba90b1	2026-10-03T23:59:06.8005816Z Removing includeIf entries pointing to credentials config files
database-full-load (10)	Run actions/checkout@3d3c42e5aac5ba805825da76410c181273ba90b1	2026-10-03T23:59:06.8009188Z [command]/usr/bin/git config --local --name-only --get-regexp ^includeIf\.gitdir:
database-full-load (10)	Run actions/checkout@3d3c42e5aac5ba805825da76410c181273ba90b1	2026-10-03T23:59:06.8039388Z includeif.gitdir:/home/runner/work/weir-tests/weir-tests/.git.path
database-full-load (10)	Run actions/checkout@3d3c42e5aac5ba805825da76410c181273ba90b1	2026-10-03T23:59:06.8041988Z includeif.gitdir:/home/runner/work/weir-tests/weir-tests/.git/worktrees/*.path
database-full-load (10)	Run actions/checkout@3d3c42e5aac5ba805825da76410c181273ba90b1	2026-10-03T23:59:06.8043592Z includeif.gitdir:/github/workspace/.git.path
database-full-load (10)	Run actions/checkout@3d3c42e5aac5ba805825da76410c181273ba90b1	2026-10-03T23:59:06.8044759Z includeif.gitdir:/github/workspace/.git/worktrees/*.path
database-full-load (10)	Run actions/checkout@3d3c42e5aac5ba805825da76410c181273ba90b1	2026-10-03T23:59:06.8049811Z [command]/usr/bin/git config --local --get-all includeif.gitdir:/home/runner/work/weir-tests/weir-tests/.git.path
database-full-load (10)	Run actions/checkout@3d3c42e5aac5ba805825da76410c181273ba90b1	2026-10-03T23:59:06.8074504Z /home/runner/work/_temp/git-credentials-7ab3d197-94ed-4730-9d87-a28e10dfcead.config
database-full-load (10)	Run actions/checkout@3d3c42e5aac5ba805825da76410c181273ba90b1	2026-10-03T23:59:06.8086173Z [command]/usr/bin/git config --local --unset includeif.gitdir:/home/runner/work/weir-tests/weir-tests/.git.path \/home\/runner\/work\/_temp\/git\-credentials\-7ab3d197\-94ed\-4730\-9d87\-a28e10dfcead\.config
database-full-load (10)	Run actions/checkout@3d3c42e5aac5ba805825da76410c181273ba90b1	2026-10-03T23:59:06.8126141Z [command]/usr/bin/git config --local --get-all includeif.gitdir:/home/runner/work/weir-tests/weir-tests/.git/worktrees/*.path
database-full-load (10)	Run actions/checkout@3d3c42e5aac5ba805825da76410c181273ba90b1	2026-10-03T23:59:06.8151744Z /home/runner/work/_temp/git-credentials-7ab3d197-94ed-4730-9d87-a28e10dfcead.config
database-full-load (10)	Run actions/checkout@3d3c42e5aac5ba805825da76410c181273ba90b1	2026-10-03T23:59:06.8161265Z [command]/usr/bin/git config --local --unset includeif.gitdir:/home/runner/work/weir-tests/weir-tests/.git/worktrees/*.path \/home\/runner\/work\/_temp\/git\-credentials\-7ab3d197\-94ed\-4730\-9d87\-a28e10dfcead\.config
database-full-load (10)	Run actions/checkout@3d3c42e5aac5ba805825da76410c181273ba90b1	2026-10-03T23:59:06.8197720Z [command]/usr/bin/git config --local --get-all includeif.gitdir:/github/workspace/.git.path
database-full-load (10)	Run actions/checkout@3d3c42e5aac5ba805825da76410c181273ba90b1	2026-10-03T23:59:06.8223224Z /github/runner_temp/git-credentials-7ab3d197-94ed-4730-9d87-a28e10dfcead.config
database-full-load (10)	Run actions/checkout@3d3c42e5aac5ba805825da76410c181273ba90b1	2026-10-03T23:59:06.8232727Z [command]/usr/bin/git config --local --unset includeif.gitdir:/github/workspace/.git.path \/github\/runner_temp\/git\-credentials\-7ab3d197\-94ed\-4730\-9d87\-a28e10dfcead\.config
database-full-load (10)	Run actions/checkout@3d3c42e5aac5ba805825da76410c181273ba90b1	2026-10-03T23:59:06.8307543Z [command]/usr/bin/git config --local --get-all includeif.gitdir:/github/workspace/.git/worktrees/*.path
database-full-load (10)	Run actions/checkout@3d3c42e5aac5ba805825da76410c181273ba90b1	2026-10-03T23:59:06.8345452Z /github/runner_temp/git-credentials-7ab3d197-94ed-4730-9d87-a28e10dfcead.config
database-full-load (10)	Run actions/checkout@3d3c42e5aac5ba805825da76410c181273ba90b1	2026-10-03T23:59:06.8352773Z [command]/usr/bin/git config --local --unset includeif.gitdir:/github/workspace/.git/worktrees/*.path \/github\/runner_temp\/git\-credentials\-7ab3d197\-94ed\-4730\-9d87\-a28e10dfcead\.config
database-full-load (10)	Run actions/checkout@3d3c42e5aac5ba805825da76410c181273ba90b1	2026-10-03T23:59:06.8387586Z [command]/usr/bin/git submodule foreach --recursive git config --local --show-origin --name-only --get-regexp remote.origin.url
database-full-load (10)	Run actions/checkout@3d3c42e5aac5ba805825da76410c181273ba90b1	2026-10-03T23:59:06.8610033Z Removing credentials config '/home/runner/work/_temp/git-credentials-7ab3d197-94ed-4730-9d87-a28e10dfcead.config'
database-full-load (10)	Run actions/checkout@3d3c42e5aac5ba805825da76410c181273ba90b1	2026-10-03T23:59:06.8617835Z ##[endgroup]
database-full-load (10)	Run actions/setup-go@924ae3a1cded613372ab5595356fb5720e22ba16	﻿2026-10-03T23:59:06.8917126Z ##[group]Run actions/setup-go@924ae3a1cded613372ab5595356fb5720e22ba16
database-full-load (10)	Run actions/setup-go@924ae3a1cded613372ab5595356fb5720e22ba16	2026-10-03T23:59:06.8918361Z with:
database-full-load (10)	Run actions/setup-go@924ae3a1cded613372ab5595356fb5720e22ba16	2026-10-03T23:59:06.8918852Z   go-version-file: go.mod
database-full-load (10)	Run actions/setup-go@924ae3a1cded613372ab5595356fb5720e22ba16	2026-10-03T23:59:06.8919488Z   check-latest: false
database-full-load (10)	Run actions/setup-go@924ae3a1cded613372ab5595356fb5720e22ba16	2026-10-03T23:59:06.8928811Z   token: ***
database-full-load (10)	Run actions/setup-go@924ae3a1cded613372ab5595356fb5720e22ba16	2026-10-03T23:59:06.8929343Z   cache: true
database-full-load (10)	Run actions/setup-go@924ae3a1cded613372ab5595356fb5720e22ba16	2026-10-03T23:59:06.8929828Z env:
database-full-load (10)	Run actions/setup-go@924ae3a1cded613372ab5595356fb5720e22ba16	2026-10-03T23:59:06.8930543Z   GOENV: off
database-full-load (10)	Run actions/setup-go@924ae3a1cded613372ab5595356fb5720e22ba16	2026-10-03T23:59:06.8931162Z   GOWORK: off
database-full-load (10)	Run actions/setup-go@924ae3a1cded613372ab5595356fb5720e22ba16	2026-10-03T23:59:06.8931667Z   GOTOOLCHAIN: local
database-full-load (10)	Run actions/setup-go@924ae3a1cded613372ab5595356fb5720e22ba16	2026-10-03T23:59:06.8932258Z   GOFLAGS: -mod=readonly
database-full-load (10)	Run actions/setup-go@924ae3a1cded613372ab5595356fb5720e22ba16	2026-10-03T23:59:06.8932918Z   PYTHONDONTWRITEBYTECODE: 1
database-full-load (10)	Run actions/setup-go@924ae3a1cded613372ab5595356fb5720e22ba16	2026-10-03T23:59:06.8933589Z ##[endgroup]
database-full-load (10)	Run actions/setup-go@924ae3a1cded613372ab5595356fb5720e22ba16	2026-10-03T23:59:07.0189353Z Setup go version spec 1.27.1
database-full-load (10)	Run actions/setup-go@924ae3a1cded613372ab5595356fb5720e22ba16	2026-10-03T23:59:07.0202617Z Attempting to download 1.27.1...
database-full-load (10)	Run actions/setup-go@924ae3a1cded613372ab5595356fb5720e22ba16	2026-10-03T23:59:07.4313871Z matching 1.27.1...
database-full-load (10)	Run actions/setup-go@924ae3a1cded613372ab5595356fb5720e22ba16	2026-10-03T23:59:07.4340872Z Acquiring 1.27.1 from https://github.com/actions/go-versions/releases/download/1.27.1-33583469715/go-1.27.1-linux-x64.tar.gz
database-full-load (10)	Run actions/setup-go@924ae3a1cded613372ab5595356fb5720e22ba16	2026-10-03T23:59:07.9701630Z Extracting Go...
database-full-load (10)	Run actions/setup-go@924ae3a1cded613372ab5595356fb5720e22ba16	2026-10-03T23:59:07.9820665Z [command]/usr/bin/tar xz --warning=no-unknown-keyword --overwrite -C /home/runner/work/_temp/cd352ed2-580f-4831-9273-1eae4b22e22e -f /home/runner/work/_temp/346a1fcc-6937-41fa-a1a9-d85e2c488587
database-full-load (10)	Run actions/setup-go@924ae3a1cded613372ab5595356fb5720e22ba16	2026-10-03T23:59:09.7176626Z Successfully extracted go to /home/runner/work/_temp/cd352ed2-580f-4831-9273-1eae4b22e22e
database-full-load (10)	Run actions/setup-go@924ae3a1cded613372ab5595356fb5720e22ba16	2026-10-03T23:59:09.7177580Z Adding to the cache ...
database-full-load (10)	Run actions/setup-go@924ae3a1cded613372ab5595356fb5720e22ba16	2026-10-03T23:59:15.6238422Z Successfully cached go to /opt/hostedtoolcache/go/1.27.1/x64
database-full-load (10)	Run actions/setup-go@924ae3a1cded613372ab5595356fb5720e22ba16	2026-10-03T23:59:15.6242179Z Added go to the path
database-full-load (10)	Run actions/setup-go@924ae3a1cded613372ab5595356fb5720e22ba16	2026-10-03T23:59:15.6244908Z Successfully set up Go version 1.27.1
database-full-load (10)	Run actions/setup-go@924ae3a1cded613372ab5595356fb5720e22ba16	2026-10-03T23:59:15.6494219Z [command]/opt/hostedtoolcache/go/1.27.1/x64/bin/go env GOMODCACHE
database-full-load (10)	Run actions/setup-go@924ae3a1cded613372ab5595356fb5720e22ba16	2026-10-03T23:59:15.6544616Z [command]/opt/hostedtoolcache/go/1.27.1/x64/bin/go env GOCACHE
database-full-load (10)	Run actions/setup-go@924ae3a1cded613372ab5595356fb5720e22ba16	2026-10-03T23:59:15.6581169Z /home/runner/go/pkg/mod
database-full-load (10)	Run actions/setup-go@924ae3a1cded613372ab5595356fb5720e22ba16	2026-10-03T23:59:15.6597941Z /home/runner/.cache/go-build
database-full-load (10)	Run actions/setup-go@924ae3a1cded613372ab5595356fb5720e22ba16	2026-10-03T23:59:15.8987395Z Cache hit for: setup-go-Linux-x64-ubuntu24-go-1.27.1-f3893fbf0ff2b6e2efba8903234513786674983d753d1815a9a1fcf84a06448a
database-full-load (10)	Run actions/setup-go@924ae3a1cded613372ab5595356fb5720e22ba16	2026-10-03T23:59:17.1833943Z Received 4194304 of 252007507 (1.7%), 4.0 MBs/sec
database-full-load (10)	Run actions/setup-go@924ae3a1cded613372ab5595356fb5720e22ba16	2026-10-03T23:59:18.1842979Z Received 134217728 of 252007507 (53.3%), 63.9 MBs/sec
database-full-load (10)	Run actions/setup-go@924ae3a1cded613372ab5595356fb5720e22ba16	2026-10-03T23:59:18.8616736Z Received 252007507 of 252007507 (100.0%), 89.7 MBs/sec
database-full-load (10)	Run actions/setup-go@924ae3a1cded613372ab5595356fb5720e22ba16	2026-10-03T23:59:18.8619325Z Cache Size: ~240 MB (252007507 B)
database-full-load (10)	Run actions/setup-go@924ae3a1cded613372ab5595356fb5720e22ba16	2026-10-03T23:59:18.8742423Z [command]/usr/bin/tar -xf /home/runner/work/_temp/5bcc7b5a-4644-4ae2-9b26-d081b4cc06f2/cache.tzst -P -C /home/runner/work/weir-tests/weir-tests --use-compress-program unzstd
database-full-load (10)	Run actions/setup-go@924ae3a1cded613372ab5595356fb5720e22ba16	2026-10-03T23:59:20.9786096Z Cache restored successfully
database-full-load (10)	Run actions/setup-go@924ae3a1cded613372ab5595356fb5720e22ba16	2026-10-03T23:59:20.9912565Z Cache restored from key: setup-go-Linux-x64-ubuntu24-go-1.27.1-f3893fbf0ff2b6e2efba8903234513786674983d753d1815a9a1fcf84a06448a
database-full-load (10)	Run actions/setup-go@924ae3a1cded613372ab5595356fb5720e22ba16	2026-10-03T23:59:20.9941436Z go version go1.27.1 linux/amd64
database-full-load (10)	Run actions/setup-go@924ae3a1cded613372ab5595356fb5720e22ba16	2026-10-03T23:59:20.9942487Z 
database-full-load (10)	Run actions/setup-go@924ae3a1cded613372ab5595356fb5720e22ba16	2026-10-03T23:59:20.9943403Z ##[group]go env
database-full-load (10)	Run actions/setup-go@924ae3a1cded613372ab5595356fb5720e22ba16	2026-10-03T23:59:21.0075244Z AR='ar'
database-full-load (10)	Run actions/setup-go@924ae3a1cded613372ab5595356fb5720e22ba16	2026-10-03T23:59:21.0075853Z CC='gcc'
database-full-load (10)	Run actions/setup-go@924ae3a1cded613372ab5595356fb5720e22ba16	2026-10-03T23:59:21.0076559Z CGO_CFLAGS='-O2 -g'
database-full-load (10)	Run actions/setup-go@924ae3a1cded613372ab5595356fb5720e22ba16	2026-10-03T23:59:21.0077356Z CGO_CPPFLAGS=''
database-full-load (10)	Run actions/setup-go@924ae3a1cded613372ab5595356fb5720e22ba16	2026-10-03T23:59:21.0077828Z CGO_CXXFLAGS='-O2 -g'
database-full-load (10)	Run actions/setup-go@924ae3a1cded613372ab5595356fb5720e22ba16	2026-10-03T23:59:21.0078270Z CGO_ENABLED='1'
database-full-load (10)	Run actions/setup-go@924ae3a1cded613372ab5595356fb5720e22ba16	2026-10-03T23:59:21.0078636Z CGO_FFLAGS='-O2 -g'
database-full-load (10)	Run actions/setup-go@924ae3a1cded613372ab5595356fb5720e22ba16	2026-10-03T23:59:21.0079054Z CGO_LDFLAGS='-O2 -g'
database-full-load (10)	Run actions/setup-go@924ae3a1cded613372ab5595356fb5720e22ba16	2026-10-03T23:59:21.0079415Z CXX='g++'
database-full-load (10)	Run actions/setup-go@924ae3a1cded613372ab5595356fb5720e22ba16	2026-10-03T23:59:21.0079754Z GCCGO='gccgo'
database-full-load (10)	Run actions/setup-go@924ae3a1cded613372ab5595356fb5720e22ba16	2026-10-03T23:59:21.0080089Z GO111MODULE=''
database-full-load (10)	Run actions/setup-go@924ae3a1cded613372ab5595356fb5720e22ba16	2026-10-03T23:59:21.0080603Z GOAMD64='v1'
database-full-load (10)	Run actions/setup-go@924ae3a1cded613372ab5595356fb5720e22ba16	2026-10-03T23:59:21.0080937Z GOARCH='amd64'
database-full-load (10)	Run actions/setup-go@924ae3a1cded613372ab5595356fb5720e22ba16	2026-10-03T23:59:21.0081262Z GOAUTH='netrc'
database-full-load (10)	Run actions/setup-go@924ae3a1cded613372ab5595356fb5720e22ba16	2026-10-03T23:59:21.0081620Z GOBIN='/home/runner/go/bin'
database-full-load (10)	Run actions/setup-go@924ae3a1cded613372ab5595356fb5720e22ba16	2026-10-03T23:59:21.0082072Z GOCACHE='/home/runner/.cache/go-build'
database-full-load (10)	Run actions/setup-go@924ae3a1cded613372ab5595356fb5720e22ba16	2026-10-03T23:59:21.0082536Z GOCACHEPROG=''
database-full-load (10)	Run actions/setup-go@924ae3a1cded613372ab5595356fb5720e22ba16	2026-10-03T23:59:21.0082866Z GODEBUG=''
database-full-load (10)	Run actions/setup-go@924ae3a1cded613372ab5595356fb5720e22ba16	2026-10-03T23:59:21.0083182Z GOENV=''
database-full-load (10)	Run actions/setup-go@924ae3a1cded613372ab5595356fb5720e22ba16	2026-10-03T23:59:21.0083481Z GOEXE=''
database-full-load (10)	Run actions/setup-go@924ae3a1cded613372ab5595356fb5720e22ba16	2026-10-03T23:59:21.0083806Z GOEXPERIMENT=''
database-full-load (10)	Run actions/setup-go@924ae3a1cded613372ab5595356fb5720e22ba16	2026-10-03T23:59:21.0084149Z GOFIPS140='off'
database-full-load (10)	Run actions/setup-go@924ae3a1cded613372ab5595356fb5720e22ba16	2026-10-03T23:59:21.0084500Z GOFLAGS='-mod=readonly'
database-full-load (10)	Run actions/setup-go@924ae3a1cded613372ab5595356fb5720e22ba16	2026-10-03T23:59:21.0085688Z GOGCCFLAGS='-fPIC -m64 -pthread -Wl,--no-gc-sections -fmessage-length=0 -ffile-prefix-map=/tmp/go-build3875328487=/tmp/go-build -gno-record-gcc-switches'
database-full-load (10)	Run actions/setup-go@924ae3a1cded613372ab5595356fb5720e22ba16	2026-10-03T23:59:21.0087159Z GOHOSTARCH='amd64'
database-full-load (10)	Run actions/setup-go@924ae3a1cded613372ab5595356fb5720e22ba16	2026-10-03T23:59:21.0087514Z GOHOSTOS='linux'
database-full-load (10)	Run actions/setup-go@924ae3a1cded613372ab5595356fb5720e22ba16	2026-10-03T23:59:21.0087858Z GOINSECURE=''
database-full-load (10)	Run actions/setup-go@924ae3a1cded613372ab5595356fb5720e22ba16	2026-10-03T23:59:21.0088361Z GOMOD='/home/runner/work/weir-tests/weir-tests/go.mod'
database-full-load (10)	Run actions/setup-go@924ae3a1cded613372ab5595356fb5720e22ba16	2026-10-03T23:59:21.0088947Z GOMODCACHE='/home/runner/go/pkg/mod'
database-full-load (10)	Run actions/setup-go@924ae3a1cded613372ab5595356fb5720e22ba16	2026-10-03T23:59:21.0089397Z GONOPROXY=''
database-full-load (10)	Run actions/setup-go@924ae3a1cded613372ab5595356fb5720e22ba16	2026-10-03T23:59:21.0089720Z GONOSUMDB=''
database-full-load (10)	Run actions/setup-go@924ae3a1cded613372ab5595356fb5720e22ba16	2026-10-03T23:59:21.0090045Z GOOS='linux'
database-full-load (10)	Run actions/setup-go@924ae3a1cded613372ab5595356fb5720e22ba16	2026-10-03T23:59:21.0090592Z GOPACKAGESDRIVER=''
database-full-load (10)	Run actions/setup-go@924ae3a1cded613372ab5595356fb5720e22ba16	2026-10-03T23:59:21.0090985Z GOPATH='/home/runner/go'
database-full-load (10)	Run actions/setup-go@924ae3a1cded613372ab5595356fb5720e22ba16	2026-10-03T23:59:21.0091375Z GOPRIVATE=''
database-full-load (10)	Run actions/setup-go@924ae3a1cded613372ab5595356fb5720e22ba16	2026-10-03T23:59:21.0091821Z GOPROXY='https://proxy.golang.org,direct'
database-full-load (10)	Run actions/setup-go@924ae3a1cded613372ab5595356fb5720e22ba16	2026-10-03T23:59:21.0092388Z GOROOT='/opt/hostedtoolcache/go/1.27.1/x64'
database-full-load (10)	Run actions/setup-go@924ae3a1cded613372ab5595356fb5720e22ba16	2026-10-03T23:59:21.0092921Z GOSUMDB='sum.golang.org'
database-full-load (10)	Run actions/setup-go@924ae3a1cded613372ab5595356fb5720e22ba16	2026-10-03T23:59:21.0093317Z GOTELEMETRY='local'
database-full-load (10)	Run actions/setup-go@924ae3a1cded613372ab5595356fb5720e22ba16	2026-10-03T23:59:21.0093818Z GOTELEMETRYDIR='/home/runner/.config/go/telemetry'
database-full-load (10)	Run actions/setup-go@924ae3a1cded613372ab5595356fb5720e22ba16	2026-10-03T23:59:21.0094352Z GOTMPDIR=''
database-full-load (10)	Run actions/setup-go@924ae3a1cded613372ab5595356fb5720e22ba16	2026-10-03T23:59:21.0094711Z GOTOOLCHAIN='local'
database-full-load (10)	Run actions/setup-go@924ae3a1cded613372ab5595356fb5720e22ba16	2026-10-03T23:59:21.0095276Z GOTOOLDIR='/opt/hostedtoolcache/go/1.27.1/x64/pkg/tool/linux_amd64'
database-full-load (10)	Run actions/setup-go@924ae3a1cded613372ab5595356fb5720e22ba16	2026-10-03T23:59:21.0095920Z GOVCS=''
database-full-load (10)	Run actions/setup-go@924ae3a1cded613372ab5595356fb5720e22ba16	2026-10-03T23:59:21.0096244Z GOVERSION='go1.27.1'
database-full-load (10)	Run actions/setup-go@924ae3a1cded613372ab5595356fb5720e22ba16	2026-10-03T23:59:21.0096603Z GOWORK='off'
database-full-load (10)	Run actions/setup-go@924ae3a1cded613372ab5595356fb5720e22ba16	2026-10-03T23:59:21.0096956Z PKG_CONFIG='pkg-config'
database-full-load (10)	Run actions/setup-go@924ae3a1cded613372ab5595356fb5720e22ba16	2026-10-03T23:59:21.0097243Z 
database-full-load (10)	Run actions/setup-go@924ae3a1cded613372ab5595356fb5720e22ba16	2026-10-03T23:59:21.0097727Z ##[endgroup]
database-full-load (10)	Prepare immutable tools and owned database images	﻿2026-10-03T23:59:21.0285861Z ##[group]Run python3 scripts/download_modules.py
database-full-load (10)	Prepare immutable tools and owned database images	2026-10-03T23:59:21.0286332Z [36;1mpython3 scripts/download_modules.py[0m
database-full-load (10)	Prepare immutable tools and owned database images	2026-10-03T23:59:21.0286671Z [36;1mpython3 scripts/prepare_weir.py[0m
database-full-load (10)	Prepare immutable tools and owned database images	2026-10-03T23:59:21.0286989Z [36;1mpython3 scripts/prepare_images.py[0m
database-full-load (10)	Prepare immutable tools and owned database images	2026-10-03T23:59:21.0579228Z shell: /usr/bin/bash --noprofile --norc -e -o pipefail {0}
database-full-load (10)	Prepare immutable tools and owned database images	2026-10-03T23:59:21.0579681Z env:
database-full-load (10)	Prepare immutable tools and owned database images	2026-10-03T23:59:21.0580150Z   GOENV: off
database-full-load (10)	Prepare immutable tools and owned database images	2026-10-03T23:59:21.0580635Z   GOWORK: off
database-full-load (10)	Prepare immutable tools and owned database images	2026-10-03T23:59:21.0580871Z   GOTOOLCHAIN: local
database-full-load (10)	Prepare immutable tools and owned database images	2026-10-03T23:59:21.0581139Z   GOFLAGS: -mod=readonly
database-full-load (10)	Prepare immutable tools and owned database images	2026-10-03T23:59:21.0581433Z   PYTHONDONTWRITEBYTECODE: 1
database-full-load (10)	Prepare immutable tools and owned database images	2026-10-03T23:59:21.0581724Z ##[endgroup]
database-full-load (10)	Prepare immutable tools and owned database images	2026-10-03T23:59:24.3035730Z all modules verified
database-full-load (10)	Prepare immutable tools and owned database images	2026-10-03T23:59:48.9131629Z /home/runner/work/weir-tests/weir-tests/.tools/weir
database-full-load (10)	Prepare immutable tools and owned database images	2026-10-03T23:59:49.6841306Z docker.io/library/mongo@sha256:d0d926f94df099bff534b7ee5b5986458131a22489dfff8664509af0c1e2ca9c: Pulling from library/mongo
database-full-load (10)	Prepare immutable tools and owned database images	2026-10-03T23:59:49.9485244Z a60ef8ec184e: Pulling fs layer
database-full-load (10)	Prepare immutable tools and owned database images	2026-10-03T23:59:49.9486415Z c4a88db82a6d: Pulling fs layer
database-full-load (10)	Prepare immutable tools and owned database images	2026-10-03T23:59:49.9487372Z f97373a3dd33: Pulling fs layer
database-full-load (10)	Prepare immutable tools and owned database images	2026-10-03T23:59:49.9488038Z 59898ec81c6b: Pulling fs layer
database-full-load (10)	Prepare immutable tools and owned database images	2026-10-03T23:59:49.9488500Z 2252b895f5de: Pulling fs layer
database-full-load (10)	Prepare immutable tools and owned database images	2026-10-03T23:59:49.9488926Z 08f85ec03d22: Pulling fs layer
database-full-load (10)	Prepare immutable tools and owned database images	2026-10-03T23:59:49.9489430Z cfbbec1d5328: Pulling fs layer
database-full-load (10)	Prepare immutable tools and owned database images	2026-10-03T23:59:49.9489979Z eedb5e3e5b38: Pulling fs layer
database-full-load (10)	Prepare immutable tools and owned database images	2026-10-03T23:59:49.9490633Z 59898ec81c6b: Waiting
database-full-load (10)	Prepare immutable tools and owned database images	2026-10-03T23:59:49.9491094Z 2252b895f5de: Waiting
database-full-load (10)	Prepare immutable tools and owned database images	2026-10-03T23:59:49.9491318Z 08f85ec03d22: Waiting
database-full-load (10)	Prepare immutable tools and owned database images	2026-10-03T23:59:49.9491667Z cfbbec1d5328: Waiting
database-full-load (10)	Prepare immutable tools and owned database images	2026-10-03T23:59:49.9491953Z eedb5e3e5b38: Waiting
database-full-load (10)	Prepare immutable tools and owned database images	2026-10-03T23:59:50.1920822Z c4a88db82a6d: Verifying Checksum
database-full-load (10)	Prepare immutable tools and owned database images	2026-10-03T23:59:50.1923473Z c4a88db82a6d: Download complete
database-full-load (10)	Prepare immutable tools and owned database images	2026-10-03T23:59:50.2387148Z f97373a3dd33: Verifying Checksum
database-full-load (10)	Prepare immutable tools and owned database images	2026-10-03T23:59:50.2387945Z f97373a3dd33: Download complete
database-full-load (10)	Prepare immutable tools and owned database images	2026-10-03T23:59:50.3330563Z a60ef8ec184e: Verifying Checksum
database-full-load (10)	Prepare immutable tools and owned database images	2026-10-03T23:59:50.3331171Z a60ef8ec184e: Download complete
database-full-load (10)	Prepare immutable tools and owned database images	2026-10-03T23:59:50.4473472Z 59898ec81c6b: Verifying Checksum
database-full-load (10)	Prepare immutable tools and owned database images	2026-10-03T23:59:50.4474055Z 59898ec81c6b: Download complete
database-full-load (10)	Prepare immutable tools and owned database images	2026-10-03T23:59:50.4648088Z 2252b895f5de: Verifying Checksum
database-full-load (10)	Prepare immutable tools and owned database images	2026-10-03T23:59:50.4649211Z 2252b895f5de: Download complete
database-full-load (10)	Prepare immutable tools and owned database images	2026-10-03T23:59:50.5587042Z 08f85ec03d22: Verifying Checksum
database-full-load (10)	Prepare immutable tools and owned database images	2026-10-03T23:59:50.5590770Z 08f85ec03d22: Download complete
database-full-load (10)	Prepare immutable tools and owned database images	2026-10-03T23:59:50.6892295Z eedb5e3e5b38: Verifying Checksum
database-full-load (10)	Prepare immutable tools and owned database images	2026-10-03T23:59:50.6892875Z eedb5e3e5b38: Download complete
database-full-load (10)	Prepare immutable tools and owned database images	2026-10-03T23:59:51.5413216Z a60ef8ec184e: Pull complete
database-full-load (10)	Prepare immutable tools and owned database images	2026-10-03T23:59:51.6357132Z cfbbec1d5328: Verifying Checksum
database-full-load (10)	Prepare immutable tools and owned database images	2026-10-03T23:59:51.6357554Z cfbbec1d5328: Download complete
database-full-load (10)	Prepare immutable tools and owned database images	2026-10-03T23:59:53.2698100Z c4a88db82a6d: Pull complete
database-full-load (10)	Prepare immutable tools and owned database images	2026-10-03T23:59:53.4337961Z f97373a3dd33: Pull complete
database-full-load (10)	Prepare immutable tools and owned database images	2026-10-03T23:59:53.4746500Z 59898ec81c6b: Pull complete
database-full-load (10)	Prepare immutable tools and owned database images	2026-10-03T23:59:53.4850869Z 2252b895f5de: Pull complete
database-full-load (10)	Prepare immutable tools and owned database images	2026-10-03T23:59:53.4950602Z 08f85ec03d22: Pull complete
database-full-load (10)	Prepare immutable tools and owned database images	2026-10-03T23:59:58.9755600Z cfbbec1d5328: Pull complete
database-full-load (10)	Prepare immutable tools and owned database images	2026-10-03T23:59:59.0155544Z eedb5e3e5b38: Pull complete
database-full-load (10)	Prepare immutable tools and owned database images	2026-10-03T23:59:59.0193711Z Digest: sha256:d0d926f94df099bff534b7ee5b5986458131a22489dfff8664509af0c1e2ca9c
database-full-load (10)	Prepare immutable tools and owned database images	2026-10-03T23:59:59.0199623Z Status: Downloaded newer image for mongo@sha256:d0d926f94df099bff534b7ee5b5986458131a22489dfff8664509af0c1e2ca9c
database-full-load (10)	Prepare immutable tools and owned database images	2026-10-03T23:59:59.0208773Z docker.io/library/mongo@sha256:d0d926f94df099bff534b7ee5b5986458131a22489dfff8664509af0c1e2ca9c
database-full-load (10)	Prepare immutable tools and owned database images	2026-10-04T00:00:00.0092258Z docker.elastic.co/elasticsearch/elasticsearch@sha256:e98f9c3b09beb2fbb9eaf667d602df3f0e00bd3644138b8458dc17ba1a675595: Pulling from elasticsearch/elasticsearch
database-full-load (10)	Prepare immutable tools and owned database images	2026-10-04T00:00:00.4907394Z 2c22c1bb1ce1: Pulling fs layer
database-full-load (10)	Prepare immutable tools and owned database images	2026-10-04T00:00:00.4908017Z 2796a25b8094: Pulling fs layer
database-full-load (10)	Prepare immutable tools and owned database images	2026-10-04T00:00:00.4908483Z 714e5b673049: Pulling fs layer
database-full-load (10)	Prepare immutable tools and owned database images	2026-10-04T00:00:00.4908939Z bd9ddc54bea9: Pulling fs layer
database-full-load (10)	Prepare immutable tools and owned database images	2026-10-04T00:00:00.4909415Z 2d68f716f01a: Pulling fs layer
database-full-load (10)	Prepare immutable tools and owned database images	2026-10-04T00:00:00.4909839Z c52e3a203c20: Pulling fs layer
database-full-load (10)	Prepare immutable tools and owned database images	2026-10-04T00:00:00.4910125Z 9b415d76a9c6: Pulling fs layer
database-full-load (10)	Prepare immutable tools and owned database images	2026-10-04T00:00:00.4911102Z d527cffe3ef6: Pulling fs layer
database-full-load (10)	Prepare immutable tools and owned database images	2026-10-04T00:00:00.4911376Z b8cda4b5aaf3: Pulling fs layer
database-full-load (10)	Prepare immutable tools and owned database images	2026-10-04T00:00:00.4911725Z 32c1c18d2ea5: Pulling fs layer
database-full-load (10)	Prepare immutable tools and owned database images	2026-10-04T00:00:00.4912097Z c52e3a203c20: Waiting
database-full-load (10)	Prepare immutable tools and owned database images	2026-10-04T00:00:00.4912319Z 9b415d76a9c6: Waiting
database-full-load (10)	Prepare immutable tools and owned database images	2026-10-04T00:00:00.4912530Z d527cffe3ef6: Waiting
database-full-load (10)	Prepare immutable tools and owned database images	2026-10-04T00:00:00.4912935Z b8cda4b5aaf3: Waiting
database-full-load (10)	Prepare immutable tools and owned database images	2026-10-04T00:00:00.4913145Z 32c1c18d2ea5: Waiting
database-full-load (10)	Prepare immutable tools and owned database images	2026-10-04T00:00:00.4913362Z bd9ddc54bea9: Waiting
database-full-load (10)	Prepare immutable tools and owned database images	2026-10-04T00:00:00.4913573Z 2d68f716f01a: Waiting
database-full-load (10)	Prepare immutable tools and owned database images	2026-10-04T00:00:01.0869594Z 2796a25b8094: Verifying Checksum
database-full-load (10)	Prepare immutable tools and owned database images	2026-10-04T00:00:01.0870193Z 2796a25b8094: Download complete
database-full-load (10)	Prepare immutable tools and owned database images	2026-10-04T00:00:01.1001329Z 714e5b673049: Verifying Checksum
database-full-load (10)	Prepare immutable tools and owned database images	2026-10-04T00:00:01.1001679Z 714e5b673049: Download complete
database-full-load (10)	Prepare immutable tools and owned database images	2026-10-04T00:00:01.2593376Z 2c22c1bb1ce1: Verifying Checksum
database-full-load (10)	Prepare immutable tools and owned database images	2026-10-04T00:00:01.2594238Z 2c22c1bb1ce1: Download complete
database-full-load (10)	Prepare immutable tools and owned database images	2026-10-04T00:00:01.4218575Z bd9ddc54bea9: Verifying Checksum
database-full-load (10)	Prepare immutable tools and owned database images	2026-10-04T00:00:01.4219394Z bd9ddc54bea9: Download complete
database-full-load (10)	Prepare immutable tools and owned database images	2026-10-04T00:00:01.8649956Z c52e3a203c20: Verifying Checksum
database-full-load (10)	Prepare immutable tools and owned database images	2026-10-04T00:00:01.8652481Z c52e3a203c20: Download complete
database-full-load (10)	Prepare immutable tools and owned database images	2026-10-04T00:00:02.0854316Z 9b415d76a9c6: Verifying Checksum
database-full-load (10)	Prepare immutable tools and owned database images	2026-10-04T00:00:02.0855295Z 9b415d76a9c6: Download complete
database-full-load (10)	Prepare immutable tools and owned database images	2026-10-04T00:00:02.4658621Z d527cffe3ef6: Verifying Checksum
database-full-load (10)	Prepare immutable tools and owned database images	2026-10-04T00:00:02.4659234Z d527cffe3ef6: Download complete
database-full-load (10)	Prepare immutable tools and owned database images	2026-10-04T00:00:02.4782219Z 2c22c1bb1ce1: Pull complete
database-full-load (10)	Prepare immutable tools and owned database images	2026-10-04T00:00:02.6839230Z b8cda4b5aaf3: Verifying Checksum
database-full-load (10)	Prepare immutable tools and owned database images	2026-10-04T00:00:02.6839690Z b8cda4b5aaf3: Download complete
database-full-load (10)	Prepare immutable tools and owned database images	2026-10-04T00:00:02.9628905Z 32c1c18d2ea5: Verifying Checksum
database-full-load (10)	Prepare immutable tools and owned database images	2026-10-04T00:00:02.9629552Z 32c1c18d2ea5: Download complete
database-full-load (10)	Prepare immutable tools and owned database images	2026-10-04T00:00:03.1404148Z 2796a25b8094: Pull complete
database-full-load (10)	Prepare immutable tools and owned database images	2026-10-04T00:00:03.1656775Z 714e5b673049: Pull complete
database-full-load (10)	Prepare immutable tools and owned database images	2026-10-04T00:00:03.1731950Z bd9ddc54bea9: Pull complete
database-full-load (10)	Prepare immutable tools and owned database images	2026-10-04T00:00:11.9750344Z 2d68f716f01a: Verifying Checksum
database-full-load (10)	Prepare immutable tools and owned database images	2026-10-04T00:00:11.9751077Z 2d68f716f01a: Download complete
database-full-load (10)	Prepare immutable tools and owned database images	2026-10-04T00:00:19.6245226Z 2d68f716f01a: Pull complete
database-full-load (10)	Prepare immutable tools and owned database images	2026-10-04T00:00:19.6342338Z c52e3a203c20: Pull complete
database-full-load (10)	Prepare immutable tools and owned database images	2026-10-04T00:00:19.6427861Z 9b415d76a9c6: Pull complete
database-full-load (10)	Prepare immutable tools and owned database images	2026-10-04T00:00:19.6595861Z d527cffe3ef6: Pull complete
database-full-load (10)	Prepare immutable tools and owned database images	2026-10-04T00:00:19.6688528Z b8cda4b5aaf3: Pull complete
database-full-load (10)	Prepare immutable tools and owned database images	2026-10-04T00:00:19.6782787Z 32c1c18d2ea5: Pull complete
database-full-load (10)	Prepare immutable tools and owned database images	2026-10-04T00:00:19.6856359Z Digest: sha256:e98f9c3b09beb2fbb9eaf667d602df3f0e00bd3644138b8458dc17ba1a675595
database-full-load (10)	Prepare immutable tools and owned database images	2026-10-04T00:00:19.6863933Z Status: Downloaded newer image for docker.elastic.co/elasticsearch/elasticsearch@sha256:e98f9c3b09beb2fbb9eaf667d602df3f0e00bd3644138b8458dc17ba1a675595
database-full-load (10)	Prepare immutable tools and owned database images	2026-10-04T00:00:19.6871610Z docker.elastic.co/elasticsearch/elasticsearch@sha256:e98f9c3b09beb2fbb9eaf667d602df3f0e00bd3644138b8458dc17ba1a675595
database-full-load (10)	Independent single-request native and SDK clients	﻿2026-10-04T00:00:19.7347840Z ##[group]Run mkdir -p results/local
database-full-load (10)	Independent single-request native and SDK clients	2026-10-04T00:00:19.7348218Z [36;1mmkdir -p results/local[0m
database-full-load (10)	Independent single-request native and SDK clients	2026-10-04T00:00:19.7348535Z [36;1mgo build -o .tools/weir-lab ./cmd/weir-lab[0m
database-full-load (10)	Independent single-request native and SDK clients	2026-10-04T00:00:19.7348947Z [36;1mIFS=',' read -r -a batch_limits <<< "$BACKEND_BATCH_LIMITS"[0m
database-full-load (10)	Independent single-request native and SDK clients	2026-10-04T00:00:19.7349341Z [36;1mfor backend_limit in "${batch_limits[@]}"; do[0m
database-full-load (10)	Independent single-request native and SDK clients	2026-10-04T00:00:19.7349718Z [36;1m  export BACKEND_BATCH_LIMIT="$backend_limit"[0m
database-full-load (10)	Independent single-request native and SDK clients	2026-10-04T00:00:19.7350163Z [36;1m  export MEASUREMENT_OUTPUT="results/local/saturation-batch-$backend_limit"[0m
database-full-load (10)	Independent single-request native and SDK clients	2026-10-04T00:00:19.7351171Z [36;1m  export MEASUREMENT_RECEIPT="results/local/measurement-batch-$backend_limit.receipt.json"[0m
database-full-load (10)	Independent single-request native and SDK clients	2026-10-04T00:00:19.7351687Z [36;1m  python3 - <<'PY'[0m
database-full-load (10)	Independent single-request native and SDK clients	2026-10-04T00:00:19.7351986Z [36;1mimport hashlib, json, os, pathlib, subprocess[0m
database-full-load (10)	Independent single-request native and SDK clients	2026-10-04T00:00:19.7352344Z [36;1mbinary = pathlib.Path('.tools/weir-lab')[0m
database-full-load (10)	Independent single-request native and SDK clients	2026-10-04T00:00:19.7354122Z [36;1mcommand = [str(binary), '-mode', 'saturation', '-weir', '.tools/weir', '-backend', 'all', '-database-cpus', os.environ['DATABASE_CPUS'], '-store-concurrency', '32', '-backend-batch-limit', os.environ['BACKEND_BATCH_LIMIT'], '-client-processes', '4', '-concurrency-levels', os.environ['CLIENT_LEVELS'], '-batch-sizes', '1', '-records', '2048', '-payload-bytes', '1024', '-write-percent', os.environ['WRITE_PERCENT'], '-rounds', '3', '-warmup-duration', '10s', '-duration', '20s', '-output', os.environ['MEASUREMENT_OUTPUT']][0m
database-full-load (10)	Independent single-request native and SDK clients	2026-10-04T00:00:19.7357813Z [36;1mreceipt = {'client_operation_timeout': '10s', 'weir_backend_timeout': '10s', 'host_memory_bytes': int(next(line for line in pathlib.Path('/proc/meminfo').read_text().splitlines() if line.startswith('MemTotal:')).split()[1]) * 1024, 'source': subprocess.check_output(['git', 'rev-parse', 'HEAD'], text=True).strip(), 'source_dirty': bool(subprocess.check_output(['git', 'status', '--porcelain'])), 'client_binary_sha256': hashlib.sha256(binary.read_bytes()).hexdigest(), 'client_build': subprocess.check_output(['go', 'version', '-m', str(binary)], text=True), 'versions': json.loads(pathlib.Path('versions.json').read_text()), 'command': command}[0m
database-full-load (10)	Independent single-request native and SDK clients	2026-10-04T00:00:19.7360418Z [36;1mif receipt['source_dirty']:[0m
database-full-load (10)	Independent single-request native and SDK clients	2026-10-04T00:00:19.7360834Z [36;1m    raise SystemExit('measurement requires a clean source checkout')[0m
database-full-load (10)	Independent single-request native and SDK clients	2026-10-04T00:00:19.7361431Z [36;1mpathlib.Path(os.environ['MEASUREMENT_RECEIPT']).write_text(json.dumps(receipt, indent=2) + '\n')[0m
database-full-load (10)	Independent single-request native and SDK clients	2026-10-04T00:00:19.7361914Z [36;1mPY[0m
database-full-load (10)	Independent single-request native and SDK clients	2026-10-04T00:00:19.7363485Z [36;1m  .tools/weir-lab -mode saturation -weir .tools/weir -backend all -database-cpus "$DATABASE_CPUS" -store-concurrency 32 -backend-batch-limit "$BACKEND_BATCH_LIMIT" -client-processes 4 -concurrency-levels "$CLIENT_LEVELS" -batch-sizes 1 -records 2048 -payload-bytes 1024 -write-percent "$WRITE_PERCENT" -rounds 3 -warmup-duration 10s -duration 20s -output "$MEASUREMENT_OUTPUT" 2>&1 | tee "results/local/saturation-batch-$backend_limit.log"[0m
database-full-load (10)	Independent single-request native and SDK clients	2026-10-04T00:00:19.7365124Z [36;1mdone[0m
database-full-load (10)	Independent single-request native and SDK clients	2026-10-04T00:00:19.7365340Z [36;1mgit diff --exit-code[0m
database-full-load (10)	Independent single-request native and SDK clients	2026-10-04T00:00:19.7431051Z shell: /usr/bin/bash --noprofile --norc -e -o pipefail {0}
database-full-load (10)	Independent single-request native and SDK clients	2026-10-04T00:00:19.7431406Z env:
database-full-load (10)	Independent single-request native and SDK clients	2026-10-04T00:00:19.7431605Z   GOENV: off
database-full-load (10)	Independent single-request native and SDK clients	2026-10-04T00:00:19.7431800Z   GOWORK: off
database-full-load (10)	Independent single-request native and SDK clients	2026-10-04T00:00:19.7432002Z   GOTOOLCHAIN: local
database-full-load (10)	Independent single-request native and SDK clients	2026-10-04T00:00:19.7432225Z   GOFLAGS: -mod=readonly
database-full-load (10)	Independent single-request native and SDK clients	2026-10-04T00:00:19.7432466Z   PYTHONDONTWRITEBYTECODE: 1
database-full-load (10)	Independent single-request native and SDK clients	2026-10-04T00:00:19.7432708Z   GOPROXY: off
database-full-load (10)	Independent single-request native and SDK clients	2026-10-04T00:00:19.7432900Z   GOSUMDB: off
database-full-load (10)	Independent single-request native and SDK clients	2026-10-04T00:00:19.7433095Z   WRITE_PERCENT: 10
database-full-load (10)	Independent single-request native and SDK clients	2026-10-04T00:00:19.7433303Z   DATABASE_CPUS: 1
database-full-load (10)	Independent single-request native and SDK clients	2026-10-04T00:00:19.7433518Z   CLIENT_LEVELS: 8,32,128
database-full-load (10)	Independent single-request native and SDK clients	2026-10-04T00:00:19.7433747Z   BACKEND_BATCH_LIMITS: 32
database-full-load (10)	Independent single-request native and SDK clients	2026-10-04T00:00:19.7433976Z ##[endgroup]
database-full-load (10)	Independent single-request native and SDK clients	2026-10-04T00:00:56.8372717Z Owned fixture logs: /tmp/weir-tests-3158681967
database-full-load (10)	Independent single-request native and SDK clients	2026-10-04T00:01:58.2580673Z single-request backend=mongo processes=4 workers=8 round=1 direct=5068.7 weir=3309.1 DB-CPU direct=99.6% weir=67.0%
database-full-load (10)	Independent single-request native and SDK clients	2026-10-04T00:02:59.6090619Z single-request backend=mongo processes=4 workers=8 round=2 direct=5130.9 weir=3771.6 DB-CPU direct=99.8% weir=77.8%
database-full-load (10)	Independent single-request native and SDK clients	2026-10-04T00:04:00.9436112Z single-request backend=mongo processes=4 workers=8 round=3 direct=5095.0 weir=3807.7 DB-CPU direct=99.5% weir=77.7%
database-full-load (10)	Independent single-request native and SDK clients	2026-10-04T00:05:02.2831776Z single-request backend=mongo processes=4 workers=32 round=1 direct=5464.5 weir=5413.8 DB-CPU direct=100.0% weir=84.7%
database-full-load (10)	Independent single-request native and SDK clients	2026-10-04T00:06:03.6370026Z single-request backend=mongo processes=4 workers=32 round=2 direct=5378.9 weir=5386.8 DB-CPU direct=100.0% weir=84.5%
database-full-load (10)	Independent single-request native and SDK clients	2026-10-04T00:07:04.9864767Z single-request backend=mongo processes=4 workers=32 round=3 direct=5479.4 weir=5322.2 DB-CPU direct=100.0% weir=85.0%
database-full-load (10)	Independent single-request native and SDK clients	2026-10-04T00:08:06.3895718Z single-request backend=mongo processes=4 workers=128 round=1 direct=5243.0 weir=8101.2 DB-CPU direct=100.0% weir=78.0%
database-full-load (10)	Independent single-request native and SDK clients	2026-10-04T00:09:07.7854546Z single-request backend=mongo processes=4 workers=128 round=2 direct=5352.8 weir=8195.5 DB-CPU direct=100.1% weir=78.6%
database-full-load (10)	Independent single-request native and SDK clients	2026-10-04T00:10:09.2008890Z single-request backend=mongo processes=4 workers=128 round=3 direct=5185.3 weir=7917.1 DB-CPU direct=100.1% weir=77.7%
database-full-load (10)	Independent single-request native and SDK clients	2026-10-04T00:10:09.2237047Z # Database saturation comparison
database-full-load (10)	Independent single-request native and SDK clients	2026-10-04T00:10:09.2237482Z 
database-full-load (10)	Independent single-request native and SDK clients	2026-10-04T00:10:09.2239146Z Backend **mongo**. Started 2026-10-04T00:00:56.86430191Z.
database-full-load (10)	Independent single-request native and SDK clients	2026-10-04T00:10:09.2240047Z 
database-full-load (10)	Independent single-request native and SDK clients	2026-10-04T00:10:09.2244168Z independent OS client processes send one record per native call or unary SDK RPC; native FindOne/ReplaceOne or single-ID mget/PUT; no client aggregation; worker-owned disjoint IDs; common phase barriers and unchanged pools across warmup and measurement; alternating AB/BA; latency is each business request including validation, queueing and any server aggregation; independent persisted postflight; sustained database CPU requires >=5 intervals, >=80% measurement coverage, mean CPU>=threshold and CPU>=threshold during >=80% measurement duration in every round, plus <=10% next-level throughput gain.
database-full-load (10)	Independent single-request native and SDK clients	2026-10-04T00:10:09.2247980Z 
database-full-load (10)	Independent single-request native and SDK clients	2026-10-04T00:10:09.2248447Z Warmup 10s and measurement 20s per path/stage, 3 paired rounds, requested writes 10%.
database-full-load (10)	Independent single-request native and SDK clients	2026-10-04T00:10:09.2249046Z 
database-full-load (10)	Independent single-request native and SDK clients	2026-10-04T00:10:09.2249336Z Complete business-request budget for both paths: 10s.
database-full-load (10)	Independent single-request native and SDK clients	2026-10-04T00:10:09.2249751Z 
database-full-load (10)	Independent single-request native and SDK clients	2026-10-04T00:10:09.2250177Z Configured Weir Store backend budget: 10s; the active caller deadline also applies.
database-full-load (10)	Independent single-request native and SDK clients	2026-10-04T00:10:09.2251038Z 
database-full-load (10)	Independent single-request native and SDK clients	2026-10-04T00:10:09.2252551Z 4 independent OS client processes. Each worker sends one business request containing one record, waits for its acknowledged result, and validates it. p50/p95/p99 describe individual requests; histograms are pooled rather than averaging process quantiles.
database-full-load (10)	Independent single-request native and SDK clients	2026-10-04T00:10:09.2254273Z 
database-full-load (10)	Independent single-request native and SDK clients	2026-10-04T00:10:09.2255144Z | Batch | Workers | Round | Path | Read | Write | Success | Errors/unknown | Ops/s | p95 call ms | DB CPU budget % | Full CPU time % | Sampling coverage % | Verified |
database-full-load (10)	Independent single-request native and SDK clients	2026-10-04T00:10:09.2256518Z | ---: | ---: | ---: | --- | ---: | ---: | ---: | ---: | ---: | ---: | ---: | ---: | ---: | --- |
database-full-load (10)	Independent single-request native and SDK clients	2026-10-04T00:10:09.2257435Z | 1 | 8 | 1 | direct | 91151 | 10229 | 101380 | 0 | 5068.7 | 2.303 | 99.6 | 99.4 | 99.4 | true |
database-full-load (10)	Independent single-request native and SDK clients	2026-10-04T00:10:09.2258363Z | 1 | 8 | 1 | weir | 59504 | 6684 | 66188 | 0 | 3309.1 | 5.119 | 67.0 | 0.0 | 94.9 | true |
database-full-load (10)	Independent single-request native and SDK clients	2026-10-04T00:10:09.2259295Z | 1 | 8 | 2 | direct | 92276 | 10347 | 102623 | 0 | 5130.9 | 2.303 | 99.8 | 97.8 | 97.8 | true |
database-full-load (10)	Independent single-request native and SDK clients	2026-10-04T00:10:09.2260163Z | 1 | 8 | 2 | weir | 67852 | 7586 | 75438 | 0 | 3771.6 | 4.095 | 77.8 | 0.0 | 100.0 | true |
database-full-load (10)	Independent single-request native and SDK clients	2026-10-04T00:10:09.2261194Z | 1 | 8 | 3 | direct | 91612 | 10295 | 101907 | 0 | 5095.0 | 2.303 | 99.5 | 98.5 | 98.5 | true |
database-full-load (10)	Independent single-request native and SDK clients	2026-10-04T00:10:09.2262040Z | 1 | 8 | 3 | weir | 68496 | 7667 | 76163 | 0 | 3807.7 | 4.095 | 77.7 | 0.0 | 99.7 | true |
database-full-load (10)	Independent single-request native and SDK clients	2026-10-04T00:10:09.2262922Z | 1 | 32 | 1 | direct | 98288 | 11015 | 109303 | 0 | 5464.5 | 40.959 | 100.0 | 98.5 | 98.5 | true |
database-full-load (10)	Independent single-request native and SDK clients	2026-10-04T00:10:09.2263812Z | 1 | 32 | 1 | weir | 97372 | 10917 | 108289 | 0 | 5413.8 | 12.287 | 84.7 | 0.0 | 95.1 | true |
database-full-load (10)	Independent single-request native and SDK clients	2026-10-04T00:10:09.2264693Z | 1 | 32 | 2 | direct | 96932 | 10883 | 107815 | 0 | 5378.9 | 40.959 | 100.0 | 98.5 | 98.5 | true |
database-full-load (10)	Independent single-request native and SDK clients	2026-10-04T00:10:09.2265892Z | 1 | 32 | 2 | weir | 96904 | 10847 | 107751 | 0 | 5386.8 | 12.287 | 84.5 | 0.0 | 95.0 | true |
database-full-load (10)	Independent single-request native and SDK clients	2026-10-04T00:10:09.2266753Z | 1 | 32 | 3 | direct | 98585 | 11026 | 109611 | 0 | 5479.4 | 40.959 | 100.0 | 98.5 | 98.5 | true |
database-full-load (10)	Independent single-request native and SDK clients	2026-10-04T00:10:09.2267623Z | 1 | 32 | 3 | weir | 95747 | 10722 | 106469 | 0 | 5322.2 | 12.287 | 85.0 | 0.0 | 95.1 | true |
database-full-load (10)	Independent single-request native and SDK clients	2026-10-04T00:10:09.2268508Z | 1 | 128 | 1 | direct | 94225 | 10702 | 104927 | 0 | 5243.0 | 65.535 | 100.0 | 98.7 | 98.7 | true |
database-full-load (10)	Independent single-request native and SDK clients	2026-10-04T00:10:09.2269407Z | 1 | 128 | 1 | weir | 145934 | 16199 | 162133 | 0 | 8101.2 | 32.767 | 78.0 | 0.0 | 94.9 | true |
database-full-load (10)	Independent single-request native and SDK clients	2026-10-04T00:10:09.2270615Z | 1 | 128 | 2 | direct | 96412 | 10946 | 107358 | 0 | 5352.8 | 65.535 | 100.1 | 98.6 | 98.6 | true |
database-full-load (10)	Independent single-request native and SDK clients	2026-10-04T00:10:09.2271579Z | 1 | 128 | 2 | weir | 147573 | 16442 | 164015 | 0 | 8195.5 | 30.719 | 78.6 | 0.0 | 94.5 | true |
database-full-load (10)	Independent single-request native and SDK clients	2026-10-04T00:10:09.2272486Z | 1 | 128 | 3 | direct | 93185 | 10590 | 103775 | 0 | 5185.3 | 65.535 | 100.1 | 99.4 | 99.4 | true |
database-full-load (10)	Independent single-request native and SDK clients	2026-10-04T00:10:09.2273397Z | 1 | 128 | 3 | weir | 142571 | 15836 | 158407 | 0 | 7917.1 | 32.767 | 77.7 | 0.0 | 94.8 | true |
database-full-load (10)	Independent single-request native and SDK clients	2026-10-04T00:10:09.2273925Z 
database-full-load (10)	Independent single-request native and SDK clients	2026-10-04T00:10:09.2274375Z Measured Weir adapter and unary RPC evidence (warmup, reset and postflight excluded):
database-full-load (10)	Independent single-request native and SDK clients	2026-10-04T00:10:09.2274966Z 
database-full-load (10)	Independent single-request native and SDK clients	2026-10-04T00:10:09.2275855Z | Batch | Workers | Round | Adapter invocations | Mean adapter batch | Read/Mutate RPCs | Queue mean ms | Adapter mean ms | Rejections | Backend concurrency limit |
database-full-load (10)	Independent single-request native and SDK clients	2026-10-04T00:10:09.2277117Z | ---: | ---: | ---: | ---: | ---: | --- | ---: | ---: | ---: | ---: |
database-full-load (10)	Independent single-request native and SDK clients	2026-10-04T00:10:09.2278010Z | 1 | 8 | 1 | 59917 | 1.105 | 59504/6684 | 0.028 | 1.047 | 0 | 32.000 |
database-full-load (10)	Independent single-request native and SDK clients	2026-10-04T00:10:09.2278654Z | 1 | 8 | 2 | 68225 | 1.106 | 67852/7586 | 0.025 | 0.955 | 0 | 32.000 |
database-full-load (10)	Independent single-request native and SDK clients	2026-10-04T00:10:09.2279289Z | 1 | 8 | 3 | 68891 | 1.106 | 68496/7667 | 0.025 | 0.947 | 0 | 32.000 |
database-full-load (10)	Independent single-request native and SDK clients	2026-10-04T00:10:09.2279937Z | 1 | 32 | 1 | 66431 | 1.630 | 97372/10917 | 0.133 | 1.911 | 0 | 32.000 |
database-full-load (10)	Independent single-request native and SDK clients	2026-10-04T00:10:09.2280829Z | 1 | 32 | 2 | 65128 | 1.654 | 96904/10847 | 0.139 | 1.874 | 0 | 32.000 |
database-full-load (10)	Independent single-request native and SDK clients	2026-10-04T00:10:09.2281487Z | 1 | 32 | 3 | 65050 | 1.637 | 95747/10722 | 0.140 | 1.961 | 0 | 32.000 |
database-full-load (10)	Independent single-request native and SDK clients	2026-10-04T00:10:09.2282172Z | 1 | 128 | 1 | 48670 | 3.331 | 145934/16199 | 0.545 | 3.675 | 0 | 32.000 |
database-full-load (10)	Independent single-request native and SDK clients	2026-10-04T00:10:09.2282847Z | 1 | 128 | 2 | 47302 | 3.467 | 147573/16442 | 0.546 | 3.706 | 0 | 32.000 |
database-full-load (10)	Independent single-request native and SDK clients	2026-10-04T00:10:09.2283521Z | 1 | 128 | 3 | 46412 | 3.413 | 142571/15836 | 0.557 | 3.746 | 0 | 32.000 |
database-full-load (10)	Independent single-request native and SDK clients	2026-10-04T00:10:09.2283939Z 
database-full-load (10)	Independent single-request native and SDK clients	2026-10-04T00:10:09.2285978Z **Batch 1: database-full-load throughput comparison unavailable.** both paths must independently demonstrate sustained database CPU saturation and a verified next-level throughput plateau; increase concurrency or isolate client/Weir resources; I/O/network-bound saturation needs additional device/link capacity evidence.
database-full-load (10)	Independent single-request native and SDK clients	2026-10-04T00:10:09.2288069Z 
database-full-load (10)	Independent single-request native and SDK clients	2026-10-04T00:10:09.2289332Z Best verified business QPS within this ladder: direct 5440.9 (32 workers), Weir 8071.3 (128 workers), observed change +48.35%. This is a measured business-throughput comparison, not a maximum-database-capacity claim.
database-full-load (10)	Independent single-request native and SDK clients	2026-10-04T00:10:09.2290891Z 
database-full-load (10)	Independent single-request native and SDK clients	2026-10-04T00:10:09.2291653Z Observed single-request business performance at matched client concurrency (independent of the database-capacity qualification):
database-full-load (10)	Independent single-request native and SDK clients	2026-10-04T00:10:09.2292542Z 
database-full-load (10)	Independent single-request native and SDK clients	2026-10-04T00:10:09.2292973Z | Workers | Direct QPS | Weir QPS | Change | Direct p50/p95/p99 ms | Weir p50/p95/p99 ms |
database-full-load (10)	Independent single-request native and SDK clients	2026-10-04T00:10:09.2293724Z | ---: | ---: | ---: | ---: | --- | --- |
database-full-load (10)	Independent single-request native and SDK clients	2026-10-04T00:10:09.2294352Z | 8 | 5098.2 | 3629.4 | -28.81% | 0.895 / 2.303 / 40.959 | 2.047 / 4.607 / 6.143 |
database-full-load (10)	Independent single-request native and SDK clients	2026-10-04T00:10:09.2295118Z | 32 | 5440.9 | 5374.3 | -1.22% | 3.327 / 40.959 / 53.247 | 5.631 / 12.287 / 15.359 |
database-full-load (10)	Independent single-request native and SDK clients	2026-10-04T00:10:09.2295902Z | 128 | 5260.4 | 8071.3 | +53.43% | 15.359 / 65.535 / 81.919 | 15.359 / 32.767 / 45.055 |
database-full-load (10)	Independent single-request native and SDK clients	2026-10-04T00:10:09.2296376Z 
database-full-load (10)	Independent single-request native and SDK clients	2026-10-04T00:10:09.2298193Z These QPS and latency observations apply to this hardware and measured concurrency range. A business-throughput improvement can exist without demonstrating the maximum database capacity. An underfull database or missing next-level plateau keeps the database-capacity comparison unavailable.
database-full-load (10)	Independent single-request native and SDK clients	2026-10-04T00:10:09.2300545Z 
database-full-load (10)	Independent single-request native and SDK clients	2026-10-04T00:10:09.2304917Z Aggregation evidence: the JSON records one business request per record, Read/Mutate RPC counts, adapter invocation counts, average adapter batch and its cumulative histogram, and RPCs per adapter invocation. An adapter invocation is not necessarily one physical database wire command. MongoDB physical find/update/bulkWrite/getMore/killCursors deltas come from owned serverStatus at timed boundaries; missing counters remain unavailable. Elasticsearch has no equivalent physical HTTP-command counter. Every child PID, configured native pool limit, final revision ranges, exit result and sampled CPU/RSS is retained; coordinator sampling CPU is excluded from business-client CPU.
database-full-load (10)	Independent single-request native and SDK clients	2026-10-04T00:10:09.2309181Z 
database-full-load (10)	Independent single-request native and SDK clients	2026-10-04T00:10:09.2315401Z The JSON retains before/after raw public Weir metrics and their observed deltas, every resource sample, monitor failures, raw cumulative database/container I/O and network counters, CPU quota/host core denominator, and client/Weir cumulative CPU. Docker CPU uses cumulative Engine usage and read timestamps across each entire sampling interval, never CLI instantaneous percentages. Both interval endpoints must succeed; missing intervals reduce full-run coverage. Samples include monitoring traffic and background database work. Native ps CPU has platform-dependent clock resolution. Native databases share the host CPU budget with the client and Weir. Disk/network utilization or capacity is not inferred from byte counters. A plateau without sustained database CPU saturation is not a database-full-load result. Startup/discovery/reset/postflight and warmup are excluded from throughput; all in-flight completion and validation is included.
database-full-load (10)	Independent single-request native and SDK clients	2026-10-04T00:11:14.5130012Z single-request backend=search processes=4 workers=8 round=1 direct=1283.3 weir=1659.1 DB-CPU direct=99.9% weir=100.0%
database-full-load (10)	Independent single-request native and SDK clients	2026-10-04T00:12:16.3844500Z single-request backend=search processes=4 workers=8 round=2 direct=3651.5 weir=2533.5 DB-CPU direct=99.8% weir=94.9%
database-full-load (10)	Independent single-request native and SDK clients	2026-10-04T00:13:18.0359427Z single-request backend=search processes=4 workers=8 round=3 direct=4387.3 weir=2817.6 DB-CPU direct=99.6% weir=92.3%
database-full-load (10)	Independent single-request native and SDK clients	2026-10-04T00:14:19.5169338Z single-request backend=search processes=4 workers=32 round=1 direct=5093.3 weir=4587.5 DB-CPU direct=99.9% weir=92.5%
database-full-load (10)	Independent single-request native and SDK clients	2026-10-04T00:15:21.0060132Z single-request backend=search processes=4 workers=32 round=2 direct=5339.6 weir=4692.4 DB-CPU direct=99.9% weir=91.5%
database-full-load (10)	Independent single-request native and SDK clients	2026-10-04T00:16:22.5042099Z single-request backend=search processes=4 workers=32 round=3 direct=5472.2 weir=4791.3 DB-CPU direct=99.8% weir=89.7%
database-full-load (10)	Independent single-request native and SDK clients	2026-10-04T00:17:24.0338845Z single-request backend=search processes=4 workers=128 round=1 direct=5787.6 weir=7201.6 DB-CPU direct=100.0% weir=82.4%
database-full-load (10)	Independent single-request native and SDK clients	2026-10-04T00:18:25.4969326Z single-request backend=search processes=4 workers=128 round=2 direct=5632.3 weir=7270.5 DB-CPU direct=99.9% weir=81.5%
database-full-load (10)	Independent single-request native and SDK clients	2026-10-04T00:19:26.9389179Z single-request backend=search processes=4 workers=128 round=3 direct=5504.6 weir=7043.7 DB-CPU direct=100.0% weir=83.3%
database-full-load (10)	Independent single-request native and SDK clients	2026-10-04T00:19:26.9634055Z # Database saturation comparison
database-full-load (10)	Independent single-request native and SDK clients	2026-10-04T00:19:26.9634491Z 
database-full-load (10)	Independent single-request native and SDK clients	2026-10-04T00:19:26.9634794Z Backend **search**. Started 2026-10-04T00:10:09.620632022Z.
database-full-load (10)	Independent single-request native and SDK clients	2026-10-04T00:19:26.9635066Z 
database-full-load (10)	Independent single-request native and SDK clients	2026-10-04T00:19:26.9637397Z independent OS client processes send one record per native call or unary SDK RPC; native FindOne/ReplaceOne or single-ID mget/PUT; no client aggregation; worker-owned disjoint IDs; common phase barriers and unchanged pools across warmup and measurement; alternating AB/BA; latency is each business request including validation, queueing and any server aggregation; independent persisted postflight; sustained database CPU requires >=5 intervals, >=80% measurement coverage, mean CPU>=threshold and CPU>=threshold during >=80% measurement duration in every round, plus <=10% next-level throughput gain.
database-full-load (10)	Independent single-request native and SDK clients	2026-10-04T00:19:26.9639834Z 
database-full-load (10)	Independent single-request native and SDK clients	2026-10-04T00:19:26.9640100Z Warmup 10s and measurement 20s per path/stage, 3 paired rounds, requested writes 10%.
database-full-load (10)	Independent single-request native and SDK clients	2026-10-04T00:19:26.9640917Z 
database-full-load (10)	Independent single-request native and SDK clients	2026-10-04T00:19:26.9641097Z Complete business-request budget for both paths: 10s.
database-full-load (10)	Independent single-request native and SDK clients	2026-10-04T00:19:26.9641409Z 
database-full-load (10)	Independent single-request native and SDK clients	2026-10-04T00:19:26.9641872Z Configured Weir Store backend budget: 10s; the active caller deadline also applies.
database-full-load (10)	Independent single-request native and SDK clients	2026-10-04T00:19:26.9642246Z 
database-full-load (10)	Independent single-request native and SDK clients	2026-10-04T00:19:26.9643618Z 4 independent OS client processes. Each worker sends one business request containing one record, waits for its acknowledged result, and validates it. p50/p95/p99 describe individual requests; histograms are pooled rather than averaging process quantiles.
database-full-load (10)	Independent single-request native and SDK clients	2026-10-04T00:19:26.9645129Z 
database-full-load (10)	Independent single-request native and SDK clients	2026-10-04T00:19:26.9645974Z | Batch | Workers | Round | Path | Read | Write | Success | Errors/unknown | Ops/s | p95 call ms | DB CPU budget % | Full CPU time % | Sampling coverage % | Verified |
database-full-load (10)	Independent single-request native and SDK clients	2026-10-04T00:19:26.9647204Z | ---: | ---: | ---: | --- | ---: | ---: | ---: | ---: | ---: | ---: | ---: | ---: | ---: | --- |
database-full-load (10)	Independent single-request native and SDK clients	2026-10-04T00:19:26.9648048Z | 1 | 8 | 1 | direct | 23163 | 2505 | 25668 | 0 | 1283.3 | 61.439 | 99.9 | 99.0 | 99.0 | true |
database-full-load (10)	Independent single-request native and SDK clients	2026-10-04T00:19:26.9648725Z | 1 | 8 | 1 | weir | 29882 | 3306 | 33188 | 0 | 1659.1 | 10.239 | 100.0 | 98.9 | 98.9 | true |
database-full-load (10)	Independent single-request native and SDK clients	2026-10-04T00:19:26.9649215Z | 1 | 8 | 2 | direct | 65660 | 7374 | 73034 | 0 | 3651.5 | 3.071 | 99.8 | 98.2 | 98.2 | true |
database-full-load (10)	Independent single-request native and SDK clients	2026-10-04T00:19:26.9649695Z | 1 | 8 | 2 | weir | 45568 | 5106 | 50674 | 0 | 2533.5 | 5.631 | 94.9 | 93.0 | 98.4 | true |
database-full-load (10)	Independent single-request native and SDK clients	2026-10-04T00:19:26.9650733Z | 1 | 8 | 3 | direct | 78910 | 8843 | 87753 | 0 | 4387.3 | 2.559 | 99.6 | 96.7 | 96.7 | true |
database-full-load (10)	Independent single-request native and SDK clients	2026-10-04T00:19:26.9651239Z | 1 | 8 | 3 | weir | 50648 | 5708 | 56356 | 0 | 2817.6 | 5.119 | 92.3 | 60.0 | 98.4 | true |
database-full-load (10)	Independent single-request native and SDK clients	2026-10-04T00:19:26.9651742Z | 1 | 32 | 1 | direct | 91626 | 10257 | 101883 | 0 | 5093.3 | 36.863 | 99.9 | 98.0 | 98.0 | true |
database-full-load (10)	Independent single-request native and SDK clients	2026-10-04T00:19:26.9652256Z | 1 | 32 | 1 | weir | 82544 | 9221 | 91765 | 0 | 4587.5 | 13.311 | 92.5 | 77.7 | 94.5 | true |
database-full-load (10)	Independent single-request native and SDK clients	2026-10-04T00:19:26.9652748Z | 1 | 32 | 2 | direct | 96070 | 10737 | 106807 | 0 | 5339.6 | 36.863 | 99.9 | 98.8 | 98.8 | true |
database-full-load (10)	Independent single-request native and SDK clients	2026-10-04T00:19:26.9653244Z | 1 | 32 | 2 | weir | 84432 | 9445 | 93877 | 0 | 4692.4 | 13.311 | 91.5 | 61.3 | 94.6 | true |
database-full-load (10)	Independent single-request native and SDK clients	2026-10-04T00:19:26.9653735Z | 1 | 32 | 3 | direct | 98444 | 11016 | 109460 | 0 | 5472.2 | 32.767 | 99.8 | 98.5 | 98.5 | true |
database-full-load (10)	Independent single-request native and SDK clients	2026-10-04T00:19:26.9654227Z | 1 | 32 | 3 | weir | 86176 | 9677 | 95853 | 0 | 4791.3 | 13.311 | 89.7 | 33.4 | 94.7 | true |
database-full-load (10)	Independent single-request native and SDK clients	2026-10-04T00:19:26.9654737Z | 1 | 128 | 1 | direct | 104238 | 11774 | 116012 | 0 | 5787.6 | 57.343 | 100.0 | 98.5 | 98.5 | true |
database-full-load (10)	Independent single-request native and SDK clients	2026-10-04T00:19:26.9655254Z | 1 | 128 | 1 | weir | 129646 | 14468 | 144114 | 0 | 7201.6 | 36.863 | 82.4 | 0.0 | 94.5 | true |
database-full-load (10)	Independent single-request native and SDK clients	2026-10-04T00:19:26.9655776Z | 1 | 128 | 2 | direct | 101204 | 11482 | 112686 | 0 | 5632.3 | 61.439 | 99.9 | 99.0 | 99.0 | true |
database-full-load (10)	Independent single-request native and SDK clients	2026-10-04T00:19:26.9656285Z | 1 | 128 | 2 | weir | 130876 | 14609 | 145485 | 0 | 7270.5 | 32.767 | 81.5 | 0.0 | 95.0 | true |
database-full-load (10)	Independent single-request native and SDK clients	2026-10-04T00:19:26.9656801Z | 1 | 128 | 3 | direct | 98924 | 11219 | 110143 | 0 | 5504.6 | 61.439 | 100.0 | 99.0 | 99.0 | true |
database-full-load (10)	Independent single-request native and SDK clients	2026-10-04T00:19:26.9657308Z | 1 | 128 | 3 | weir | 126792 | 14154 | 140946 | 0 | 7043.7 | 36.863 | 83.3 | 11.0 | 94.6 | true |
database-full-load (10)	Independent single-request native and SDK clients	2026-10-04T00:19:26.9657602Z 
database-full-load (10)	Independent single-request native and SDK clients	2026-10-04T00:19:26.9657871Z Measured Weir adapter and unary RPC evidence (warmup, reset and postflight excluded):
database-full-load (10)	Independent single-request native and SDK clients	2026-10-04T00:19:26.9658204Z 
database-full-load (10)	Independent single-request native and SDK clients	2026-10-04T00:19:26.9658720Z | Batch | Workers | Round | Adapter invocations | Mean adapter batch | Read/Mutate RPCs | Queue mean ms | Adapter mean ms | Rejections | Backend concurrency limit |
database-full-load (10)	Independent single-request native and SDK clients	2026-10-04T00:19:26.9659442Z | ---: | ---: | ---: | ---: | ---: | --- | ---: | ---: | ---: | ---: |
database-full-load (10)	Independent single-request native and SDK clients	2026-10-04T00:19:26.9659832Z | 1 | 8 | 1 | 31128 | 1.066 | 29882/3306 | 0.020 | 3.630 | 0 | 32.000 |
database-full-load (10)	Independent single-request native and SDK clients	2026-10-04T00:19:26.9660420Z | 1 | 8 | 2 | 46795 | 1.083 | 45568/5106 | 0.022 | 2.022 | 0 | 32.000 |
database-full-load (10)	Independent single-request native and SDK clients	2026-10-04T00:19:26.9661392Z | 1 | 8 | 3 | 52082 | 1.082 | 50648/5708 | 0.021 | 1.734 | 0 | 32.000 |
database-full-load (10)	Independent single-request native and SDK clients	2026-10-04T00:19:26.9661790Z | 1 | 32 | 1 | 62558 | 1.467 | 82544/9221 | 0.110 | 3.321 | 0 | 32.000 |
database-full-load (10)	Independent single-request native and SDK clients	2026-10-04T00:19:26.9662212Z | 1 | 32 | 2 | 63431 | 1.480 | 84432/9445 | 0.116 | 3.112 | 0 | 32.000 |
database-full-load (10)	Independent single-request native and SDK clients	2026-10-04T00:19:26.9662584Z | 1 | 32 | 3 | 64499 | 1.486 | 86176/9677 | 0.113 | 2.967 | 0 | 32.000 |
database-full-load (10)	Independent single-request native and SDK clients	2026-10-04T00:19:26.9662984Z | 1 | 128 | 1 | 48407 | 2.977 | 129646/14468 | 0.601 | 5.466 | 0 | 32.000 |
database-full-load (10)	Independent single-request native and SDK clients	2026-10-04T00:19:26.9663397Z | 1 | 128 | 2 | 49218 | 2.956 | 130876/14609 | 0.558 | 5.366 | 0 | 32.000 |
database-full-load (10)	Independent single-request native and SDK clients	2026-10-04T00:19:26.9663787Z | 1 | 128 | 3 | 48338 | 2.916 | 126792/14154 | 0.599 | 5.737 | 0 | 32.000 |
database-full-load (10)	Independent single-request native and SDK clients	2026-10-04T00:19:26.9664022Z 
database-full-load (10)	Independent single-request native and SDK clients	2026-10-04T00:19:26.9665156Z **Batch 1: database-full-load throughput comparison unavailable.** both paths must independently demonstrate sustained database CPU saturation and a verified next-level throughput plateau; increase concurrency or isolate client/Weir resources; I/O/network-bound saturation needs additional device/link capacity evidence.
database-full-load (10)	Independent single-request native and SDK clients	2026-10-04T00:19:26.9666951Z 
database-full-load (10)	Independent single-request native and SDK clients	2026-10-04T00:19:26.9667930Z Best verified business QPS within this ladder: direct 5641.6 (128 workers), Weir 7171.9 (128 workers), observed change +27.13%. This is a measured business-throughput comparison, not a maximum-database-capacity claim.
database-full-load (10)	Independent single-request native and SDK clients	2026-10-04T00:19:26.9668713Z 
database-full-load (10)	Independent single-request native and SDK clients	2026-10-04T00:19:26.9669151Z Observed single-request business performance at matched client concurrency (independent of the database-capacity qualification):
database-full-load (10)	Independent single-request native and SDK clients	2026-10-04T00:19:26.9669664Z 
database-full-load (10)	Independent single-request native and SDK clients	2026-10-04T00:19:26.9669941Z | Workers | Direct QPS | Weir QPS | Change | Direct p50/p95/p99 ms | Weir p50/p95/p99 ms |
database-full-load (10)	Independent single-request native and SDK clients	2026-10-04T00:19:26.9670839Z | ---: | ---: | ---: | ---: | --- | --- |
database-full-load (10)	Independent single-request native and SDK clients	2026-10-04T00:19:26.9671230Z | 8 | 3107.3 | 2336.7 | -24.80% | 1.279 / 3.583 / 57.343 | 2.559 / 5.631 / 45.055 |
database-full-load (10)	Independent single-request native and SDK clients	2026-10-04T00:19:26.9671703Z | 32 | 5301.7 | 4690.4 | -11.53% | 3.839 / 36.863 / 45.055 | 6.143 / 13.311 / 20.479 |
database-full-load (10)	Independent single-request native and SDK clients	2026-10-04T00:19:26.9672170Z | 128 | 5641.6 | 7171.9 | +27.13% | 15.359 / 61.439 / 73.727 | 18.431 / 36.863 / 49.151 |
database-full-load (10)	Independent single-request native and SDK clients	2026-10-04T00:19:26.9672441Z 
database-full-load (10)	Independent single-request native and SDK clients	2026-10-04T00:19:26.9673465Z These QPS and latency observations apply to this hardware and measured concurrency range. A business-throughput improvement can exist without demonstrating the maximum database capacity. An underfull database or missing next-level plateau keeps the database-capacity comparison unavailable.
database-full-load (10)	Independent single-request native and SDK clients	2026-10-04T00:19:26.9674842Z 
database-full-load (10)	Independent single-request native and SDK clients	2026-10-04T00:19:26.9678669Z Aggregation evidence: the JSON records one business request per record, Read/Mutate RPC counts, adapter invocation counts, average adapter batch and its cumulative histogram, and RPCs per adapter invocation. An adapter invocation is not necessarily one physical database wire command. MongoDB physical find/update/bulkWrite/getMore/killCursors deltas come from owned serverStatus at timed boundaries; missing counters remain unavailable. Elasticsearch has no equivalent physical HTTP-command counter. Every child PID, configured native pool limit, final revision ranges, exit result and sampled CPU/RSS is retained; coordinator sampling CPU is excluded from business-client CPU.
database-full-load (10)	Independent single-request native and SDK clients	2026-10-04T00:19:26.9683076Z 
database-full-load (10)	Independent single-request native and SDK clients	2026-10-04T00:19:26.9689069Z The JSON retains before/after raw public Weir metrics and their observed deltas, every resource sample, monitor failures, raw cumulative database/container I/O and network counters, CPU quota/host core denominator, and client/Weir cumulative CPU. Docker CPU uses cumulative Engine usage and read timestamps across each entire sampling interval, never CLI instantaneous percentages. Both interval endpoints must succeed; missing intervals reduce full-run coverage. Samples include monitoring traffic and background database work. Native ps CPU has platform-dependent clock resolution. Native databases share the host CPU budget with the client and Weir. Disk/network utilization or capacity is not inferred from byte counters. A plateau without sustained database CPU saturation is not a database-full-load result. Startup/discovery/reset/postflight and warmup are excluded from throughput; all in-flight completion and validation is included.
database-full-load (10)	Preserve raw resource samples, workload validation and cleanup	﻿2026-10-04T00:19:29.6765644Z ##[group]Run actions/upload-artifact@ea165f8d65b6e75b540449e92b4886f43607fa02
database-full-load (10)	Preserve raw resource samples, workload validation and cleanup	2026-10-04T00:19:29.6766094Z with:
database-full-load (10)	Preserve raw resource samples, workload validation and cleanup	2026-10-04T00:19:29.6766451Z   name: saturation-evidence-writes-10-f8ba341b99680ce4fc16c99c73c07838b0ccfc89
database-full-load (10)	Preserve raw resource samples, workload validation and cleanup	2026-10-04T00:19:29.6767476Z   path: results/local/
database-full-load (10)	Preserve raw resource samples, workload validation and cleanup	/tmp/weir-tests-*/manifest.json
database-full-load (10)	Preserve raw resource samples, workload validation and cleanup	/tmp/weir-tests-*/cleanup.json
database-full-load (10)	Preserve raw resource samples, workload validation and cleanup	/tmp/weir-tests-*/*config.json
database-full-load (10)	Preserve raw resource samples, workload validation and cleanup	/tmp/weir-tests-*/*routes.json
database-full-load (10)	Preserve raw resource samples, workload validation and cleanup	/tmp/weir-tests-*/*process.log
database-full-load (10)	Preserve raw resource samples, workload validation and cleanup	/tmp/weir-tests-*/docker-engine.json
database-full-load (10)	Preserve raw resource samples, workload validation and cleanup	
database-full-load (10)	Preserve raw resource samples, workload validation and cleanup	2026-10-04T00:19:29.6768333Z   retention-days: 14
database-full-load (10)	Preserve raw resource samples, workload validation and cleanup	2026-10-04T00:19:29.6768557Z   if-no-files-found: warn
database-full-load (10)	Preserve raw resource samples, workload validation and cleanup	2026-10-04T00:19:29.6768793Z   compression-level: 6
database-full-load (10)	Preserve raw resource samples, workload validation and cleanup	2026-10-04T00:19:29.6769004Z   overwrite: false
database-full-load (10)	Preserve raw resource samples, workload validation and cleanup	2026-10-04T00:19:29.6769216Z   include-hidden-files: false
database-full-load (10)	Preserve raw resource samples, workload validation and cleanup	2026-10-04T00:19:29.6769448Z env:
database-full-load (10)	Preserve raw resource samples, workload validation and cleanup	2026-10-04T00:19:29.6769625Z   GOENV: off
database-full-load (10)	Preserve raw resource samples, workload validation and cleanup	2026-10-04T00:19:29.6769817Z   GOWORK: off
database-full-load (10)	Preserve raw resource samples, workload validation and cleanup	2026-10-04T00:19:29.6770005Z   GOTOOLCHAIN: local
database-full-load (10)	Preserve raw resource samples, workload validation and cleanup	2026-10-04T00:19:29.6770557Z   GOFLAGS: -mod=readonly
database-full-load (10)	Preserve raw resource samples, workload validation and cleanup	2026-10-04T00:19:29.6770868Z   PYTHONDONTWRITEBYTECODE: 1
database-full-load (10)	Preserve raw resource samples, workload validation and cleanup	2026-10-04T00:19:29.6771151Z ##[endgroup]
database-full-load (10)	Preserve raw resource samples, workload validation and cleanup	2026-10-04T00:19:29.8455255Z (node:12200) [DEP0040] DeprecationWarning: The `punycode` module is deprecated. Please use a userland alternative instead.
database-full-load (10)	Preserve raw resource samples, workload validation and cleanup	2026-10-04T00:19:29.8456139Z (Use `node --trace-deprecation ...` to show where the warning was created)
database-full-load (10)	Preserve raw resource samples, workload validation and cleanup	2026-10-04T00:19:29.8590904Z Multiple search paths detected. Calculating the least common ancestor of all paths
database-full-load (10)	Preserve raw resource samples, workload validation and cleanup	2026-10-04T00:19:29.8593270Z The least common ancestor is /. This will be the root directory of the artifact
database-full-load (10)	Preserve raw resource samples, workload validation and cleanup	2026-10-04T00:19:29.8594583Z With the provided path, there will be 12 files uploaded
database-full-load (10)	Preserve raw resource samples, workload validation and cleanup	2026-10-04T00:19:29.8600015Z Artifact name is valid!
database-full-load (10)	Preserve raw resource samples, workload validation and cleanup	2026-10-04T00:19:29.8601951Z Root directory input is valid!
database-full-load (10)	Preserve raw resource samples, workload validation and cleanup	2026-10-04T00:19:30.2445298Z Beginning upload of artifact content to blob storage
database-full-load (10)	Preserve raw resource samples, workload validation and cleanup	2026-10-04T00:19:30.3665779Z (node:12200) [DEP0169] DeprecationWarning: `url.parse()` behavior is not standardized and prone to errors that have security implications. Use the WHATWG URL API instead. CVEs are not issued for `url.parse()` vulnerabilities.
database-full-load (10)	Preserve raw resource samples, workload validation and cleanup	2026-10-04T00:19:30.9887009Z Uploaded bytes 597372
database-full-load (10)	Preserve raw resource samples, workload validation and cleanup	2026-10-04T00:19:31.0680323Z Finished uploading artifact content to blob storage!
database-full-load (10)	Preserve raw resource samples, workload validation and cleanup	2026-10-04T00:19:31.0681942Z SHA256 digest of uploaded artifact zip is 2e5b9887dbc41ae3841a4da090d81c97749c317f4e986fb255b594554c47e899
database-full-load (10)	Preserve raw resource samples, workload validation and cleanup	2026-10-04T00:19:31.0683706Z Finalizing artifact upload
database-full-load (10)	Preserve raw resource samples, workload validation and cleanup	2026-10-04T00:19:31.3411349Z Artifact saturation-evidence-writes-10-f8ba341b99680ce4fc16c99c73c07838b0ccfc89.zip successfully finalized. Artifact ID 11289595237
database-full-load (10)	Preserve raw resource samples, workload validation and cleanup	2026-10-04T00:19:31.3413626Z Artifact saturation-evidence-writes-10-f8ba341b99680ce4fc16c99c73c07838b0ccfc89 has been successfully uploaded! Final size is 597372 bytes. Artifact ID is 11289595237
database-full-load (10)	Preserve raw resource samples, workload validation and cleanup	2026-10-04T00:19:31.3419389Z Artifact download URL: https://github.com/batchstream/weir-tests/actions/runs/37163474977/artifacts/11289595237
database-full-load (10)	Post Run actions/setup-go@924ae3a1cded613372ab5595356fb5720e22ba16	﻿2026-10-04T00:19:31.3595251Z Post job cleanup.
database-full-load (10)	Post Run actions/setup-go@924ae3a1cded613372ab5595356fb5720e22ba16	2026-10-04T00:19:31.4814590Z [command]/opt/hostedtoolcache/go/1.27.1/x64/bin/go env GOCACHE
database-full-load (10)	Post Run actions/setup-go@924ae3a1cded613372ab5595356fb5720e22ba16	2026-10-04T00:19:31.4859506Z [command]/opt/hostedtoolcache/go/1.27.1/x64/bin/go env GOMODCACHE
database-full-load (10)	Post Run actions/setup-go@924ae3a1cded613372ab5595356fb5720e22ba16	2026-10-04T00:19:31.4886818Z /home/runner/.cache/go-build
database-full-load (10)	Post Run actions/setup-go@924ae3a1cded613372ab5595356fb5720e22ba16	2026-10-04T00:19:31.4914164Z /home/runner/go/pkg/mod
database-full-load (10)	Post Run actions/setup-go@924ae3a1cded613372ab5595356fb5720e22ba16	2026-10-04T00:19:31.4918585Z Cache hit occurred on the primary key setup-go-Linux-x64-ubuntu24-go-1.27.1-f3893fbf0ff2b6e2efba8903234513786674983d753d1815a9a1fcf84a06448a, not saving cache.
database-full-load (10)	Post Run actions/checkout@3d3c42e5aac5ba805825da76410c181273ba90b1	﻿2026-10-04T00:19:31.5123468Z Post job cleanup.
database-full-load (10)	Post Run actions/checkout@3d3c42e5aac5ba805825da76410c181273ba90b1	2026-10-04T00:19:31.6231054Z [command]/usr/bin/git version
database-full-load (10)	Post Run actions/checkout@3d3c42e5aac5ba805825da76410c181273ba90b1	2026-10-04T00:19:31.6294004Z git version 2.55.0
database-full-load (10)	Post Run actions/checkout@3d3c42e5aac5ba805825da76410c181273ba90b1	2026-10-04T00:19:31.6343563Z Temporarily overriding HOME='/home/runner/work/_temp/d368e8a2-06ab-485b-af1f-1cf4a554edbb' before making global git config changes
database-full-load (10)	Post Run actions/checkout@3d3c42e5aac5ba805825da76410c181273ba90b1	2026-10-04T00:19:31.6345470Z Adding repository directory to the temporary git global config as a safe directory
database-full-load (10)	Post Run actions/checkout@3d3c42e5aac5ba805825da76410c181273ba90b1	2026-10-04T00:19:31.6351533Z [command]/usr/bin/git config --global --add safe.directory /home/runner/work/weir-tests/weir-tests
database-full-load (10)	Post Run actions/checkout@3d3c42e5aac5ba805825da76410c181273ba90b1	2026-10-04T00:19:31.6399961Z Removing SSH command configuration
database-full-load (10)	Post Run actions/checkout@3d3c42e5aac5ba805825da76410c181273ba90b1	2026-10-04T00:19:31.6411102Z [command]/usr/bin/git config --local --name-only --get-regexp core\.sshCommand
database-full-load (10)	Post Run actions/checkout@3d3c42e5aac5ba805825da76410c181273ba90b1	2026-10-04T00:19:31.6461679Z [command]/usr/bin/git submodule foreach --recursive sh -c "git config --local --name-only --get-regexp 'core\.sshCommand' && git config --local --unset-all 'core.sshCommand' || :"
database-full-load (10)	Post Run actions/checkout@3d3c42e5aac5ba805825da76410c181273ba90b1	2026-10-04T00:19:31.6770642Z Removing HTTP extra header
database-full-load (10)	Post Run actions/checkout@3d3c42e5aac5ba805825da76410c181273ba90b1	2026-10-04T00:19:31.6778324Z [command]/usr/bin/git config --local --name-only --get-regexp http\.https\:\/\/github\.com\/\.extraheader
database-full-load (10)	Post Run actions/checkout@3d3c42e5aac5ba805825da76410c181273ba90b1	2026-10-04T00:19:31.6818798Z [command]/usr/bin/git submodule foreach --recursive sh -c "git config --local --name-only --get-regexp 'http\.https\:\/\/github\.com\/\.extraheader' && git config --local --unset-all 'http.https://github.com/.extraheader' || :"
database-full-load (10)	Post Run actions/checkout@3d3c42e5aac5ba805825da76410c181273ba90b1	2026-10-04T00:19:31.7062828Z Removing includeIf entries pointing to credentials config files
database-full-load (10)	Post Run actions/checkout@3d3c42e5aac5ba805825da76410c181273ba90b1	2026-10-04T00:19:31.7069793Z [command]/usr/bin/git config --local --name-only --get-regexp ^includeIf\.gitdir:
database-full-load (10)	Post Run actions/checkout@3d3c42e5aac5ba805825da76410c181273ba90b1	2026-10-04T00:19:31.7108972Z [command]/usr/bin/git submodule foreach --recursive git config --local --show-origin --name-only --get-regexp remote.origin.url
database-full-load (10)	Complete job	﻿2026-10-04T00:19:31.7492948Z Cleaning up orphan processes
database-full-load (10)	Complete job	2026-10-04T00:19:31.7916140Z ##[warning]Node.js 20 is deprecated. The following actions target Node.js 20 but are being forced to run on Node.js 24: actions/upload-artifact@ea165f8d65b6e75b540449e92b4886f43607fa02. For more information see: https://github.blog/changelog/2025-09-19-deprecation-of-node-20-on-github-actions-runners/
