test	Set up job	﻿2026-10-04T00:12:06.2852049Z Current runner version: '2.337.0'
test	Set up job	2026-10-04T00:12:06.2871117Z ##[group]Runner Image Provisioner
test	Set up job	2026-10-04T00:12:06.2871772Z Hosted Compute Agent
test	Set up job	2026-10-04T00:12:06.2872133Z Version: 20260901.588
test	Set up job	2026-10-04T00:12:06.2872512Z Commit: f88ec8081b781fac6c440065ac7ff9e710ce3d0b
test	Set up job	2026-10-04T00:12:06.2873003Z Build Date: 2026-09-01T19:56:44Z
test	Set up job	2026-10-04T00:12:06.2873430Z Worker ID: {6a00b804-3a1a-424f-b498-6cb69d7982c2}
test	Set up job	2026-10-04T00:12:06.2873865Z Azure Region: centralus
test	Set up job	2026-10-04T00:12:06.2874221Z ##[endgroup]
test	Set up job	2026-10-04T00:12:06.2875215Z ##[group]Operating System
test	Set up job	2026-10-04T00:12:06.2875618Z Ubuntu
test	Set up job	2026-10-04T00:12:06.2875958Z 24.04.5
test	Set up job	2026-10-04T00:12:06.2876365Z LTS
test	Set up job	2026-10-04T00:12:06.2876715Z ##[endgroup]
test	Set up job	2026-10-04T00:12:06.2877047Z ##[group]Runner Image
test	Set up job	2026-10-04T00:12:06.2877469Z Image: ubuntu-24.04
test	Set up job	2026-10-04T00:12:06.2877838Z Version: 20260927.320.1
test	Set up job	2026-10-04T00:12:06.2878442Z Included Software: https://github.com/actions/runner-images/blob/ubuntu24/20260927.320/images/ubuntu/Ubuntu2404-Readme.md
test	Set up job	2026-10-04T00:12:06.2879469Z Image Release: https://github.com/actions/runner-images/releases/tag/ubuntu24%2F20260927.320
test	Set up job	2026-10-04T00:12:06.2880071Z ##[endgroup]
test	Set up job	2026-10-04T00:12:06.2880728Z ##[group]GITHUB_TOKEN Permissions
test	Set up job	2026-10-04T00:12:06.2881967Z Contents: read
test	Set up job	2026-10-04T00:12:06.2882308Z Metadata: read
test	Set up job	2026-10-04T00:12:06.2882627Z ##[endgroup]
test	Set up job	2026-10-04T00:12:06.2884005Z Secret source: Actions
test	Set up job	2026-10-04T00:12:06.2884541Z Cache mode: write
test	Set up job	2026-10-04T00:12:06.2885021Z Prepare workflow directory
test	Set up job	2026-10-04T00:12:06.3151327Z Prepare all required actions
test	Set up job	2026-10-04T00:12:06.3182363Z Getting action download info
test	Set up job	2026-10-04T00:12:06.5297886Z Download action repository 'actions/checkout@3d3c42e5aac5ba805825da76410c181273ba90b1' (SHA:3d3c42e5aac5ba805825da76410c181273ba90b1)
test	Set up job	2026-10-04T00:12:06.7899513Z Complete job name: test
test	Run actions/checkout@3d3c42e5aac5ba805825da76410c181273ba90b1	﻿2026-10-04T00:12:06.8352939Z ##[group]Run actions/checkout@3d3c42e5aac5ba805825da76410c181273ba90b1
test	Run actions/checkout@3d3c42e5aac5ba805825da76410c181273ba90b1	2026-10-04T00:12:06.8353476Z with:
test	Run actions/checkout@3d3c42e5aac5ba805825da76410c181273ba90b1	2026-10-04T00:12:06.8353737Z   ref: 660b89d588568a4fb1b5987bd924aaa734e61734
test	Run actions/checkout@3d3c42e5aac5ba805825da76410c181273ba90b1	2026-10-04T00:12:06.8354091Z   persist-credentials: false
test	Run actions/checkout@3d3c42e5aac5ba805825da76410c181273ba90b1	2026-10-04T00:12:06.8354383Z   repository: batchstream/weir
test	Run actions/checkout@3d3c42e5aac5ba805825da76410c181273ba90b1	2026-10-04T00:12:06.8356716Z   token: ***
test	Run actions/checkout@3d3c42e5aac5ba805825da76410c181273ba90b1	2026-10-04T00:12:06.8356955Z   ssh-strict: true
test	Run actions/checkout@3d3c42e5aac5ba805825da76410c181273ba90b1	2026-10-04T00:12:06.8357198Z   ssh-user: git
test	Run actions/checkout@3d3c42e5aac5ba805825da76410c181273ba90b1	2026-10-04T00:12:06.8357433Z   clean: true
test	Run actions/checkout@3d3c42e5aac5ba805825da76410c181273ba90b1	2026-10-04T00:12:06.8357683Z   sparse-checkout-cone-mode: true
test	Run actions/checkout@3d3c42e5aac5ba805825da76410c181273ba90b1	2026-10-04T00:12:06.8357972Z   fetch-depth: 1
test	Run actions/checkout@3d3c42e5aac5ba805825da76410c181273ba90b1	2026-10-04T00:12:06.8358215Z   fetch-tags: false
test	Run actions/checkout@3d3c42e5aac5ba805825da76410c181273ba90b1	2026-10-04T00:12:06.8358464Z   show-progress: true
test	Run actions/checkout@3d3c42e5aac5ba805825da76410c181273ba90b1	2026-10-04T00:12:06.8358716Z   lfs: false
test	Run actions/checkout@3d3c42e5aac5ba805825da76410c181273ba90b1	2026-10-04T00:12:06.8358949Z   submodules: false
test	Run actions/checkout@3d3c42e5aac5ba805825da76410c181273ba90b1	2026-10-04T00:12:06.8359202Z   set-safe-directory: true
test	Run actions/checkout@3d3c42e5aac5ba805825da76410c181273ba90b1	2026-10-04T00:12:06.8359484Z   allow-unsafe-pr-checkout: false
test	Run actions/checkout@3d3c42e5aac5ba805825da76410c181273ba90b1	2026-10-04T00:12:06.8359842Z env:
test	Run actions/checkout@3d3c42e5aac5ba805825da76410c181273ba90b1	2026-10-04T00:12:06.8360062Z   GOENV: off
test	Run actions/checkout@3d3c42e5aac5ba805825da76410c181273ba90b1	2026-10-04T00:12:06.8360289Z   GOWORK: off
test	Run actions/checkout@3d3c42e5aac5ba805825da76410c181273ba90b1	2026-10-04T00:12:06.8360544Z   GOTOOLCHAIN: local
test	Run actions/checkout@3d3c42e5aac5ba805825da76410c181273ba90b1	2026-10-04T00:12:06.8360803Z   GOFLAGS: -mod=readonly
test	Run actions/checkout@3d3c42e5aac5ba805825da76410c181273ba90b1	2026-10-04T00:12:06.8361059Z   GOPROXY: off
test	Run actions/checkout@3d3c42e5aac5ba805825da76410c181273ba90b1	2026-10-04T00:12:06.8361299Z   GOSUMDB: off
test	Run actions/checkout@3d3c42e5aac5ba805825da76410c181273ba90b1	2026-10-04T00:12:06.8361544Z   PYTHONDONTWRITEBYTECODE: 1
test	Run actions/checkout@3d3c42e5aac5ba805825da76410c181273ba90b1	2026-10-04T00:12:06.8361812Z ##[endgroup]
test	Run actions/checkout@3d3c42e5aac5ba805825da76410c181273ba90b1	2026-10-04T00:12:06.9044330Z Syncing repository: batchstream/weir
test	Run actions/checkout@3d3c42e5aac5ba805825da76410c181273ba90b1	2026-10-04T00:12:06.9045868Z ##[group]Getting Git version info
test	Run actions/checkout@3d3c42e5aac5ba805825da76410c181273ba90b1	2026-10-04T00:12:06.9046577Z Working directory is '/home/runner/work/weir/weir'
test	Run actions/checkout@3d3c42e5aac5ba805825da76410c181273ba90b1	2026-10-04T00:12:06.9047439Z [command]/usr/bin/git version
test	Run actions/checkout@3d3c42e5aac5ba805825da76410c181273ba90b1	2026-10-04T00:12:06.9117947Z git version 2.55.0
test	Run actions/checkout@3d3c42e5aac5ba805825da76410c181273ba90b1	2026-10-04T00:12:06.9130774Z ##[endgroup]
test	Run actions/checkout@3d3c42e5aac5ba805825da76410c181273ba90b1	2026-10-04T00:12:06.9138417Z Temporarily overriding HOME='/home/runner/work/_temp/fb4072b5-b170-45d9-96d2-0d8235dd0231' before making global git config changes
test	Run actions/checkout@3d3c42e5aac5ba805825da76410c181273ba90b1	2026-10-04T00:12:06.9139758Z Adding repository directory to the temporary git global config as a safe directory
test	Run actions/checkout@3d3c42e5aac5ba805825da76410c181273ba90b1	2026-10-04T00:12:06.9142886Z [command]/usr/bin/git config --global --add safe.directory /home/runner/work/weir/weir
test	Run actions/checkout@3d3c42e5aac5ba805825da76410c181273ba90b1	2026-10-04T00:12:06.9189780Z Deleting the contents of '/home/runner/work/weir/weir'
test	Run actions/checkout@3d3c42e5aac5ba805825da76410c181273ba90b1	2026-10-04T00:12:06.9192888Z ##[group]Determining repository object format
test	Run actions/checkout@3d3c42e5aac5ba805825da76410c181273ba90b1	2026-10-04T00:12:06.9194247Z ##[endgroup]
test	Run actions/checkout@3d3c42e5aac5ba805825da76410c181273ba90b1	2026-10-04T00:12:06.9194891Z ##[group]Initializing the repository
test	Run actions/checkout@3d3c42e5aac5ba805825da76410c181273ba90b1	2026-10-04T00:12:06.9205808Z [command]/usr/bin/git init /home/runner/work/weir/weir
test	Run actions/checkout@3d3c42e5aac5ba805825da76410c181273ba90b1	2026-10-04T00:12:06.9309446Z hint: Using 'master' as the name for the initial branch. This default branch name
test	Run actions/checkout@3d3c42e5aac5ba805825da76410c181273ba90b1	2026-10-04T00:12:06.9310426Z hint: will change to "main" in Git 3.0. To configure the initial branch name
test	Run actions/checkout@3d3c42e5aac5ba805825da76410c181273ba90b1	2026-10-04T00:12:06.9311268Z hint: to use in all of your new repositories, which will suppress this warning,
test	Run actions/checkout@3d3c42e5aac5ba805825da76410c181273ba90b1	2026-10-04T00:12:06.9311936Z hint: call:
test	Run actions/checkout@3d3c42e5aac5ba805825da76410c181273ba90b1	2026-10-04T00:12:06.9312286Z hint:
test	Run actions/checkout@3d3c42e5aac5ba805825da76410c181273ba90b1	2026-10-04T00:12:06.9312755Z hint: 	git config --global init.defaultBranch <name>
test	Run actions/checkout@3d3c42e5aac5ba805825da76410c181273ba90b1	2026-10-04T00:12:06.9313304Z hint:
test	Run actions/checkout@3d3c42e5aac5ba805825da76410c181273ba90b1	2026-10-04T00:12:06.9313823Z hint: Names commonly chosen instead of 'master' are 'main', 'trunk' and
test	Run actions/checkout@3d3c42e5aac5ba805825da76410c181273ba90b1	2026-10-04T00:12:06.9314662Z hint: 'development'. The just-created branch can be renamed via this command:
test	Run actions/checkout@3d3c42e5aac5ba805825da76410c181273ba90b1	2026-10-04T00:12:06.9315368Z hint:
test	Run actions/checkout@3d3c42e5aac5ba805825da76410c181273ba90b1	2026-10-04T00:12:06.9315724Z hint: 	git branch -m <name>
test	Run actions/checkout@3d3c42e5aac5ba805825da76410c181273ba90b1	2026-10-04T00:12:06.9316258Z hint:
test	Run actions/checkout@3d3c42e5aac5ba805825da76410c181273ba90b1	2026-10-04T00:12:06.9316815Z hint: Disable this message with "git config set advice.defaultBranchName false"
test	Run actions/checkout@3d3c42e5aac5ba805825da76410c181273ba90b1	2026-10-04T00:12:06.9317692Z Initialized empty Git repository in /home/runner/work/weir/weir/.git/
test	Run actions/checkout@3d3c42e5aac5ba805825da76410c181273ba90b1	2026-10-04T00:12:06.9321508Z [command]/usr/bin/git remote add origin https://github.com/batchstream/weir
test	Run actions/checkout@3d3c42e5aac5ba805825da76410c181273ba90b1	2026-10-04T00:12:06.9369644Z ##[endgroup]
test	Run actions/checkout@3d3c42e5aac5ba805825da76410c181273ba90b1	2026-10-04T00:12:06.9370352Z ##[group]Disabling automatic garbage collection
test	Run actions/checkout@3d3c42e5aac5ba805825da76410c181273ba90b1	2026-10-04T00:12:06.9373043Z [command]/usr/bin/git config --local gc.auto 0
test	Run actions/checkout@3d3c42e5aac5ba805825da76410c181273ba90b1	2026-10-04T00:12:06.9403967Z ##[endgroup]
test	Run actions/checkout@3d3c42e5aac5ba805825da76410c181273ba90b1	2026-10-04T00:12:06.9404717Z ##[group]Setting up auth
test	Run actions/checkout@3d3c42e5aac5ba805825da76410c181273ba90b1	2026-10-04T00:12:06.9405193Z Removing SSH command configuration
test	Run actions/checkout@3d3c42e5aac5ba805825da76410c181273ba90b1	2026-10-04T00:12:06.9408849Z [command]/usr/bin/git config --local --name-only --get-regexp core\.sshCommand
test	Run actions/checkout@3d3c42e5aac5ba805825da76410c181273ba90b1	2026-10-04T00:12:06.9447684Z [command]/usr/bin/git submodule foreach --recursive sh -c "git config --local --name-only --get-regexp 'core\.sshCommand' && git config --local --unset-all 'core.sshCommand' || :"
test	Run actions/checkout@3d3c42e5aac5ba805825da76410c181273ba90b1	2026-10-04T00:12:06.9753680Z Removing HTTP extra header
test	Run actions/checkout@3d3c42e5aac5ba805825da76410c181273ba90b1	2026-10-04T00:12:06.9758239Z [command]/usr/bin/git config --local --name-only --get-regexp http\.https\:\/\/github\.com\/\.extraheader
test	Run actions/checkout@3d3c42e5aac5ba805825da76410c181273ba90b1	2026-10-04T00:12:06.9786963Z [command]/usr/bin/git submodule foreach --recursive sh -c "git config --local --name-only --get-regexp 'http\.https\:\/\/github\.com\/\.extraheader' && git config --local --unset-all 'http.https://github.com/.extraheader' || :"
test	Run actions/checkout@3d3c42e5aac5ba805825da76410c181273ba90b1	2026-10-04T00:12:06.9957940Z Removing includeIf entries pointing to credentials config files
test	Run actions/checkout@3d3c42e5aac5ba805825da76410c181273ba90b1	2026-10-04T00:12:06.9962048Z [command]/usr/bin/git config --local --name-only --get-regexp ^includeIf\.gitdir:
test	Run actions/checkout@3d3c42e5aac5ba805825da76410c181273ba90b1	2026-10-04T00:12:06.9990441Z [command]/usr/bin/git submodule foreach --recursive git config --local --show-origin --name-only --get-regexp remote.origin.url
test	Run actions/checkout@3d3c42e5aac5ba805825da76410c181273ba90b1	2026-10-04T00:12:07.0164667Z [command]/usr/bin/git config --file /home/runner/work/_temp/git-credentials-f5e9408b-7643-4188-92b5-93a013014e79.config http.https://github.com/.extraheader AUTHORIZATION: basic ***
test	Run actions/checkout@3d3c42e5aac5ba805825da76410c181273ba90b1	2026-10-04T00:12:07.0199966Z [command]/usr/bin/git config --local includeIf.gitdir:/home/runner/work/weir/weir/.git.path /home/runner/work/_temp/git-credentials-f5e9408b-7643-4188-92b5-93a013014e79.config
test	Run actions/checkout@3d3c42e5aac5ba805825da76410c181273ba90b1	2026-10-04T00:12:07.0229339Z [command]/usr/bin/git config --local includeIf.gitdir:/home/runner/work/weir/weir/.git/worktrees/*.path /home/runner/work/_temp/git-credentials-f5e9408b-7643-4188-92b5-93a013014e79.config
test	Run actions/checkout@3d3c42e5aac5ba805825da76410c181273ba90b1	2026-10-04T00:12:07.0260832Z [command]/usr/bin/git config --local includeIf.gitdir:/github/workspace/.git.path /github/runner_temp/git-credentials-f5e9408b-7643-4188-92b5-93a013014e79.config
test	Run actions/checkout@3d3c42e5aac5ba805825da76410c181273ba90b1	2026-10-04T00:12:07.0289150Z [command]/usr/bin/git config --local includeIf.gitdir:/github/workspace/.git/worktrees/*.path /github/runner_temp/git-credentials-f5e9408b-7643-4188-92b5-93a013014e79.config
test	Run actions/checkout@3d3c42e5aac5ba805825da76410c181273ba90b1	2026-10-04T00:12:07.0315563Z ##[endgroup]
test	Run actions/checkout@3d3c42e5aac5ba805825da76410c181273ba90b1	2026-10-04T00:12:07.0316044Z ##[group]Fetching the repository
test	Run actions/checkout@3d3c42e5aac5ba805825da76410c181273ba90b1	2026-10-04T00:12:07.0319730Z [command]/usr/bin/git -c protocol.version=2 fetch --no-tags --prune --no-recurse-submodules --depth=1 origin 660b89d588568a4fb1b5987bd924aaa734e61734
test	Run actions/checkout@3d3c42e5aac5ba805825da76410c181273ba90b1	2026-10-04T00:12:08.7313356Z From https://github.com/batchstream/weir
test	Run actions/checkout@3d3c42e5aac5ba805825da76410c181273ba90b1	2026-10-04T00:12:08.7314707Z  * branch            660b89d588568a4fb1b5987bd924aaa734e61734 -> FETCH_HEAD
test	Run actions/checkout@3d3c42e5aac5ba805825da76410c181273ba90b1	2026-10-04T00:12:08.7327862Z [command]/usr/bin/git rev-parse --verify --quiet 660b89d588568a4fb1b5987bd924aaa734e61734^{object}
test	Run actions/checkout@3d3c42e5aac5ba805825da76410c181273ba90b1	2026-10-04T00:12:08.7345446Z 660b89d588568a4fb1b5987bd924aaa734e61734
test	Run actions/checkout@3d3c42e5aac5ba805825da76410c181273ba90b1	2026-10-04T00:12:08.7350115Z ##[endgroup]
test	Run actions/checkout@3d3c42e5aac5ba805825da76410c181273ba90b1	2026-10-04T00:12:08.7351221Z ##[group]Determining the checkout info
test	Run actions/checkout@3d3c42e5aac5ba805825da76410c181273ba90b1	2026-10-04T00:12:08.7352369Z ##[endgroup]
test	Run actions/checkout@3d3c42e5aac5ba805825da76410c181273ba90b1	2026-10-04T00:12:08.7352957Z [command]/usr/bin/git sparse-checkout disable
test	Run actions/checkout@3d3c42e5aac5ba805825da76410c181273ba90b1	2026-10-04T00:12:08.7604084Z [command]/usr/bin/git config --local --unset-all extensions.worktreeConfig
test	Run actions/checkout@3d3c42e5aac5ba805825da76410c181273ba90b1	2026-10-04T00:12:08.7700888Z ##[group]Checking out the ref
test	Run actions/checkout@3d3c42e5aac5ba805825da76410c181273ba90b1	2026-10-04T00:12:08.7703579Z [command]/usr/bin/git checkout --progress --force 660b89d588568a4fb1b5987bd924aaa734e61734
test	Run actions/checkout@3d3c42e5aac5ba805825da76410c181273ba90b1	2026-10-04T00:12:08.9192903Z Note: switching to '660b89d588568a4fb1b5987bd924aaa734e61734'.
test	Run actions/checkout@3d3c42e5aac5ba805825da76410c181273ba90b1	2026-10-04T00:12:08.9193899Z 
test	Run actions/checkout@3d3c42e5aac5ba805825da76410c181273ba90b1	2026-10-04T00:12:08.9194370Z You are in 'detached HEAD' state. You can look around, make experimental
test	Run actions/checkout@3d3c42e5aac5ba805825da76410c181273ba90b1	2026-10-04T00:12:08.9195528Z changes and commit them, and you can discard any commits you make in this
test	Run actions/checkout@3d3c42e5aac5ba805825da76410c181273ba90b1	2026-10-04T00:12:08.9197520Z state without impacting any branches by switching back to a branch.
test	Run actions/checkout@3d3c42e5aac5ba805825da76410c181273ba90b1	2026-10-04T00:12:08.9198242Z 
test	Run actions/checkout@3d3c42e5aac5ba805825da76410c181273ba90b1	2026-10-04T00:12:08.9198772Z If you want to create a new branch to retain commits you create, you may
test	Run actions/checkout@3d3c42e5aac5ba805825da76410c181273ba90b1	2026-10-04T00:12:08.9200048Z do so (now or later) by using -c with the switch command. Example:
test	Run actions/checkout@3d3c42e5aac5ba805825da76410c181273ba90b1	2026-10-04T00:12:08.9200770Z 
test	Run actions/checkout@3d3c42e5aac5ba805825da76410c181273ba90b1	2026-10-04T00:12:08.9201110Z   git switch -c <new-branch-name>
test	Run actions/checkout@3d3c42e5aac5ba805825da76410c181273ba90b1	2026-10-04T00:12:08.9201699Z 
test	Run actions/checkout@3d3c42e5aac5ba805825da76410c181273ba90b1	2026-10-04T00:12:08.9202053Z Or undo this operation with:
test	Run actions/checkout@3d3c42e5aac5ba805825da76410c181273ba90b1	2026-10-04T00:12:08.9202537Z 
test	Run actions/checkout@3d3c42e5aac5ba805825da76410c181273ba90b1	2026-10-04T00:12:08.9202846Z   git switch -
test	Run actions/checkout@3d3c42e5aac5ba805825da76410c181273ba90b1	2026-10-04T00:12:08.9203245Z 
test	Run actions/checkout@3d3c42e5aac5ba805825da76410c181273ba90b1	2026-10-04T00:12:08.9204042Z Turn off this advice by setting config variable advice.detachedHead to false
test	Run actions/checkout@3d3c42e5aac5ba805825da76410c181273ba90b1	2026-10-04T00:12:08.9204893Z 
test	Run actions/checkout@3d3c42e5aac5ba805825da76410c181273ba90b1	2026-10-04T00:12:08.9205852Z HEAD is now at 660b89d Merge 4713a5cf319986ae4270e8ac2760e6ff7b3f0684 into d70cde37e71bdab7dc08431e308d2fc07dc439fb
test	Run actions/checkout@3d3c42e5aac5ba805825da76410c181273ba90b1	2026-10-04T00:12:08.9219494Z ##[endgroup]
test	Run actions/checkout@3d3c42e5aac5ba805825da76410c181273ba90b1	2026-10-04T00:12:08.9267156Z [command]/usr/bin/git log -1 --format=%H
test	Run actions/checkout@3d3c42e5aac5ba805825da76410c181273ba90b1	2026-10-04T00:12:08.9291322Z 660b89d588568a4fb1b5987bd924aaa734e61734
test	Run actions/checkout@3d3c42e5aac5ba805825da76410c181273ba90b1	2026-10-04T00:12:08.9299133Z ##[group]Removing auth
test	Run actions/checkout@3d3c42e5aac5ba805825da76410c181273ba90b1	2026-10-04T00:12:08.9299951Z Removing SSH command configuration
test	Run actions/checkout@3d3c42e5aac5ba805825da76410c181273ba90b1	2026-10-04T00:12:08.9301680Z [command]/usr/bin/git config --local --name-only --get-regexp core\.sshCommand
test	Run actions/checkout@3d3c42e5aac5ba805825da76410c181273ba90b1	2026-10-04T00:12:08.9334586Z [command]/usr/bin/git submodule foreach --recursive sh -c "git config --local --name-only --get-regexp 'core\.sshCommand' && git config --local --unset-all 'core.sshCommand' || :"
test	Run actions/checkout@3d3c42e5aac5ba805825da76410c181273ba90b1	2026-10-04T00:12:08.9523223Z Removing HTTP extra header
test	Run actions/checkout@3d3c42e5aac5ba805825da76410c181273ba90b1	2026-10-04T00:12:08.9524024Z [command]/usr/bin/git config --local --name-only --get-regexp http\.https\:\/\/github\.com\/\.extraheader
test	Run actions/checkout@3d3c42e5aac5ba805825da76410c181273ba90b1	2026-10-04T00:12:08.9565821Z [command]/usr/bin/git submodule foreach --recursive sh -c "git config --local --name-only --get-regexp 'http\.https\:\/\/github\.com\/\.extraheader' && git config --local --unset-all 'http.https://github.com/.extraheader' || :"
test	Run actions/checkout@3d3c42e5aac5ba805825da76410c181273ba90b1	2026-10-04T00:12:08.9733855Z Removing includeIf entries pointing to credentials config files
test	Run actions/checkout@3d3c42e5aac5ba805825da76410c181273ba90b1	2026-10-04T00:12:08.9734292Z [command]/usr/bin/git config --local --name-only --get-regexp ^includeIf\.gitdir:
test	Run actions/checkout@3d3c42e5aac5ba805825da76410c181273ba90b1	2026-10-04T00:12:08.9760694Z includeif.gitdir:/home/runner/work/weir/weir/.git.path
test	Run actions/checkout@3d3c42e5aac5ba805825da76410c181273ba90b1	2026-10-04T00:12:08.9761200Z includeif.gitdir:/home/runner/work/weir/weir/.git/worktrees/*.path
test	Run actions/checkout@3d3c42e5aac5ba805825da76410c181273ba90b1	2026-10-04T00:12:08.9761495Z includeif.gitdir:/github/workspace/.git.path
test	Run actions/checkout@3d3c42e5aac5ba805825da76410c181273ba90b1	2026-10-04T00:12:08.9761714Z includeif.gitdir:/github/workspace/.git/worktrees/*.path
test	Run actions/checkout@3d3c42e5aac5ba805825da76410c181273ba90b1	2026-10-04T00:12:08.9767604Z [command]/usr/bin/git config --local --get-all includeif.gitdir:/home/runner/work/weir/weir/.git.path
test	Run actions/checkout@3d3c42e5aac5ba805825da76410c181273ba90b1	2026-10-04T00:12:08.9788803Z /home/runner/work/_temp/git-credentials-f5e9408b-7643-4188-92b5-93a013014e79.config
test	Run actions/checkout@3d3c42e5aac5ba805825da76410c181273ba90b1	2026-10-04T00:12:08.9795341Z [command]/usr/bin/git config --local --unset includeif.gitdir:/home/runner/work/weir/weir/.git.path \/home\/runner\/work\/_temp\/git\-credentials\-f5e9408b\-7643\-4188\-92b5\-93a013014e79\.config
test	Run actions/checkout@3d3c42e5aac5ba805825da76410c181273ba90b1	2026-10-04T00:12:08.9835409Z [command]/usr/bin/git config --local --get-all includeif.gitdir:/home/runner/work/weir/weir/.git/worktrees/*.path
test	Run actions/checkout@3d3c42e5aac5ba805825da76410c181273ba90b1	2026-10-04T00:12:08.9864556Z /home/runner/work/_temp/git-credentials-f5e9408b-7643-4188-92b5-93a013014e79.config
test	Run actions/checkout@3d3c42e5aac5ba805825da76410c181273ba90b1	2026-10-04T00:12:08.9870331Z [command]/usr/bin/git config --local --unset includeif.gitdir:/home/runner/work/weir/weir/.git/worktrees/*.path \/home\/runner\/work\/_temp\/git\-credentials\-f5e9408b\-7643\-4188\-92b5\-93a013014e79\.config
test	Run actions/checkout@3d3c42e5aac5ba805825da76410c181273ba90b1	2026-10-04T00:12:08.9901163Z [command]/usr/bin/git config --local --get-all includeif.gitdir:/github/workspace/.git.path
test	Run actions/checkout@3d3c42e5aac5ba805825da76410c181273ba90b1	2026-10-04T00:12:08.9923076Z /github/runner_temp/git-credentials-f5e9408b-7643-4188-92b5-93a013014e79.config
test	Run actions/checkout@3d3c42e5aac5ba805825da76410c181273ba90b1	2026-10-04T00:12:08.9926742Z [command]/usr/bin/git config --local --unset includeif.gitdir:/github/workspace/.git.path \/github\/runner_temp\/git\-credentials\-f5e9408b\-7643\-4188\-92b5\-93a013014e79\.config
test	Run actions/checkout@3d3c42e5aac5ba805825da76410c181273ba90b1	2026-10-04T00:12:08.9999806Z [command]/usr/bin/git config --local --get-all includeif.gitdir:/github/workspace/.git/worktrees/*.path
test	Run actions/checkout@3d3c42e5aac5ba805825da76410c181273ba90b1	2026-10-04T00:12:09.0049190Z /github/runner_temp/git-credentials-f5e9408b-7643-4188-92b5-93a013014e79.config
test	Run actions/checkout@3d3c42e5aac5ba805825da76410c181273ba90b1	2026-10-04T00:12:09.0063966Z [command]/usr/bin/git config --local --unset includeif.gitdir:/github/workspace/.git/worktrees/*.path \/github\/runner_temp\/git\-credentials\-f5e9408b\-7643\-4188\-92b5\-93a013014e79\.config
test	Run actions/checkout@3d3c42e5aac5ba805825da76410c181273ba90b1	2026-10-04T00:12:09.0606021Z [command]/usr/bin/git submodule foreach --recursive git config --local --show-origin --name-only --get-regexp remote.origin.url
test	Run actions/checkout@3d3c42e5aac5ba805825da76410c181273ba90b1	2026-10-04T00:12:09.0779659Z Removing credentials config '/home/runner/work/_temp/git-credentials-f5e9408b-7643-4188-92b5-93a013014e79.config'
test	Run actions/checkout@3d3c42e5aac5ba805825da76410c181273ba90b1	2026-10-04T00:12:09.0788376Z ##[endgroup]
test	Prepare fixed native SDK and public modules	﻿2026-10-04T00:12:09.0940568Z ##[group]Run python3 scripts/ci-tools.py test
test	Prepare fixed native SDK and public modules	2026-10-04T00:12:09.0940902Z [36;1mpython3 scripts/ci-tools.py test[0m
test	Prepare fixed native SDK and public modules	2026-10-04T00:12:09.1191935Z shell: /usr/bin/bash --noprofile --norc -e -o pipefail {0}
test	Prepare fixed native SDK and public modules	2026-10-04T00:12:09.1192226Z env:
test	Prepare fixed native SDK and public modules	2026-10-04T00:12:09.1192378Z   GOENV: off
test	Prepare fixed native SDK and public modules	2026-10-04T00:12:09.1192517Z   GOWORK: off
test	Prepare fixed native SDK and public modules	2026-10-04T00:12:09.1192662Z   GOTOOLCHAIN: local
test	Prepare fixed native SDK and public modules	2026-10-04T00:12:09.1192822Z   GOFLAGS: -mod=readonly
test	Prepare fixed native SDK and public modules	2026-10-04T00:12:09.1192978Z   GOPROXY: off
test	Prepare fixed native SDK and public modules	2026-10-04T00:12:09.1193115Z   GOSUMDB: off
test	Prepare fixed native SDK and public modules	2026-10-04T00:12:09.1193269Z   PYTHONDONTWRITEBYTECODE: 1
test	Prepare fixed native SDK and public modules	2026-10-04T00:12:09.1193445Z ##[endgroup]
test	Prepare fixed native SDK and public modules	2026-10-04T00:12:09.3335022Z   % Total    % Received % Xferd  Average Speed   Time    Time     Time  Current
test	Prepare fixed native SDK and public modules	2026-10-04T00:12:09.3335674Z                                  Dload  Upload   Total   Spent    Left  Speed
test	Prepare fixed native SDK and public modules	2026-10-04T00:12:09.3335901Z 
test	Prepare fixed native SDK and public modules	2026-10-04T00:12:09.4660002Z   0     0    0     0    0     0      0      0 --:--:-- --:--:-- --:--:--     0
test	Prepare fixed native SDK and public modules	2026-10-04T00:12:09.4660691Z 100    75  100    75    0     0    565      0 --:--:-- --:--:-- --:--:--   568
test	Prepare fixed native SDK and public modules	2026-10-04T00:12:09.9225431Z 
test	Prepare fixed native SDK and public modules	2026-10-04T00:12:10.1527523Z  24 67.2M   24 16.3M    0     0  27.7M      0  0:00:02 --:--:--  0:00:02 27.7M
test	Prepare fixed native SDK and public modules	2026-10-04T00:12:10.1529267Z 100 67.2M  100 67.2M    0     0  82.1M      0 --:--:-- --:--:-- --:--:--  221M
test	Prepare fixed native SDK and public modules	2026-10-04T00:12:12.9926837Z go version go1.27.1 linux/amd64
test	Prepare fixed native SDK and public modules	2026-10-04T00:12:17.9333307Z all modules verified
test	Prepare fixed native SDK and public modules	2026-10-04T00:12:17.9586057Z CI_ENVIRONMENT={"architecture": "amd64", "image_os": "ubuntu24", "image_version": "20260927.320.1", "kernel": "6.17.0-1022-azure", "logical_cpus": 4, "machine": "x86_64", "memory_bytes": 16766414848, "pins": {"buildkit": {"image": "docker.io/moby/buildkit@sha256:6c2fa84a6b61ccd72899dde4239f8d5717f05f9a8ca6f3cad185fb1a95a94de3", "version": "v0.33.0"}, "buildx": {"linux-amd64": {"sha256": "9447199cdb435f25880548343c128a4b6650e8891ee598905d8d29d39a8e359b", "url": "https://github.com/docker/buildx/releases/download/v0.37.1/buildx-v0.37.1.linux-amd64"}, "version": "v0.37.1"}, "checkout": {"commit": "3d3c42e5aac5ba805825da76410c181273ba90b1", "version": "v7.0.1"}, "go": {"amd64": {"sha256": "63d339f0da5ab53635a56f2490a7984dfe12dfcff22ad749f63edaf590168445", "url": "https://go.dev/dl/go1.27.1.linux-amd64.tar.gz"}}, "regctl": {"linux-amd64": {"sha256": "8e0e62a497fcdb8048d18aa927a139613176ba0531f412bc541044e28f9856bd", "url": "https://github.com/regclient/regclient/releases/download/v0.11.6/regctl-linux-amd64"}, "version": "v0.11.6"}}, "run_id": "37164204090", "runner_arch": "X64", "runner_name": "GitHub Actions 1000003687", "source": "660b89d588568a4fb1b5987bd924aaa734e61734"}
test	Native CGO0 default tests	﻿2026-10-04T00:12:17.9972307Z ##[group]Run python3 scripts/check_dependencies.py
test	Native CGO0 default tests	2026-10-04T00:12:17.9972578Z [36;1mpython3 scripts/check_dependencies.py[0m
test	Native CGO0 default tests	2026-10-04T00:12:17.9972806Z [36;1mCGO_ENABLED=0 timeout 12m go test -count=1 -timeout=180s ./...[0m
test	Native CGO0 default tests	2026-10-04T00:12:18.0031135Z shell: /usr/bin/bash --noprofile --norc -e -o pipefail {0}
test	Native CGO0 default tests	2026-10-04T00:12:18.0031352Z env:
test	Native CGO0 default tests	2026-10-04T00:12:18.0031466Z   GOENV: off
test	Native CGO0 default tests	2026-10-04T00:12:18.0031576Z   GOWORK: off
test	Native CGO0 default tests	2026-10-04T00:12:18.0031693Z   GOTOOLCHAIN: local
test	Native CGO0 default tests	2026-10-04T00:12:18.0031827Z   GOFLAGS: -mod=readonly
test	Native CGO0 default tests	2026-10-04T00:12:18.0032012Z   GOPROXY: off
test	Native CGO0 default tests	2026-10-04T00:12:18.0032123Z   GOSUMDB: off
test	Native CGO0 default tests	2026-10-04T00:12:18.0032245Z   PYTHONDONTWRITEBYTECODE: 1
test	Native CGO0 default tests	2026-10-04T00:12:18.0032400Z   GOROOT: /home/runner/work/weir/weir/.tools/ci/go
test	Native CGO0 default tests	2026-10-04T00:12:18.0032597Z   GOMODCACHE: /home/runner/work/weir/weir/.tools/ci/modules
test	Native CGO0 default tests	2026-10-04T00:12:18.0032774Z   GOEXPERIMENT: 
test	Native CGO0 default tests	2026-10-04T00:12:18.0032909Z ##[endgroup]
test	Native CGO0 default tests	2026-10-04T00:12:18.6328990Z One-way project module graph and SDK-free server binary verified
test	Native CGO0 default tests	2026-10-04T00:12:46.5126952Z ok  	github.com/batchstream/weir/cmd/weir	9.335s
test	Native CGO0 default tests	2026-10-04T00:12:46.5127484Z ok  	github.com/batchstream/weir/deploy/kubernetes	0.004s
test	Native CGO0 default tests	2026-10-04T00:12:46.5127882Z ok  	github.com/batchstream/weir/internal/api/peer/v1	0.003s
test	Native CGO0 default tests	2026-10-04T00:12:46.5128240Z ok  	github.com/batchstream/weir/internal/app	4.988s
test	Native CGO0 default tests	2026-10-04T00:12:46.5132116Z ok  	github.com/batchstream/weir/internal/backend/mongodb	4.015s
test	Native CGO0 default tests	2026-10-04T00:12:51.0876053Z ok  	github.com/batchstream/weir/internal/backend/search	12.177s
test	Native CGO0 default tests	2026-10-04T00:12:51.0876787Z ok  	github.com/batchstream/weir/internal/backend/targetcache	0.022s
test	Native CGO0 default tests	2026-10-04T00:12:51.0877088Z ok  	github.com/batchstream/weir/internal/directory	1.018s
test	Native CGO0 default tests	2026-10-04T00:12:51.0878524Z ok  	github.com/batchstream/weir/internal/execution	0.046s
test	Native CGO0 default tests	2026-10-04T00:12:51.0878910Z ok  	github.com/batchstream/weir/internal/luaengine	0.725s
test	Native CGO0 default tests	2026-10-04T00:12:51.0879278Z ok  	github.com/batchstream/weir/internal/overload	0.390s
test	Native CGO0 default tests	2026-10-04T00:12:51.0879494Z ok  	github.com/batchstream/weir/internal/protowire	0.002s
test	Native CGO0 default tests	2026-10-04T00:12:52.5076589Z ok  	github.com/batchstream/weir/internal/server	7.256s
test	Native CGO0 default tests	2026-10-04T00:12:52.5076915Z ok  	github.com/batchstream/weir/internal/store	0.093s
test	Native CGO0 default tests	2026-10-04T00:12:52.5077119Z ok  	github.com/batchstream/weir/internal/testutil	0.020s
test	Native CGO0 default tests	2026-10-04T00:13:00.7647439Z ok  	github.com/batchstream/weir/internal/testutil/testcapacity	14.366s
test	Native CGO0 default tests	2026-10-04T00:13:00.7647966Z ok  	github.com/batchstream/weir/internal/testutil/testdns	0.074s
test	Native CGO0 default tests	2026-10-04T00:13:00.7648397Z ?   	github.com/batchstream/weir/internal/testutil/testmetrics	[no test files]
test	Native CGO0 default tests	2026-10-04T00:13:00.7648785Z ok  	github.com/batchstream/weir/internal/testutil/testmongo	0.004s
test	Native CGO0 default tests	2026-10-04T00:13:00.7649215Z ?   	github.com/batchstream/weir/internal/testutil/testrecords	[no test files]
test	Native CGO0 default tests	2026-10-04T00:13:00.7649606Z ok  	github.com/batchstream/weir/internal/testutil/testresource	0.002s
test	Native CGO0 default tests	2026-10-04T00:13:00.7649968Z ok  	github.com/batchstream/weir/internal/value	0.002s
test	Native CGO1 race tests	﻿2026-10-04T00:13:01.0925424Z ##[group]Run CGO_ENABLED=1 timeout 12m go test -race -count=1 -timeout=180s ./...
test	Native CGO1 race tests	2026-10-04T00:13:01.0925755Z [36;1mCGO_ENABLED=1 timeout 12m go test -race -count=1 -timeout=180s ./...[0m
test	Native CGO1 race tests	2026-10-04T00:13:01.0978186Z shell: /usr/bin/bash --noprofile --norc -e -o pipefail {0}
test	Native CGO1 race tests	2026-10-04T00:13:01.0978387Z env:
test	Native CGO1 race tests	2026-10-04T00:13:01.0978495Z   GOENV: off
test	Native CGO1 race tests	2026-10-04T00:13:01.0978601Z   GOWORK: off
test	Native CGO1 race tests	2026-10-04T00:13:01.0978711Z   GOTOOLCHAIN: local
test	Native CGO1 race tests	2026-10-04T00:13:01.0978835Z   GOFLAGS: -mod=readonly
test	Native CGO1 race tests	2026-10-04T00:13:01.0979128Z   GOPROXY: off
test	Native CGO1 race tests	2026-10-04T00:13:01.0979230Z   GOSUMDB: off
test	Native CGO1 race tests	2026-10-04T00:13:01.0979344Z   PYTHONDONTWRITEBYTECODE: 1
test	Native CGO1 race tests	2026-10-04T00:13:01.0979498Z   GOROOT: /home/runner/work/weir/weir/.tools/ci/go
test	Native CGO1 race tests	2026-10-04T00:13:01.0979691Z   GOMODCACHE: /home/runner/work/weir/weir/.tools/ci/modules
test	Native CGO1 race tests	2026-10-04T00:13:01.0979862Z   GOEXPERIMENT: 
test	Native CGO1 race tests	2026-10-04T00:13:01.0979975Z ##[endgroup]
test	Native CGO1 race tests	2026-10-04T00:13:43.0128138Z ok  	github.com/batchstream/weir/cmd/weir	14.578s
test	Native CGO1 race tests	2026-10-04T00:13:43.0147872Z ok  	github.com/batchstream/weir/deploy/kubernetes	1.021s
test	Native CGO1 race tests	2026-10-04T00:13:43.0176937Z ok  	github.com/batchstream/weir/internal/api/peer/v1	1.009s
test	Native CGO1 race tests	2026-10-04T00:13:43.0196985Z ok  	github.com/batchstream/weir/internal/app	6.491s
test	Native CGO1 race tests	2026-10-04T00:13:43.0212432Z ok  	github.com/batchstream/weir/internal/backend/mongodb	6.162s
test	Native CGO1 race tests	2026-10-04T00:13:47.4636010Z ok  	github.com/batchstream/weir/internal/backend/search	16.510s
test	Native CGO1 race tests	2026-10-04T00:13:47.4636605Z ok  	github.com/batchstream/weir/internal/backend/targetcache	1.026s
test	Native CGO1 race tests	2026-10-04T00:13:47.4637003Z ok  	github.com/batchstream/weir/internal/directory	2.072s
test	Native CGO1 race tests	2026-10-04T00:13:47.4637333Z ok  	github.com/batchstream/weir/internal/execution	1.175s
test	Native CGO1 race tests	2026-10-04T00:13:47.4637636Z ok  	github.com/batchstream/weir/internal/luaengine	1.739s
test	Native CGO1 race tests	2026-10-04T00:13:47.4637947Z ok  	github.com/batchstream/weir/internal/overload	1.404s
test	Native CGO1 race tests	2026-10-04T00:13:47.4638260Z ok  	github.com/batchstream/weir/internal/protowire	1.007s
test	Native CGO1 race tests	2026-10-04T00:13:52.5018974Z ok  	github.com/batchstream/weir/internal/server	10.153s
test	Native CGO1 race tests	2026-10-04T00:13:52.5019487Z ok  	github.com/batchstream/weir/internal/store	1.306s
test	Native CGO1 race tests	2026-10-04T00:13:52.5019800Z ok  	github.com/batchstream/weir/internal/testutil	1.073s
test	Native CGO1 race tests	2026-10-04T00:14:04.5151801Z ok  	github.com/batchstream/weir/internal/testutil/testcapacity	18.701s
test	Native CGO1 race tests	2026-10-04T00:14:04.5152352Z ok  	github.com/batchstream/weir/internal/testutil/testdns	1.059s
test	Native CGO1 race tests	2026-10-04T00:14:04.5152616Z ?   	github.com/batchstream/weir/internal/testutil/testmetrics	[no test files]
test	Native CGO1 race tests	2026-10-04T00:14:04.5153037Z ok  	github.com/batchstream/weir/internal/testutil/testmongo	1.010s
test	Native CGO1 race tests	2026-10-04T00:14:04.8433961Z ?   	github.com/batchstream/weir/internal/testutil/testrecords	[no test files]
test	Native CGO1 race tests	2026-10-04T00:14:04.8434316Z ok  	github.com/batchstream/weir/internal/testutil/testresource	1.006s
test	Native CGO1 race tests	2026-10-04T00:14:04.8434546Z ok  	github.com/batchstream/weir/internal/value	1.007s
test	Static vet and isolated helper regressions	﻿2026-10-04T00:14:04.8483771Z ##[group]Run CGO_ENABLED=0 go vet ./...
test	Static vet and isolated helper regressions	2026-10-04T00:14:04.8483999Z [36;1mCGO_ENABLED=0 go vet ./...[0m
test	Static vet and isolated helper regressions	2026-10-04T00:14:04.8484172Z [36;1mCGO_ENABLED=0 go vet -tags=integration ./...[0m
test	Static vet and isolated helper regressions	2026-10-04T00:14:04.8484491Z [36;1mCGO_ENABLED=1 go test -race -tags=integration -count=1 -timeout=180s ./internal/testutil/testcapacity[0m
test	Static vet and isolated helper regressions	2026-10-04T00:14:04.8484777Z [36;1mmkdir "$RUNNER_TEMP/weir-completion"[0m
test	Static vet and isolated helper regressions	2026-10-04T00:14:04.8485026Z [36;1mexport WEIR_COMPLETION_TEST_BINARY="$RUNNER_TEMP/weir-completion/testcapacity.test"[0m
test	Static vet and isolated helper regressions	2026-10-04T00:14:04.8485394Z [36;1mCGO_ENABLED=0 go test -c -tags=integration -o "$WEIR_COMPLETION_TEST_BINARY" ./internal/testutil/testcapacity[0m
test	Static vet and isolated helper regressions	2026-10-04T00:14:04.8485729Z [36;1mpython3 -m unittest discover -v -s scripts -p '*_test.py'[0m
test	Static vet and isolated helper regressions	2026-10-04T00:14:04.8485967Z [36;1mpython3 -O -m unittest discover -v -s scripts -p '*_test.py'[0m
test	Static vet and isolated helper regressions	2026-10-04T00:14:04.8486574Z [36;1mgit diff --exit-code[0m
test	Static vet and isolated helper regressions	2026-10-04T00:14:04.8538982Z shell: /usr/bin/bash --noprofile --norc -e -o pipefail {0}
test	Static vet and isolated helper regressions	2026-10-04T00:14:04.8539228Z env:
test	Static vet and isolated helper regressions	2026-10-04T00:14:04.8539333Z   GOENV: off
test	Static vet and isolated helper regressions	2026-10-04T00:14:04.8539445Z   GOWORK: off
test	Static vet and isolated helper regressions	2026-10-04T00:14:04.8539555Z   GOTOOLCHAIN: local
test	Static vet and isolated helper regressions	2026-10-04T00:14:04.8539678Z   GOFLAGS: -mod=readonly
test	Static vet and isolated helper regressions	2026-10-04T00:14:04.8539795Z   GOPROXY: off
test	Static vet and isolated helper regressions	2026-10-04T00:14:04.8539899Z   GOSUMDB: off
test	Static vet and isolated helper regressions	2026-10-04T00:14:04.8540012Z   PYTHONDONTWRITEBYTECODE: 1
test	Static vet and isolated helper regressions	2026-10-04T00:14:04.8540168Z   GOROOT: /home/runner/work/weir/weir/.tools/ci/go
test	Static vet and isolated helper regressions	2026-10-04T00:14:04.8540363Z   GOMODCACHE: /home/runner/work/weir/weir/.tools/ci/modules
test	Static vet and isolated helper regressions	2026-10-04T00:14:04.8540535Z   GOEXPERIMENT: 
test	Static vet and isolated helper regressions	2026-10-04T00:14:04.8540652Z ##[endgroup]
test	Static vet and isolated helper regressions	2026-10-04T00:14:31.6062937Z ok  	github.com/batchstream/weir/internal/testutil/testcapacity	18.590s
test	Static vet and isolated helper regressions	2026-10-04T00:14:33.1159252Z test_auxiliary_process_query_has_capture_bound (capacity_cleanup_test.BoundedChildren.test_auxiliary_process_query_has_capture_bound) ... ok
test	Static vet and isolated helper regressions	2026-10-04T00:14:33.1287033Z test_before_write_size_limit_and_cleanup_without_disk (capacity_cleanup_test.BoundedChildren.test_before_write_size_limit_and_cleanup_without_disk) ... ok
test	Static vet and isolated helper regressions	2026-10-04T00:14:33.1356980Z test_diagnostics_failure_does_not_skip_owned_removal (capacity_cleanup_test.BoundedChildren.test_diagnostics_failure_does_not_skip_owned_removal) ... ok
test	Static vet and isolated helper regressions	2026-10-04T00:14:33.2136595Z test_fast_continuous_nonzero_and_stderr_overflow (capacity_cleanup_test.BoundedChildren.test_fast_continuous_nonzero_and_stderr_overflow) ... ok
test	Static vet and isolated helper regressions	2026-10-04T00:14:33.5564405Z test_normal_nonzero_timeout_and_descendant_pipe (capacity_cleanup_test.BoundedChildren.test_normal_nonzero_timeout_and_descendant_pipe) ... ok
test	Static vet and isolated helper regressions	2026-10-04T00:14:35.5648888Z test_observation_failure_stops_active_command (capacity_cleanup_test.BoundedChildren.test_observation_failure_stops_active_command) ... ok
test	Static vet and isolated helper regressions	2026-10-04T00:14:35.5671961Z test_partial_create_uses_exact_owner_and_rejects_replacement (capacity_cleanup_test.BoundedChildren.test_partial_create_uses_exact_owner_and_rejects_replacement) ... ok
test	Static vet and isolated helper regressions	2026-10-04T00:14:35.8444705Z test_signals_stop_wait_local_process_group (capacity_cleanup_test.BoundedChildren.test_signals_stop_wait_local_process_group) ... ok
test	Static vet and isolated helper regressions	2026-10-04T00:14:37.1059766Z test_fixture_rejects_before_creating_root (capacity_cleanup_test.Optimized.test_fixture_rejects_before_creating_root) ... ok
test	Static vet and isolated helper regressions	2026-10-04T00:14:37.1061781Z test_fatal_evidence_never_downgrades (capacity_flow_test.Flow.test_fatal_evidence_never_downgrades) ... ok
test	Static vet and isolated helper regressions	2026-10-04T00:14:37.1064918Z test_insufficient_overload_or_bad_recovery_never_qualifies (capacity_flow_test.Flow.test_insufficient_overload_or_bad_recovery_never_qualifies) ... ok
test	Static vet and isolated helper regressions	2026-10-04T00:14:37.1068546Z test_no_candidate_and_confirmation_failure (capacity_flow_test.Flow.test_no_candidate_and_confirmation_failure) ... ok
test	Static vet and isolated helper regressions	2026-10-04T00:14:37.1070345Z test_one_fallback_then_success (capacity_flow_test.Flow.test_one_fallback_then_success) ... ok
test	Static vet and isolated helper regressions	2026-10-04T00:14:37.1071988Z test_success (capacity_flow_test.Flow.test_success) ... ok
test	Static vet and isolated helper regressions	2026-10-04T00:14:37.1144549Z test_boundary_and_interior_coverage (capacity_report_test.Evidence.test_boundary_and_interior_coverage) ... ok
test	Static vet and isolated helper regressions	2026-10-04T00:14:37.1213499Z test_complete_synthetic_evidence_can_pass (capacity_report_test.Evidence.test_complete_synthetic_evidence_can_pass) ... ok
test	Static vet and isolated helper regressions	2026-10-04T00:14:37.1596565Z test_hard_failures_are_fatal_even_during_overload (capacity_report_test.Evidence.test_hard_failures_are_fatal_even_during_overload) ... ok
test	Static vet and isolated helper regressions	2026-10-04T00:14:37.1921970Z test_metrics_fail_closed (capacity_report_test.Evidence.test_metrics_fail_closed) ... ok
test	Static vet and isolated helper regressions	2026-10-04T00:14:37.1951483Z test_resource_missing_nonfinite_reset_and_gap (capacity_report_test.Evidence.test_resource_missing_nonfinite_reset_and_gap) ... ok
test	Static vet and isolated helper regressions	2026-10-04T00:14:37.1952638Z test_exact_limit_plus_one_and_no_double_recovery_seed (capacity_report_test.MutationBudget.test_exact_limit_plus_one_and_no_double_recovery_seed) ... ok
test	Static vet and isolated helper regressions	2026-10-04T00:14:37.1953293Z test_partial_setup_receipt_and_killed_process_stay_accounted (capacity_report_test.MutationBudget.test_partial_setup_receipt_and_killed_process_stay_accounted) ... ok
test	Static vet and isolated helper regressions	2026-10-04T00:14:37.1954076Z test_local_replacements_cannot_hide_a_cycle (check_dependencies_test.DependencyTests.test_local_replacements_cannot_hide_a_cycle) ... ok
test	Static vet and isolated helper regressions	2026-10-04T00:14:37.1955459Z test_project_dependencies_use_specific_stable_releases (check_dependencies_test.DependencyTests.test_project_dependencies_use_specific_stable_releases) ... ok
test	Static vet and isolated helper regressions	2026-10-04T00:14:37.1956427Z test_reverse_edges_and_self_dependencies_are_rejected (check_dependencies_test.DependencyTests.test_reverse_edges_and_self_dependencies_are_rejected) ... ok
test	Static vet and isolated helper regressions	2026-10-04T00:14:37.1957163Z test_server_sdk_is_test_only (check_dependencies_test.DependencyTests.test_server_sdk_is_test_only) ... ok
test	Static vet and isolated helper regressions	2026-10-04T00:14:37.1958195Z test_server_sdk_protocol_form_a_dag (check_dependencies_test.DependencyTests.test_server_sdk_protocol_form_a_dag) ... ok
test	Static vet and isolated helper regressions	2026-10-04T00:14:37.1958679Z test_transitive_unused_and_test_edges_are_rejected (check_dependencies_test.DependencyTests.test_transitive_unused_and_test_edges_are_rejected) ... ok
test	Static vet and isolated helper regressions	2026-10-04T00:14:37.1968895Z test_anonymous_environment_has_no_inherited_auth (ci_images_test.DeliveryTests.test_anonymous_environment_has_no_inherited_auth) ... ok
test	Static vet and isolated helper regressions	2026-10-04T00:14:37.1986043Z test_completion_ci_refuses_missing_relative_or_nonexecutable_child (ci_images_test.DeliveryTests.test_completion_ci_refuses_missing_relative_or_nonexecutable_child) ... ok
test	Static vet and isolated helper regressions	2026-10-04T00:14:37.1991144Z test_existing_tag_never_overwritten_or_auth_failure_ignored (ci_images_test.DeliveryTests.test_existing_tag_never_overwritten_or_auth_failure_ignored) ... ok
test	Static vet and isolated helper regressions	2026-10-04T00:14:37.2032855Z test_oci_rejects_unapproved_content_and_identity (ci_images_test.DeliveryTests.test_oci_rejects_unapproved_content_and_identity) ... ok
test	Static vet and isolated helper regressions	2026-10-04T00:14:37.2036661Z test_snapshot_requires_self_identity_raw_fields_and_no_errors (ci_images_test.DeliveryTests.test_snapshot_requires_self_identity_raw_fields_and_no_errors) ... ok
test	Static vet and isolated helper regressions	2026-10-04T00:14:37.2038510Z test_workflow_builds_native_completion_child_before_both_python_modes (ci_images_test.DeliveryTests.test_workflow_builds_native_completion_child_before_both_python_modes) ... ok
test	Static vet and isolated helper regressions	2026-10-04T00:14:37.2040746Z test_workflow_discovers_all_offline_python_tests_in_both_modes (ci_images_test.DeliveryTests.test_workflow_discovers_all_offline_python_tests_in_both_modes) ... ok
test	Static vet and isolated helper regressions	2026-10-04T00:14:37.2066908Z test_archive_and_provenance_include_each_production_binary (compare_load_test.PairedComparison.test_archive_and_provenance_include_each_production_binary) ... ok
test	Static vet and isolated helper regressions	2026-10-04T00:14:37.2078588Z test_configured_client_queue_is_used_by_prewarm (compare_load_test.PairedComparison.test_configured_client_queue_is_used_by_prewarm) ... ok
test	Static vet and isolated helper regressions	2026-10-04T00:14:37.2088236Z test_diagnostic_prewarm_uses_adaptive_path (compare_load_test.PairedComparison.test_diagnostic_prewarm_uses_adaptive_path) ... ok
test	Static vet and isolated helper regressions	2026-10-04T00:14:37.2126009Z test_elasticsearch_rejects_untrusted_process_identifiers_before_client_start (compare_load_test.PairedComparison.test_elasticsearch_rejects_untrusted_process_identifiers_before_client_start) ... ok
test	Static vet and isolated helper regressions	2026-10-04T00:14:37.2149596Z test_entrypoints_share_config_routes_and_resource_limits (compare_load_test.PairedComparison.test_entrypoints_share_config_routes_and_resource_limits) ... ok
test	Static vet and isolated helper regressions	2026-10-04T00:14:37.2179541Z test_incomplete_paired_options_fail_before_fixture_creation (compare_load_test.PairedComparison.test_incomplete_paired_options_fail_before_fixture_creation) ... ok
test	Static vet and isolated helper regressions	2026-10-04T00:14:37.2193027Z test_invalid_client_queue_fails_before_fixture_creation (compare_load_test.PairedComparison.test_invalid_client_queue_fails_before_fixture_creation) ... ok
test	Static vet and isolated helper regressions	2026-10-04T00:14:37.2203570Z test_main_alternates_paired_trials_with_same_client (compare_load_test.PairedComparison.test_main_alternates_paired_trials_with_same_client) ... ok
test	Static vet and isolated helper regressions	2026-10-04T00:14:37.2214672Z test_main_passes_explicit_client_queue (compare_load_test.PairedComparison.test_main_passes_explicit_client_queue) ... ok
test	Static vet and isolated helper regressions	2026-10-04T00:14:37.2230983Z test_main_resolves_explicit_older_client_source (compare_load_test.PairedComparison.test_main_resolves_explicit_older_client_source) ... ok
test	Static vet and isolated helper regressions	2026-10-04T00:14:37.2234881Z test_memory_scales_with_full_unary_request_and_response_envelope (compare_load_test.PairedComparison.test_memory_scales_with_full_unary_request_and_response_envelope) ... ok
test	Static vet and isolated helper regressions	2026-10-04T00:14:37.2243330Z test_mongo_route_and_setup_use_the_same_owned_server (compare_load_test.PairedComparison.test_mongo_route_and_setup_use_the_same_owned_server) ... ok
test	Static vet and isolated helper regressions	2026-10-04T00:14:37.2266877Z test_provenance_hashes_imported_bytes_when_binary_paths_change_during_startup (compare_load_test.PairedComparison.test_provenance_hashes_imported_bytes_when_binary_paths_change_during_startup) ... ok
test	Static vet and isolated helper regressions	2026-10-04T00:14:37.2275892Z test_removed_collection_flag_is_rejected_before_fixture_creation (compare_load_test.PairedComparison.test_removed_collection_flag_is_rejected_before_fixture_creation) ... ok
test	Static vet and isolated helper regressions	2026-10-04T00:14:37.2279002Z test_resource_units_exclude_other_container_processes (compare_load_test.PairedComparison.test_resource_units_exclude_other_container_processes) ... ok
test	Static vet and isolated helper regressions	2026-10-04T00:14:37.2290040Z test_shared_prewarm_covers_both_production_paths_and_restores_cpu (compare_load_test.PairedComparison.test_shared_prewarm_covers_both_production_paths_and_restores_cpu) ... ok
test	Static vet and isolated helper regressions	2026-10-04T00:14:37.2290906Z test_nested_routing_and_quoted_scalar_values (config_yaml_test.ConfigurationYAML.test_nested_routing_and_quoted_scalar_values) ... ok
test	Static vet and isolated helper regressions	2026-10-04T00:14:37.2291673Z test_strings_escape_yaml_syntax_and_keep_empty_containers (config_yaml_test.ConfigurationYAML.test_strings_escape_yaml_syntax_and_keep_empty_containers) ... ok
test	Static vet and isolated helper regressions	2026-10-04T00:14:37.2292372Z test_unicode_is_written_without_json_surrogate_escapes (config_yaml_test.ConfigurationYAML.test_unicode_is_written_without_json_surrogate_escapes) ... ok
test	Static vet and isolated helper regressions	2026-10-04T00:14:37.2293050Z test_unsupported_values_are_rejected (config_yaml_test.ConfigurationYAML.test_unsupported_values_are_rejected) ... ok
test	Static vet and isolated helper regressions	2026-10-04T00:14:37.2293568Z test_yaml_line_breaks_and_control_characters_are_escaped (config_yaml_test.ConfigurationYAML.test_yaml_line_breaks_and_control_characters_are_escaped) ... ok
test	Static vet and isolated helper regressions	2026-10-04T00:14:37.2294513Z test_active_cpu_and_rss_exclude_idle_samples (connection_load_test.ConnectionLoadTests.test_active_cpu_and_rss_exclude_idle_samples) ... ok
test	Static vet and isolated helper regressions	2026-10-04T00:14:37.2295173Z test_budget_counts_each_store_heartbeat_and_termination (connection_load_test.ConnectionLoadTests.test_budget_counts_each_store_heartbeat_and_termination) ... ok
test	Static vet and isolated helper regressions	2026-10-04T00:14:37.2307191Z test_evidence_requires_processes_balanced_work_and_phase_coverage (connection_load_test.ConnectionLoadTests.test_evidence_requires_processes_balanced_work_and_phase_coverage) ... ok
test	Static vet and isolated helper regressions	2026-10-04T00:14:37.2308076Z test_executor_is_argv_not_shell (connection_load_test.ConnectionLoadTests.test_executor_is_argv_not_shell) ... ok
test	Static vet and isolated helper regressions	2026-10-04T00:14:37.2308666Z test_fixed_total_rate_and_nondivisible_distribution (connection_load_test.ConnectionLoadTests.test_fixed_total_rate_and_nondivisible_distribution) ... ok
test	Static vet and isolated helper regressions	2026-10-04T00:14:37.2315351Z test_fixture_configuration_uses_current_batch_fields_and_sufficient_memory (connection_load_test.ConnectionLoadTests.test_fixture_configuration_uses_current_batch_fields_and_sufficient_memory) ... ok
test	Static vet and isolated helper regressions	2026-10-04T00:14:37.2337050Z test_fixture_rejects_memory_shortfall_before_inventory_or_directory_creation (connection_load_test.ConnectionLoadTests.test_fixture_rejects_memory_shortfall_before_inventory_or_directory_creation) ... ok
test	Static vet and isolated helper regressions	2026-10-04T00:14:37.2337830Z test_raw_owner_bound_and_final_close_conservation (connection_load_test.ConnectionLoadTests.test_raw_owner_bound_and_final_close_conservation) ... ok
test	Static vet and isolated helper regressions	2026-10-04T00:14:38.7459048Z test_all_consumers_record_io_failure_and_cancel_close_owners (observer_completion_test.CompletionConsumers.test_all_consumers_record_io_failure_and_cancel_close_owners) ... ok
test	Static vet and isolated helper regressions	2026-10-04T00:14:38.7460268Z OWNER {"test": "observer_completion_test.CompletionConsumers.test_all_consumers_record_io_failure_and_cancel_close_owners", "pid": 20364, "exit": 0, "joined": true, "pipes_closed": true, "reaped": true}
test	Static vet and isolated helper regressions	2026-10-04T00:14:38.7461391Z OWNER {"test": "observer_completion_test.CompletionConsumers.test_all_consumers_record_io_failure_and_cancel_close_owners", "pid": 20365, "exit": 0, "joined": true, "pipes_closed": true, "reaped": true}
test	Static vet and isolated helper regressions	2026-10-04T00:14:38.7462507Z OWNER {"test": "observer_completion_test.CompletionConsumers.test_all_consumers_record_io_failure_and_cancel_close_owners", "pid": 20366, "exit": 0, "joined": true, "pipes_closed": true, "reaped": true}
test	Static vet and isolated helper regressions	2026-10-04T00:14:38.7463674Z OWNER {"test": "observer_completion_test.CompletionConsumers.test_all_consumers_record_io_failure_and_cancel_close_owners", "pid": 20367, "exit": 0, "joined": true, "pipes_closed": true, "reaped": true}
test	Static vet and isolated helper regressions	2026-10-04T00:14:38.7465101Z OWNER {"test": "observer_completion_test.CompletionConsumers.test_all_consumers_record_io_failure_and_cancel_close_owners", "pid": 20368, "exit": 0, "joined": true, "pipes_closed": true, "reaped": true}
test	Static vet and isolated helper regressions	2026-10-04T00:14:38.7466507Z OWNER {"test": "observer_completion_test.CompletionConsumers.test_all_consumers_record_io_failure_and_cancel_close_owners", "pid": 20369, "exit": 0, "joined": true, "pipes_closed": true, "reaped": true}
test	Static vet and isolated helper regressions	2026-10-04T00:14:38.9256293Z test_calibration_bad_stream_still_aborts_every_owner (observer_completion_test.CompletionConsumers.test_calibration_bad_stream_still_aborts_every_owner) ... ok
test	Static vet and isolated helper regressions	2026-10-04T00:14:38.9257446Z OWNER {"test": "observer_completion_test.CompletionConsumers.test_calibration_bad_stream_still_aborts_every_owner", "pid": 20371, "exit": 1, "joined": true, "pipes_closed": true, "reaped": true}
test	Static vet and isolated helper regressions	2026-10-04T00:14:38.9258520Z OWNER {"test": "observer_completion_test.CompletionConsumers.test_calibration_bad_stream_still_aborts_every_owner", "pid": 20379, "exit": 1, "joined": true, "pipes_closed": true, "reaped": true}
test	Static vet and isolated helper regressions	2026-10-04T00:14:39.0577322Z test_calibration_explicit_cancel_uses_nonzero_without_four_second_wait (observer_completion_test.CompletionConsumers.test_calibration_explicit_cancel_uses_nonzero_without_four_second_wait) ... ok
test	Static vet and isolated helper regressions	2026-10-04T00:14:39.0578593Z OWNER {"test": "observer_completion_test.CompletionConsumers.test_calibration_explicit_cancel_uses_nonzero_without_four_second_wait", "pid": 20387, "exit": 1, "joined": true, "pipes_closed": true, "reaped": true}
test	Static vet and isolated helper regressions	2026-10-04T00:14:41.0107823Z COMPLETION_BUDGET={"budget_seconds": 5, "eof": [true, true], "error": "observer exec did not stop/drain after stdin EOF", "exit": -15, "finished": 175.472673081, "first_record": 174.80840866, "joined": true, "pipes_closed": true, "producer_start_delay": 1.2, "receipt": {"eof_sent_monotonic": 175.470776313, "error": "observer exec did not stop/drain after stdin EOF", "outcome": "failed", "role": "weir", "validated_monotonic": 175.470540587}, "sample_clock": "synthetic 2s intervals, fixed terminal", "samples": 1350, "started": 173.586037636, "stops": [{"deadline": 178.586149274, "drain_deadline": 174.586149274, "entered": 175.470778246, "exit": -15, "global_remaining": 3.1153710279999984, "joined": true, "returned": 175.472446079, "stdin_closed": true, "stopped": 175.472163173}, {"deadline": 178.586149274, "drain_deadline": 174.586149274, "entered": 175.472452058, "exit": -15, "global_remaining": 3.11369721600002, "joined": true, "returned": 175.472456435, "stdin_closed": true, "stopped": 175.472163173}, {"deadline": 178.586149274, "drain_deadline": 174.586149274, "entered": 175.472534793, "exit": -15, "global_remaining": 3.1136144810000133, "joined": true, "returned": 175.472536265, "stdin_closed": true, "stopped": 175.472163173}], "terminal_received": 175.097966401}
test	Static vet and isolated helper regressions	2026-10-04T00:14:43.1903503Z COMPLETION_BUDGET={"both_eof": 177.567900842, "budget_seconds": 12, "eof": [true, true], "exit": 0, "finished": 177.652304099, "first_record": 176.783586117, "joined": true, "pipes_closed": true, "producer_start_delay": 1.2, "receipt": {"eof_sent_monotonic": 177.54732098, "exit": 0, "outcome": "complete", "role": "weir", "validated_monotonic": 177.547097463, "waited_monotonic": 177.598680068}, "sample_clock": "synthetic 2s intervals, fixed terminal", "samples": 1350, "started": 175.537327221, "stops": [{"deadline": 187.539314957, "drain_deadline": 181.547323553, "entered": 177.547323553, "exit": 0, "global_remaining": 9.991991403999975, "joined": true, "returned": 177.568381376, "stdin_closed": true, "stopped": 177.567991588}], "terminal_received": 177.164230255}
test	Static vet and isolated helper regressions	2026-10-04T00:14:43.2133561Z test_calibration_frozen_budget_preserves_old_window_counterexample (observer_completion_test.CompletionConsumers.test_calibration_frozen_budget_preserves_old_window_counterexample) ... ok
test	Static vet and isolated helper regressions	2026-10-04T00:14:43.2134785Z OWNER {"test": "observer_completion_test.CompletionConsumers.test_calibration_frozen_budget_preserves_old_window_counterexample", "pid": 20395, "exit": -15, "joined": true, "pipes_closed": true, "reaped": true}
test	Static vet and isolated helper regressions	2026-10-04T00:14:43.2136557Z OWNER {"test": "observer_completion_test.CompletionConsumers.test_calibration_frozen_budget_preserves_old_window_counterexample", "pid": 20396, "exit": 0, "joined": true, "pipes_closed": true, "reaped": true}
test	Static vet and isolated helper regressions	2026-10-04T00:15:14.8073324Z OWNER {"test": "observer_completion_test.CompletionConsumers.test_completion_and_calibration_reject_malformed_streams", "pid": 20397, "exit": 0, "joined": true, "pipes_closed": true, "reaped": true}
test	Static vet and isolated helper regressions	2026-10-04T00:15:14.8074565Z OWNER {"test": "observer_completion_test.CompletionConsumers.test_completion_and_calibration_reject_malformed_streams", "pid": 20398, "exit": 0, "joined": true, "pipes_closed": true, "reaped": true}
test	Static vet and isolated helper regressions	2026-10-04T00:15:14.8075575Z OWNER {"test": "observer_completion_test.CompletionConsumers.test_completion_and_calibration_reject_malformed_streams", "pid": 20399, "exit": 0, "joined": true, "pipes_closed": true, "reaped": true}
test	Static vet and isolated helper regressions	2026-10-04T00:15:14.8076735Z OWNER {"test": "observer_completion_test.CompletionConsumers.test_completion_and_calibration_reject_malformed_streams", "pid": 20400, "exit": 0, "joined": true, "pipes_closed": true, "reaped": true}
test	Static vet and isolated helper regressions	2026-10-04T00:15:14.8077764Z OWNER {"test": "observer_completion_test.CompletionConsumers.test_completion_and_calibration_reject_malformed_streams", "pid": 20401, "exit": 0, "joined": true, "pipes_closed": true, "reaped": true}
test	Static vet and isolated helper regressions	2026-10-04T00:15:14.8078787Z OWNER {"test": "observer_completion_test.CompletionConsumers.test_completion_and_calibration_reject_malformed_streams", "pid": 20402, "exit": 0, "joined": true, "pipes_closed": true, "reaped": true}
test	Static vet and isolated helper regressions	2026-10-04T00:15:14.8079809Z OWNER {"test": "observer_completion_test.CompletionConsumers.test_completion_and_calibration_reject_malformed_streams", "pid": 20403, "exit": 0, "joined": true, "pipes_closed": true, "reaped": true}
test	Static vet and isolated helper regressions	2026-10-04T00:15:14.8080889Z OWNER {"test": "observer_completion_test.CompletionConsumers.test_completion_and_calibration_reject_malformed_streams", "pid": 20404, "exit": 0, "joined": true, "pipes_closed": true, "reaped": true}
test	Static vet and isolated helper regressions	2026-10-04T00:15:14.8082028Z OWNER {"test": "observer_completion_test.CompletionConsumers.test_completion_and_calibration_reject_malformed_streams", "pid": 20405, "exit": 0, "joined": true, "pipes_closed": true, "reaped": true}
test	Static vet and isolated helper regressions	2026-10-04T00:15:14.8083187Z OWNER {"test": "observer_completion_test.CompletionConsumers.test_completion_and_calibration_reject_malformed_streams", "pid": 20406, "exit": -15, "joined": true, "pipes_closed": true, "reaped": true}
test	Static vet and isolated helper regressions	2026-10-04T00:15:14.8084572Z OWNER {"test": "observer_completion_test.CompletionConsumers.test_completion_and_calibration_reject_malformed_streams", "pid": 20409, "exit": 0, "joined": true, "pipes_closed": true, "reaped": true}
test	Static vet and isolated helper regressions	2026-10-04T00:15:14.8085720Z OWNER {"test": "observer_completion_test.CompletionConsumers.test_completion_and_calibration_reject_malformed_streams", "pid": 20410, "exit": 0, "joined": true, "pipes_closed": true, "reaped": true}
test	Static vet and isolated helper regressions	2026-10-04T00:15:14.8086992Z test_completion_and_calibration_reject_malformed_streams (observer_completion_test.CompletionConsumers.test_completion_and_calibration_reject_malformed_streams) ... ok
test	Static vet and isolated helper regressions	2026-10-04T00:15:14.8088040Z OWNER {"test": "observer_completion_test.CompletionConsumers.test_completion_and_calibration_reject_malformed_streams", "pid": 20411, "exit": 7, "joined": true, "pipes_closed": true, "reaped": true}
test	Static vet and isolated helper regressions	2026-10-04T00:15:14.8089040Z OWNER {"test": "observer_completion_test.CompletionConsumers.test_completion_and_calibration_reject_malformed_streams", "pid": 20412, "exit": 0, "joined": true, "pipes_closed": true, "reaped": true}
test	Static vet and isolated helper regressions	2026-10-04T00:15:14.8090184Z OWNER {"test": "observer_completion_test.CompletionConsumers.test_completion_and_calibration_reject_malformed_streams", "pid": 20413, "exit": 0, "joined": true, "pipes_closed": true, "reaped": true}
test	Static vet and isolated helper regressions	2026-10-04T00:15:14.8091320Z OWNER {"test": "observer_completion_test.CompletionConsumers.test_completion_and_calibration_reject_malformed_streams", "pid": 20415, "exit": 0, "joined": true, "pipes_closed": true, "reaped": true}
test	Static vet and isolated helper regressions	2026-10-04T00:15:14.8092636Z OWNER {"test": "observer_completion_test.CompletionConsumers.test_completion_and_calibration_reject_malformed_streams", "pid": 20416, "exit": 0, "joined": true, "pipes_closed": true, "reaped": true}
test	Static vet and isolated helper regressions	2026-10-04T00:15:14.8093767Z OWNER {"test": "observer_completion_test.CompletionConsumers.test_completion_and_calibration_reject_malformed_streams", "pid": 20417, "exit": 0, "joined": true, "pipes_closed": true, "reaped": true}
test	Static vet and isolated helper regressions	2026-10-04T00:15:14.8094899Z OWNER {"test": "observer_completion_test.CompletionConsumers.test_completion_and_calibration_reject_malformed_streams", "pid": 20418, "exit": 0, "joined": true, "pipes_closed": true, "reaped": true}
test	Static vet and isolated helper regressions	2026-10-04T00:15:14.8096030Z OWNER {"test": "observer_completion_test.CompletionConsumers.test_completion_and_calibration_reject_malformed_streams", "pid": 20419, "exit": 0, "joined": true, "pipes_closed": true, "reaped": true}
test	Static vet and isolated helper regressions	2026-10-04T00:15:14.8097257Z OWNER {"test": "observer_completion_test.CompletionConsumers.test_completion_and_calibration_reject_malformed_streams", "pid": 20420, "exit": 0, "joined": true, "pipes_closed": true, "reaped": true}
test	Static vet and isolated helper regressions	2026-10-04T00:15:14.8098393Z OWNER {"test": "observer_completion_test.CompletionConsumers.test_completion_and_calibration_reject_malformed_streams", "pid": 20421, "exit": 0, "joined": true, "pipes_closed": true, "reaped": true}
test	Static vet and isolated helper regressions	2026-10-04T00:15:14.8099527Z OWNER {"test": "observer_completion_test.CompletionConsumers.test_completion_and_calibration_reject_malformed_streams", "pid": 20422, "exit": 0, "joined": true, "pipes_closed": true, "reaped": true}
test	Static vet and isolated helper regressions	2026-10-04T00:15:14.8100670Z OWNER {"test": "observer_completion_test.CompletionConsumers.test_completion_and_calibration_reject_malformed_streams", "pid": 20423, "exit": -15, "joined": true, "pipes_closed": true, "reaped": true}
test	Static vet and isolated helper regressions	2026-10-04T00:15:14.8101817Z OWNER {"test": "observer_completion_test.CompletionConsumers.test_completion_and_calibration_reject_malformed_streams", "pid": 20449, "exit": 0, "joined": true, "pipes_closed": true, "reaped": true}
test	Static vet and isolated helper regressions	2026-10-04T00:15:14.8102958Z OWNER {"test": "observer_completion_test.CompletionConsumers.test_completion_and_calibration_reject_malformed_streams", "pid": 20450, "exit": 0, "joined": true, "pipes_closed": true, "reaped": true}
test	Static vet and isolated helper regressions	2026-10-04T00:15:14.8104088Z OWNER {"test": "observer_completion_test.CompletionConsumers.test_completion_and_calibration_reject_malformed_streams", "pid": 20451, "exit": 7, "joined": true, "pipes_closed": true, "reaped": true}
test	Static vet and isolated helper regressions	2026-10-04T00:15:14.8105359Z OWNER {"test": "observer_completion_test.CompletionConsumers.test_completion_and_calibration_reject_malformed_streams", "pid": 20452, "exit": 0, "joined": true, "pipes_closed": true, "reaped": true}
test	Static vet and isolated helper regressions	2026-10-04T00:15:14.8844881Z COMPLETION_PIPE={"binary_sha256": "c6e135e3794d7f8060168efe03252efbb3805b2059140b0333166dc5cc1e472b", "consumer": "observation", "machine": "x86_64", "optimized": false, "platform": "linux", "receipt": {"eof_sent_monotonic": 209.301766882, "exit": 0, "outcome": "complete", "role": "weir", "validated_monotonic": 209.301696286, "waited_monotonic": 209.323712314}, "samples": 71, "source": "660b89d588568a4fb1b5987bd924aaa734e61734", "stdout_bytes": 381874, "stdout_sha256": "f61a606900a5a4ff1c12caebccc838fe910976f88cbe9cfb6b756d0303fa02a6"}
test	Static vet and isolated helper regressions	2026-10-04T00:15:15.7738171Z COMPLETION_PIPE={"binary_sha256": "c6e135e3794d7f8060168efe03252efbb3805b2059140b0333166dc5cc1e472b", "consumer": "calibration", "machine": "x86_64", "optimized": false, "platform": "linux", "receipt": {"eof_sent_monotonic": 210.114760376, "exit": 0, "outcome": "complete", "role": "weir", "validated_monotonic": 210.114529718, "waited_monotonic": 210.16531713}, "samples": 1350, "source": "660b89d588568a4fb1b5987bd924aaa734e61734", "stdout_bytes": 7241675, "stdout_sha256": "62d8b48a16e700e457613951bab55a663a6598d961fb27d6b5602314322c2f59"}
test	Static vet and isolated helper regressions	2026-10-04T00:15:15.7779610Z test_external_final_go_completion_to_actual_consumers (observer_completion_test.CompletionConsumers.test_external_final_go_completion_to_actual_consumers) ... ok
test	Static vet and isolated helper regressions	2026-10-04T00:15:15.7781071Z OWNER {"test": "observer_completion_test.CompletionConsumers.test_external_final_go_completion_to_actual_consumers", "pid": 20455, "exit": 0, "joined": true, "pipes_closed": true, "reaped": true}
test	Static vet and isolated helper regressions	2026-10-04T00:15:15.7782128Z OWNER {"test": "observer_completion_test.CompletionConsumers.test_external_final_go_completion_to_actual_consumers", "pid": 20463, "exit": 0, "joined": true, "pipes_closed": true, "reaped": true}
test	Static vet and isolated helper regressions	2026-10-04T00:15:27.7998473Z COMPLETION_DEADLINE={"budget": 12, "elapsed": 12.00427224500001, "exit": -15, "joined": true, "eof": [true, true]}
test	Static vet and isolated helper regressions	2026-10-04T00:15:27.8002777Z test_frozen_total_deadline_still_aborts_and_waits (observer_completion_test.CompletionConsumers.test_frozen_total_deadline_still_aborts_and_waits) ... ok
test	Static vet and isolated helper regressions	2026-10-04T00:15:27.8003406Z OWNER {"test": "observer_completion_test.CompletionConsumers.test_frozen_total_deadline_still_aborts_and_waits", "pid": 20472, "exit": -15, "joined": true, "pipes_closed": true, "reaped": true}
test	Static vet and isolated helper regressions	2026-10-04T00:15:27.9890983Z test_rejected_terminal_cannot_receive_normal_eof (observer_completion_test.CompletionConsumers.test_rejected_terminal_cannot_receive_normal_eof) ... ok
test	Static vet and isolated helper regressions	2026-10-04T00:15:27.9891688Z OWNER {"test": "observer_completion_test.CompletionConsumers.test_rejected_terminal_cannot_receive_normal_eof", "pid": 20475, "exit": 1, "joined": true, "pipes_closed": true, "reaped": true}
test	Static vet and isolated helper regressions	2026-10-04T00:15:27.9892356Z OWNER {"test": "observer_completion_test.CompletionConsumers.test_rejected_terminal_cannot_receive_normal_eof", "pid": 20483, "exit": 1, "joined": true, "pipes_closed": true, "reaped": true}
test	Static vet and isolated helper regressions	2026-10-04T00:15:28.0326790Z test_cancel_and_system_exit_during_stop_keep_first_error (observer_lifecycle_test.ObserverFinalization.test_cancel_and_system_exit_during_stop_keep_first_error) ... ok
test	Static vet and isolated helper regressions	2026-10-04T00:15:28.0327635Z OWNER {"test": "observer_lifecycle_test.ObserverFinalization.test_cancel_and_system_exit_during_stop_keep_first_error", "pid": 20492, "exit": 0, "joined": true, "stopped": 222.472741052, "pipes_closed": [true, true, true], "reaped_before_test_cleanup": true, "fallback_waited": true}
test	Static vet and isolated helper regressions	2026-10-04T00:15:28.0329057Z OWNER {"test": "observer_lifecycle_test.ObserverFinalization.test_cancel_and_system_exit_during_stop_keep_first_error", "pid": 20493, "exit": 0, "joined": true, "stopped": 222.494270103, "pipes_closed": [true, true, true], "reaped_before_test_cleanup": true, "fallback_waited": true}
test	Static vet and isolated helper regressions	2026-10-04T00:15:28.0978451Z test_failed_kill_cannot_skip_leader_wait (observer_lifecycle_test.ObserverFinalization.test_failed_kill_cannot_skip_leader_wait) ... ok
test	Static vet and isolated helper regressions	2026-10-04T00:15:28.0979611Z OWNER {"test": "observer_lifecycle_test.ObserverFinalization.test_failed_kill_cannot_skip_leader_wait", "pid": 20494, "exit": 0, "joined": true, "stopped": 222.559467776, "pipes_closed": [true, true, true], "reaped_before_test_cleanup": true, "fallback_waited": true}
test	Static vet and isolated helper regressions	2026-10-04T00:15:28.1196629Z test_failed_wait_is_never_marked_joined_or_replayed (observer_lifecycle_test.ObserverFinalization.test_failed_wait_is_never_marked_joined_or_replayed) ... ok
test	Static vet and isolated helper regressions	2026-10-04T00:15:28.1197704Z OWNER {"test": "observer_lifecycle_test.ObserverFinalization.test_failed_wait_is_never_marked_joined_or_replayed", "pid": 20496, "exit": 0, "joined": false, "stopped": null, "pipes_closed": [true, true, true], "reaped_before_test_cleanup": true, "fallback_waited": true}
test	Static vet and isolated helper regressions	2026-10-04T00:15:28.1412543Z test_final_drain_failure_cannot_skip_close_or_final_record (observer_lifecycle_test.ObserverFinalization.test_final_drain_failure_cannot_skip_close_or_final_record) ... ok
test	Static vet and isolated helper regressions	2026-10-04T00:15:28.1413646Z OWNER {"test": "observer_lifecycle_test.ObserverFinalization.test_final_drain_failure_cannot_skip_close_or_final_record", "pid": 20497, "exit": 0, "joined": true, "stopped": 222.603021053, "pipes_closed": [true, true, true], "reaped_before_test_cleanup": true, "fallback_waited": true}
test	Static vet and isolated helper regressions	2026-10-04T00:15:28.1652713Z test_group_stop_failure_still_waits_and_releases_pipes (observer_lifecycle_test.ObserverFinalization.test_group_stop_failure_still_waits_and_releases_pipes) ... ok
test	Static vet and isolated helper regressions	2026-10-04T00:15:28.1654351Z OWNER {"test": "observer_lifecycle_test.ObserverFinalization.test_group_stop_failure_still_waits_and_releases_pipes", "pid": 20498, "exit": 0, "joined": true, "stopped": 222.624466687, "pipes_closed": [true, true, true], "reaped_before_test_cleanup": true, "fallback_waited": true}
test	Static vet and isolated helper regressions	2026-10-04T00:15:28.1882111Z test_initialization_record_and_pipe_setup_failure_cleanup (observer_lifecycle_test.ObserverFinalization.test_initialization_record_and_pipe_setup_failure_cleanup) ... ok
test	Static vet and isolated helper regressions	2026-10-04T00:15:28.1883209Z OWNER {"test": "observer_lifecycle_test.ObserverFinalization.test_initialization_record_and_pipe_setup_failure_cleanup", "pid": 20499, "exit": 0, "joined": true, "stopped": 222.64833963, "pipes_closed": [true, true, true], "reaped_before_test_cleanup": true, "fallback_waited": true}
test	Static vet and isolated helper regressions	2026-10-04T00:15:28.1884147Z OWNER {"test": "observer_lifecycle_test.ObserverFinalization.test_initialization_record_and_pipe_setup_failure_cleanup", "pid": 20500, "exit": -15, "joined": true, "stopped": 222.650275647, "pipes_closed": [true, true, true], "reaped_before_test_cleanup": true, "fallback_waited": true}
test	Static vet and isolated helper regressions	2026-10-04T00:15:28.2210065Z test_primary_nonzero_and_sample_errors_survive_record_and_close_errors (observer_lifecycle_test.ObserverFinalization.test_primary_nonzero_and_sample_errors_survive_record_and_close_errors) ... ok
test	Static vet and isolated helper regressions	2026-10-04T00:15:28.2211173Z OWNER {"test": "observer_lifecycle_test.ObserverFinalization.test_primary_nonzero_and_sample_errors_survive_record_and_close_errors", "pid": 20501, "exit": 7, "joined": true, "stopped": 222.666701819, "pipes_closed": [true, true, true], "reaped_before_test_cleanup": true, "fallback_waited": true}
test	Static vet and isolated helper regressions	2026-10-04T00:15:28.2212140Z OWNER {"test": "observer_lifecycle_test.ObserverFinalization.test_primary_nonzero_and_sample_errors_survive_record_and_close_errors", "pid": 20502, "exit": 0, "joined": true, "stopped": 222.68298876, "pipes_closed": [true, true, true], "reaped_before_test_cleanup": true, "fallback_waited": true}
test	Static vet and isolated helper regressions	2026-10-04T00:15:28.3051333Z test_record_and_data_files_fail_independently_without_leaks (observer_lifecycle_test.ObserverFinalization.test_record_and_data_files_fail_independently_without_leaks) ... ok
test	Static vet and isolated helper regressions	2026-10-04T00:15:28.3052397Z OWNER {"test": "observer_lifecycle_test.ObserverFinalization.test_record_and_data_files_fail_independently_without_leaks", "pid": 20503, "exit": 0, "joined": true, "stopped": 222.734195231, "pipes_closed": [true, true, true], "reaped_before_test_cleanup": true, "fallback_waited": true}
test	Static vet and isolated helper regressions	2026-10-04T00:15:28.3053699Z OWNER {"test": "observer_lifecycle_test.ObserverFinalization.test_record_and_data_files_fail_independently_without_leaks", "pid": 20504, "exit": -15, "joined": true, "stopped": 222.766503253, "pipes_closed": [true, true, true], "reaped_before_test_cleanup": true, "fallback_waited": true}
test	Static vet and isolated helper regressions	2026-10-04T00:15:28.3715337Z test_stdin_and_output_close_errors_still_release_every_pipe (observer_lifecycle_test.ObserverFinalization.test_stdin_and_output_close_errors_still_release_every_pipe) ... ok
test	Static vet and isolated helper regressions	2026-10-04T00:15:28.3716810Z OWNER {"test": "observer_lifecycle_test.ObserverFinalization.test_stdin_and_output_close_errors_still_release_every_pipe", "pid": 20505, "exit": 0, "joined": true, "stopped": 222.788390443, "pipes_closed": [true, true, true], "reaped_before_test_cleanup": true, "fallback_waited": true}
test	Static vet and isolated helper regressions	2026-10-04T00:15:28.3718121Z OWNER {"test": "observer_lifecycle_test.ObserverFinalization.test_stdin_and_output_close_errors_still_release_every_pipe", "pid": 20506, "exit": 0, "joined": true, "stopped": 222.809735396, "pipes_closed": [true, true, true], "reaped_before_test_cleanup": true, "fallback_waited": true}
test	Static vet and isolated helper regressions	2026-10-04T00:15:28.3719072Z OWNER {"test": "observer_lifecycle_test.ObserverFinalization.test_stdin_and_output_close_errors_still_release_every_pipe", "pid": 20507, "exit": 0, "joined": true, "stopped": 222.831077395, "pipes_closed": [true, true, true], "reaped_before_test_cleanup": true, "fallback_waited": true}
test	Static vet and isolated helper regressions	2026-10-04T00:15:28.3931732Z test_successful_stop_and_poll_are_read_only_when_repeated (observer_lifecycle_test.ObserverFinalization.test_successful_stop_and_poll_are_read_only_when_repeated) ... ok
test	Static vet and isolated helper regressions	2026-10-04T00:15:28.3933042Z OWNER {"test": "observer_lifecycle_test.ObserverFinalization.test_successful_stop_and_poll_are_read_only_when_repeated", "pid": 20508, "exit": 0, "joined": true, "stopped": 222.854678127, "pipes_closed": [true, true, true], "reaped_before_test_cleanup": true, "fallback_waited": true}
test	Static vet and isolated helper regressions	2026-10-04T00:15:28.4402323Z test_exit_buffer_eof_and_distinct_stop_time (observer_lifecycle_test.ObserverLifecycle.test_exit_buffer_eof_and_distinct_stop_time) ... ok
test	Static vet and isolated helper regressions	2026-10-04T00:15:28.5052106Z test_nonzero_partial_and_invalid_json_remain_failed (observer_lifecycle_test.ObserverLifecycle.test_nonzero_partial_and_invalid_json_remain_failed) ... ok
test	Static vet and isolated helper regressions	2026-10-04T00:15:29.0748891Z test_output_bound_keeps_failure_and_waits (observer_lifecycle_test.ObserverLifecycle.test_output_bound_keeps_failure_and_waits) ... ok
test	Static vet and isolated helper regressions	2026-10-04T00:15:29.1087236Z test_sample_error_exit_zero_cannot_be_erased_by_stop (observer_lifecycle_test.ObserverLifecycle.test_sample_error_exit_zero_cannot_be_erased_by_stop) ... ok
test	Static vet and isolated helper regressions	2026-10-04T00:15:29.3653255Z test_slow_consumer_simultaneous_high_output_and_cancel_tail (observer_lifecycle_test.ObserverLifecycle.test_slow_consumer_simultaneous_high_output_and_cancel_tail) ... ok
test	Static vet and isolated helper regressions	2026-10-04T00:15:29.3859641Z test_archives_reproducible_and_strict (package_test.PackageTests.test_archives_reproducible_and_strict) ... ok
test	Static vet and isolated helper regressions	2026-10-04T00:15:29.3863784Z test_binary_target_and_linked_dependency_validation (package_test.PackageTests.test_binary_target_and_linked_dependency_validation) ... ok
test	Static vet and isolated helper regressions	2026-10-04T00:15:29.4852136Z test_captured_revision_survives_head_change (package_test.PackageTests.test_captured_revision_survives_head_change) ... ok
test	Static vet and isolated helper regressions	2026-10-04T00:15:29.5071802Z test_inputs_exclude_tests_local_and_secrets (package_test.PackageTests.test_inputs_exclude_tests_local_and_secrets) ... ok
test	Static vet and isolated helper regressions	2026-10-04T00:15:29.5088885Z build output linux-amd64
test	Static vet and isolated helper regressions	2026-10-04T00:15:29.5096433Z build output linux-arm64
test	Static vet and isolated helper regressions	2026-10-04T00:15:29.5102793Z build output darwin-amd64
test	Static vet and isolated helper regressions	2026-10-04T00:15:29.5110424Z build output darwin-arm64
test	Static vet and isolated helper regressions	2026-10-04T00:15:29.5116721Z build output windows-amd64
test	Static vet and isolated helper regressions	2026-10-04T00:15:29.5121389Z build output windows-arm64
test	Static vet and isolated helper regressions	2026-10-04T00:15:29.5161930Z build output linux-amd64
test	Static vet and isolated helper regressions	2026-10-04T00:15:29.5163698Z build output linux-arm64
test	Static vet and isolated helper regressions	2026-10-04T00:15:29.5182754Z test_oci_build_context_contains_only_built_binaries (package_test.PackageTests.test_oci_build_context_contains_only_built_binaries) ... ok
test	Static vet and isolated helper regressions	2026-10-04T00:15:29.5184920Z test_toolchain_drift_rejected (package_test.PackageTests.test_toolchain_drift_rejected) ... ok
test	Static vet and isolated helper regressions	2026-10-04T00:15:29.5205071Z test_assets_require_source_and_exact_archive_hashes (release_test.ReleaseTests.test_assets_require_source_and_exact_archive_hashes) ... ok
test	Static vet and isolated helper regressions	2026-10-04T00:15:29.5209093Z test_resume_never_treats_access_failure_as_missing (release_test.ReleaseTests.test_resume_never_treats_access_failure_as_missing) ... ok
test	Static vet and isolated helper regressions	2026-10-04T00:15:29.5218167Z test_resume_preserves_existing_assets_and_only_adds_missing (release_test.ReleaseTests.test_resume_preserves_existing_assets_and_only_adds_missing) ... ok
test	Static vet and isolated helper regressions	2026-10-04T00:15:29.5218929Z test_version_is_a_canonical_stable_tag (release_test.ReleaseTests.test_version_is_a_canonical_stable_tag) ... ok
test	Static vet and isolated helper regressions	2026-10-04T00:15:29.8269964Z test_full_report_padded_limits_and_conflicting_duplicate (resource_report_test.CompleteReport.test_full_report_padded_limits_and_conflicting_duplicate) ... ok
test	Static vet and isolated helper regressions	2026-10-04T00:15:32.0366609Z test_full_report_rejects_each_corruption (resource_report_test.CompleteReport.test_full_report_rejects_each_corruption) ... ok
test	Static vet and isolated helper regressions	2026-10-04T00:15:32.1818149Z test_positive_and_complete_timing_no_go (resource_report_test.CompleteReport.test_positive_and_complete_timing_no_go) ... ok
test	Static vet and isolated helper regressions	2026-10-04T00:15:32.1866309Z test_all_original_samples_and_identity_without_completion (resource_report_test.NativeReplay.test_all_original_samples_and_identity_without_completion) ... ok
test	Static vet and isolated helper regressions	2026-10-04T00:15:32.2743607Z test_raw_whitespace_and_combined_missing_conflicting_fields (resource_report_test.NativeReplay.test_raw_whitespace_and_combined_missing_conflicting_fields) ... ok
test	Static vet and isolated helper regressions	2026-10-04T00:15:32.2759318Z test_client_and_weir (resource_report_test.ResourceEvidence.test_client_and_weir) ... ok
test	Static vet and isolated helper regressions	2026-10-04T00:15:32.2765952Z test_counter_decrease_and_clock_domains (resource_report_test.ResourceEvidence.test_counter_decrease_and_clock_domains) ... ok
test	Static vet and isolated helper regressions	2026-10-04T00:15:32.2772265Z test_coverage_and_truncated_stream (resource_report_test.ResourceEvidence.test_coverage_and_truncated_stream) ... ok
test	Static vet and isolated helper regressions	2026-10-04T00:15:32.2788122Z test_missing_corrupt_identity_units_and_gaps (resource_report_test.ResourceEvidence.test_missing_corrupt_identity_units_and_gaps) ... ok
test	Static vet and isolated helper regressions	2026-10-04T00:15:32.2806236Z test_archive_preserves_config_and_rejects_corrupt_layer (test_capacity_test.ArtifactSafety.test_archive_preserves_config_and_rejects_corrupt_layer) ... ok
test	Static vet and isolated helper regressions	2026-10-04T00:15:32.2857377Z test_product_input_identity_uses_revision_file_set (test_capacity_test.ArtifactSafety.test_product_input_identity_uses_revision_file_set) ... ok
test	Static vet and isolated helper regressions	2026-10-04T00:15:32.2858672Z test_quantiles_are_recomputed_and_drop_is_not_success (test_capacity_test.CountSafety.test_quantiles_are_recomputed_and_drop_is_not_success) ... ok
test	Static vet and isolated helper regressions	2026-10-04T00:15:32.2862795Z test_bridge_change_separate_from_foreign_change (test_capacity_test.Safety.test_bridge_change_separate_from_foreign_change) ... ok
test	Static vet and isolated helper regressions	2026-10-04T00:15:32.2877410Z test_cleanup_continues_after_owner_failure (test_capacity_test.Safety.test_cleanup_continues_after_owner_failure) ... ok
test	Static vet and isolated helper regressions	2026-10-04T00:15:32.2883713Z test_existing_roots_untouched (test_capacity_test.Safety.test_existing_roots_untouched) ... ok
test	Static vet and isolated helper regressions	2026-10-04T00:15:32.9680675Z test_optimized_entry_has_no_side_effects (test_capacity_test.Safety.test_optimized_entry_has_no_side_effects) ... ok
test	Static vet and isolated helper regressions	2026-10-04T00:15:32.9688316Z test_optin_and_owner_before_mkdir (test_capacity_test.Safety.test_optin_and_owner_before_mkdir) ... ok
test	Static vet and isolated helper regressions	2026-10-04T00:15:32.9694323Z test_partial_initialization_unwinds_owned_empty_directories (test_capacity_test.Safety.test_partial_initialization_unwinds_owned_empty_directories) ... ok
test	Static vet and isolated helper regressions	2026-10-04T00:15:32.9706757Z test_real_preflight_collision_prevents_mutation (test_capacity_test.Safety.test_real_preflight_collision_prevents_mutation) ... ok
test	Static vet and isolated helper regressions	2026-10-04T00:15:32.9734079Z test_changed_id_or_nonempty_network_is_never_removed (test_kubernetes_test.CleanupTests.test_changed_id_or_nonempty_network_is_never_removed) ... ok
test	Static vet and isolated helper regressions	2026-10-04T00:15:32.9745727Z test_failure_does_not_skip_other_nodes_volumes_or_access_file (test_kubernetes_test.CleanupTests.test_failure_does_not_skip_other_nodes_volumes_or_access_file) ... ok
test	Static vet and isolated helper regressions	2026-10-04T00:15:32.9757981Z test_fast_bootstrap_failure_discovers_unrecorded_owned_node (test_kubernetes_test.CleanupTests.test_fast_bootstrap_failure_discovers_unrecorded_owned_node) ... ok
test	Static vet and isolated helper regressions	2026-10-04T00:15:32.9767820Z test_owner_mismatch_never_removes_container (test_kubernetes_test.CleanupTests.test_owner_mismatch_never_removes_container) ... ok
test	Static vet and isolated helper regressions	2026-10-04T00:15:32.9787574Z test_preexisting_owner_is_rejected_before_bootstrap (test_kubernetes_test.CleanupTests.test_preexisting_owner_is_rejected_before_bootstrap) ... ok
test	Static vet and isolated helper regressions	2026-10-04T00:15:32.9841194Z test_collisions_refused_before_prepare_or_cleanup (test_kubernetes_test.EntryTests.test_collisions_refused_before_prepare_or_cleanup) ... ok
test	Static vet and isolated helper regressions	2026-10-04T00:15:32.9908099Z test_existing_paths_refused_without_reading_or_external_commands (test_kubernetes_test.EntryTests.test_existing_paths_refused_without_reading_or_external_commands) ... ok
test	Static vet and isolated helper regressions	2026-10-04T00:15:32.9951480Z test_fresh_root_prepare_failure_and_success_order (test_kubernetes_test.EntryTests.test_fresh_root_prepare_failure_and_success_order) ... ok
test	Static vet and isolated helper regressions	2026-10-04T00:15:32.9963971Z test_opt_in_and_owner_refused_before_directory_creation (test_kubernetes_test.EntryTests.test_opt_in_and_owner_refused_before_directory_creation) ... ok
test	Static vet and isolated helper regressions	2026-10-04T00:15:33.0205663Z test_partial_directory_creation_cleans_only_created_empty_paths (test_kubernetes_test.EntryTests.test_partial_directory_creation_cleans_only_created_empty_paths) ... ok
test	Static vet and isolated helper regressions	2026-10-04T00:15:33.0206784Z test_store_configuration_uses_reachable_directory_and_sufficient_memory (test_kubernetes_test.EntryTests.test_store_configuration_uses_reachable_directory_and_sufficient_memory) ... ok
test	Static vet and isolated helper regressions	2026-10-04T00:15:33.6973152Z test_optimized_entry_refuses_before_any_fixture_side_effect (test_kubernetes_test.OptimizedEntryTests.test_optimized_entry_refuses_before_any_fixture_side_effect) ... ok
test	Static vet and isolated helper regressions	2026-10-04T00:15:33.7037056Z test_absent_candidate_has_explicit_evidence (test_memory_linux_test.CleanupTests.test_absent_candidate_has_explicit_evidence) ... ok
test	Static vet and isolated helper regressions	2026-10-04T00:15:33.7091234Z test_inspect_failure_does_not_skip_network_and_host (test_memory_linux_test.CleanupTests.test_inspect_failure_does_not_skip_network_and_host) ... Fixture cleanup has errors or unresolved resources: {'resources': [{'container': 'owned-cli', 'steps': []}, {'container': 'owned-guard', 'steps': [{'action': 'logs', 'ok': True}, {'action': 'stop', 'ok': True}], 'inspection': {'Id': 'owned-guard', 'Owner': 'owned', 'Running': False, 'ExitCode': 0, 'OOMKilled': False, 'Status': 'exited', 'Pid': 0}, 'after_stop': {'Id': 'owned-guard', 'Owner': 'owned', 'Running': False, 'ExitCode': 0, 'OOMKilled': False, 'Status': 'exited', 'Pid': 0}, 'absent': True}, {'network': 'owned', 'inspection': {'Id': 'owned', 'Owner': 'owned', 'Running': False, 'ExitCode': 0, 'OOMKilled': False, 'Status': 'exited', 'Pid': 0}, 'absent': True}, {'host_mongo_pid': 123, 'bind': '127.0.0.1', 'waited': True, 'returncode': 0}, {'file': 'mongo-data', 'absent': True}], 'errors': ['owned-cli inspect: Command \'[\'docker\', \'container\', \'inspect\', \'--format\', \'{"Id":{{json .Id}},"Owner":{{json (index .Config.Labels "weir.owner")}},"Running":{{json .State.Running}},"Status":{{json .State.Status}},"ExitCode":{{json .State.ExitCode}},"OOMKilled":{{json .State.OOMKilled}},"Pid":{{json .State.Pid}},"Memory":{{json .HostConfig.Memory}},"MemorySwap":{{json .HostConfig.MemorySwap}},"NanoCpus":{{json .HostConfig.NanoCpus}},"PidsLimit":{{json .HostConfig.PidsLimit}}}\', \'owned-cli\']\' timed out after 1 seconds'], 'all_stopped': False, 'test_error': 'RuntimeError: original test failure'}; logs: /tmp/tmpxvlwimko/owned
test	Static vet and isolated helper regressions	2026-10-04T00:15:33.7098055Z ok
test	Static vet and isolated helper regressions	2026-10-04T00:15:33.7165386Z test_logs_failure_preserves_original_and_stops_all (test_memory_linux_test.CleanupTests.test_logs_failure_preserves_original_and_stops_all) ... Fixture cleanup has errors or unresolved resources: {'resources': [{'container': 'owned-cli', 'steps': [{'action': 'logs', 'error': "Command '['docker', 'logs', 'owned-cli']' timed out after 1 seconds"}, {'action': 'stop', 'ok': True}], 'inspection': {'Id': 'owned-cli', 'Owner': 'owned', 'Running': False, 'ExitCode': 0, 'OOMKilled': False, 'Status': 'exited', 'Pid': 0}, 'after_stop': {'Id': 'owned-cli', 'Owner': 'owned', 'Running': False, 'ExitCode': 0, 'OOMKilled': False, 'Status': 'exited', 'Pid': 0}, 'absent': True}, {'container': 'owned-guard', 'steps': [{'action': 'logs', 'error': "Command '['docker', 'logs', 'owned-guard']' timed out after 1 seconds"}, {'action': 'stop', 'ok': True}], 'inspection': {'Id': 'owned-guard', 'Owner': 'owned', 'Running': False, 'ExitCode': 0, 'OOMKilled': False, 'Status': 'exited', 'Pid': 0}, 'after_stop': {'Id': 'owned-guard', 'Owner': 'owned', 'Running': False, 'ExitCode': 0, 'OOMKilled': False, 'Status': 'exited', 'Pid': 0}, 'absent': True}, {'network': 'owned', 'inspection': {'Id': 'owned', 'Owner': 'owned', 'Running': False, 'ExitCode': 0, 'OOMKilled': False, 'Status': 'exited', 'Pid': 0}, 'absent': True}, {'host_mongo_pid': 123, 'bind': '127.0.0.1', 'waited': True, 'returncode': 0}, {'file': 'mongo-data', 'absent': True}, {'file': 'weir', 'absent': True}, {'file': 'app.test', 'absent': True}, {'file': 'overload.test', 'absent': True}], 'errors': ["owned-cli logs: Command '['docker', 'logs', 'owned-cli']' timed out after 1 seconds", "owned-guard logs: Command '['docker', 'logs', 'owned-guard']' timed out after 1 seconds"], 'all_stopped': True, 'test_error': 'RuntimeError: original test failure'}; logs: /tmp/tmpk5qhc4eq/owned
test	Static vet and isolated helper regressions	2026-10-04T00:15:33.7171545Z ok
test	Static vet and isolated helper regressions	2026-10-04T00:15:33.7219245Z test_output_owner_mismatch_preserves_files (test_memory_linux_test.CleanupTests.test_output_owner_mismatch_preserves_files) ... Fixture cleanup has errors or unresolved resources: {'resources': [{'container': 'owned-guard', 'steps': [{'action': 'logs', 'ok': True}, {'action': 'stop', 'ok': True}], 'inspection': {'Id': 'owned-guard', 'Owner': 'owned', 'Running': False, 'ExitCode': 0, 'OOMKilled': False, 'Status': 'exited', 'Pid': 0}, 'after_stop': {'Id': 'owned-guard', 'Owner': 'owned', 'Running': False, 'ExitCode': 0, 'OOMKilled': False, 'Status': 'exited', 'Pid': 0}, 'absent': True}, {'network': 'owned', 'inspection': {'Id': 'owned', 'Owner': 'owned', 'Running': False, 'ExitCode': 0, 'OOMKilled': False, 'Status': 'exited', 'Pid': 0}, 'absent': True}, {'host_mongo_pid': 123, 'bind': '127.0.0.1', 'waited': True, 'returncode': 0}], 'errors': ['output owner mismatch; preserving all files'], 'all_stopped': True, 'test_error': 'RuntimeError: original test failure'}; logs: /tmp/tmpqes9f_eg/owned
test	Static vet and isolated helper regressions	2026-10-04T00:15:33.7227857Z ok
test	Static vet and isolated helper regressions	2026-10-04T00:15:33.7270674Z test_owner_mismatch_is_not_modified (test_memory_linux_test.CleanupTests.test_owner_mismatch_is_not_modified) ... Fixture cleanup has errors or unresolved resources: {'resources': [{'container': 'owned-guard', 'steps': [], 'inspection': {'Id': 'owned-guard', 'Owner': 'other', 'Running': False, 'ExitCode': 0, 'OOMKilled': False, 'Status': 'exited', 'Pid': 0}}, {'network': 'owned', 'inspection': {'Id': 'owned', 'Owner': 'owned', 'Running': False, 'ExitCode': 0, 'OOMKilled': False, 'Status': 'exited', 'Pid': 0}, 'absent': True}, {'host_mongo_pid': 123, 'bind': '127.0.0.1', 'waited': True, 'returncode': 0}, {'file': 'mongo-data', 'absent': True}], 'errors': ['owned-guard inspect: container owner mismatch; refusing modification'], 'all_stopped': False, 'test_error': 'RuntimeError: original test failure'}; logs: /tmp/tmpiu1rwo7h/owned
test	Static vet and isolated helper regressions	2026-10-04T00:15:33.7276967Z ok
test	Static vet and isolated helper regressions	2026-10-04T00:15:33.7373363Z test_partial_create_and_build_failures (test_memory_linux_test.CleanupTests.test_partial_create_and_build_failures) ... ok
test	Static vet and isolated helper regressions	2026-10-04T00:15:33.7427275Z test_wait_failure_preserves_data (test_memory_linux_test.CleanupTests.test_wait_failure_preserves_data) ... Fixture cleanup has errors or unresolved resources: {'resources': [{'container': 'owned-guard', 'steps': [{'action': 'logs', 'ok': True}, {'action': 'stop', 'ok': True}], 'inspection': {'Id': 'owned-guard', 'Owner': 'owned', 'Running': False, 'ExitCode': 0, 'OOMKilled': False, 'Status': 'exited', 'Pid': 0}, 'after_stop': {'Id': 'owned-guard', 'Owner': 'owned', 'Running': False, 'ExitCode': 0, 'OOMKilled': False, 'Status': 'exited', 'Pid': 0}, 'absent': True}, {'network': 'owned', 'inspection': {'Id': 'owned', 'Owner': 'owned', 'Running': False, 'ExitCode': 0, 'OOMKilled': False, 'Status': 'exited', 'Pid': 0}, 'absent': True}, {'host_mongo_pid': 123, 'bind': '127.0.0.1', 'waited': False, 'returncode': 0}, {'file': 'weir', 'absent': True}, {'file': 'app.test', 'absent': True}, {'file': 'overload.test', 'absent': True}], 'errors': ["host Wait: Command 'owned mongod' timed out after 10 seconds", "host final Wait: Command 'owned mongod' timed out after 10 seconds"], 'all_stopped': False, 'test_error': 'RuntimeError: original test failure'}; logs: /tmp/tmph83svov4/owned
test	Static vet and isolated helper regressions	2026-10-04T00:15:33.7434323Z ok
test	Static vet and isolated helper regressions	2026-10-04T00:15:33.7434432Z 
test	Static vet and isolated helper regressions	2026-10-04T00:15:33.7434576Z ----------------------------------------------------------------------
test	Static vet and isolated helper regressions	2026-10-04T00:15:33.7434870Z Ran 134 tests in 60.640s
test	Static vet and isolated helper regressions	2026-10-04T00:15:33.7435004Z 
test	Static vet and isolated helper regressions	2026-10-04T00:15:33.7435298Z OK
test	Static vet and isolated helper regressions	2026-10-04T00:15:34.6607872Z test_auxiliary_process_query_has_capture_bound (capacity_cleanup_test.BoundedChildren.test_auxiliary_process_query_has_capture_bound) ... skipped 'fixture requires ordinary Python'
test	Static vet and isolated helper regressions	2026-10-04T00:15:34.6608647Z test_before_write_size_limit_and_cleanup_without_disk (capacity_cleanup_test.BoundedChildren.test_before_write_size_limit_and_cleanup_without_disk) ... skipped 'fixture requires ordinary Python'
test	Static vet and isolated helper regressions	2026-10-04T00:15:34.6609622Z test_diagnostics_failure_does_not_skip_owned_removal (capacity_cleanup_test.BoundedChildren.test_diagnostics_failure_does_not_skip_owned_removal) ... skipped 'fixture requires ordinary Python'
test	Static vet and isolated helper regressions	2026-10-04T00:15:34.6610295Z test_fast_continuous_nonzero_and_stderr_overflow (capacity_cleanup_test.BoundedChildren.test_fast_continuous_nonzero_and_stderr_overflow) ... skipped 'fixture requires ordinary Python'
test	Static vet and isolated helper regressions	2026-10-04T00:15:34.6610950Z test_normal_nonzero_timeout_and_descendant_pipe (capacity_cleanup_test.BoundedChildren.test_normal_nonzero_timeout_and_descendant_pipe) ... skipped 'fixture requires ordinary Python'
test	Static vet and isolated helper regressions	2026-10-04T00:15:34.6611579Z test_observation_failure_stops_active_command (capacity_cleanup_test.BoundedChildren.test_observation_failure_stops_active_command) ... skipped 'fixture requires ordinary Python'
test	Static vet and isolated helper regressions	2026-10-04T00:15:34.6612253Z test_partial_create_uses_exact_owner_and_rejects_replacement (capacity_cleanup_test.BoundedChildren.test_partial_create_uses_exact_owner_and_rejects_replacement) ... skipped 'fixture requires ordinary Python'
test	Static vet and isolated helper regressions	2026-10-04T00:15:34.6612927Z test_signals_stop_wait_local_process_group (capacity_cleanup_test.BoundedChildren.test_signals_stop_wait_local_process_group) ... skipped 'fixture requires ordinary Python'
test	Static vet and isolated helper regressions	2026-10-04T00:15:35.0103133Z test_fixture_rejects_before_creating_root (capacity_cleanup_test.Optimized.test_fixture_rejects_before_creating_root) ... ok
test	Static vet and isolated helper regressions	2026-10-04T00:15:35.0103843Z test_fatal_evidence_never_downgrades (capacity_flow_test.Flow.test_fatal_evidence_never_downgrades) ... skipped 'entry rejects optimized Python before imports'
test	Static vet and isolated helper regressions	2026-10-04T00:15:35.0104462Z test_insufficient_overload_or_bad_recovery_never_qualifies (capacity_flow_test.Flow.test_insufficient_overload_or_bad_recovery_never_qualifies) ... skipped 'entry rejects optimized Python before imports'
test	Static vet and isolated helper regressions	2026-10-04T00:15:35.0105084Z test_no_candidate_and_confirmation_failure (capacity_flow_test.Flow.test_no_candidate_and_confirmation_failure) ... skipped 'entry rejects optimized Python before imports'
test	Static vet and isolated helper regressions	2026-10-04T00:15:35.0105637Z test_one_fallback_then_success (capacity_flow_test.Flow.test_one_fallback_then_success) ... skipped 'entry rejects optimized Python before imports'
test	Static vet and isolated helper regressions	2026-10-04T00:15:35.0106249Z test_success (capacity_flow_test.Flow.test_success) ... skipped 'entry rejects optimized Python before imports'
test	Static vet and isolated helper regressions	2026-10-04T00:15:35.0171743Z test_boundary_and_interior_coverage (capacity_report_test.Evidence.test_boundary_and_interior_coverage) ... ok
test	Static vet and isolated helper regressions	2026-10-04T00:15:35.0237505Z test_complete_synthetic_evidence_can_pass (capacity_report_test.Evidence.test_complete_synthetic_evidence_can_pass) ... ok
test	Static vet and isolated helper regressions	2026-10-04T00:15:35.0612964Z test_hard_failures_are_fatal_even_during_overload (capacity_report_test.Evidence.test_hard_failures_are_fatal_even_during_overload) ... ok
test	Static vet and isolated helper regressions	2026-10-04T00:15:35.0947762Z test_metrics_fail_closed (capacity_report_test.Evidence.test_metrics_fail_closed) ... ok
test	Static vet and isolated helper regressions	2026-10-04T00:15:35.0975682Z test_resource_missing_nonfinite_reset_and_gap (capacity_report_test.Evidence.test_resource_missing_nonfinite_reset_and_gap) ... ok
test	Static vet and isolated helper regressions	2026-10-04T00:15:35.0976699Z test_exact_limit_plus_one_and_no_double_recovery_seed (capacity_report_test.MutationBudget.test_exact_limit_plus_one_and_no_double_recovery_seed) ... ok
test	Static vet and isolated helper regressions	2026-10-04T00:15:35.0977422Z test_partial_setup_receipt_and_killed_process_stay_accounted (capacity_report_test.MutationBudget.test_partial_setup_receipt_and_killed_process_stay_accounted) ... ok
test	Static vet and isolated helper regressions	2026-10-04T00:15:35.0978299Z test_local_replacements_cannot_hide_a_cycle (check_dependencies_test.DependencyTests.test_local_replacements_cannot_hide_a_cycle) ... ok
test	Static vet and isolated helper regressions	2026-10-04T00:15:35.0979820Z test_project_dependencies_use_specific_stable_releases (check_dependencies_test.DependencyTests.test_project_dependencies_use_specific_stable_releases) ... ok
test	Static vet and isolated helper regressions	2026-10-04T00:15:35.0980774Z test_reverse_edges_and_self_dependencies_are_rejected (check_dependencies_test.DependencyTests.test_reverse_edges_and_self_dependencies_are_rejected) ... ok
test	Static vet and isolated helper regressions	2026-10-04T00:15:35.0982095Z test_server_sdk_is_test_only (check_dependencies_test.DependencyTests.test_server_sdk_is_test_only) ... ok
test	Static vet and isolated helper regressions	2026-10-04T00:15:35.0982684Z test_server_sdk_protocol_form_a_dag (check_dependencies_test.DependencyTests.test_server_sdk_protocol_form_a_dag) ... ok
test	Static vet and isolated helper regressions	2026-10-04T00:15:35.0984419Z test_transitive_unused_and_test_edges_are_rejected (check_dependencies_test.DependencyTests.test_transitive_unused_and_test_edges_are_rejected) ... ok
test	Static vet and isolated helper regressions	2026-10-04T00:15:35.0993007Z test_anonymous_environment_has_no_inherited_auth (ci_images_test.DeliveryTests.test_anonymous_environment_has_no_inherited_auth) ... ok
test	Static vet and isolated helper regressions	2026-10-04T00:15:35.1010683Z test_completion_ci_refuses_missing_relative_or_nonexecutable_child (ci_images_test.DeliveryTests.test_completion_ci_refuses_missing_relative_or_nonexecutable_child) ... ok
test	Static vet and isolated helper regressions	2026-10-04T00:15:35.1015724Z test_existing_tag_never_overwritten_or_auth_failure_ignored (ci_images_test.DeliveryTests.test_existing_tag_never_overwritten_or_auth_failure_ignored) ... ok
test	Static vet and isolated helper regressions	2026-10-04T00:15:35.1058931Z test_oci_rejects_unapproved_content_and_identity (ci_images_test.DeliveryTests.test_oci_rejects_unapproved_content_and_identity) ... ok
test	Static vet and isolated helper regressions	2026-10-04T00:15:35.1062387Z test_snapshot_requires_self_identity_raw_fields_and_no_errors (ci_images_test.DeliveryTests.test_snapshot_requires_self_identity_raw_fields_and_no_errors) ... ok
test	Static vet and isolated helper regressions	2026-10-04T00:15:35.1063784Z test_workflow_builds_native_completion_child_before_both_python_modes (ci_images_test.DeliveryTests.test_workflow_builds_native_completion_child_before_both_python_modes) ... ok
test	Static vet and isolated helper regressions	2026-10-04T00:15:35.1065635Z test_workflow_discovers_all_offline_python_tests_in_both_modes (ci_images_test.DeliveryTests.test_workflow_discovers_all_offline_python_tests_in_both_modes) ... ok
test	Static vet and isolated helper regressions	2026-10-04T00:15:35.1082786Z test_archive_and_provenance_include_each_production_binary (compare_load_test.PairedComparison.test_archive_and_provenance_include_each_production_binary) ... ok
test	Static vet and isolated helper regressions	2026-10-04T00:15:35.1094256Z test_configured_client_queue_is_used_by_prewarm (compare_load_test.PairedComparison.test_configured_client_queue_is_used_by_prewarm) ... ok
test	Static vet and isolated helper regressions	2026-10-04T00:15:35.1103748Z test_diagnostic_prewarm_uses_adaptive_path (compare_load_test.PairedComparison.test_diagnostic_prewarm_uses_adaptive_path) ... ok
test	Static vet and isolated helper regressions	2026-10-04T00:15:35.1139951Z test_elasticsearch_rejects_untrusted_process_identifiers_before_client_start (compare_load_test.PairedComparison.test_elasticsearch_rejects_untrusted_process_identifiers_before_client_start) ... ok
test	Static vet and isolated helper regressions	2026-10-04T00:15:35.1162015Z test_entrypoints_share_config_routes_and_resource_limits (compare_load_test.PairedComparison.test_entrypoints_share_config_routes_and_resource_limits) ... ok
test	Static vet and isolated helper regressions	2026-10-04T00:15:35.1191429Z test_incomplete_paired_options_fail_before_fixture_creation (compare_load_test.PairedComparison.test_incomplete_paired_options_fail_before_fixture_creation) ... ok
test	Static vet and isolated helper regressions	2026-10-04T00:15:35.1203860Z test_invalid_client_queue_fails_before_fixture_creation (compare_load_test.PairedComparison.test_invalid_client_queue_fails_before_fixture_creation) ... ok
test	Static vet and isolated helper regressions	2026-10-04T00:15:35.1215298Z test_main_alternates_paired_trials_with_same_client (compare_load_test.PairedComparison.test_main_alternates_paired_trials_with_same_client) ... ok
test	Static vet and isolated helper regressions	2026-10-04T00:15:35.1230143Z test_main_passes_explicit_client_queue (compare_load_test.PairedComparison.test_main_passes_explicit_client_queue) ... ok
test	Static vet and isolated helper regressions	2026-10-04T00:15:35.1241201Z test_main_resolves_explicit_older_client_source (compare_load_test.PairedComparison.test_main_resolves_explicit_older_client_source) ... ok
test	Static vet and isolated helper regressions	2026-10-04T00:15:35.1244792Z test_memory_scales_with_full_unary_request_and_response_envelope (compare_load_test.PairedComparison.test_memory_scales_with_full_unary_request_and_response_envelope) ... ok
test	Static vet and isolated helper regressions	2026-10-04T00:15:35.1253472Z test_mongo_route_and_setup_use_the_same_owned_server (compare_load_test.PairedComparison.test_mongo_route_and_setup_use_the_same_owned_server) ... ok
test	Static vet and isolated helper regressions	2026-10-04T00:15:35.1276759Z test_provenance_hashes_imported_bytes_when_binary_paths_change_during_startup (compare_load_test.PairedComparison.test_provenance_hashes_imported_bytes_when_binary_paths_change_during_startup) ... ok
test	Static vet and isolated helper regressions	2026-10-04T00:15:35.1284907Z test_removed_collection_flag_is_rejected_before_fixture_creation (compare_load_test.PairedComparison.test_removed_collection_flag_is_rejected_before_fixture_creation) ... ok
test	Static vet and isolated helper regressions	2026-10-04T00:15:35.1287524Z test_resource_units_exclude_other_container_processes (compare_load_test.PairedComparison.test_resource_units_exclude_other_container_processes) ... ok
test	Static vet and isolated helper regressions	2026-10-04T00:15:35.1298226Z test_shared_prewarm_covers_both_production_paths_and_restores_cpu (compare_load_test.PairedComparison.test_shared_prewarm_covers_both_production_paths_and_restores_cpu) ... ok
test	Static vet and isolated helper regressions	2026-10-04T00:15:35.1299083Z test_nested_routing_and_quoted_scalar_values (config_yaml_test.ConfigurationYAML.test_nested_routing_and_quoted_scalar_values) ... ok
test	Static vet and isolated helper regressions	2026-10-04T00:15:35.1299922Z test_strings_escape_yaml_syntax_and_keep_empty_containers (config_yaml_test.ConfigurationYAML.test_strings_escape_yaml_syntax_and_keep_empty_containers) ... ok
test	Static vet and isolated helper regressions	2026-10-04T00:15:35.1300770Z test_unicode_is_written_without_json_surrogate_escapes (config_yaml_test.ConfigurationYAML.test_unicode_is_written_without_json_surrogate_escapes) ... ok
test	Static vet and isolated helper regressions	2026-10-04T00:15:35.1301509Z test_unsupported_values_are_rejected (config_yaml_test.ConfigurationYAML.test_unsupported_values_are_rejected) ... ok
test	Static vet and isolated helper regressions	2026-10-04T00:15:35.1302254Z test_yaml_line_breaks_and_control_characters_are_escaped (config_yaml_test.ConfigurationYAML.test_yaml_line_breaks_and_control_characters_are_escaped) ... ok
test	Static vet and isolated helper regressions	2026-10-04T00:15:35.1303059Z test_active_cpu_and_rss_exclude_idle_samples (connection_load_test.ConnectionLoadTests.test_active_cpu_and_rss_exclude_idle_samples) ... ok
test	Static vet and isolated helper regressions	2026-10-04T00:15:35.1303883Z test_budget_counts_each_store_heartbeat_and_termination (connection_load_test.ConnectionLoadTests.test_budget_counts_each_store_heartbeat_and_termination) ... ok
test	Static vet and isolated helper regressions	2026-10-04T00:15:35.1314327Z test_evidence_requires_processes_balanced_work_and_phase_coverage (connection_load_test.ConnectionLoadTests.test_evidence_requires_processes_balanced_work_and_phase_coverage) ... ok
test	Static vet and isolated helper regressions	2026-10-04T00:15:35.1315132Z test_executor_is_argv_not_shell (connection_load_test.ConnectionLoadTests.test_executor_is_argv_not_shell) ... ok
test	Static vet and isolated helper regressions	2026-10-04T00:15:35.1315863Z test_fixed_total_rate_and_nondivisible_distribution (connection_load_test.ConnectionLoadTests.test_fixed_total_rate_and_nondivisible_distribution) ... ok
test	Static vet and isolated helper regressions	2026-10-04T00:15:35.1322150Z test_fixture_configuration_uses_current_batch_fields_and_sufficient_memory (connection_load_test.ConnectionLoadTests.test_fixture_configuration_uses_current_batch_fields_and_sufficient_memory) ... ok
test	Static vet and isolated helper regressions	2026-10-04T00:15:35.1325235Z test_fixture_rejects_memory_shortfall_before_inventory_or_directory_creation (connection_load_test.ConnectionLoadTests.test_fixture_rejects_memory_shortfall_before_inventory_or_directory_creation) ... ok
test	Static vet and isolated helper regressions	2026-10-04T00:15:35.1326967Z test_raw_owner_bound_and_final_close_conservation (connection_load_test.ConnectionLoadTests.test_raw_owner_bound_and_final_close_conservation) ... ok
test	Static vet and isolated helper regressions	2026-10-04T00:15:35.3074971Z test_all_consumers_record_io_failure_and_cancel_close_owners (observer_completion_test.CompletionConsumers.test_all_consumers_record_io_failure_and_cancel_close_owners) ... ok
test	Static vet and isolated helper regressions	2026-10-04T00:15:35.3075755Z test_calibration_bad_stream_still_aborts_every_owner (observer_completion_test.CompletionConsumers.test_calibration_bad_stream_still_aborts_every_owner) ... skipped 'legacy calibration explicitly rejects -O'
test	Static vet and isolated helper regressions	2026-10-04T00:15:35.3077016Z test_calibration_explicit_cancel_uses_nonzero_without_four_second_wait (observer_completion_test.CompletionConsumers.test_calibration_explicit_cancel_uses_nonzero_without_four_second_wait) ... skipped 'legacy calibration explicitly rejects -O'
test	Static vet and isolated helper regressions	2026-10-04T00:15:35.3078032Z OWNER {"test": "observer_completion_test.CompletionConsumers.test_all_consumers_record_io_failure_and_cancel_close_owners", "pid": 20556, "exit": 0, "joined": true, "pipes_closed": true, "reaped": true}
test	Static vet and isolated helper regressions	2026-10-04T00:15:35.3078704Z OWNER {"test": "observer_completion_test.CompletionConsumers.test_all_consumers_record_io_failure_and_cancel_close_owners", "pid": 20557, "exit": 0, "joined": true, "pipes_closed": true, "reaped": true}
test	Static vet and isolated helper regressions	2026-10-04T00:15:35.3079585Z OWNER {"test": "observer_completion_test.CompletionConsumers.test_all_consumers_record_io_failure_and_cancel_close_owners", "pid": 20558, "exit": 0, "joined": true, "pipes_closed": true, "reaped": true}
test	Static vet and isolated helper regressions	2026-10-04T00:15:35.3080329Z test_calibration_frozen_budget_preserves_old_window_counterexample (observer_completion_test.CompletionConsumers.test_calibration_frozen_budget_preserves_old_window_counterexample) ... skipped 'legacy calibration explicitly rejects -O'
test	Static vet and isolated helper regressions	2026-10-04T00:15:48.1075437Z OWNER {"test": "observer_completion_test.CompletionConsumers.test_completion_and_calibration_reject_malformed_streams", "pid": 20559, "exit": 0, "joined": true, "pipes_closed": true, "reaped": true}
test	Static vet and isolated helper regressions	2026-10-04T00:15:48.1076513Z test_completion_and_calibration_reject_malformed_streams (observer_completion_test.CompletionConsumers.test_completion_and_calibration_reject_malformed_streams) ... ok
test	Static vet and isolated helper regressions	2026-10-04T00:15:48.1077190Z OWNER {"test": "observer_completion_test.CompletionConsumers.test_completion_and_calibration_reject_malformed_streams", "pid": 20560, "exit": 0, "joined": true, "pipes_closed": true, "reaped": true}
test	Static vet and isolated helper regressions	2026-10-04T00:15:48.1077840Z OWNER {"test": "observer_completion_test.CompletionConsumers.test_completion_and_calibration_reject_malformed_streams", "pid": 20561, "exit": 0, "joined": true, "pipes_closed": true, "reaped": true}
test	Static vet and isolated helper regressions	2026-10-04T00:15:48.1078508Z OWNER {"test": "observer_completion_test.CompletionConsumers.test_completion_and_calibration_reject_malformed_streams", "pid": 20562, "exit": 0, "joined": true, "pipes_closed": true, "reaped": true}
test	Static vet and isolated helper regressions	2026-10-04T00:15:48.1079163Z OWNER {"test": "observer_completion_test.CompletionConsumers.test_completion_and_calibration_reject_malformed_streams", "pid": 20563, "exit": 0, "joined": true, "pipes_closed": true, "reaped": true}
test	Static vet and isolated helper regressions	2026-10-04T00:15:48.1079823Z OWNER {"test": "observer_completion_test.CompletionConsumers.test_completion_and_calibration_reject_malformed_streams", "pid": 20564, "exit": 0, "joined": true, "pipes_closed": true, "reaped": true}
test	Static vet and isolated helper regressions	2026-10-04T00:15:48.1080497Z OWNER {"test": "observer_completion_test.CompletionConsumers.test_completion_and_calibration_reject_malformed_streams", "pid": 20565, "exit": 0, "joined": true, "pipes_closed": true, "reaped": true}
test	Static vet and isolated helper regressions	2026-10-04T00:15:48.1081375Z OWNER {"test": "observer_completion_test.CompletionConsumers.test_completion_and_calibration_reject_malformed_streams", "pid": 20566, "exit": 0, "joined": true, "pipes_closed": true, "reaped": true}
test	Static vet and isolated helper regressions	2026-10-04T00:15:48.1082030Z OWNER {"test": "observer_completion_test.CompletionConsumers.test_completion_and_calibration_reject_malformed_streams", "pid": 20567, "exit": 0, "joined": true, "pipes_closed": true, "reaped": true}
test	Static vet and isolated helper regressions	2026-10-04T00:15:48.1082710Z OWNER {"test": "observer_completion_test.CompletionConsumers.test_completion_and_calibration_reject_malformed_streams", "pid": 20568, "exit": -15, "joined": true, "pipes_closed": true, "reaped": true}
test	Static vet and isolated helper regressions	2026-10-04T00:15:48.1083369Z OWNER {"test": "observer_completion_test.CompletionConsumers.test_completion_and_calibration_reject_malformed_streams", "pid": 20569, "exit": 0, "joined": true, "pipes_closed": true, "reaped": true}
test	Static vet and isolated helper regressions	2026-10-04T00:15:48.1084031Z OWNER {"test": "observer_completion_test.CompletionConsumers.test_completion_and_calibration_reject_malformed_streams", "pid": 20570, "exit": 0, "joined": true, "pipes_closed": true, "reaped": true}
test	Static vet and isolated helper regressions	2026-10-04T00:15:48.1084688Z OWNER {"test": "observer_completion_test.CompletionConsumers.test_completion_and_calibration_reject_malformed_streams", "pid": 20571, "exit": 7, "joined": true, "pipes_closed": true, "reaped": true}
test	Static vet and isolated helper regressions	2026-10-04T00:15:48.1085340Z OWNER {"test": "observer_completion_test.CompletionConsumers.test_completion_and_calibration_reject_malformed_streams", "pid": 20572, "exit": 0, "joined": true, "pipes_closed": true, "reaped": true}
test	Static vet and isolated helper regressions	2026-10-04T00:15:48.1775031Z COMPLETION_PIPE={"binary_sha256": "c6e135e3794d7f8060168efe03252efbb3805b2059140b0333166dc5cc1e472b", "consumer": "observation", "machine": "x86_64", "optimized": true, "platform": "linux", "receipt": {"eof_sent_monotonic": 242.593934236, "exit": 0, "outcome": "complete", "role": "weir", "validated_monotonic": 242.593812944, "waited_monotonic": 242.616150967}, "samples": 71, "source": "660b89d588568a4fb1b5987bd924aaa734e61734", "stdout_bytes": 381873, "stdout_sha256": "e0cef1fc8b9748359ed7b8d106f3309faaf92d815381a03cfdf1f34af540204f"}
test	Static vet and isolated helper regressions	2026-10-04T00:15:48.1784272Z OWNER {"test": "observer_completion_test.CompletionConsumers.test_external_final_go_completion_to_actual_consumers", "pid": 20573, "exit": 0, "joined": true, "pipes_closed": true, "reaped": true}
test	Static vet and isolated helper regressions	2026-10-04T00:15:48.1784908Z test_external_final_go_completion_to_actual_consumers (observer_completion_test.CompletionConsumers.test_external_final_go_completion_to_actual_consumers) ... ok
test	Static vet and isolated helper regressions	2026-10-04T00:16:00.1967867Z COMPLETION_DEADLINE={"budget": 12, "elapsed": 12.004996758000004, "exit": -15, "joined": true, "eof": [true, true]}
test	Static vet and isolated helper regressions	2026-10-04T00:16:00.1973175Z OWNER {"test": "observer_completion_test.CompletionConsumers.test_frozen_total_deadline_still_aborts_and_waits", "pid": 20580, "exit": -15, "joined": true, "pipes_closed": true, "reaped": true}
test	Static vet and isolated helper regressions	2026-10-04T00:16:00.1997065Z test_frozen_total_deadline_still_aborts_and_waits (observer_completion_test.CompletionConsumers.test_frozen_total_deadline_still_aborts_and_waits) ... ok
test	Static vet and isolated helper regressions	2026-10-04T00:16:00.2419992Z test_rejected_terminal_cannot_receive_normal_eof (observer_completion_test.CompletionConsumers.test_rejected_terminal_cannot_receive_normal_eof) ... ok
test	Static vet and isolated helper regressions	2026-10-04T00:16:00.2420728Z OWNER {"test": "observer_completion_test.CompletionConsumers.test_rejected_terminal_cannot_receive_normal_eof", "pid": 20584, "exit": 1, "joined": true, "pipes_closed": true, "reaped": true}
test	Static vet and isolated helper regressions	2026-10-04T00:16:00.2859148Z test_cancel_and_system_exit_during_stop_keep_first_error (observer_lifecycle_test.ObserverFinalization.test_cancel_and_system_exit_during_stop_keep_first_error) ... ok
test	Static vet and isolated helper regressions	2026-10-04T00:16:00.2860213Z OWNER {"test": "observer_lifecycle_test.ObserverFinalization.test_cancel_and_system_exit_during_stop_keep_first_error", "pid": 20592, "exit": 0, "joined": true, "stopped": 254.725704835, "pipes_closed": [true, true, true], "reaped_before_test_cleanup": true, "fallback_waited": true}
test	Static vet and isolated helper regressions	2026-10-04T00:16:00.2861553Z OWNER {"test": "observer_lifecycle_test.ObserverFinalization.test_cancel_and_system_exit_during_stop_keep_first_error", "pid": 20593, "exit": 0, "joined": true, "stopped": 254.747474235, "pipes_closed": [true, true, true], "reaped_before_test_cleanup": true, "fallback_waited": true}
test	Static vet and isolated helper regressions	2026-10-04T00:16:00.3512291Z test_failed_kill_cannot_skip_leader_wait (observer_lifecycle_test.ObserverFinalization.test_failed_kill_cannot_skip_leader_wait) ... ok
test	Static vet and isolated helper regressions	2026-10-04T00:16:00.3513334Z OWNER {"test": "observer_lifecycle_test.ObserverFinalization.test_failed_kill_cannot_skip_leader_wait", "pid": 20595, "exit": 0, "joined": true, "stopped": 254.81276701, "pipes_closed": [true, true, true], "reaped_before_test_cleanup": true, "fallback_waited": true}
test	Static vet and isolated helper regressions	2026-10-04T00:16:00.3730937Z test_failed_wait_is_never_marked_joined_or_replayed (observer_lifecycle_test.ObserverFinalization.test_failed_wait_is_never_marked_joined_or_replayed) ... ok
test	Static vet and isolated helper regressions	2026-10-04T00:16:00.3731847Z OWNER {"test": "observer_lifecycle_test.ObserverFinalization.test_failed_wait_is_never_marked_joined_or_replayed", "pid": 20596, "exit": 0, "joined": false, "stopped": null, "pipes_closed": [true, true, true], "reaped_before_test_cleanup": true, "fallback_waited": true}
test	Static vet and isolated helper regressions	2026-10-04T00:16:00.3950712Z test_final_drain_failure_cannot_skip_close_or_final_record (observer_lifecycle_test.ObserverFinalization.test_final_drain_failure_cannot_skip_close_or_final_record) ... ok
test	Static vet and isolated helper regressions	2026-10-04T00:16:00.3951587Z OWNER {"test": "observer_lifecycle_test.ObserverFinalization.test_final_drain_failure_cannot_skip_close_or_final_record", "pid": 20597, "exit": 0, "joined": true, "stopped": 254.856644319, "pipes_closed": [true, true, true], "reaped_before_test_cleanup": true, "fallback_waited": true}
test	Static vet and isolated helper regressions	2026-10-04T00:16:00.4169471Z test_group_stop_failure_still_waits_and_releases_pipes (observer_lifecycle_test.ObserverFinalization.test_group_stop_failure_still_waits_and_releases_pipes) ... ok
test	Static vet and isolated helper regressions	2026-10-04T00:16:00.4170250Z OWNER {"test": "observer_lifecycle_test.ObserverFinalization.test_group_stop_failure_still_waits_and_releases_pipes", "pid": 20598, "exit": 0, "joined": true, "stopped": 254.878674982, "pipes_closed": [true, true, true], "reaped_before_test_cleanup": true, "fallback_waited": true}
test	Static vet and isolated helper regressions	2026-10-04T00:16:00.4405010Z test_initialization_record_and_pipe_setup_failure_cleanup (observer_lifecycle_test.ObserverFinalization.test_initialization_record_and_pipe_setup_failure_cleanup) ... ok
test	Static vet and isolated helper regressions	2026-10-04T00:16:00.4405843Z OWNER {"test": "observer_lifecycle_test.ObserverFinalization.test_initialization_record_and_pipe_setup_failure_cleanup", "pid": 20599, "exit": 0, "joined": true, "stopped": 254.90035747, "pipes_closed": [true, true, true], "reaped_before_test_cleanup": true, "fallback_waited": true}
test	Static vet and isolated helper regressions	2026-10-04T00:16:00.4407200Z OWNER {"test": "observer_lifecycle_test.ObserverFinalization.test_initialization_record_and_pipe_setup_failure_cleanup", "pid": 20600, "exit": -15, "joined": true, "stopped": 254.902483773, "pipes_closed": [true, true, true], "reaped_before_test_cleanup": true, "fallback_waited": true}
test	Static vet and isolated helper regressions	2026-10-04T00:16:00.4742226Z test_primary_nonzero_and_sample_errors_survive_record_and_close_errors (observer_lifecycle_test.ObserverFinalization.test_primary_nonzero_and_sample_errors_survive_record_and_close_errors) ... ok
test	Static vet and isolated helper regressions	2026-10-04T00:16:00.4743194Z OWNER {"test": "observer_lifecycle_test.ObserverFinalization.test_primary_nonzero_and_sample_errors_survive_record_and_close_errors", "pid": 20601, "exit": 7, "joined": true, "stopped": 254.919400934, "pipes_closed": [true, true, true], "reaped_before_test_cleanup": true, "fallback_waited": true}
test	Static vet and isolated helper regressions	2026-10-04T00:16:00.4744198Z OWNER {"test": "observer_lifecycle_test.ObserverFinalization.test_primary_nonzero_and_sample_errors_survive_record_and_close_errors", "pid": 20602, "exit": 0, "joined": true, "stopped": 254.936179987, "pipes_closed": [true, true, true], "reaped_before_test_cleanup": true, "fallback_waited": true}
test	Static vet and isolated helper regressions	2026-10-04T00:16:00.5591040Z test_record_and_data_files_fail_independently_without_leaks (observer_lifecycle_test.ObserverFinalization.test_record_and_data_files_fail_independently_without_leaks) ... ok
test	Static vet and isolated helper regressions	2026-10-04T00:16:00.5592275Z OWNER {"test": "observer_lifecycle_test.ObserverFinalization.test_record_and_data_files_fail_independently_without_leaks", "pid": 20603, "exit": 0, "joined": true, "stopped": 254.987855621, "pipes_closed": [true, true, true], "reaped_before_test_cleanup": true, "fallback_waited": true}
test	Static vet and isolated helper regressions	2026-10-04T00:16:00.5593310Z OWNER {"test": "observer_lifecycle_test.ObserverFinalization.test_record_and_data_files_fail_independently_without_leaks", "pid": 20604, "exit": -15, "joined": true, "stopped": 255.020488063, "pipes_closed": [true, true, true], "reaped_before_test_cleanup": true, "fallback_waited": true}
test	Static vet and isolated helper regressions	2026-10-04T00:16:00.6244411Z test_stdin_and_output_close_errors_still_release_every_pipe (observer_lifecycle_test.ObserverFinalization.test_stdin_and_output_close_errors_still_release_every_pipe) ... ok
test	Static vet and isolated helper regressions	2026-10-04T00:16:00.6245343Z OWNER {"test": "observer_lifecycle_test.ObserverFinalization.test_stdin_and_output_close_errors_still_release_every_pipe", "pid": 20605, "exit": 0, "joined": true, "stopped": 255.042791066, "pipes_closed": [true, true, true], "reaped_before_test_cleanup": true, "fallback_waited": true}
test	Static vet and isolated helper regressions	2026-10-04T00:16:00.6246415Z OWNER {"test": "observer_lifecycle_test.ObserverFinalization.test_stdin_and_output_close_errors_still_release_every_pipe", "pid": 20606, "exit": 0, "joined": true, "stopped": 255.064527846, "pipes_closed": [true, true, true], "reaped_before_test_cleanup": true, "fallback_waited": true}
test	Static vet and isolated helper regressions	2026-10-04T00:16:00.6247302Z OWNER {"test": "observer_lifecycle_test.ObserverFinalization.test_stdin_and_output_close_errors_still_release_every_pipe", "pid": 20607, "exit": 0, "joined": true, "stopped": 255.086133419, "pipes_closed": [true, true, true], "reaped_before_test_cleanup": true, "fallback_waited": true}
test	Static vet and isolated helper regressions	2026-10-04T00:16:00.6462384Z OWNER {"test": "observer_lifecycle_test.ObserverFinalization.test_successful_stop_and_poll_are_read_only_when_repeated", "pid": 20608, "exit": 0, "joined": true, "stopped": 255.107657339, "pipes_closed": [true, true, true], "reaped_before_test_cleanup": true, "fallback_waited": true}
test	Static vet and isolated helper regressions	2026-10-04T00:16:00.6941654Z test_successful_stop_and_poll_are_read_only_when_repeated (observer_lifecycle_test.ObserverFinalization.test_successful_stop_and_poll_are_read_only_when_repeated) ... ok
test	Static vet and isolated helper regressions	2026-10-04T00:16:00.6942340Z test_exit_buffer_eof_and_distinct_stop_time (observer_lifecycle_test.ObserverLifecycle.test_exit_buffer_eof_and_distinct_stop_time) ... ok
test	Static vet and isolated helper regressions	2026-10-04T00:16:00.7603023Z test_nonzero_partial_and_invalid_json_remain_failed (observer_lifecycle_test.ObserverLifecycle.test_nonzero_partial_and_invalid_json_remain_failed) ... ok
test	Static vet and isolated helper regressions	2026-10-04T00:16:01.2926872Z test_output_bound_keeps_failure_and_waits (observer_lifecycle_test.ObserverLifecycle.test_output_bound_keeps_failure_and_waits) ... ok
test	Static vet and isolated helper regressions	2026-10-04T00:16:01.3247925Z test_sample_error_exit_zero_cannot_be_erased_by_stop (observer_lifecycle_test.ObserverLifecycle.test_sample_error_exit_zero_cannot_be_erased_by_stop) ... ok
test	Static vet and isolated helper regressions	2026-10-04T00:16:01.5822799Z test_slow_consumer_simultaneous_high_output_and_cancel_tail (observer_lifecycle_test.ObserverLifecycle.test_slow_consumer_simultaneous_high_output_and_cancel_tail) ... ok
test	Static vet and isolated helper regressions	2026-10-04T00:16:01.5918669Z test_archives_reproducible_and_strict (package_test.PackageTests.test_archives_reproducible_and_strict) ... ok
test	Static vet and isolated helper regressions	2026-10-04T00:16:01.5922986Z test_binary_target_and_linked_dependency_validation (package_test.PackageTests.test_binary_target_and_linked_dependency_validation) ... ok
test	Static vet and isolated helper regressions	2026-10-04T00:16:01.6195648Z test_captured_revision_survives_head_change (package_test.PackageTests.test_captured_revision_survives_head_change) ... ok
test	Static vet and isolated helper regressions	2026-10-04T00:16:01.6481676Z test_inputs_exclude_tests_local_and_secrets (package_test.PackageTests.test_inputs_exclude_tests_local_and_secrets) ... ok
test	Static vet and isolated helper regressions	2026-10-04T00:16:01.6493915Z build output linux-amd64
test	Static vet and isolated helper regressions	2026-10-04T00:16:01.6502283Z build output linux-arm64
test	Static vet and isolated helper regressions	2026-10-04T00:16:01.6508975Z build output darwin-amd64
test	Static vet and isolated helper regressions	2026-10-04T00:16:01.6516903Z build output darwin-arm64
test	Static vet and isolated helper regressions	2026-10-04T00:16:01.6523527Z build output windows-amd64
test	Static vet and isolated helper regressions	2026-10-04T00:16:01.6528997Z build output windows-arm64
test	Static vet and isolated helper regressions	2026-10-04T00:16:01.6574272Z build output linux-amd64
test	Static vet and isolated helper regressions	2026-10-04T00:16:01.6576395Z build output linux-arm64
test	Static vet and isolated helper regressions	2026-10-04T00:16:01.6595944Z test_oci_build_context_contains_only_built_binaries (package_test.PackageTests.test_oci_build_context_contains_only_built_binaries) ... ok
test	Static vet and isolated helper regressions	2026-10-04T00:16:01.6598080Z test_toolchain_drift_rejected (package_test.PackageTests.test_toolchain_drift_rejected) ... ok
test	Static vet and isolated helper regressions	2026-10-04T00:16:01.6618819Z test_assets_require_source_and_exact_archive_hashes (release_test.ReleaseTests.test_assets_require_source_and_exact_archive_hashes) ... ok
test	Static vet and isolated helper regressions	2026-10-04T00:16:01.6622461Z test_resume_never_treats_access_failure_as_missing (release_test.ReleaseTests.test_resume_never_treats_access_failure_as_missing) ... ok
test	Static vet and isolated helper regressions	2026-10-04T00:16:01.6632207Z test_resume_preserves_existing_assets_and_only_adds_missing (release_test.ReleaseTests.test_resume_preserves_existing_assets_and_only_adds_missing) ... ok
test	Static vet and isolated helper regressions	2026-10-04T00:16:01.6632972Z test_version_is_a_canonical_stable_tag (release_test.ReleaseTests.test_version_is_a_canonical_stable_tag) ... ok
test	Static vet and isolated helper regressions	2026-10-04T00:16:01.7438099Z test_full_report_padded_limits_and_conflicting_duplicate (resource_report_test.CompleteReport.test_full_report_padded_limits_and_conflicting_duplicate) ... ok
test	Static vet and isolated helper regressions	2026-10-04T00:16:04.0782556Z test_full_report_rejects_each_corruption (resource_report_test.CompleteReport.test_full_report_rejects_each_corruption) ... ok
test	Static vet and isolated helper regressions	2026-10-04T00:16:04.2179243Z test_positive_and_complete_timing_no_go (resource_report_test.CompleteReport.test_positive_and_complete_timing_no_go) ... ok
test	Static vet and isolated helper regressions	2026-10-04T00:16:04.2226940Z test_all_original_samples_and_identity_without_completion (resource_report_test.NativeReplay.test_all_original_samples_and_identity_without_completion) ... ok
test	Static vet and isolated helper regressions	2026-10-04T00:16:04.3065106Z test_raw_whitespace_and_combined_missing_conflicting_fields (resource_report_test.NativeReplay.test_raw_whitespace_and_combined_missing_conflicting_fields) ... ok
test	Static vet and isolated helper regressions	2026-10-04T00:16:04.3078848Z test_client_and_weir (resource_report_test.ResourceEvidence.test_client_and_weir) ... ok
test	Static vet and isolated helper regressions	2026-10-04T00:16:04.3083801Z test_counter_decrease_and_clock_domains (resource_report_test.ResourceEvidence.test_counter_decrease_and_clock_domains) ... ok
test	Static vet and isolated helper regressions	2026-10-04T00:16:04.3089752Z test_coverage_and_truncated_stream (resource_report_test.ResourceEvidence.test_coverage_and_truncated_stream) ... ok
test	Static vet and isolated helper regressions	2026-10-04T00:16:04.3104829Z test_missing_corrupt_identity_units_and_gaps (resource_report_test.ResourceEvidence.test_missing_corrupt_identity_units_and_gaps) ... ok
test	Static vet and isolated helper regressions	2026-10-04T00:16:04.3130724Z test_archive_preserves_config_and_rejects_corrupt_layer (test_capacity_test.ArtifactSafety.test_archive_preserves_config_and_rejects_corrupt_layer) ... ok
test	Static vet and isolated helper regressions	2026-10-04T00:16:04.3132032Z test_product_input_identity_uses_revision_file_set (test_capacity_test.ArtifactSafety.test_product_input_identity_uses_revision_file_set) ... skipped 'entry rejects optimized Python before imports'
test	Static vet and isolated helper regressions	2026-10-04T00:16:04.3133128Z test_quantiles_are_recomputed_and_drop_is_not_success (test_capacity_test.CountSafety.test_quantiles_are_recomputed_and_drop_is_not_success) ... ok
test	Static vet and isolated helper regressions	2026-10-04T00:16:04.3134141Z test_bridge_change_separate_from_foreign_change (test_capacity_test.Safety.test_bridge_change_separate_from_foreign_change) ... skipped 'ordinary fixture rejects optimized Python'
test	Static vet and isolated helper regressions	2026-10-04T00:16:04.3135197Z test_cleanup_continues_after_owner_failure (test_capacity_test.Safety.test_cleanup_continues_after_owner_failure) ... skipped 'ordinary fixture rejects optimized Python'
test	Static vet and isolated helper regressions	2026-10-04T00:16:04.3136059Z test_existing_roots_untouched (test_capacity_test.Safety.test_existing_roots_untouched) ... skipped 'ordinary fixture rejects optimized Python'
test	Static vet and isolated helper regressions	2026-10-04T00:16:04.3137133Z test_optimized_entry_has_no_side_effects (test_capacity_test.Safety.test_optimized_entry_has_no_side_effects) ... skipped 'ordinary fixture rejects optimized Python'
test	Static vet and isolated helper regressions	2026-10-04T00:16:04.3138033Z test_optin_and_owner_before_mkdir (test_capacity_test.Safety.test_optin_and_owner_before_mkdir) ... skipped 'ordinary fixture rejects optimized Python'
test	Static vet and isolated helper regressions	2026-10-04T00:16:04.3139298Z test_partial_initialization_unwinds_owned_empty_directories (test_capacity_test.Safety.test_partial_initialization_unwinds_owned_empty_directories) ... skipped 'ordinary fixture rejects optimized Python'
test	Static vet and isolated helper regressions	2026-10-04T00:16:04.3140348Z test_real_preflight_collision_prevents_mutation (test_capacity_test.Safety.test_real_preflight_collision_prevents_mutation) ... skipped 'ordinary fixture rejects optimized Python'
test	Static vet and isolated helper regressions	2026-10-04T00:16:04.3162458Z test_changed_id_or_nonempty_network_is_never_removed (test_kubernetes_test.CleanupTests.test_changed_id_or_nonempty_network_is_never_removed) ... ok
test	Static vet and isolated helper regressions	2026-10-04T00:16:04.3173887Z test_failure_does_not_skip_other_nodes_volumes_or_access_file (test_kubernetes_test.CleanupTests.test_failure_does_not_skip_other_nodes_volumes_or_access_file) ... ok
test	Static vet and isolated helper regressions	2026-10-04T00:16:04.3183485Z test_fast_bootstrap_failure_discovers_unrecorded_owned_node (test_kubernetes_test.CleanupTests.test_fast_bootstrap_failure_discovers_unrecorded_owned_node) ... ok
test	Static vet and isolated helper regressions	2026-10-04T00:16:04.3190783Z test_owner_mismatch_never_removes_container (test_kubernetes_test.CleanupTests.test_owner_mismatch_never_removes_container) ... ok
test	Static vet and isolated helper regressions	2026-10-04T00:16:04.3196496Z test_preexisting_owner_is_rejected_before_bootstrap (test_kubernetes_test.CleanupTests.test_preexisting_owner_is_rejected_before_bootstrap) ... ok
test	Static vet and isolated helper regressions	2026-10-04T00:16:04.3197691Z test_collisions_refused_before_prepare_or_cleanup (test_kubernetes_test.EntryTests.test_collisions_refused_before_prepare_or_cleanup) ... skipped 'CLI explicitly rejects optimized Python; subprocess checks cover that refusal'
test	Static vet and isolated helper regressions	2026-10-04T00:16:04.3199281Z test_existing_paths_refused_without_reading_or_external_commands (test_kubernetes_test.EntryTests.test_existing_paths_refused_without_reading_or_external_commands) ... skipped 'CLI explicitly rejects optimized Python; subprocess checks cover that refusal'
test	Static vet and isolated helper regressions	2026-10-04T00:16:04.3200644Z test_fresh_root_prepare_failure_and_success_order (test_kubernetes_test.EntryTests.test_fresh_root_prepare_failure_and_success_order) ... skipped 'CLI explicitly rejects optimized Python; subprocess checks cover that refusal'
test	Static vet and isolated helper regressions	2026-10-04T00:16:04.3201609Z test_opt_in_and_owner_refused_before_directory_creation (test_kubernetes_test.EntryTests.test_opt_in_and_owner_refused_before_directory_creation) ... skipped 'CLI explicitly rejects optimized Python; subprocess checks cover that refusal'
test	Static vet and isolated helper regressions	2026-10-04T00:16:04.3202479Z test_partial_directory_creation_cleans_only_created_empty_paths (test_kubernetes_test.EntryTests.test_partial_directory_creation_cleans_only_created_empty_paths) ... skipped 'CLI explicitly rejects optimized Python; subprocess checks cover that refusal'
test	Static vet and isolated helper regressions	2026-10-04T00:16:04.3203765Z test_store_configuration_uses_reachable_directory_and_sufficient_memory (test_kubernetes_test.EntryTests.test_store_configuration_uses_reachable_directory_and_sufficient_memory) ... skipped 'CLI explicitly rejects optimized Python; subprocess checks cover that refusal'
test	Static vet and isolated helper regressions	2026-10-04T00:16:05.0874246Z test_optimized_entry_refuses_before_any_fixture_side_effect (test_kubernetes_test.OptimizedEntryTests.test_optimized_entry_refuses_before_any_fixture_side_effect) ... ok
test	Static vet and isolated helper regressions	2026-10-04T00:16:05.1067253Z test_absent_candidate_has_explicit_evidence (test_memory_linux_test.CleanupTests.test_absent_candidate_has_explicit_evidence) ... ok
test	Static vet and isolated helper regressions	2026-10-04T00:16:05.1127208Z test_inspect_failure_does_not_skip_network_and_host (test_memory_linux_test.CleanupTests.test_inspect_failure_does_not_skip_network_and_host) ... Fixture cleanup has errors or unresolved resources: {'resources': [{'container': 'owned-cli', 'steps': []}, {'container': 'owned-guard', 'steps': [{'action': 'logs', 'ok': True}, {'action': 'stop', 'ok': True}], 'inspection': {'Id': 'owned-guard', 'Owner': 'owned', 'Running': False, 'ExitCode': 0, 'OOMKilled': False, 'Status': 'exited', 'Pid': 0}, 'after_stop': {'Id': 'owned-guard', 'Owner': 'owned', 'Running': False, 'ExitCode': 0, 'OOMKilled': False, 'Status': 'exited', 'Pid': 0}, 'absent': True}, {'network': 'owned', 'inspection': {'Id': 'owned', 'Owner': 'owned', 'Running': False, 'ExitCode': 0, 'OOMKilled': False, 'Status': 'exited', 'Pid': 0}, 'absent': True}, {'host_mongo_pid': 123, 'bind': '127.0.0.1', 'waited': True, 'returncode': 0}, {'file': 'mongo-data', 'absent': True}], 'errors': ['owned-cli inspect: Command \'[\'docker\', \'container\', \'inspect\', \'--format\', \'{"Id":{{json .Id}},"Owner":{{json (index .Config.Labels "weir.owner")}},"Running":{{json .State.Running}},"Status":{{json .State.Status}},"ExitCode":{{json .State.ExitCode}},"OOMKilled":{{json .State.OOMKilled}},"Pid":{{json .State.Pid}},"Memory":{{json .HostConfig.Memory}},"MemorySwap":{{json .HostConfig.MemorySwap}},"NanoCpus":{{json .HostConfig.NanoCpus}},"PidsLimit":{{json .HostConfig.PidsLimit}}}\', \'owned-cli\']\' timed out after 1 seconds'], 'all_stopped': False, 'test_error': 'RuntimeError: original test failure'}; logs: /tmp/tmpsxzgr9ks/owned
test	Static vet and isolated helper regressions	2026-10-04T00:16:05.1134341Z ok
test	Static vet and isolated helper regressions	2026-10-04T00:16:05.1197113Z test_logs_failure_preserves_original_and_stops_all (test_memory_linux_test.CleanupTests.test_logs_failure_preserves_original_and_stops_all) ... Fixture cleanup has errors or unresolved resources: {'resources': [{'container': 'owned-cli', 'steps': [{'action': 'logs', 'error': "Command '['docker', 'logs', 'owned-cli']' timed out after 1 seconds"}, {'action': 'stop', 'ok': True}], 'inspection': {'Id': 'owned-cli', 'Owner': 'owned', 'Running': False, 'ExitCode': 0, 'OOMKilled': False, 'Status': 'exited', 'Pid': 0}, 'after_stop': {'Id': 'owned-cli', 'Owner': 'owned', 'Running': False, 'ExitCode': 0, 'OOMKilled': False, 'Status': 'exited', 'Pid': 0}, 'absent': True}, {'container': 'owned-guard', 'steps': [{'action': 'logs', 'error': "Command '['docker', 'logs', 'owned-guard']' timed out after 1 seconds"}, {'action': 'stop', 'ok': True}], 'inspection': {'Id': 'owned-guard', 'Owner': 'owned', 'Running': False, 'ExitCode': 0, 'OOMKilled': False, 'Status': 'exited', 'Pid': 0}, 'after_stop': {'Id': 'owned-guard', 'Owner': 'owned', 'Running': False, 'ExitCode': 0, 'OOMKilled': False, 'Status': 'exited', 'Pid': 0}, 'absent': True}, {'network': 'owned', 'inspection': {'Id': 'owned', 'Owner': 'owned', 'Running': False, 'ExitCode': 0, 'OOMKilled': False, 'Status': 'exited', 'Pid': 0}, 'absent': True}, {'host_mongo_pid': 123, 'bind': '127.0.0.1', 'waited': True, 'returncode': 0}, {'file': 'mongo-data', 'absent': True}, {'file': 'weir', 'absent': True}, {'file': 'app.test', 'absent': True}, {'file': 'overload.test', 'absent': True}], 'errors': ["owned-cli logs: Command '['docker', 'logs', 'owned-cli']' timed out after 1 seconds", "owned-guard logs: Command '['docker', 'logs', 'owned-guard']' timed out after 1 seconds"], 'all_stopped': True, 'test_error': 'RuntimeError: original test failure'}; logs: /tmp/tmpjohwvcl4/owned
test	Static vet and isolated helper regressions	2026-10-04T00:16:05.1202743Z ok
test	Static vet and isolated helper regressions	2026-10-04T00:16:05.1250797Z test_output_owner_mismatch_preserves_files (test_memory_linux_test.CleanupTests.test_output_owner_mismatch_preserves_files) ... Fixture cleanup has errors or unresolved resources: {'resources': [{'container': 'owned-guard', 'steps': [{'action': 'logs', 'ok': True}, {'action': 'stop', 'ok': True}], 'inspection': {'Id': 'owned-guard', 'Owner': 'owned', 'Running': False, 'ExitCode': 0, 'OOMKilled': False, 'Status': 'exited', 'Pid': 0}, 'after_stop': {'Id': 'owned-guard', 'Owner': 'owned', 'Running': False, 'ExitCode': 0, 'OOMKilled': False, 'Status': 'exited', 'Pid': 0}, 'absent': True}, {'network': 'owned', 'inspection': {'Id': 'owned', 'Owner': 'owned', 'Running': False, 'ExitCode': 0, 'OOMKilled': False, 'Status': 'exited', 'Pid': 0}, 'absent': True}, {'host_mongo_pid': 123, 'bind': '127.0.0.1', 'waited': True, 'returncode': 0}], 'errors': ['output owner mismatch; preserving all files'], 'all_stopped': True, 'test_error': 'RuntimeError: original test failure'}; logs: /tmp/tmp2vtapz9r/owned
test	Static vet and isolated helper regressions	2026-10-04T00:16:05.1261329Z ok
test	Static vet and isolated helper regressions	2026-10-04T00:16:05.1312982Z test_owner_mismatch_is_not_modified (test_memory_linux_test.CleanupTests.test_owner_mismatch_is_not_modified) ... Fixture cleanup has errors or unresolved resources: {'resources': [{'container': 'owned-guard', 'steps': [], 'inspection': {'Id': 'owned-guard', 'Owner': 'other', 'Running': False, 'ExitCode': 0, 'OOMKilled': False, 'Status': 'exited', 'Pid': 0}}, {'network': 'owned', 'inspection': {'Id': 'owned', 'Owner': 'owned', 'Running': False, 'ExitCode': 0, 'OOMKilled': False, 'Status': 'exited', 'Pid': 0}, 'absent': True}, {'host_mongo_pid': 123, 'bind': '127.0.0.1', 'waited': True, 'returncode': 0}, {'file': 'mongo-data', 'absent': True}], 'errors': ['owned-guard inspect: container owner mismatch; refusing modification'], 'all_stopped': False, 'test_error': 'RuntimeError: original test failure'}; logs: /tmp/tmpu9px3i4t/owned
test	Static vet and isolated helper regressions	2026-10-04T00:16:05.1319475Z ok
test	Static vet and isolated helper regressions	2026-10-04T00:16:05.1404860Z test_partial_create_and_build_failures (test_memory_linux_test.CleanupTests.test_partial_create_and_build_failures) ... ok
test	Static vet and isolated helper regressions	2026-10-04T00:16:05.1476685Z test_wait_failure_preserves_data (test_memory_linux_test.CleanupTests.test_wait_failure_preserves_data) ... Fixture cleanup has errors or unresolved resources: {'resources': [{'container': 'owned-guard', 'steps': [{'action': 'logs', 'ok': True}, {'action': 'stop', 'ok': True}], 'inspection': {'Id': 'owned-guard', 'Owner': 'owned', 'Running': False, 'ExitCode': 0, 'OOMKilled': False, 'Status': 'exited', 'Pid': 0}, 'after_stop': {'Id': 'owned-guard', 'Owner': 'owned', 'Running': False, 'ExitCode': 0, 'OOMKilled': False, 'Status': 'exited', 'Pid': 0}, 'absent': True}, {'network': 'owned', 'inspection': {'Id': 'owned', 'Owner': 'owned', 'Running': False, 'ExitCode': 0, 'OOMKilled': False, 'Status': 'exited', 'Pid': 0}, 'absent': True}, {'host_mongo_pid': 123, 'bind': '127.0.0.1', 'waited': False, 'returncode': 0}, {'file': 'weir', 'absent': True}, {'file': 'app.test', 'absent': True}, {'file': 'overload.test', 'absent': True}], 'errors': ["host Wait: Command 'owned mongod' timed out after 10 seconds", "host final Wait: Command 'owned mongod' timed out after 10 seconds"], 'all_stopped': False, 'test_error': 'RuntimeError: original test failure'}; logs: /tmp/tmp7_diwxjq/owned
test	Static vet and isolated helper regressions	2026-10-04T00:16:05.1487002Z ok
test	Static vet and isolated helper regressions	2026-10-04T00:16:05.1487260Z 
test	Static vet and isolated helper regressions	2026-10-04T00:16:05.1487540Z ----------------------------------------------------------------------
test	Static vet and isolated helper regressions	2026-10-04T00:16:05.1487768Z Ran 134 tests in 30.488s
test	Static vet and isolated helper regressions	2026-10-04T00:16:05.1487858Z 
test	Static vet and isolated helper regressions	2026-10-04T00:16:05.1487908Z OK (skipped=30)
test	Post Run actions/checkout@3d3c42e5aac5ba805825da76410c181273ba90b1	﻿2026-10-04T00:16:05.1780400Z Post job cleanup.
test	Post Run actions/checkout@3d3c42e5aac5ba805825da76410c181273ba90b1	2026-10-04T00:16:05.2343392Z [command]/usr/bin/git version
test	Post Run actions/checkout@3d3c42e5aac5ba805825da76410c181273ba90b1	2026-10-04T00:16:05.2375330Z git version 2.55.0
test	Post Run actions/checkout@3d3c42e5aac5ba805825da76410c181273ba90b1	2026-10-04T00:16:05.2397302Z Temporarily overriding HOME='/home/runner/work/_temp/c4a51413-ae0d-417e-a92f-a391ea4bed9e' before making global git config changes
test	Post Run actions/checkout@3d3c42e5aac5ba805825da76410c181273ba90b1	2026-10-04T00:16:05.2398290Z Adding repository directory to the temporary git global config as a safe directory
test	Post Run actions/checkout@3d3c42e5aac5ba805825da76410c181273ba90b1	2026-10-04T00:16:05.2401227Z [command]/usr/bin/git config --global --add safe.directory /home/runner/work/weir/weir
test	Post Run actions/checkout@3d3c42e5aac5ba805825da76410c181273ba90b1	2026-10-04T00:16:05.2437398Z Removing SSH command configuration
test	Post Run actions/checkout@3d3c42e5aac5ba805825da76410c181273ba90b1	2026-10-04T00:16:05.2457910Z [command]/usr/bin/git config --local --name-only --get-regexp core\.sshCommand
test	Post Run actions/checkout@3d3c42e5aac5ba805825da76410c181273ba90b1	2026-10-04T00:16:05.2493579Z [command]/usr/bin/git submodule foreach --recursive sh -c "git config --local --name-only --get-regexp 'core\.sshCommand' && git config --local --unset-all 'core.sshCommand' || :"
test	Post Run actions/checkout@3d3c42e5aac5ba805825da76410c181273ba90b1	2026-10-04T00:16:05.2701955Z Removing HTTP extra header
test	Post Run actions/checkout@3d3c42e5aac5ba805825da76410c181273ba90b1	2026-10-04T00:16:05.2708107Z [command]/usr/bin/git config --local --name-only --get-regexp http\.https\:\/\/github\.com\/\.extraheader
test	Post Run actions/checkout@3d3c42e5aac5ba805825da76410c181273ba90b1	2026-10-04T00:16:05.2744182Z [command]/usr/bin/git submodule foreach --recursive sh -c "git config --local --name-only --get-regexp 'http\.https\:\/\/github\.com\/\.extraheader' && git config --local --unset-all 'http.https://github.com/.extraheader' || :"
test	Post Run actions/checkout@3d3c42e5aac5ba805825da76410c181273ba90b1	2026-10-04T00:16:05.2944731Z Removing includeIf entries pointing to credentials config files
test	Post Run actions/checkout@3d3c42e5aac5ba805825da76410c181273ba90b1	2026-10-04T00:16:05.2949976Z [command]/usr/bin/git config --local --name-only --get-regexp ^includeIf\.gitdir:
test	Post Run actions/checkout@3d3c42e5aac5ba805825da76410c181273ba90b1	2026-10-04T00:16:05.2980359Z [command]/usr/bin/git submodule foreach --recursive git config --local --show-origin --name-only --get-regexp remote.origin.url
test	Complete job	﻿2026-10-04T00:16:05.3281330Z Cleaning up orphan processes
