database-full-load (0)	Set up job	﻿2026-10-03T22:57:45.7512870Z Current runner version: '2.337.0'
database-full-load (0)	Set up job	2026-10-03T22:57:45.7539074Z ##[group]Runner Image Provisioner
database-full-load (0)	Set up job	2026-10-03T22:57:45.7540096Z Hosted Compute Agent
database-full-load (0)	Set up job	2026-10-03T22:57:45.7540807Z Version: 20260901.588
database-full-load (0)	Set up job	2026-10-03T22:57:45.7541448Z Commit: f88ec8081b781fac6c440065ac7ff9e710ce3d0b
database-full-load (0)	Set up job	2026-10-03T22:57:45.7542224Z Build Date: 2026-09-01T19:56:44Z
database-full-load (0)	Set up job	2026-10-03T22:57:45.7542965Z Worker ID: {92d8772f-2eb2-411f-92c9-412f58fb4c03}
database-full-load (0)	Set up job	2026-10-03T22:57:45.7543677Z Azure Region: westus
database-full-load (0)	Set up job	2026-10-03T22:57:45.7544559Z ##[endgroup]
database-full-load (0)	Set up job	2026-10-03T22:57:45.7546224Z ##[group]Operating System
database-full-load (0)	Set up job	2026-10-03T22:57:45.7546969Z Ubuntu
database-full-load (0)	Set up job	2026-10-03T22:57:45.7547567Z 24.04.5
database-full-load (0)	Set up job	2026-10-03T22:57:45.7548103Z LTS
database-full-load (0)	Set up job	2026-10-03T22:57:45.7548676Z ##[endgroup]
database-full-load (0)	Set up job	2026-10-03T22:57:45.7549241Z ##[group]Runner Image
database-full-load (0)	Set up job	2026-10-03T22:57:45.7549833Z Image: ubuntu-24.04
database-full-load (0)	Set up job	2026-10-03T22:57:45.7550507Z Version: 20260927.320.1
database-full-load (0)	Set up job	2026-10-03T22:57:45.7551572Z Included Software: https://github.com/actions/runner-images/blob/ubuntu24/20260927.320/images/ubuntu/Ubuntu2404-Readme.md
database-full-load (0)	Set up job	2026-10-03T22:57:45.7553763Z Image Release: https://github.com/actions/runner-images/releases/tag/ubuntu24%2F20260927.320
database-full-load (0)	Set up job	2026-10-03T22:57:45.7555206Z ##[endgroup]
database-full-load (0)	Set up job	2026-10-03T22:57:45.7556510Z ##[group]GITHUB_TOKEN Permissions
database-full-load (0)	Set up job	2026-10-03T22:57:45.7558759Z Contents: read
database-full-load (0)	Set up job	2026-10-03T22:57:45.7559429Z Metadata: read
database-full-load (0)	Set up job	2026-10-03T22:57:45.7560001Z ##[endgroup]
database-full-load (0)	Set up job	2026-10-03T22:57:45.7562157Z Secret source: Actions
database-full-load (0)	Set up job	2026-10-03T22:57:45.7563129Z Cache mode: write
database-full-load (0)	Set up job	2026-10-03T22:57:45.7564164Z Prepare workflow directory
database-full-load (0)	Set up job	2026-10-03T22:57:45.7988000Z Prepare all required actions
database-full-load (0)	Set up job	2026-10-03T22:57:45.8037945Z Getting action download info
database-full-load (0)	Set up job	2026-10-03T22:57:46.1856461Z Download action repository 'actions/checkout@3d3c42e5aac5ba805825da76410c181273ba90b1' (SHA:3d3c42e5aac5ba805825da76410c181273ba90b1)
database-full-load (0)	Set up job	2026-10-03T22:57:46.2954693Z Download action repository 'actions/setup-go@924ae3a1cded613372ab5595356fb5720e22ba16' (SHA:924ae3a1cded613372ab5595356fb5720e22ba16)
database-full-load (0)	Set up job	2026-10-03T22:57:46.7221051Z Download action repository 'actions/upload-artifact@ea165f8d65b6e75b540449e92b4886f43607fa02' (SHA:ea165f8d65b6e75b540449e92b4886f43607fa02)
database-full-load (0)	Set up job	2026-10-03T22:57:46.9305958Z Complete job name: database-full-load (0)
database-full-load (0)	Run actions/checkout@3d3c42e5aac5ba805825da76410c181273ba90b1	﻿2026-10-03T22:57:47.0165683Z ##[group]Run actions/checkout@3d3c42e5aac5ba805825da76410c181273ba90b1
database-full-load (0)	Run actions/checkout@3d3c42e5aac5ba805825da76410c181273ba90b1	2026-10-03T22:57:47.0166944Z with:
database-full-load (0)	Run actions/checkout@3d3c42e5aac5ba805825da76410c181273ba90b1	2026-10-03T22:57:47.0167497Z   ref: 03fcec1bbb3806a41eca2aa39b4ff702a4b59331
database-full-load (0)	Run actions/checkout@3d3c42e5aac5ba805825da76410c181273ba90b1	2026-10-03T22:57:47.0168181Z   persist-credentials: false
database-full-load (0)	Run actions/checkout@3d3c42e5aac5ba805825da76410c181273ba90b1	2026-10-03T22:57:47.0168763Z   repository: batchstream/weir-tests
database-full-load (0)	Run actions/checkout@3d3c42e5aac5ba805825da76410c181273ba90b1	2026-10-03T22:57:47.0172723Z   token: ***
database-full-load (0)	Run actions/checkout@3d3c42e5aac5ba805825da76410c181273ba90b1	2026-10-03T22:57:47.0173262Z   ssh-strict: true
database-full-load (0)	Run actions/checkout@3d3c42e5aac5ba805825da76410c181273ba90b1	2026-10-03T22:57:47.0173764Z   ssh-user: git
database-full-load (0)	Run actions/checkout@3d3c42e5aac5ba805825da76410c181273ba90b1	2026-10-03T22:57:47.0174433Z   clean: true
database-full-load (0)	Run actions/checkout@3d3c42e5aac5ba805825da76410c181273ba90b1	2026-10-03T22:57:47.0174941Z   sparse-checkout-cone-mode: true
database-full-load (0)	Run actions/checkout@3d3c42e5aac5ba805825da76410c181273ba90b1	2026-10-03T22:57:47.0175540Z   fetch-depth: 1
database-full-load (0)	Run actions/checkout@3d3c42e5aac5ba805825da76410c181273ba90b1	2026-10-03T22:57:47.0176040Z   fetch-tags: false
database-full-load (0)	Run actions/checkout@3d3c42e5aac5ba805825da76410c181273ba90b1	2026-10-03T22:57:47.0176534Z   show-progress: true
database-full-load (0)	Run actions/checkout@3d3c42e5aac5ba805825da76410c181273ba90b1	2026-10-03T22:57:47.0177045Z   lfs: false
database-full-load (0)	Run actions/checkout@3d3c42e5aac5ba805825da76410c181273ba90b1	2026-10-03T22:57:47.0177505Z   submodules: false
database-full-load (0)	Run actions/checkout@3d3c42e5aac5ba805825da76410c181273ba90b1	2026-10-03T22:57:47.0178005Z   set-safe-directory: true
database-full-load (0)	Run actions/checkout@3d3c42e5aac5ba805825da76410c181273ba90b1	2026-10-03T22:57:47.0178601Z   allow-unsafe-pr-checkout: false
database-full-load (0)	Run actions/checkout@3d3c42e5aac5ba805825da76410c181273ba90b1	2026-10-03T22:57:47.0179569Z env:
database-full-load (0)	Run actions/checkout@3d3c42e5aac5ba805825da76410c181273ba90b1	2026-10-03T22:57:47.0180056Z   GOENV: off
database-full-load (0)	Run actions/checkout@3d3c42e5aac5ba805825da76410c181273ba90b1	2026-10-03T22:57:47.0180532Z   GOWORK: off
database-full-load (0)	Run actions/checkout@3d3c42e5aac5ba805825da76410c181273ba90b1	2026-10-03T22:57:47.0181052Z   GOTOOLCHAIN: local
database-full-load (0)	Run actions/checkout@3d3c42e5aac5ba805825da76410c181273ba90b1	2026-10-03T22:57:47.0181590Z   GOFLAGS: -mod=readonly
database-full-load (0)	Run actions/checkout@3d3c42e5aac5ba805825da76410c181273ba90b1	2026-10-03T22:57:47.0182147Z   PYTHONDONTWRITEBYTECODE: 1
database-full-load (0)	Run actions/checkout@3d3c42e5aac5ba805825da76410c181273ba90b1	2026-10-03T22:57:47.0182686Z ##[endgroup]
database-full-load (0)	Run actions/checkout@3d3c42e5aac5ba805825da76410c181273ba90b1	2026-10-03T22:57:47.1235642Z Syncing repository: batchstream/weir-tests
database-full-load (0)	Run actions/checkout@3d3c42e5aac5ba805825da76410c181273ba90b1	2026-10-03T22:57:47.1238916Z ##[group]Getting Git version info
database-full-load (0)	Run actions/checkout@3d3c42e5aac5ba805825da76410c181273ba90b1	2026-10-03T22:57:47.1240372Z Working directory is '/home/runner/work/weir-tests/weir-tests'
database-full-load (0)	Run actions/checkout@3d3c42e5aac5ba805825da76410c181273ba90b1	2026-10-03T22:57:47.1242564Z [command]/usr/bin/git version
database-full-load (0)	Run actions/checkout@3d3c42e5aac5ba805825da76410c181273ba90b1	2026-10-03T22:57:47.1366369Z git version 2.55.0
database-full-load (0)	Run actions/checkout@3d3c42e5aac5ba805825da76410c181273ba90b1	2026-10-03T22:57:47.1391378Z ##[endgroup]
database-full-load (0)	Run actions/checkout@3d3c42e5aac5ba805825da76410c181273ba90b1	2026-10-03T22:57:47.1403678Z Temporarily overriding HOME='/home/runner/work/_temp/117e40c9-5037-4cc3-bf82-ce55279ffb28' before making global git config changes
database-full-load (0)	Run actions/checkout@3d3c42e5aac5ba805825da76410c181273ba90b1	2026-10-03T22:57:47.1406782Z Adding repository directory to the temporary git global config as a safe directory
database-full-load (0)	Run actions/checkout@3d3c42e5aac5ba805825da76410c181273ba90b1	2026-10-03T22:57:47.1412237Z [command]/usr/bin/git config --global --add safe.directory /home/runner/work/weir-tests/weir-tests
database-full-load (0)	Run actions/checkout@3d3c42e5aac5ba805825da76410c181273ba90b1	2026-10-03T22:57:47.1467751Z Deleting the contents of '/home/runner/work/weir-tests/weir-tests'
database-full-load (0)	Run actions/checkout@3d3c42e5aac5ba805825da76410c181273ba90b1	2026-10-03T22:57:47.1471740Z ##[group]Determining repository object format
database-full-load (0)	Run actions/checkout@3d3c42e5aac5ba805825da76410c181273ba90b1	2026-10-03T22:57:47.1473852Z ##[endgroup]
database-full-load (0)	Run actions/checkout@3d3c42e5aac5ba805825da76410c181273ba90b1	2026-10-03T22:57:47.1480115Z ##[group]Initializing the repository
database-full-load (0)	Run actions/checkout@3d3c42e5aac5ba805825da76410c181273ba90b1	2026-10-03T22:57:47.1481612Z [command]/usr/bin/git init /home/runner/work/weir-tests/weir-tests
database-full-load (0)	Run actions/checkout@3d3c42e5aac5ba805825da76410c181273ba90b1	2026-10-03T22:57:47.1597641Z hint: Using 'master' as the name for the initial branch. This default branch name
database-full-load (0)	Run actions/checkout@3d3c42e5aac5ba805825da76410c181273ba90b1	2026-10-03T22:57:47.1599027Z hint: will change to "main" in Git 3.0. To configure the initial branch name
database-full-load (0)	Run actions/checkout@3d3c42e5aac5ba805825da76410c181273ba90b1	2026-10-03T22:57:47.1600074Z hint: to use in all of your new repositories, which will suppress this warning,
database-full-load (0)	Run actions/checkout@3d3c42e5aac5ba805825da76410c181273ba90b1	2026-10-03T22:57:47.1600882Z hint: call:
database-full-load (0)	Run actions/checkout@3d3c42e5aac5ba805825da76410c181273ba90b1	2026-10-03T22:57:47.1601336Z hint:
database-full-load (0)	Run actions/checkout@3d3c42e5aac5ba805825da76410c181273ba90b1	2026-10-03T22:57:47.1602067Z hint: 	git config --global init.defaultBranch <name>
database-full-load (0)	Run actions/checkout@3d3c42e5aac5ba805825da76410c181273ba90b1	2026-10-03T22:57:47.1603064Z hint:
database-full-load (0)	Run actions/checkout@3d3c42e5aac5ba805825da76410c181273ba90b1	2026-10-03T22:57:47.1603711Z hint: Names commonly chosen instead of 'master' are 'main', 'trunk' and
database-full-load (0)	Run actions/checkout@3d3c42e5aac5ba805825da76410c181273ba90b1	2026-10-03T22:57:47.1605041Z hint: 'development'. The just-created branch can be renamed via this command:
database-full-load (0)	Run actions/checkout@3d3c42e5aac5ba805825da76410c181273ba90b1	2026-10-03T22:57:47.1605888Z hint:
database-full-load (0)	Run actions/checkout@3d3c42e5aac5ba805825da76410c181273ba90b1	2026-10-03T22:57:47.1606343Z hint: 	git branch -m <name>
database-full-load (0)	Run actions/checkout@3d3c42e5aac5ba805825da76410c181273ba90b1	2026-10-03T22:57:47.1606886Z hint:
database-full-load (0)	Run actions/checkout@3d3c42e5aac5ba805825da76410c181273ba90b1	2026-10-03T22:57:47.1607578Z hint: Disable this message with "git config set advice.defaultBranchName false"
database-full-load (0)	Run actions/checkout@3d3c42e5aac5ba805825da76410c181273ba90b1	2026-10-03T22:57:47.1614995Z Initialized empty Git repository in /home/runner/work/weir-tests/weir-tests/.git/
database-full-load (0)	Run actions/checkout@3d3c42e5aac5ba805825da76410c181273ba90b1	2026-10-03T22:57:47.1637146Z [command]/usr/bin/git remote add origin https://github.com/batchstream/weir-tests
database-full-load (0)	Run actions/checkout@3d3c42e5aac5ba805825da76410c181273ba90b1	2026-10-03T22:57:47.1700071Z ##[endgroup]
database-full-load (0)	Run actions/checkout@3d3c42e5aac5ba805825da76410c181273ba90b1	2026-10-03T22:57:47.1701609Z ##[group]Disabling automatic garbage collection
database-full-load (0)	Run actions/checkout@3d3c42e5aac5ba805825da76410c181273ba90b1	2026-10-03T22:57:47.1705161Z [command]/usr/bin/git config --local gc.auto 0
database-full-load (0)	Run actions/checkout@3d3c42e5aac5ba805825da76410c181273ba90b1	2026-10-03T22:57:47.1744132Z ##[endgroup]
database-full-load (0)	Run actions/checkout@3d3c42e5aac5ba805825da76410c181273ba90b1	2026-10-03T22:57:47.1746139Z ##[group]Setting up auth
database-full-load (0)	Run actions/checkout@3d3c42e5aac5ba805825da76410c181273ba90b1	2026-10-03T22:57:47.1754854Z Removing SSH command configuration
database-full-load (0)	Run actions/checkout@3d3c42e5aac5ba805825da76410c181273ba90b1	2026-10-03T22:57:47.1764536Z [command]/usr/bin/git config --local --name-only --get-regexp core\.sshCommand
database-full-load (0)	Run actions/checkout@3d3c42e5aac5ba805825da76410c181273ba90b1	2026-10-03T22:57:47.1797917Z [command]/usr/bin/git submodule foreach --recursive sh -c "git config --local --name-only --get-regexp 'core\.sshCommand' && git config --local --unset-all 'core.sshCommand' || :"
database-full-load (0)	Run actions/checkout@3d3c42e5aac5ba805825da76410c181273ba90b1	2026-10-03T22:57:47.2187307Z Removing HTTP extra header
database-full-load (0)	Run actions/checkout@3d3c42e5aac5ba805825da76410c181273ba90b1	2026-10-03T22:57:47.2193138Z [command]/usr/bin/git config --local --name-only --get-regexp http\.https\:\/\/github\.com\/\.extraheader
database-full-load (0)	Run actions/checkout@3d3c42e5aac5ba805825da76410c181273ba90b1	2026-10-03T22:57:47.2230263Z [command]/usr/bin/git submodule foreach --recursive sh -c "git config --local --name-only --get-regexp 'http\.https\:\/\/github\.com\/\.extraheader' && git config --local --unset-all 'http.https://github.com/.extraheader' || :"
database-full-load (0)	Run actions/checkout@3d3c42e5aac5ba805825da76410c181273ba90b1	2026-10-03T22:57:47.2452532Z Removing includeIf entries pointing to credentials config files
database-full-load (0)	Run actions/checkout@3d3c42e5aac5ba805825da76410c181273ba90b1	2026-10-03T22:57:47.2458300Z [command]/usr/bin/git config --local --name-only --get-regexp ^includeIf\.gitdir:
database-full-load (0)	Run actions/checkout@3d3c42e5aac5ba805825da76410c181273ba90b1	2026-10-03T22:57:47.2493766Z [command]/usr/bin/git submodule foreach --recursive git config --local --show-origin --name-only --get-regexp remote.origin.url
database-full-load (0)	Run actions/checkout@3d3c42e5aac5ba805825da76410c181273ba90b1	2026-10-03T22:57:47.2730385Z [command]/usr/bin/git config --file /home/runner/work/_temp/git-credentials-820ebf31-c0f6-4f23-a01b-5cc9cf2cbd6b.config http.https://github.com/.extraheader AUTHORIZATION: basic ***
database-full-load (0)	Run actions/checkout@3d3c42e5aac5ba805825da76410c181273ba90b1	2026-10-03T22:57:47.2772369Z [command]/usr/bin/git config --local includeIf.gitdir:/home/runner/work/weir-tests/weir-tests/.git.path /home/runner/work/_temp/git-credentials-820ebf31-c0f6-4f23-a01b-5cc9cf2cbd6b.config
database-full-load (0)	Run actions/checkout@3d3c42e5aac5ba805825da76410c181273ba90b1	2026-10-03T22:57:47.2807836Z [command]/usr/bin/git config --local includeIf.gitdir:/home/runner/work/weir-tests/weir-tests/.git/worktrees/*.path /home/runner/work/_temp/git-credentials-820ebf31-c0f6-4f23-a01b-5cc9cf2cbd6b.config
database-full-load (0)	Run actions/checkout@3d3c42e5aac5ba805825da76410c181273ba90b1	2026-10-03T22:57:47.2846280Z [command]/usr/bin/git config --local includeIf.gitdir:/github/workspace/.git.path /github/runner_temp/git-credentials-820ebf31-c0f6-4f23-a01b-5cc9cf2cbd6b.config
database-full-load (0)	Run actions/checkout@3d3c42e5aac5ba805825da76410c181273ba90b1	2026-10-03T22:57:47.2882384Z [command]/usr/bin/git config --local includeIf.gitdir:/github/workspace/.git/worktrees/*.path /github/runner_temp/git-credentials-820ebf31-c0f6-4f23-a01b-5cc9cf2cbd6b.config
database-full-load (0)	Run actions/checkout@3d3c42e5aac5ba805825da76410c181273ba90b1	2026-10-03T22:57:47.2913566Z ##[endgroup]
database-full-load (0)	Run actions/checkout@3d3c42e5aac5ba805825da76410c181273ba90b1	2026-10-03T22:57:47.2914811Z ##[group]Fetching the repository
database-full-load (0)	Run actions/checkout@3d3c42e5aac5ba805825da76410c181273ba90b1	2026-10-03T22:57:47.2920537Z [command]/usr/bin/git -c protocol.version=2 fetch --no-tags --prune --no-recurse-submodules --depth=1 origin 03fcec1bbb3806a41eca2aa39b4ff702a4b59331
database-full-load (0)	Run actions/checkout@3d3c42e5aac5ba805825da76410c181273ba90b1	2026-10-03T22:57:48.0308391Z From https://github.com/batchstream/weir-tests
database-full-load (0)	Run actions/checkout@3d3c42e5aac5ba805825da76410c181273ba90b1	2026-10-03T22:57:48.0311135Z  * branch            03fcec1bbb3806a41eca2aa39b4ff702a4b59331 -> FETCH_HEAD
database-full-load (0)	Run actions/checkout@3d3c42e5aac5ba805825da76410c181273ba90b1	2026-10-03T22:57:48.0320890Z [command]/usr/bin/git rev-parse --verify --quiet 03fcec1bbb3806a41eca2aa39b4ff702a4b59331^{object}
database-full-load (0)	Run actions/checkout@3d3c42e5aac5ba805825da76410c181273ba90b1	2026-10-03T22:57:48.0350962Z 03fcec1bbb3806a41eca2aa39b4ff702a4b59331
database-full-load (0)	Run actions/checkout@3d3c42e5aac5ba805825da76410c181273ba90b1	2026-10-03T22:57:48.0357887Z ##[endgroup]
database-full-load (0)	Run actions/checkout@3d3c42e5aac5ba805825da76410c181273ba90b1	2026-10-03T22:57:48.0359297Z ##[group]Determining the checkout info
database-full-load (0)	Run actions/checkout@3d3c42e5aac5ba805825da76410c181273ba90b1	2026-10-03T22:57:48.0361742Z ##[endgroup]
database-full-load (0)	Run actions/checkout@3d3c42e5aac5ba805825da76410c181273ba90b1	2026-10-03T22:57:48.0363290Z [command]/usr/bin/git sparse-checkout disable
database-full-load (0)	Run actions/checkout@3d3c42e5aac5ba805825da76410c181273ba90b1	2026-10-03T22:57:48.0414142Z [command]/usr/bin/git config --local --unset-all extensions.worktreeConfig
database-full-load (0)	Run actions/checkout@3d3c42e5aac5ba805825da76410c181273ba90b1	2026-10-03T22:57:48.0448718Z ##[group]Checking out the ref
database-full-load (0)	Run actions/checkout@3d3c42e5aac5ba805825da76410c181273ba90b1	2026-10-03T22:57:48.0452727Z [command]/usr/bin/git checkout --progress --force 03fcec1bbb3806a41eca2aa39b4ff702a4b59331
database-full-load (0)	Run actions/checkout@3d3c42e5aac5ba805825da76410c181273ba90b1	2026-10-03T22:57:48.1608477Z Note: switching to '03fcec1bbb3806a41eca2aa39b4ff702a4b59331'.
database-full-load (0)	Run actions/checkout@3d3c42e5aac5ba805825da76410c181273ba90b1	2026-10-03T22:57:48.1610502Z 
database-full-load (0)	Run actions/checkout@3d3c42e5aac5ba805825da76410c181273ba90b1	2026-10-03T22:57:48.1611910Z You are in 'detached HEAD' state. You can look around, make experimental
database-full-load (0)	Run actions/checkout@3d3c42e5aac5ba805825da76410c181273ba90b1	2026-10-03T22:57:48.1615635Z changes and commit them, and you can discard any commits you make in this
database-full-load (0)	Run actions/checkout@3d3c42e5aac5ba805825da76410c181273ba90b1	2026-10-03T22:57:48.1619106Z state without impacting any branches by switching back to a branch.
database-full-load (0)	Run actions/checkout@3d3c42e5aac5ba805825da76410c181273ba90b1	2026-10-03T22:57:48.1621133Z 
database-full-load (0)	Run actions/checkout@3d3c42e5aac5ba805825da76410c181273ba90b1	2026-10-03T22:57:48.1622503Z If you want to create a new branch to retain commits you create, you may
database-full-load (0)	Run actions/checkout@3d3c42e5aac5ba805825da76410c181273ba90b1	2026-10-03T22:57:48.1625957Z do so (now or later) by using -c with the switch command. Example:
database-full-load (0)	Run actions/checkout@3d3c42e5aac5ba805825da76410c181273ba90b1	2026-10-03T22:57:48.1627838Z 
database-full-load (0)	Run actions/checkout@3d3c42e5aac5ba805825da76410c181273ba90b1	2026-10-03T22:57:48.1628620Z   git switch -c <new-branch-name>
database-full-load (0)	Run actions/checkout@3d3c42e5aac5ba805825da76410c181273ba90b1	2026-10-03T22:57:48.1629924Z 
database-full-load (0)	Run actions/checkout@3d3c42e5aac5ba805825da76410c181273ba90b1	2026-10-03T22:57:48.1630699Z Or undo this operation with:
database-full-load (0)	Run actions/checkout@3d3c42e5aac5ba805825da76410c181273ba90b1	2026-10-03T22:57:48.1631878Z 
database-full-load (0)	Run actions/checkout@3d3c42e5aac5ba805825da76410c181273ba90b1	2026-10-03T22:57:48.1632577Z   git switch -
database-full-load (0)	Run actions/checkout@3d3c42e5aac5ba805825da76410c181273ba90b1	2026-10-03T22:57:48.1633798Z 
database-full-load (0)	Run actions/checkout@3d3c42e5aac5ba805825da76410c181273ba90b1	2026-10-03T22:57:48.1635499Z Turn off this advice by setting config variable advice.detachedHead to false
database-full-load (0)	Run actions/checkout@3d3c42e5aac5ba805825da76410c181273ba90b1	2026-10-03T22:57:48.1637684Z 
database-full-load (0)	Run actions/checkout@3d3c42e5aac5ba805825da76410c181273ba90b1	2026-10-03T22:57:48.1639219Z HEAD is now at 03fcec1 🐛 fix: bound database monitoring without discarding CPU evidence
database-full-load (0)	Run actions/checkout@3d3c42e5aac5ba805825da76410c181273ba90b1	2026-10-03T22:57:48.1644100Z ##[endgroup]
database-full-load (0)	Run actions/checkout@3d3c42e5aac5ba805825da76410c181273ba90b1	2026-10-03T22:57:48.1694934Z [command]/usr/bin/git log -1 --format=%H
database-full-load (0)	Run actions/checkout@3d3c42e5aac5ba805825da76410c181273ba90b1	2026-10-03T22:57:48.1724440Z 03fcec1bbb3806a41eca2aa39b4ff702a4b59331
database-full-load (0)	Run actions/checkout@3d3c42e5aac5ba805825da76410c181273ba90b1	2026-10-03T22:57:48.1735156Z ##[group]Removing auth
database-full-load (0)	Run actions/checkout@3d3c42e5aac5ba805825da76410c181273ba90b1	2026-10-03T22:57:48.1736473Z Removing SSH command configuration
database-full-load (0)	Run actions/checkout@3d3c42e5aac5ba805825da76410c181273ba90b1	2026-10-03T22:57:48.1738840Z [command]/usr/bin/git config --local --name-only --get-regexp core\.sshCommand
database-full-load (0)	Run actions/checkout@3d3c42e5aac5ba805825da76410c181273ba90b1	2026-10-03T22:57:48.1775097Z [command]/usr/bin/git submodule foreach --recursive sh -c "git config --local --name-only --get-regexp 'core\.sshCommand' && git config --local --unset-all 'core.sshCommand' || :"
database-full-load (0)	Run actions/checkout@3d3c42e5aac5ba805825da76410c181273ba90b1	2026-10-03T22:57:48.2003192Z Removing HTTP extra header
database-full-load (0)	Run actions/checkout@3d3c42e5aac5ba805825da76410c181273ba90b1	2026-10-03T22:57:48.2007363Z [command]/usr/bin/git config --local --name-only --get-regexp http\.https\:\/\/github\.com\/\.extraheader
database-full-load (0)	Run actions/checkout@3d3c42e5aac5ba805825da76410c181273ba90b1	2026-10-03T22:57:48.2049491Z [command]/usr/bin/git submodule foreach --recursive sh -c "git config --local --name-only --get-regexp 'http\.https\:\/\/github\.com\/\.extraheader' && git config --local --unset-all 'http.https://github.com/.extraheader' || :"
database-full-load (0)	Run actions/checkout@3d3c42e5aac5ba805825da76410c181273ba90b1	2026-10-03T22:57:48.2272972Z Removing includeIf entries pointing to credentials config files
database-full-load (0)	Run actions/checkout@3d3c42e5aac5ba805825da76410c181273ba90b1	2026-10-03T22:57:48.2276376Z [command]/usr/bin/git config --local --name-only --get-regexp ^includeIf\.gitdir:
database-full-load (0)	Run actions/checkout@3d3c42e5aac5ba805825da76410c181273ba90b1	2026-10-03T22:57:48.2307642Z includeif.gitdir:/home/runner/work/weir-tests/weir-tests/.git.path
database-full-load (0)	Run actions/checkout@3d3c42e5aac5ba805825da76410c181273ba90b1	2026-10-03T22:57:48.2311247Z includeif.gitdir:/home/runner/work/weir-tests/weir-tests/.git/worktrees/*.path
database-full-load (0)	Run actions/checkout@3d3c42e5aac5ba805825da76410c181273ba90b1	2026-10-03T22:57:48.2316567Z includeif.gitdir:/github/workspace/.git.path
database-full-load (0)	Run actions/checkout@3d3c42e5aac5ba805825da76410c181273ba90b1	2026-10-03T22:57:48.2319370Z includeif.gitdir:/github/workspace/.git/worktrees/*.path
database-full-load (0)	Run actions/checkout@3d3c42e5aac5ba805825da76410c181273ba90b1	2026-10-03T22:57:48.2326246Z [command]/usr/bin/git config --local --get-all includeif.gitdir:/home/runner/work/weir-tests/weir-tests/.git.path
database-full-load (0)	Run actions/checkout@3d3c42e5aac5ba805825da76410c181273ba90b1	2026-10-03T22:57:48.2347071Z /home/runner/work/_temp/git-credentials-820ebf31-c0f6-4f23-a01b-5cc9cf2cbd6b.config
database-full-load (0)	Run actions/checkout@3d3c42e5aac5ba805825da76410c181273ba90b1	2026-10-03T22:57:48.2357936Z [command]/usr/bin/git config --local --unset includeif.gitdir:/home/runner/work/weir-tests/weir-tests/.git.path \/home\/runner\/work\/_temp\/git\-credentials\-820ebf31\-c0f6\-4f23\-a01b\-5cc9cf2cbd6b\.config
database-full-load (0)	Run actions/checkout@3d3c42e5aac5ba805825da76410c181273ba90b1	2026-10-03T22:57:48.2395474Z [command]/usr/bin/git config --local --get-all includeif.gitdir:/home/runner/work/weir-tests/weir-tests/.git/worktrees/*.path
database-full-load (0)	Run actions/checkout@3d3c42e5aac5ba805825da76410c181273ba90b1	2026-10-03T22:57:48.2421420Z /home/runner/work/_temp/git-credentials-820ebf31-c0f6-4f23-a01b-5cc9cf2cbd6b.config
database-full-load (0)	Run actions/checkout@3d3c42e5aac5ba805825da76410c181273ba90b1	2026-10-03T22:57:48.2430937Z [command]/usr/bin/git config --local --unset includeif.gitdir:/home/runner/work/weir-tests/weir-tests/.git/worktrees/*.path \/home\/runner\/work\/_temp\/git\-credentials\-820ebf31\-c0f6\-4f23\-a01b\-5cc9cf2cbd6b\.config
database-full-load (0)	Run actions/checkout@3d3c42e5aac5ba805825da76410c181273ba90b1	2026-10-03T22:57:48.2470250Z [command]/usr/bin/git config --local --get-all includeif.gitdir:/github/workspace/.git.path
database-full-load (0)	Run actions/checkout@3d3c42e5aac5ba805825da76410c181273ba90b1	2026-10-03T22:57:48.2497235Z /github/runner_temp/git-credentials-820ebf31-c0f6-4f23-a01b-5cc9cf2cbd6b.config
database-full-load (0)	Run actions/checkout@3d3c42e5aac5ba805825da76410c181273ba90b1	2026-10-03T22:57:48.2536241Z [command]/usr/bin/git config --local --unset includeif.gitdir:/github/workspace/.git.path \/github\/runner_temp\/git\-credentials\-820ebf31\-c0f6\-4f23\-a01b\-5cc9cf2cbd6b\.config
database-full-load (0)	Run actions/checkout@3d3c42e5aac5ba805825da76410c181273ba90b1	2026-10-03T22:57:48.2613620Z [command]/usr/bin/git config --local --get-all includeif.gitdir:/github/workspace/.git/worktrees/*.path
database-full-load (0)	Run actions/checkout@3d3c42e5aac5ba805825da76410c181273ba90b1	2026-10-03T22:57:48.2661290Z /github/runner_temp/git-credentials-820ebf31-c0f6-4f23-a01b-5cc9cf2cbd6b.config
database-full-load (0)	Run actions/checkout@3d3c42e5aac5ba805825da76410c181273ba90b1	2026-10-03T22:57:48.2672771Z [command]/usr/bin/git config --local --unset includeif.gitdir:/github/workspace/.git/worktrees/*.path \/github\/runner_temp\/git\-credentials\-820ebf31\-c0f6\-4f23\-a01b\-5cc9cf2cbd6b\.config
database-full-load (0)	Run actions/checkout@3d3c42e5aac5ba805825da76410c181273ba90b1	2026-10-03T22:57:48.2713034Z [command]/usr/bin/git submodule foreach --recursive git config --local --show-origin --name-only --get-regexp remote.origin.url
database-full-load (0)	Run actions/checkout@3d3c42e5aac5ba805825da76410c181273ba90b1	2026-10-03T22:57:48.2942005Z Removing credentials config '/home/runner/work/_temp/git-credentials-820ebf31-c0f6-4f23-a01b-5cc9cf2cbd6b.config'
database-full-load (0)	Run actions/checkout@3d3c42e5aac5ba805825da76410c181273ba90b1	2026-10-03T22:57:48.2950552Z ##[endgroup]
database-full-load (0)	Run actions/setup-go@924ae3a1cded613372ab5595356fb5720e22ba16	﻿2026-10-03T22:57:48.3346774Z ##[group]Run actions/setup-go@924ae3a1cded613372ab5595356fb5720e22ba16
database-full-load (0)	Run actions/setup-go@924ae3a1cded613372ab5595356fb5720e22ba16	2026-10-03T22:57:48.3348416Z with:
database-full-load (0)	Run actions/setup-go@924ae3a1cded613372ab5595356fb5720e22ba16	2026-10-03T22:57:48.3349288Z   go-version-file: go.mod
database-full-load (0)	Run actions/setup-go@924ae3a1cded613372ab5595356fb5720e22ba16	2026-10-03T22:57:48.3350314Z   check-latest: false
database-full-load (0)	Run actions/setup-go@924ae3a1cded613372ab5595356fb5720e22ba16	2026-10-03T22:57:48.3359481Z   token: ***
database-full-load (0)	Run actions/setup-go@924ae3a1cded613372ab5595356fb5720e22ba16	2026-10-03T22:57:48.3360372Z   cache: true
database-full-load (0)	Run actions/setup-go@924ae3a1cded613372ab5595356fb5720e22ba16	2026-10-03T22:57:48.3361242Z env:
database-full-load (0)	Run actions/setup-go@924ae3a1cded613372ab5595356fb5720e22ba16	2026-10-03T22:57:48.3362043Z   GOENV: off
database-full-load (0)	Run actions/setup-go@924ae3a1cded613372ab5595356fb5720e22ba16	2026-10-03T22:57:48.3362908Z   GOWORK: off
database-full-load (0)	Run actions/setup-go@924ae3a1cded613372ab5595356fb5720e22ba16	2026-10-03T22:57:48.3363793Z   GOTOOLCHAIN: local
database-full-load (0)	Run actions/setup-go@924ae3a1cded613372ab5595356fb5720e22ba16	2026-10-03T22:57:48.3364981Z   GOFLAGS: -mod=readonly
database-full-load (0)	Run actions/setup-go@924ae3a1cded613372ab5595356fb5720e22ba16	2026-10-03T22:57:48.3366039Z   PYTHONDONTWRITEBYTECODE: 1
database-full-load (0)	Run actions/setup-go@924ae3a1cded613372ab5595356fb5720e22ba16	2026-10-03T22:57:48.3367113Z ##[endgroup]
database-full-load (0)	Run actions/setup-go@924ae3a1cded613372ab5595356fb5720e22ba16	2026-10-03T22:57:48.4615765Z Setup go version spec 1.27.1
database-full-load (0)	Run actions/setup-go@924ae3a1cded613372ab5595356fb5720e22ba16	2026-10-03T22:57:48.4629442Z Attempting to download 1.27.1...
database-full-load (0)	Run actions/setup-go@924ae3a1cded613372ab5595356fb5720e22ba16	2026-10-03T22:57:49.3281542Z matching 1.27.1...
database-full-load (0)	Run actions/setup-go@924ae3a1cded613372ab5595356fb5720e22ba16	2026-10-03T22:57:49.3308663Z Acquiring 1.27.1 from https://github.com/actions/go-versions/releases/download/1.27.1-33583469715/go-1.27.1-linux-x64.tar.gz
database-full-load (0)	Run actions/setup-go@924ae3a1cded613372ab5595356fb5720e22ba16	2026-10-03T22:57:49.8584561Z Extracting Go...
database-full-load (0)	Run actions/setup-go@924ae3a1cded613372ab5595356fb5720e22ba16	2026-10-03T22:57:49.8707056Z [command]/usr/bin/tar xz --warning=no-unknown-keyword --overwrite -C /home/runner/work/_temp/8eee291b-b25e-4c2a-980e-8daf13d277c8 -f /home/runner/work/_temp/c1557382-18a3-4889-b2bb-e8955e2d0773
database-full-load (0)	Run actions/setup-go@924ae3a1cded613372ab5595356fb5720e22ba16	2026-10-03T22:57:51.6055702Z Successfully extracted go to /home/runner/work/_temp/8eee291b-b25e-4c2a-980e-8daf13d277c8
database-full-load (0)	Run actions/setup-go@924ae3a1cded613372ab5595356fb5720e22ba16	2026-10-03T22:57:51.6056676Z Adding to the cache ...
database-full-load (0)	Run actions/setup-go@924ae3a1cded613372ab5595356fb5720e22ba16	2026-10-03T22:57:57.2979702Z Successfully cached go to /opt/hostedtoolcache/go/1.27.1/x64
database-full-load (0)	Run actions/setup-go@924ae3a1cded613372ab5595356fb5720e22ba16	2026-10-03T22:57:57.2982361Z Added go to the path
database-full-load (0)	Run actions/setup-go@924ae3a1cded613372ab5595356fb5720e22ba16	2026-10-03T22:57:57.2984724Z Successfully set up Go version 1.27.1
database-full-load (0)	Run actions/setup-go@924ae3a1cded613372ab5595356fb5720e22ba16	2026-10-03T22:57:57.3212014Z [command]/opt/hostedtoolcache/go/1.27.1/x64/bin/go env GOMODCACHE
database-full-load (0)	Run actions/setup-go@924ae3a1cded613372ab5595356fb5720e22ba16	2026-10-03T22:57:57.3246513Z [command]/opt/hostedtoolcache/go/1.27.1/x64/bin/go env GOCACHE
database-full-load (0)	Run actions/setup-go@924ae3a1cded613372ab5595356fb5720e22ba16	2026-10-03T22:57:57.3283956Z /home/runner/go/pkg/mod
database-full-load (0)	Run actions/setup-go@924ae3a1cded613372ab5595356fb5720e22ba16	2026-10-03T22:57:57.3303214Z /home/runner/.cache/go-build
database-full-load (0)	Run actions/setup-go@924ae3a1cded613372ab5595356fb5720e22ba16	2026-10-03T22:57:57.5874688Z Cache hit for: setup-go-Linux-x64-ubuntu24-go-1.27.1-f3893fbf0ff2b6e2efba8903234513786674983d753d1815a9a1fcf84a06448a
database-full-load (0)	Run actions/setup-go@924ae3a1cded613372ab5595356fb5720e22ba16	2026-10-03T22:57:58.8806126Z Received 0 of 252007507 (0.0%), 0.0 MBs/sec
database-full-load (0)	Run actions/setup-go@924ae3a1cded613372ab5595356fb5720e22ba16	2026-10-03T22:57:59.8817446Z Received 117440512 of 252007507 (46.6%), 55.9 MBs/sec
database-full-load (0)	Run actions/setup-go@924ae3a1cded613372ab5595356fb5720e22ba16	2026-10-03T22:58:00.8342539Z Received 252007507 of 252007507 (100.0%), 81.4 MBs/sec
database-full-load (0)	Run actions/setup-go@924ae3a1cded613372ab5595356fb5720e22ba16	2026-10-03T22:58:00.8343935Z Cache Size: ~240 MB (252007507 B)
database-full-load (0)	Run actions/setup-go@924ae3a1cded613372ab5595356fb5720e22ba16	2026-10-03T22:58:00.8415680Z [command]/usr/bin/tar -xf /home/runner/work/_temp/5f639954-835c-472f-9f28-585954a74dc1/cache.tzst -P -C /home/runner/work/weir-tests/weir-tests --use-compress-program unzstd
database-full-load (0)	Run actions/setup-go@924ae3a1cded613372ab5595356fb5720e22ba16	2026-10-03T22:58:02.8089144Z Cache restored successfully
database-full-load (0)	Run actions/setup-go@924ae3a1cded613372ab5595356fb5720e22ba16	2026-10-03T22:58:02.8206595Z Cache restored from key: setup-go-Linux-x64-ubuntu24-go-1.27.1-f3893fbf0ff2b6e2efba8903234513786674983d753d1815a9a1fcf84a06448a
database-full-load (0)	Run actions/setup-go@924ae3a1cded613372ab5595356fb5720e22ba16	2026-10-03T22:58:02.8231053Z go version go1.27.1 linux/amd64
database-full-load (0)	Run actions/setup-go@924ae3a1cded613372ab5595356fb5720e22ba16	2026-10-03T22:58:02.8231318Z 
database-full-load (0)	Run actions/setup-go@924ae3a1cded613372ab5595356fb5720e22ba16	2026-10-03T22:58:02.8231623Z ##[group]go env
database-full-load (0)	Run actions/setup-go@924ae3a1cded613372ab5595356fb5720e22ba16	2026-10-03T22:58:02.8365770Z AR='ar'
database-full-load (0)	Run actions/setup-go@924ae3a1cded613372ab5595356fb5720e22ba16	2026-10-03T22:58:02.8366231Z CC='gcc'
database-full-load (0)	Run actions/setup-go@924ae3a1cded613372ab5595356fb5720e22ba16	2026-10-03T22:58:02.8366594Z CGO_CFLAGS='-O2 -g'
database-full-load (0)	Run actions/setup-go@924ae3a1cded613372ab5595356fb5720e22ba16	2026-10-03T22:58:02.8366986Z CGO_CPPFLAGS=''
database-full-load (0)	Run actions/setup-go@924ae3a1cded613372ab5595356fb5720e22ba16	2026-10-03T22:58:02.8367409Z CGO_CXXFLAGS='-O2 -g'
database-full-load (0)	Run actions/setup-go@924ae3a1cded613372ab5595356fb5720e22ba16	2026-10-03T22:58:02.8367828Z CGO_ENABLED='1'
database-full-load (0)	Run actions/setup-go@924ae3a1cded613372ab5595356fb5720e22ba16	2026-10-03T22:58:02.8368203Z CGO_FFLAGS='-O2 -g'
database-full-load (0)	Run actions/setup-go@924ae3a1cded613372ab5595356fb5720e22ba16	2026-10-03T22:58:02.8368617Z CGO_LDFLAGS='-O2 -g'
database-full-load (0)	Run actions/setup-go@924ae3a1cded613372ab5595356fb5720e22ba16	2026-10-03T22:58:02.8368997Z CXX='g++'
database-full-load (0)	Run actions/setup-go@924ae3a1cded613372ab5595356fb5720e22ba16	2026-10-03T22:58:02.8369332Z GCCGO='gccgo'
database-full-load (0)	Run actions/setup-go@924ae3a1cded613372ab5595356fb5720e22ba16	2026-10-03T22:58:02.8369680Z GO111MODULE=''
database-full-load (0)	Run actions/setup-go@924ae3a1cded613372ab5595356fb5720e22ba16	2026-10-03T22:58:02.8370025Z GOAMD64='v1'
database-full-load (0)	Run actions/setup-go@924ae3a1cded613372ab5595356fb5720e22ba16	2026-10-03T22:58:02.8370364Z GOARCH='amd64'
database-full-load (0)	Run actions/setup-go@924ae3a1cded613372ab5595356fb5720e22ba16	2026-10-03T22:58:02.8370714Z GOAUTH='netrc'
database-full-load (0)	Run actions/setup-go@924ae3a1cded613372ab5595356fb5720e22ba16	2026-10-03T22:58:02.8371083Z GOBIN='/home/runner/go/bin'
database-full-load (0)	Run actions/setup-go@924ae3a1cded613372ab5595356fb5720e22ba16	2026-10-03T22:58:02.8371553Z GOCACHE='/home/runner/.cache/go-build'
database-full-load (0)	Run actions/setup-go@924ae3a1cded613372ab5595356fb5720e22ba16	2026-10-03T22:58:02.8371918Z GOCACHEPROG=''
database-full-load (0)	Run actions/setup-go@924ae3a1cded613372ab5595356fb5720e22ba16	2026-10-03T22:58:02.8372150Z GODEBUG=''
database-full-load (0)	Run actions/setup-go@924ae3a1cded613372ab5595356fb5720e22ba16	2026-10-03T22:58:02.8372362Z GOENV=''
database-full-load (0)	Run actions/setup-go@924ae3a1cded613372ab5595356fb5720e22ba16	2026-10-03T22:58:02.8372567Z GOEXE=''
database-full-load (0)	Run actions/setup-go@924ae3a1cded613372ab5595356fb5720e22ba16	2026-10-03T22:58:02.8372789Z GOEXPERIMENT=''
database-full-load (0)	Run actions/setup-go@924ae3a1cded613372ab5595356fb5720e22ba16	2026-10-03T22:58:02.8373024Z GOFIPS140='off'
database-full-load (0)	Run actions/setup-go@924ae3a1cded613372ab5595356fb5720e22ba16	2026-10-03T22:58:02.8373276Z GOFLAGS='-mod=readonly'
database-full-load (0)	Run actions/setup-go@924ae3a1cded613372ab5595356fb5720e22ba16	2026-10-03T22:58:02.8374083Z GOGCCFLAGS='-fPIC -m64 -pthread -Wl,--no-gc-sections -fmessage-length=0 -ffile-prefix-map=/tmp/go-build2416574552=/tmp/go-build -gno-record-gcc-switches'
database-full-load (0)	Run actions/setup-go@924ae3a1cded613372ab5595356fb5720e22ba16	2026-10-03T22:58:02.8375429Z GOHOSTARCH='amd64'
database-full-load (0)	Run actions/setup-go@924ae3a1cded613372ab5595356fb5720e22ba16	2026-10-03T22:58:02.8375681Z GOHOSTOS='linux'
database-full-load (0)	Run actions/setup-go@924ae3a1cded613372ab5595356fb5720e22ba16	2026-10-03T22:58:02.8375928Z GOINSECURE=''
database-full-load (0)	Run actions/setup-go@924ae3a1cded613372ab5595356fb5720e22ba16	2026-10-03T22:58:02.8376293Z GOMOD='/home/runner/work/weir-tests/weir-tests/go.mod'
database-full-load (0)	Run actions/setup-go@924ae3a1cded613372ab5595356fb5720e22ba16	2026-10-03T22:58:02.8376687Z GOMODCACHE='/home/runner/go/pkg/mod'
database-full-load (0)	Run actions/setup-go@924ae3a1cded613372ab5595356fb5720e22ba16	2026-10-03T22:58:02.8376990Z GONOPROXY=''
database-full-load (0)	Run actions/setup-go@924ae3a1cded613372ab5595356fb5720e22ba16	2026-10-03T22:58:02.8377221Z GONOSUMDB=''
database-full-load (0)	Run actions/setup-go@924ae3a1cded613372ab5595356fb5720e22ba16	2026-10-03T22:58:02.8377436Z GOOS='linux'
database-full-load (0)	Run actions/setup-go@924ae3a1cded613372ab5595356fb5720e22ba16	2026-10-03T22:58:02.8377663Z GOPACKAGESDRIVER=''
database-full-load (0)	Run actions/setup-go@924ae3a1cded613372ab5595356fb5720e22ba16	2026-10-03T22:58:02.8377917Z GOPATH='/home/runner/go'
database-full-load (0)	Run actions/setup-go@924ae3a1cded613372ab5595356fb5720e22ba16	2026-10-03T22:58:02.8378182Z GOPRIVATE=''
database-full-load (0)	Run actions/setup-go@924ae3a1cded613372ab5595356fb5720e22ba16	2026-10-03T22:58:02.8378482Z GOPROXY='https://proxy.golang.org,direct'
database-full-load (0)	Run actions/setup-go@924ae3a1cded613372ab5595356fb5720e22ba16	2026-10-03T22:58:02.8378862Z GOROOT='/opt/hostedtoolcache/go/1.27.1/x64'
database-full-load (0)	Run actions/setup-go@924ae3a1cded613372ab5595356fb5720e22ba16	2026-10-03T22:58:02.8379189Z GOSUMDB='sum.golang.org'
database-full-load (0)	Run actions/setup-go@924ae3a1cded613372ab5595356fb5720e22ba16	2026-10-03T22:58:02.8379422Z GOTELEMETRY='local'
database-full-load (0)	Run actions/setup-go@924ae3a1cded613372ab5595356fb5720e22ba16	2026-10-03T22:58:02.8379697Z GOTELEMETRYDIR='/home/runner/.config/go/telemetry'
database-full-load (0)	Run actions/setup-go@924ae3a1cded613372ab5595356fb5720e22ba16	2026-10-03T22:58:02.8380005Z GOTMPDIR=''
database-full-load (0)	Run actions/setup-go@924ae3a1cded613372ab5595356fb5720e22ba16	2026-10-03T22:58:02.8380204Z GOTOOLCHAIN='local'
database-full-load (0)	Run actions/setup-go@924ae3a1cded613372ab5595356fb5720e22ba16	2026-10-03T22:58:02.8380532Z GOTOOLDIR='/opt/hostedtoolcache/go/1.27.1/x64/pkg/tool/linux_amd64'
database-full-load (0)	Run actions/setup-go@924ae3a1cded613372ab5595356fb5720e22ba16	2026-10-03T22:58:02.8380887Z GOVCS=''
database-full-load (0)	Run actions/setup-go@924ae3a1cded613372ab5595356fb5720e22ba16	2026-10-03T22:58:02.8381082Z GOVERSION='go1.27.1'
database-full-load (0)	Run actions/setup-go@924ae3a1cded613372ab5595356fb5720e22ba16	2026-10-03T22:58:02.8381296Z GOWORK='off'
database-full-load (0)	Run actions/setup-go@924ae3a1cded613372ab5595356fb5720e22ba16	2026-10-03T22:58:02.8381508Z PKG_CONFIG='pkg-config'
database-full-load (0)	Run actions/setup-go@924ae3a1cded613372ab5595356fb5720e22ba16	2026-10-03T22:58:02.8381658Z 
database-full-load (0)	Run actions/setup-go@924ae3a1cded613372ab5595356fb5720e22ba16	2026-10-03T22:58:02.8381945Z ##[endgroup]
database-full-load (0)	Prepare immutable tools and owned database images	﻿2026-10-03T22:58:02.8612557Z ##[group]Run python3 scripts/download_modules.py
database-full-load (0)	Prepare immutable tools and owned database images	2026-10-03T22:58:02.8613055Z [36;1mpython3 scripts/download_modules.py[0m
database-full-load (0)	Prepare immutable tools and owned database images	2026-10-03T22:58:02.8613395Z [36;1mpython3 scripts/prepare_weir.py[0m
database-full-load (0)	Prepare immutable tools and owned database images	2026-10-03T22:58:02.8613702Z [36;1mpython3 scripts/prepare_images.py[0m
database-full-load (0)	Prepare immutable tools and owned database images	2026-10-03T22:58:02.8894551Z shell: /usr/bin/bash --noprofile --norc -e -o pipefail {0}
database-full-load (0)	Prepare immutable tools and owned database images	2026-10-03T22:58:02.8895054Z env:
database-full-load (0)	Prepare immutable tools and owned database images	2026-10-03T22:58:02.8895530Z   GOENV: off
database-full-load (0)	Prepare immutable tools and owned database images	2026-10-03T22:58:02.8895783Z   GOWORK: off
database-full-load (0)	Prepare immutable tools and owned database images	2026-10-03T22:58:02.8896047Z   GOTOOLCHAIN: local
database-full-load (0)	Prepare immutable tools and owned database images	2026-10-03T22:58:02.8896340Z   GOFLAGS: -mod=readonly
database-full-load (0)	Prepare immutable tools and owned database images	2026-10-03T22:58:02.8896659Z   PYTHONDONTWRITEBYTECODE: 1
database-full-load (0)	Prepare immutable tools and owned database images	2026-10-03T22:58:02.8896983Z ##[endgroup]
database-full-load (0)	Prepare immutable tools and owned database images	2026-10-03T22:58:05.3280470Z all modules verified
database-full-load (0)	Prepare immutable tools and owned database images	2026-10-03T22:58:30.3751270Z /home/runner/work/weir-tests/weir-tests/.tools/weir
database-full-load (0)	Prepare immutable tools and owned database images	2026-10-03T22:58:31.1072700Z docker.io/library/mongo@sha256:d0d926f94df099bff534b7ee5b5986458131a22489dfff8664509af0c1e2ca9c: Pulling from library/mongo
database-full-load (0)	Prepare immutable tools and owned database images	2026-10-03T22:58:31.3688617Z a60ef8ec184e: Pulling fs layer
database-full-load (0)	Prepare immutable tools and owned database images	2026-10-03T22:58:31.3689166Z c4a88db82a6d: Pulling fs layer
database-full-load (0)	Prepare immutable tools and owned database images	2026-10-03T22:58:31.3689579Z f97373a3dd33: Pulling fs layer
database-full-load (0)	Prepare immutable tools and owned database images	2026-10-03T22:58:31.3690072Z 59898ec81c6b: Pulling fs layer
database-full-load (0)	Prepare immutable tools and owned database images	2026-10-03T22:58:31.3690530Z 2252b895f5de: Pulling fs layer
database-full-load (0)	Prepare immutable tools and owned database images	2026-10-03T22:58:31.3690984Z 08f85ec03d22: Pulling fs layer
database-full-load (0)	Prepare immutable tools and owned database images	2026-10-03T22:58:31.3691449Z cfbbec1d5328: Pulling fs layer
database-full-load (0)	Prepare immutable tools and owned database images	2026-10-03T22:58:31.3692102Z eedb5e3e5b38: Pulling fs layer
database-full-load (0)	Prepare immutable tools and owned database images	2026-10-03T22:58:31.3692586Z 59898ec81c6b: Waiting
database-full-load (0)	Prepare immutable tools and owned database images	2026-10-03T22:58:31.3692989Z 2252b895f5de: Waiting
database-full-load (0)	Prepare immutable tools and owned database images	2026-10-03T22:58:31.3693408Z 08f85ec03d22: Waiting
database-full-load (0)	Prepare immutable tools and owned database images	2026-10-03T22:58:31.3694874Z cfbbec1d5328: Waiting
database-full-load (0)	Prepare immutable tools and owned database images	2026-10-03T22:58:31.3695326Z eedb5e3e5b38: Waiting
database-full-load (0)	Prepare immutable tools and owned database images	2026-10-03T22:58:31.5880543Z c4a88db82a6d: Verifying Checksum
database-full-load (0)	Prepare immutable tools and owned database images	2026-10-03T22:58:31.5881590Z c4a88db82a6d: Download complete
database-full-load (0)	Prepare immutable tools and owned database images	2026-10-03T22:58:31.6072719Z f97373a3dd33: Download complete
database-full-load (0)	Prepare immutable tools and owned database images	2026-10-03T22:58:31.6820175Z a60ef8ec184e: Verifying Checksum
database-full-load (0)	Prepare immutable tools and owned database images	2026-10-03T22:58:31.6825272Z a60ef8ec184e: Download complete
database-full-load (0)	Prepare immutable tools and owned database images	2026-10-03T22:58:31.8109362Z 59898ec81c6b: Verifying Checksum
database-full-load (0)	Prepare immutable tools and owned database images	2026-10-03T22:58:31.8110496Z 59898ec81c6b: Download complete
database-full-load (0)	Prepare immutable tools and owned database images	2026-10-03T22:58:31.8305536Z 2252b895f5de: Verifying Checksum
database-full-load (0)	Prepare immutable tools and owned database images	2026-10-03T22:58:31.8306522Z 2252b895f5de: Download complete
database-full-load (0)	Prepare immutable tools and owned database images	2026-10-03T22:58:31.9068310Z 08f85ec03d22: Verifying Checksum
database-full-load (0)	Prepare immutable tools and owned database images	2026-10-03T22:58:31.9070056Z 08f85ec03d22: Download complete
database-full-load (0)	Prepare immutable tools and owned database images	2026-10-03T22:58:32.0535308Z eedb5e3e5b38: Verifying Checksum
database-full-load (0)	Prepare immutable tools and owned database images	2026-10-03T22:58:32.0536796Z eedb5e3e5b38: Download complete
database-full-load (0)	Prepare immutable tools and owned database images	2026-10-03T22:58:32.8899703Z a60ef8ec184e: Pull complete
database-full-load (0)	Prepare immutable tools and owned database images	2026-10-03T22:58:32.9566894Z cfbbec1d5328: Verifying Checksum
database-full-load (0)	Prepare immutable tools and owned database images	2026-10-03T22:58:32.9567491Z cfbbec1d5328: Download complete
database-full-load (0)	Prepare immutable tools and owned database images	2026-10-03T22:58:34.7142074Z c4a88db82a6d: Pull complete
database-full-load (0)	Prepare immutable tools and owned database images	2026-10-03T22:58:34.8736579Z f97373a3dd33: Pull complete
database-full-load (0)	Prepare immutable tools and owned database images	2026-10-03T22:58:34.9168185Z 59898ec81c6b: Pull complete
database-full-load (0)	Prepare immutable tools and owned database images	2026-10-03T22:58:34.9249603Z 2252b895f5de: Pull complete
database-full-load (0)	Prepare immutable tools and owned database images	2026-10-03T22:58:34.9332819Z 08f85ec03d22: Pull complete
database-full-load (0)	Prepare immutable tools and owned database images	2026-10-03T22:58:40.4284150Z cfbbec1d5328: Pull complete
database-full-load (0)	Prepare immutable tools and owned database images	2026-10-03T22:58:40.4381559Z eedb5e3e5b38: Pull complete
database-full-load (0)	Prepare immutable tools and owned database images	2026-10-03T22:58:40.4419575Z Digest: sha256:d0d926f94df099bff534b7ee5b5986458131a22489dfff8664509af0c1e2ca9c
database-full-load (0)	Prepare immutable tools and owned database images	2026-10-03T22:58:40.4426289Z Status: Downloaded newer image for mongo@sha256:d0d926f94df099bff534b7ee5b5986458131a22489dfff8664509af0c1e2ca9c
database-full-load (0)	Prepare immutable tools and owned database images	2026-10-03T22:58:40.4433991Z docker.io/library/mongo@sha256:d0d926f94df099bff534b7ee5b5986458131a22489dfff8664509af0c1e2ca9c
database-full-load (0)	Prepare immutable tools and owned database images	2026-10-03T22:58:41.1983438Z docker.elastic.co/elasticsearch/elasticsearch@sha256:e98f9c3b09beb2fbb9eaf667d602df3f0e00bd3644138b8458dc17ba1a675595: Pulling from elasticsearch/elasticsearch
database-full-load (0)	Prepare immutable tools and owned database images	2026-10-03T22:58:41.6310574Z 2c22c1bb1ce1: Pulling fs layer
database-full-load (0)	Prepare immutable tools and owned database images	2026-10-03T22:58:41.6311485Z 2796a25b8094: Pulling fs layer
database-full-load (0)	Prepare immutable tools and owned database images	2026-10-03T22:58:41.6311964Z 714e5b673049: Pulling fs layer
database-full-load (0)	Prepare immutable tools and owned database images	2026-10-03T22:58:41.6312310Z bd9ddc54bea9: Pulling fs layer
database-full-load (0)	Prepare immutable tools and owned database images	2026-10-03T22:58:41.6312616Z 2d68f716f01a: Pulling fs layer
database-full-load (0)	Prepare immutable tools and owned database images	2026-10-03T22:58:41.6312912Z c52e3a203c20: Pulling fs layer
database-full-load (0)	Prepare immutable tools and owned database images	2026-10-03T22:58:41.6313352Z 9b415d76a9c6: Pulling fs layer
database-full-load (0)	Prepare immutable tools and owned database images	2026-10-03T22:58:41.6313804Z d527cffe3ef6: Pulling fs layer
database-full-load (0)	Prepare immutable tools and owned database images	2026-10-03T22:58:41.6315020Z b8cda4b5aaf3: Pulling fs layer
database-full-load (0)	Prepare immutable tools and owned database images	2026-10-03T22:58:41.6315497Z 32c1c18d2ea5: Pulling fs layer
database-full-load (0)	Prepare immutable tools and owned database images	2026-10-03T22:58:41.6315751Z bd9ddc54bea9: Waiting
database-full-load (0)	Prepare immutable tools and owned database images	2026-10-03T22:58:41.6315971Z 2d68f716f01a: Waiting
database-full-load (0)	Prepare immutable tools and owned database images	2026-10-03T22:58:41.6316183Z c52e3a203c20: Waiting
database-full-load (0)	Prepare immutable tools and owned database images	2026-10-03T22:58:41.6316393Z 9b415d76a9c6: Waiting
database-full-load (0)	Prepare immutable tools and owned database images	2026-10-03T22:58:41.6316595Z d527cffe3ef6: Waiting
database-full-load (0)	Prepare immutable tools and owned database images	2026-10-03T22:58:41.6317138Z b8cda4b5aaf3: Waiting
database-full-load (0)	Prepare immutable tools and owned database images	2026-10-03T22:58:41.6317350Z 32c1c18d2ea5: Waiting
database-full-load (0)	Prepare immutable tools and owned database images	2026-10-03T22:58:42.1156609Z 714e5b673049: Download complete
database-full-load (0)	Prepare immutable tools and owned database images	2026-10-03T22:58:42.1430529Z 2796a25b8094: Download complete
database-full-load (0)	Prepare immutable tools and owned database images	2026-10-03T22:58:42.3898005Z bd9ddc54bea9: Verifying Checksum
database-full-load (0)	Prepare immutable tools and owned database images	2026-10-03T22:58:42.3898610Z bd9ddc54bea9: Download complete
database-full-load (0)	Prepare immutable tools and owned database images	2026-10-03T22:58:42.6842461Z c52e3a203c20: Verifying Checksum
database-full-load (0)	Prepare immutable tools and owned database images	2026-10-03T22:58:42.6843220Z c52e3a203c20: Download complete
database-full-load (0)	Prepare immutable tools and owned database images	2026-10-03T22:58:42.8122619Z 2c22c1bb1ce1: Verifying Checksum
database-full-load (0)	Prepare immutable tools and owned database images	2026-10-03T22:58:42.8123142Z 2c22c1bb1ce1: Download complete
database-full-load (0)	Prepare immutable tools and owned database images	2026-10-03T22:58:42.9659321Z 9b415d76a9c6: Download complete
database-full-load (0)	Prepare immutable tools and owned database images	2026-10-03T22:58:43.1909773Z d527cffe3ef6: Verifying Checksum
database-full-load (0)	Prepare immutable tools and owned database images	2026-10-03T22:58:43.1911659Z d527cffe3ef6: Download complete
database-full-load (0)	Prepare immutable tools and owned database images	2026-10-03T22:58:43.4431838Z b8cda4b5aaf3: Verifying Checksum
database-full-load (0)	Prepare immutable tools and owned database images	2026-10-03T22:58:43.4432691Z b8cda4b5aaf3: Download complete
database-full-load (0)	Prepare immutable tools and owned database images	2026-10-03T22:58:43.4890262Z 32c1c18d2ea5: Verifying Checksum
database-full-load (0)	Prepare immutable tools and owned database images	2026-10-03T22:58:43.4891220Z 32c1c18d2ea5: Download complete
database-full-load (0)	Prepare immutable tools and owned database images	2026-10-03T22:58:43.9967872Z 2c22c1bb1ce1: Pull complete
database-full-load (0)	Prepare immutable tools and owned database images	2026-10-03T22:58:44.7205138Z 2796a25b8094: Pull complete
database-full-load (0)	Prepare immutable tools and owned database images	2026-10-03T22:58:44.7459980Z 714e5b673049: Pull complete
database-full-load (0)	Prepare immutable tools and owned database images	2026-10-03T22:58:44.7573050Z bd9ddc54bea9: Pull complete
database-full-load (0)	Prepare immutable tools and owned database images	2026-10-03T22:58:52.9319779Z 2d68f716f01a: Verifying Checksum
database-full-load (0)	Prepare immutable tools and owned database images	2026-10-03T22:58:52.9320503Z 2d68f716f01a: Download complete
database-full-load (0)	Prepare immutable tools and owned database images	2026-10-03T22:59:00.6250950Z 2d68f716f01a: Pull complete
database-full-load (0)	Prepare immutable tools and owned database images	2026-10-03T22:59:00.6722970Z c52e3a203c20: Pull complete
database-full-load (0)	Prepare immutable tools and owned database images	2026-10-03T22:59:00.6967837Z 9b415d76a9c6: Pull complete
database-full-load (0)	Prepare immutable tools and owned database images	2026-10-03T22:59:00.7146463Z d527cffe3ef6: Pull complete
database-full-load (0)	Prepare immutable tools and owned database images	2026-10-03T22:59:00.7229139Z b8cda4b5aaf3: Pull complete
database-full-load (0)	Prepare immutable tools and owned database images	2026-10-03T22:59:00.7356022Z 32c1c18d2ea5: Pull complete
database-full-load (0)	Prepare immutable tools and owned database images	2026-10-03T22:59:00.7398138Z Digest: sha256:e98f9c3b09beb2fbb9eaf667d602df3f0e00bd3644138b8458dc17ba1a675595
database-full-load (0)	Prepare immutable tools and owned database images	2026-10-03T22:59:00.7403710Z Status: Downloaded newer image for docker.elastic.co/elasticsearch/elasticsearch@sha256:e98f9c3b09beb2fbb9eaf667d602df3f0e00bd3644138b8458dc17ba1a675595
database-full-load (0)	Prepare immutable tools and owned database images	2026-10-03T22:59:00.7412700Z docker.elastic.co/elasticsearch/elasticsearch@sha256:e98f9c3b09beb2fbb9eaf667d602df3f0e00bd3644138b8458dc17ba1a675595
database-full-load (0)	Independent single-request native and SDK clients	﻿2026-10-03T22:59:00.7987779Z ##[group]Run mkdir -p results/local
database-full-load (0)	Independent single-request native and SDK clients	2026-10-03T22:59:00.7988174Z [36;1mmkdir -p results/local[0m
database-full-load (0)	Independent single-request native and SDK clients	2026-10-03T22:59:00.7988484Z [36;1mgo build -o .tools/weir-lab ./cmd/weir-lab[0m
database-full-load (0)	Independent single-request native and SDK clients	2026-10-03T22:59:00.7988879Z [36;1mIFS=',' read -r -a batch_limits <<< "$BACKEND_BATCH_LIMITS"[0m
database-full-load (0)	Independent single-request native and SDK clients	2026-10-03T22:59:00.7989276Z [36;1mfor backend_limit in "${batch_limits[@]}"; do[0m
database-full-load (0)	Independent single-request native and SDK clients	2026-10-03T22:59:00.7989647Z [36;1m  export BACKEND_BATCH_LIMIT="$backend_limit"[0m
database-full-load (0)	Independent single-request native and SDK clients	2026-10-03T22:59:00.7990086Z [36;1m  export MEASUREMENT_OUTPUT="results/local/saturation-batch-$backend_limit"[0m
database-full-load (0)	Independent single-request native and SDK clients	2026-10-03T22:59:00.7990709Z [36;1m  export MEASUREMENT_RECEIPT="results/local/measurement-batch-$backend_limit.receipt.json"[0m
database-full-load (0)	Independent single-request native and SDK clients	2026-10-03T22:59:00.7991196Z [36;1m  python3 - <<'PY'[0m
database-full-load (0)	Independent single-request native and SDK clients	2026-10-03T22:59:00.7991491Z [36;1mimport hashlib, json, os, pathlib, subprocess[0m
database-full-load (0)	Independent single-request native and SDK clients	2026-10-03T22:59:00.7991838Z [36;1mbinary = pathlib.Path('.tools/weir-lab')[0m
database-full-load (0)	Independent single-request native and SDK clients	2026-10-03T22:59:00.7993638Z [36;1mcommand = [str(binary), '-mode', 'saturation', '-weir', '.tools/weir', '-backend', 'all', '-database-cpus', os.environ['DATABASE_CPUS'], '-store-concurrency', '32', '-backend-batch-limit', os.environ['BACKEND_BATCH_LIMIT'], '-client-processes', '4', '-concurrency-levels', os.environ['CLIENT_LEVELS'], '-batch-sizes', '1', '-records', '2048', '-payload-bytes', '1024', '-write-percent', os.environ['WRITE_PERCENT'], '-rounds', '3', '-warmup-duration', '10s', '-duration', '20s', '-output', os.environ['MEASUREMENT_OUTPUT']][0m
database-full-load (0)	Independent single-request native and SDK clients	2026-10-03T22:59:00.7997475Z [36;1mreceipt = {'host_memory_bytes': int(next(line for line in pathlib.Path('/proc/meminfo').read_text().splitlines() if line.startswith('MemTotal:')).split()[1]) * 1024, 'source': subprocess.check_output(['git', 'rev-parse', 'HEAD'], text=True).strip(), 'source_dirty': bool(subprocess.check_output(['git', 'status', '--porcelain'])), 'client_binary_sha256': hashlib.sha256(binary.read_bytes()).hexdigest(), 'client_build': subprocess.check_output(['go', 'version', '-m', str(binary)], text=True), 'versions': json.loads(pathlib.Path('versions.json').read_text()), 'command': command}[0m
database-full-load (0)	Independent single-request native and SDK clients	2026-10-03T22:59:00.7999711Z [36;1mif receipt['source_dirty']:[0m
database-full-load (0)	Independent single-request native and SDK clients	2026-10-03T22:59:00.8000096Z [36;1m    raise SystemExit('measurement requires a clean source checkout')[0m
database-full-load (0)	Independent single-request native and SDK clients	2026-10-03T22:59:00.8000691Z [36;1mpathlib.Path(os.environ['MEASUREMENT_RECEIPT']).write_text(json.dumps(receipt, indent=2) + '\n')[0m
database-full-load (0)	Independent single-request native and SDK clients	2026-10-03T22:59:00.8001173Z [36;1mPY[0m
database-full-load (0)	Independent single-request native and SDK clients	2026-10-03T22:59:00.8002739Z [36;1m  .tools/weir-lab -mode saturation -weir .tools/weir -backend all -database-cpus "$DATABASE_CPUS" -store-concurrency 32 -backend-batch-limit "$BACKEND_BATCH_LIMIT" -client-processes 4 -concurrency-levels "$CLIENT_LEVELS" -batch-sizes 1 -records 2048 -payload-bytes 1024 -write-percent "$WRITE_PERCENT" -rounds 3 -warmup-duration 10s -duration 20s -output "$MEASUREMENT_OUTPUT" 2>&1 | tee "results/local/saturation-batch-$backend_limit.log"[0m
database-full-load (0)	Independent single-request native and SDK clients	2026-10-03T22:59:00.8004670Z [36;1mdone[0m
database-full-load (0)	Independent single-request native and SDK clients	2026-10-03T22:59:00.8004899Z [36;1mgit diff --exit-code[0m
database-full-load (0)	Independent single-request native and SDK clients	2026-10-03T22:59:00.8068185Z shell: /usr/bin/bash --noprofile --norc -e -o pipefail {0}
database-full-load (0)	Independent single-request native and SDK clients	2026-10-03T22:59:00.8068540Z env:
database-full-load (0)	Independent single-request native and SDK clients	2026-10-03T22:59:00.8068735Z   GOENV: off
database-full-load (0)	Independent single-request native and SDK clients	2026-10-03T22:59:00.8068924Z   GOWORK: off
database-full-load (0)	Independent single-request native and SDK clients	2026-10-03T22:59:00.8069118Z   GOTOOLCHAIN: local
database-full-load (0)	Independent single-request native and SDK clients	2026-10-03T22:59:00.8069340Z   GOFLAGS: -mod=readonly
database-full-load (0)	Independent single-request native and SDK clients	2026-10-03T22:59:00.8069582Z   PYTHONDONTWRITEBYTECODE: 1
database-full-load (0)	Independent single-request native and SDK clients	2026-10-03T22:59:00.8069825Z   GOPROXY: off
database-full-load (0)	Independent single-request native and SDK clients	2026-10-03T22:59:00.8070012Z   GOSUMDB: off
database-full-load (0)	Independent single-request native and SDK clients	2026-10-03T22:59:00.8070200Z   WRITE_PERCENT: 0
database-full-load (0)	Independent single-request native and SDK clients	2026-10-03T22:59:00.8070398Z   DATABASE_CPUS: 1
database-full-load (0)	Independent single-request native and SDK clients	2026-10-03T22:59:00.8070608Z   CLIENT_LEVELS: 8,32,128,512
database-full-load (0)	Independent single-request native and SDK clients	2026-10-03T22:59:00.8070851Z   BACKEND_BATCH_LIMITS: 32
database-full-load (0)	Independent single-request native and SDK clients	2026-10-03T22:59:00.8071072Z ##[endgroup]
database-full-load (0)	Independent single-request native and SDK clients	2026-10-03T22:59:37.7710612Z Owned fixture logs: /tmp/weir-tests-2128068857
database-full-load (0)	Independent single-request native and SDK clients	2026-10-03T23:00:39.1501940Z single-request backend=mongo processes=4 workers=8 round=1 direct=6274.1 weir=3723.8 DB-CPU direct=99.8% weir=60.9%
database-full-load (0)	Independent single-request native and SDK clients	2026-10-03T23:01:40.3329216Z single-request backend=mongo processes=4 workers=8 round=2 direct=6233.7 weir=4110.2 DB-CPU direct=99.9% weir=68.3%
database-full-load (0)	Independent single-request native and SDK clients	2026-10-03T23:02:41.5397894Z single-request backend=mongo processes=4 workers=8 round=3 direct=6200.5 weir=4116.0 DB-CPU direct=99.9% weir=68.6%
database-full-load (0)	Independent single-request native and SDK clients	2026-10-03T23:03:42.7383083Z single-request backend=mongo processes=4 workers=32 round=1 direct=6582.1 weir=6295.2 DB-CPU direct=100.0% weir=69.7%
database-full-load (0)	Independent single-request native and SDK clients	2026-10-03T23:04:43.9197689Z single-request backend=mongo processes=4 workers=32 round=2 direct=6534.6 weir=6334.2 DB-CPU direct=100.1% weir=69.5%
database-full-load (0)	Independent single-request native and SDK clients	2026-10-03T23:05:45.0956644Z single-request backend=mongo processes=4 workers=32 round=3 direct=6631.7 weir=6314.6 DB-CPU direct=100.2% weir=69.7%
database-full-load (0)	Independent single-request native and SDK clients	2026-10-03T23:06:46.3446784Z single-request backend=mongo processes=4 workers=128 round=1 direct=6450.0 weir=9994.8 DB-CPU direct=100.1% weir=55.7%
database-full-load (0)	Independent single-request native and SDK clients	2026-10-03T23:07:47.5615513Z single-request backend=mongo processes=4 workers=128 round=2 direct=6466.0 weir=10157.1 DB-CPU direct=100.1% weir=55.7%
database-full-load (0)	Independent single-request native and SDK clients	2026-10-03T23:08:48.7823868Z single-request backend=mongo processes=4 workers=128 round=3 direct=6401.9 weir=10044.3 DB-CPU direct=100.1% weir=55.3%
database-full-load (0)	Independent single-request native and SDK clients	2026-10-03T23:09:50.2335602Z single-request backend=mongo processes=4 workers=512 round=1 direct=6153.7 weir=14528.1 DB-CPU direct=100.3% weir=38.8%
database-full-load (0)	Independent single-request native and SDK clients	2026-10-03T23:10:51.7232770Z single-request backend=mongo processes=4 workers=512 round=2 direct=6300.3 weir=14513.9 DB-CPU direct=100.2% weir=38.2%
database-full-load (0)	Independent single-request native and SDK clients	2026-10-03T23:11:53.1296137Z single-request backend=mongo processes=4 workers=512 round=3 direct=6017.1 weir=14611.1 DB-CPU direct=100.3% weir=37.6%
database-full-load (0)	Independent single-request native and SDK clients	2026-10-03T23:11:53.1717416Z # Database saturation comparison
database-full-load (0)	Independent single-request native and SDK clients	2026-10-03T23:11:53.1717832Z 
database-full-load (0)	Independent single-request native and SDK clients	2026-10-03T23:11:53.1718125Z Backend **mongo**. Started 2026-10-03T22:59:37.797452752Z.
database-full-load (0)	Independent single-request native and SDK clients	2026-10-03T23:11:53.1718548Z 
database-full-load (0)	Independent single-request native and SDK clients	2026-10-03T23:11:53.1720982Z independent OS client processes send one record per native call or unary SDK RPC; native FindOne/ReplaceOne or single-ID mget/PUT; no client aggregation; worker-owned disjoint IDs; common phase barriers and unchanged pools across warmup and measurement; alternating AB/BA; latency is each business request including validation, queueing and any server aggregation; independent persisted postflight; sustained database CPU requires >=5 intervals, >=80% measurement coverage, mean CPU>=threshold and CPU>=threshold during >=80% measurement duration in every round, plus <=10% next-level throughput gain.
database-full-load (0)	Independent single-request native and SDK clients	2026-10-03T23:11:53.1723431Z 
database-full-load (0)	Independent single-request native and SDK clients	2026-10-03T23:11:53.1723698Z Warmup 10s and measurement 20s per path/stage, 3 paired rounds, requested writes 0%.
database-full-load (0)	Independent single-request native and SDK clients	2026-10-03T23:11:53.1724040Z 
database-full-load (0)	Independent single-request native and SDK clients	2026-10-03T23:11:53.1725686Z 4 independent OS client processes. Each worker sends one business request containing one record, waits for its acknowledged result, and validates it. p50/p95/p99 describe individual requests; histograms are pooled rather than averaging process quantiles.
database-full-load (0)	Independent single-request native and SDK clients	2026-10-03T23:11:53.1727199Z 
database-full-load (0)	Independent single-request native and SDK clients	2026-10-03T23:11:53.1728048Z | Batch | Workers | Round | Path | Read | Write | Success | Errors/unknown | Ops/s | p95 call ms | DB CPU budget % | Full CPU time % | Sampling coverage % | Verified |
database-full-load (0)	Independent single-request native and SDK clients	2026-10-03T23:11:53.1729347Z | ---: | ---: | ---: | --- | ---: | ---: | ---: | ---: | ---: | ---: | ---: | ---: | ---: | --- |
database-full-load (0)	Independent single-request native and SDK clients	2026-10-03T23:11:53.1730309Z | 1 | 8 | 1 | direct | 125488 | 0 | 125488 | 0 | 6274.1 | 1.791 | 99.8 | 98.5 | 98.5 | true |
database-full-load (0)	Independent single-request native and SDK clients	2026-10-03T23:11:53.1731229Z | 1 | 8 | 1 | weir | 74490 | 0 | 74490 | 0 | 3723.8 | 4.095 | 60.9 | 0.0 | 99.8 | true |
database-full-load (0)	Independent single-request native and SDK clients	2026-10-03T23:11:53.1732015Z | 1 | 8 | 2 | direct | 124681 | 0 | 124681 | 0 | 6233.7 | 1.791 | 99.9 | 99.0 | 99.0 | true |
database-full-load (0)	Independent single-request native and SDK clients	2026-10-03T23:11:53.1732945Z | 1 | 8 | 2 | weir | 82211 | 0 | 82211 | 0 | 4110.2 | 3.583 | 68.3 | 0.0 | 99.3 | true |
database-full-load (0)	Independent single-request native and SDK clients	2026-10-03T23:11:53.1733458Z | 1 | 8 | 3 | direct | 124014 | 0 | 124014 | 0 | 6200.5 | 1.791 | 99.9 | 98.4 | 98.4 | true |
database-full-load (0)	Independent single-request native and SDK clients	2026-10-03T23:11:53.1733958Z | 1 | 8 | 3 | weir | 82332 | 0 | 82332 | 0 | 4116.0 | 3.583 | 68.6 | 0.0 | 99.8 | true |
database-full-load (0)	Independent single-request native and SDK clients	2026-10-03T23:11:53.1734728Z | 1 | 32 | 1 | direct | 131661 | 0 | 131661 | 0 | 6582.1 | 16.383 | 100.0 | 98.0 | 98.0 | true |
database-full-load (0)	Independent single-request native and SDK clients	2026-10-03T23:11:53.1735309Z | 1 | 32 | 1 | weir | 125923 | 0 | 125923 | 0 | 6295.2 | 10.239 | 69.7 | 0.0 | 99.5 | true |
database-full-load (0)	Independent single-request native and SDK clients	2026-10-03T23:11:53.1736613Z | 1 | 32 | 2 | direct | 130714 | 0 | 130714 | 0 | 6534.6 | 18.431 | 100.1 | 98.5 | 98.5 | true |
database-full-load (0)	Independent single-request native and SDK clients	2026-10-03T23:11:53.1737504Z | 1 | 32 | 2 | weir | 126705 | 0 | 126705 | 0 | 6334.2 | 10.239 | 69.5 | 0.0 | 99.2 | true |
database-full-load (0)	Independent single-request native and SDK clients	2026-10-03T23:11:53.1738387Z | 1 | 32 | 3 | direct | 132651 | 0 | 132651 | 0 | 6631.7 | 16.383 | 100.2 | 98.3 | 98.3 | true |
database-full-load (0)	Independent single-request native and SDK clients	2026-10-03T23:11:53.1739275Z | 1 | 32 | 3 | weir | 126311 | 0 | 126311 | 0 | 6314.6 | 10.239 | 69.7 | 0.0 | 94.6 | true |
database-full-load (0)	Independent single-request native and SDK clients	2026-10-03T23:11:53.1740640Z | 1 | 128 | 1 | direct | 129356 | 0 | 129356 | 0 | 6450.0 | 57.343 | 100.1 | 99.0 | 99.0 | true |
database-full-load (0)	Independent single-request native and SDK clients	2026-10-03T23:11:53.1741533Z | 1 | 128 | 1 | weir | 199980 | 0 | 199980 | 0 | 9994.8 | 26.623 | 55.7 | 0.0 | 99.4 | true |
database-full-load (0)	Independent single-request native and SDK clients	2026-10-03T23:11:53.1742219Z | 1 | 128 | 2 | direct | 129397 | 0 | 129397 | 0 | 6466.0 | 57.343 | 100.1 | 99.4 | 99.4 | true |
database-full-load (0)	Independent single-request native and SDK clients	2026-10-03T23:11:53.1743044Z | 1 | 128 | 2 | weir | 203216 | 0 | 203216 | 0 | 10157.1 | 26.623 | 55.7 | 0.0 | 99.6 | true |
database-full-load (0)	Independent single-request native and SDK clients	2026-10-03T23:11:53.1743999Z | 1 | 128 | 3 | direct | 128115 | 0 | 128115 | 0 | 6401.9 | 57.343 | 100.1 | 99.3 | 99.3 | true |
database-full-load (0)	Independent single-request native and SDK clients	2026-10-03T23:11:53.1745461Z | 1 | 128 | 3 | weir | 200942 | 0 | 200942 | 0 | 10044.3 | 26.623 | 55.3 | 0.0 | 99.2 | true |
database-full-load (0)	Independent single-request native and SDK clients	2026-10-03T23:11:53.1746426Z | 1 | 512 | 1 | direct | 123671 | 0 | 123671 | 0 | 6153.7 | 147.455 | 100.3 | 99.7 | 99.7 | true |
database-full-load (0)	Independent single-request native and SDK clients	2026-10-03T23:11:53.1747421Z | 1 | 512 | 1 | weir | 290909 | 0 | 290909 | 0 | 14528.1 | 73.727 | 38.8 | 0.0 | 99.4 | true |
database-full-load (0)	Independent single-request native and SDK clients	2026-10-03T23:11:53.1748067Z | 1 | 512 | 2 | direct | 126573 | 0 | 126573 | 0 | 6300.3 | 131.071 | 100.2 | 99.1 | 99.1 | true |
database-full-load (0)	Independent single-request native and SDK clients	2026-10-03T23:11:53.1748564Z | 1 | 512 | 2 | weir | 290581 | 0 | 290581 | 0 | 14513.9 | 73.727 | 38.2 | 0.0 | 99.3 | true |
database-full-load (0)	Independent single-request native and SDK clients	2026-10-03T23:11:53.1749060Z | 1 | 512 | 3 | direct | 120923 | 0 | 120923 | 0 | 6017.1 | 163.839 | 100.3 | 94.8 | 94.8 | true |
database-full-load (0)	Independent single-request native and SDK clients	2026-10-03T23:11:53.1749792Z | 1 | 512 | 3 | weir | 292417 | 0 | 292417 | 0 | 14611.1 | 73.727 | 37.6 | 0.0 | 99.2 | true |
database-full-load (0)	Independent single-request native and SDK clients	2026-10-03T23:11:53.1750097Z 
database-full-load (0)	Independent single-request native and SDK clients	2026-10-03T23:11:53.1750380Z Measured Weir adapter and unary RPC evidence (warmup, reset and postflight excluded):
database-full-load (0)	Independent single-request native and SDK clients	2026-10-03T23:11:53.1750724Z 
database-full-load (0)	Independent single-request native and SDK clients	2026-10-03T23:11:53.1751245Z | Batch | Workers | Round | Adapter invocations | Mean adapter batch | Read/Mutate RPCs | Queue mean ms | Adapter mean ms | Rejections | Backend concurrency limit |
database-full-load (0)	Independent single-request native and SDK clients	2026-10-03T23:11:53.1751964Z | ---: | ---: | ---: | ---: | ---: | --- | ---: | ---: | ---: | ---: |
database-full-load (0)	Independent single-request native and SDK clients	2026-10-03T23:11:53.1752359Z | 1 | 8 | 1 | 66950 | 1.113 | 74490/0 | 0.027 | 0.885 | 0 | 32.000 |
database-full-load (0)	Independent single-request native and SDK clients	2026-10-03T23:11:53.1752718Z | 1 | 8 | 2 | 73482 | 1.119 | 82211/0 | 0.025 | 0.821 | 0 | 32.000 |
database-full-load (0)	Independent single-request native and SDK clients	2026-10-03T23:11:53.1753063Z | 1 | 8 | 3 | 73444 | 1.121 | 82332/0 | 0.026 | 0.819 | 0 | 32.000 |
database-full-load (0)	Independent single-request native and SDK clients	2026-10-03T23:11:53.1753413Z | 1 | 32 | 1 | 71985 | 1.749 | 125923/0 | 0.139 | 1.570 | 0 | 32.000 |
database-full-load (0)	Independent single-request native and SDK clients	2026-10-03T23:11:53.1753783Z | 1 | 32 | 2 | 71679 | 1.768 | 126705/0 | 0.140 | 1.556 | 0 | 32.000 |
database-full-load (0)	Independent single-request native and SDK clients	2026-10-03T23:11:53.1754130Z | 1 | 32 | 3 | 72043 | 1.753 | 126311/0 | 0.138 | 1.555 | 0 | 32.000 |
database-full-load (0)	Independent single-request native and SDK clients	2026-10-03T23:11:53.1754806Z | 1 | 128 | 1 | 52056 | 3.842 | 199980/0 | 0.519 | 2.751 | 0 | 32.000 |
database-full-load (0)	Independent single-request native and SDK clients	2026-10-03T23:11:53.1755184Z | 1 | 128 | 2 | 51884 | 3.917 | 203216/0 | 0.517 | 2.740 | 0 | 32.000 |
database-full-load (0)	Independent single-request native and SDK clients	2026-10-03T23:11:53.1755555Z | 1 | 128 | 3 | 51666 | 3.889 | 200942/0 | 0.517 | 2.778 | 0 | 32.000 |
database-full-load (0)	Independent single-request native and SDK clients	2026-10-03T23:11:53.1755924Z | 1 | 512 | 1 | 27974 | 10.399 | 290909/0 | 2.121 | 5.260 | 0 | 32.000 |
database-full-load (0)	Independent single-request native and SDK clients	2026-10-03T23:11:53.1756299Z | 1 | 512 | 2 | 26873 | 10.813 | 290581/0 | 2.252 | 5.472 | 0 | 32.000 |
database-full-load (0)	Independent single-request native and SDK clients	2026-10-03T23:11:53.1756670Z | 1 | 512 | 3 | 25470 | 11.481 | 292417/0 | 2.286 | 5.682 | 0 | 32.000 |
database-full-load (0)	Independent single-request native and SDK clients	2026-10-03T23:11:53.1756891Z 
database-full-load (0)	Independent single-request native and SDK clients	2026-10-03T23:11:53.1758032Z **Batch 1: database-full-load throughput comparison unavailable.** both paths must independently demonstrate sustained database CPU saturation and a verified next-level throughput plateau; increase concurrency or isolate client/Weir resources; I/O/network-bound saturation needs additional device/link capacity evidence.
database-full-load (0)	Independent single-request native and SDK clients	2026-10-03T23:11:53.1759346Z 
database-full-load (0)	Independent single-request native and SDK clients	2026-10-03T23:11:53.1760073Z Best verified business QPS within this ladder: direct 6582.8 (32 workers), Weir 14551.0 (512 workers), observed change +121.05%. This is a measured business-throughput comparison, not a maximum-database-capacity claim.
database-full-load (0)	Independent single-request native and SDK clients	2026-10-03T23:11:53.1760831Z 
database-full-load (0)	Independent single-request native and SDK clients	2026-10-03T23:11:53.1761265Z Observed single-request business performance at matched client concurrency (independent of the database-capacity qualification):
database-full-load (0)	Independent single-request native and SDK clients	2026-10-03T23:11:53.1761766Z 
database-full-load (0)	Independent single-request native and SDK clients	2026-10-03T23:11:53.1762017Z | Workers | Direct QPS | Weir QPS | Change | Direct p50/p95/p99 ms | Weir p50/p95/p99 ms |
database-full-load (0)	Independent single-request native and SDK clients	2026-10-03T23:11:53.1762454Z | ---: | ---: | ---: | ---: | --- | --- |
database-full-load (0)	Independent single-request native and SDK clients	2026-10-03T23:11:53.1762824Z | 8 | 6236.1 | 3983.3 | -36.13% | 0.831 / 1.791 / 30.719 | 1.919 / 3.839 / 5.119 |
database-full-load (0)	Independent single-request native and SDK clients	2026-10-03T23:11:53.1763272Z | 32 | 6582.8 | 6314.7 | -4.07% | 3.071 / 16.383 / 45.055 | 5.119 / 10.239 / 13.311 |
database-full-load (0)	Independent single-request native and SDK clients	2026-10-03T23:11:53.1763734Z | 128 | 6439.3 | 10065.4 | +56.31% | 13.311 / 57.343 / 65.535 | 12.287 / 26.623 / 36.863 |
database-full-load (0)	Independent single-request native and SDK clients	2026-10-03T23:11:53.1764451Z | 512 | 6157.0 | 14551.0 | +136.33% | 90.111 / 147.455 / 180.223 | 32.767 / 73.727 / 90.111 |
database-full-load (0)	Independent single-request native and SDK clients	2026-10-03T23:11:53.1764752Z 
database-full-load (0)	Independent single-request native and SDK clients	2026-10-03T23:11:53.1765783Z These QPS and latency observations apply to this hardware and measured concurrency range. A business-throughput improvement can exist without demonstrating the maximum database capacity. An underfull database or missing next-level plateau keeps the database-capacity comparison unavailable.
database-full-load (0)	Independent single-request native and SDK clients	2026-10-03T23:11:53.1766825Z 
database-full-load (0)	Independent single-request native and SDK clients	2026-10-03T23:11:53.1769254Z Aggregation evidence: the JSON records one business request per record, Read/Mutate RPC counts, adapter invocation counts, average adapter batch and its cumulative histogram, and RPCs per adapter invocation. An adapter invocation is not necessarily one physical database wire command. MongoDB physical find/update/bulkWrite/getMore/killCursors deltas come from owned serverStatus at timed boundaries; missing counters remain unavailable. Elasticsearch has no equivalent physical HTTP-command counter. Every child PID, configured native pool limit, final revision ranges, exit result and sampled CPU/RSS is retained; coordinator sampling CPU is excluded from business-client CPU.
database-full-load (0)	Independent single-request native and SDK clients	2026-10-03T23:11:53.1771751Z 
database-full-load (0)	Independent single-request native and SDK clients	2026-10-03T23:11:53.1775314Z The JSON retains before/after raw public Weir metrics and their observed deltas, every resource sample, monitor failures, raw cumulative database/container I/O and network counters, CPU quota/host core denominator, and client/Weir cumulative CPU. Docker CPU uses cumulative Engine usage and read timestamps across each entire sampling interval, never CLI instantaneous percentages. Both interval endpoints must succeed; missing intervals reduce full-run coverage. Samples include monitoring traffic and background database work. Native ps CPU has platform-dependent clock resolution. Native databases share the host CPU budget with the client and Weir. Disk/network utilization or capacity is not inferred from byte counters. A plateau without sustained database CPU saturation is not a database-full-load result. Startup/discovery/reset/postflight and warmup are excluded from throughput; all in-flight completion and validation is included.
database-full-load (0)	Independent single-request native and SDK clients	2026-10-03T23:12:58.6083950Z single-request backend=search processes=4 workers=8 round=1 direct=2166.5 weir=3712.0 DB-CPU direct=100.0% weir=78.5%
database-full-load (0)	Independent single-request native and SDK clients	2026-10-03T23:14:01.4182876Z single-request backend=search processes=4 workers=8 round=2 direct=5813.1 weir=3813.0 DB-CPU direct=99.6% weir=76.4%
database-full-load (0)	Independent single-request native and SDK clients	2026-10-03T23:15:03.4074577Z single-request backend=search processes=4 workers=8 round=3 direct=5880.5 weir=3890.8 DB-CPU direct=99.6% weir=76.6%
database-full-load (0)	Independent single-request native and SDK clients	2026-10-03T23:16:05.3832724Z single-request backend=search processes=4 workers=32 round=1 direct=7092.4 weir=5786.3 DB-CPU direct=100.0% weir=77.3%
database-full-load (0)	Independent single-request native and SDK clients	2026-10-03T23:17:07.1776416Z single-request backend=search processes=4 workers=32 round=2 direct=7091.1 weir=5757.0 DB-CPU direct=99.7% weir=76.9%
database-full-load (0)	Independent single-request native and SDK clients	2026-10-03T23:18:09.0913386Z single-request backend=search processes=4 workers=32 round=3 direct=6895.6 weir=5710.7 DB-CPU direct=99.8% weir=76.0%
database-full-load (0)	Independent single-request native and SDK clients	2026-10-03T23:19:10.8258933Z single-request backend=search processes=4 workers=128 round=1 direct=7382.1 weir=8541.8 DB-CPU direct=100.0% weir=65.1%
database-full-load (0)	Independent single-request native and SDK clients	2026-10-03T23:20:12.6405501Z single-request backend=search processes=4 workers=128 round=2 direct=7365.8 weir=8754.6 DB-CPU direct=100.0% weir=63.8%
database-full-load (0)	Independent single-request native and SDK clients	2026-10-03T23:21:14.3813323Z single-request backend=search processes=4 workers=128 round=3 direct=7642.2 weir=8970.3 DB-CPU direct=100.1% weir=63.7%
database-full-load (0)	Independent single-request native and SDK clients	2026-10-03T23:21:55.8125445Z # Database saturation comparison
database-full-load (0)	Independent single-request native and SDK clients	2026-10-03T23:21:55.8126237Z 
database-full-load (0)	Independent single-request native and SDK clients	2026-10-03T23:21:55.8126517Z Backend **search**. Started 2026-10-03T23:11:53.556511491Z.
database-full-load (0)	Independent single-request native and SDK clients	2026-10-03T23:21:55.8126781Z 
database-full-load (0)	Independent single-request native and SDK clients	2026-10-03T23:21:55.8128913Z independent OS client processes send one record per native call or unary SDK RPC; native FindOne/ReplaceOne or single-ID mget/PUT; no client aggregation; worker-owned disjoint IDs; common phase barriers and unchanged pools across warmup and measurement; alternating AB/BA; latency is each business request including validation, queueing and any server aggregation; independent persisted postflight; sustained database CPU requires >=5 intervals, >=80% measurement coverage, mean CPU>=threshold and CPU>=threshold during >=80% measurement duration in every round, plus <=10% next-level throughput gain.
database-full-load (0)	Independent single-request native and SDK clients	2026-10-03T23:21:55.8131025Z 
database-full-load (0)	Independent single-request native and SDK clients	2026-10-03T23:21:55.8131285Z Warmup 10s and measurement 20s per path/stage, 3 paired rounds, requested writes 0%.
database-full-load (0)	Independent single-request native and SDK clients	2026-10-03T23:21:55.8131620Z 
database-full-load (0)	Independent single-request native and SDK clients	2026-10-03T23:21:55.8132992Z 4 independent OS client processes. Each worker sends one business request containing one record, waits for its acknowledged result, and validates it. p50/p95/p99 describe individual requests; histograms are pooled rather than averaging process quantiles.
database-full-load (0)	Independent single-request native and SDK clients	2026-10-03T23:21:55.8136523Z 
database-full-load (0)	Independent single-request native and SDK clients	2026-10-03T23:21:55.8137446Z | Batch | Workers | Round | Path | Read | Write | Success | Errors/unknown | Ops/s | p95 call ms | DB CPU budget % | Full CPU time % | Sampling coverage % | Verified |
database-full-load (0)	Independent single-request native and SDK clients	2026-10-03T23:21:55.8138852Z | ---: | ---: | ---: | --- | ---: | ---: | ---: | ---: | ---: | ---: | ---: | ---: | ---: | --- |
database-full-load (0)	Independent single-request native and SDK clients	2026-10-03T23:21:55.8139384Z | 1 | 8 | 1 | direct | 43333 | 0 | 43333 | 0 | 2166.5 | 3.839 | 100.0 | 98.9 | 98.9 | true |
database-full-load (0)	Independent single-request native and SDK clients	2026-10-03T23:21:55.8139864Z | 1 | 8 | 1 | weir | 74249 | 0 | 74249 | 0 | 3712.0 | 3.839 | 78.5 | 0.0 | 99.6 | true |
database-full-load (0)	Independent single-request native and SDK clients	2026-10-03T23:21:55.8140334Z | 1 | 8 | 2 | direct | 116269 | 0 | 116269 | 0 | 5813.1 | 1.791 | 99.6 | 96.8 | 96.8 | true |
database-full-load (0)	Independent single-request native and SDK clients	2026-10-03T23:21:55.8140796Z | 1 | 8 | 2 | weir | 76266 | 0 | 76266 | 0 | 3813.0 | 3.583 | 76.4 | 0.0 | 99.7 | true |
database-full-load (0)	Independent single-request native and SDK clients	2026-10-03T23:21:55.8141298Z | 1 | 8 | 3 | direct | 117618 | 0 | 117618 | 0 | 5880.5 | 1.791 | 99.6 | 96.9 | 96.9 | true |
database-full-load (0)	Independent single-request native and SDK clients	2026-10-03T23:21:55.8141783Z | 1 | 8 | 3 | weir | 77825 | 0 | 77825 | 0 | 3890.8 | 3.583 | 76.6 | 0.0 | 98.4 | true |
database-full-load (0)	Independent single-request native and SDK clients	2026-10-03T23:21:55.8142257Z | 1 | 32 | 1 | direct | 141866 | 0 | 141866 | 0 | 7092.4 | 10.239 | 100.0 | 98.9 | 98.9 | true |
database-full-load (0)	Independent single-request native and SDK clients	2026-10-03T23:21:55.8142756Z | 1 | 32 | 1 | weir | 115755 | 0 | 115755 | 0 | 5786.3 | 10.239 | 77.3 | 0.0 | 99.6 | true |
database-full-load (0)	Independent single-request native and SDK clients	2026-10-03T23:21:55.8143250Z | 1 | 32 | 2 | direct | 141841 | 0 | 141841 | 0 | 7091.1 | 10.239 | 99.7 | 98.0 | 98.0 | true |
database-full-load (0)	Independent single-request native and SDK clients	2026-10-03T23:21:55.8143728Z | 1 | 32 | 2 | weir | 115181 | 0 | 115181 | 0 | 5757.0 | 10.239 | 76.9 | 0.0 | 94.9 | true |
database-full-load (0)	Independent single-request native and SDK clients	2026-10-03T23:21:55.8148329Z | 1 | 32 | 3 | direct | 137931 | 0 | 137931 | 0 | 6895.6 | 9.215 | 99.8 | 97.6 | 97.6 | true |
database-full-load (0)	Independent single-request native and SDK clients	2026-10-03T23:21:55.8148926Z | 1 | 32 | 3 | weir | 114228 | 0 | 114228 | 0 | 5710.7 | 10.239 | 76.0 | 0.0 | 99.8 | true |
database-full-load (0)	Independent single-request native and SDK clients	2026-10-03T23:21:55.8149725Z | 1 | 128 | 1 | direct | 147691 | 0 | 147691 | 0 | 7382.1 | 45.055 | 100.0 | 99.0 | 99.0 | true |
database-full-load (0)	Independent single-request native and SDK clients	2026-10-03T23:21:55.8150238Z | 1 | 128 | 1 | weir | 170891 | 0 | 170891 | 0 | 8541.8 | 28.671 | 65.1 | 0.0 | 99.4 | true |
database-full-load (0)	Independent single-request native and SDK clients	2026-10-03T23:21:55.8150731Z | 1 | 128 | 2 | direct | 147386 | 0 | 147386 | 0 | 7365.8 | 45.055 | 100.0 | 98.8 | 98.8 | true |
database-full-load (0)	Independent single-request native and SDK clients	2026-10-03T23:21:55.8151238Z | 1 | 128 | 2 | weir | 175173 | 0 | 175173 | 0 | 8754.6 | 28.671 | 63.8 | 0.0 | 99.9 | true |
database-full-load (0)	Independent single-request native and SDK clients	2026-10-03T23:21:55.8154024Z | 1 | 128 | 3 | direct | 152891 | 0 | 152891 | 0 | 7642.2 | 45.055 | 100.1 | 99.0 | 99.0 | true |
database-full-load (0)	Independent single-request native and SDK clients	2026-10-03T23:21:55.8159054Z | 1 | 128 | 3 | weir | 179530 | 0 | 179530 | 0 | 8970.3 | 26.623 | 63.7 | 0.0 | 100.0 | true |
database-full-load (0)	Independent single-request native and SDK clients	2026-10-03T23:21:55.8159778Z | 1 | 512 | 1 | direct | 0 | 0 | 0 | 0 | 0.0 | 0.000 | 0.0 | 0.0 | 0.0 | false |
database-full-load (0)	Independent single-request native and SDK clients	2026-10-03T23:21:55.8161275Z | 1 | 512 | 1 | weir | 253639 | 0 | 253639 | 0 | 12667.3 | 81.919 | 47.8 | 0.0 | 99.6 | true |
database-full-load (0)	Independent single-request native and SDK clients	2026-10-03T23:21:55.8161894Z 
database-full-load (0)	Independent single-request native and SDK clients	2026-10-03T23:21:55.8162341Z Measured Weir adapter and unary RPC evidence (warmup, reset and postflight excluded):
database-full-load (0)	Independent single-request native and SDK clients	2026-10-03T23:21:55.8162726Z 
database-full-load (0)	Independent single-request native and SDK clients	2026-10-03T23:21:55.8163256Z | Batch | Workers | Round | Adapter invocations | Mean adapter batch | Read/Mutate RPCs | Queue mean ms | Adapter mean ms | Rejections | Backend concurrency limit |
database-full-load (0)	Independent single-request native and SDK clients	2026-10-03T23:21:55.8164008Z | ---: | ---: | ---: | ---: | ---: | --- | ---: | ---: | ---: | ---: |
database-full-load (0)	Independent single-request native and SDK clients	2026-10-03T23:21:55.8165566Z | 1 | 8 | 1 | 67657 | 1.097 | 74249/0 | 0.022 | 1.091 | 0 | 32.000 |
database-full-load (0)	Independent single-request native and SDK clients	2026-10-03T23:21:55.8166235Z | 1 | 8 | 2 | 69419 | 1.099 | 76266/0 | 0.022 | 1.048 | 0 | 32.000 |
database-full-load (0)	Independent single-request native and SDK clients	2026-10-03T23:21:55.8166858Z | 1 | 8 | 3 | 71244 | 1.092 | 77825/0 | 0.021 | 1.030 | 0 | 32.000 |
database-full-load (0)	Independent single-request native and SDK clients	2026-10-03T23:21:55.8167497Z | 1 | 32 | 1 | 74162 | 1.561 | 115755/0 | 0.115 | 2.284 | 0 | 32.000 |
database-full-load (0)	Independent single-request native and SDK clients	2026-10-03T23:21:55.8168110Z | 1 | 32 | 2 | 73122 | 1.575 | 115181/0 | 0.115 | 2.253 | 0 | 32.000 |
database-full-load (0)	Independent single-request native and SDK clients	2026-10-03T23:21:55.8168795Z | 1 | 32 | 3 | 72294 | 1.580 | 114228/0 | 0.119 | 2.251 | 0 | 32.000 |
database-full-load (0)	Independent single-request native and SDK clients	2026-10-03T23:21:55.8169506Z | 1 | 128 | 1 | 50650 | 3.374 | 170891/0 | 0.560 | 4.486 | 0 | 32.000 |
database-full-load (0)	Independent single-request native and SDK clients	2026-10-03T23:21:55.8170177Z | 1 | 128 | 2 | 52330 | 3.347 | 175173/0 | 0.536 | 4.259 | 0 | 32.000 |
database-full-load (0)	Independent single-request native and SDK clients	2026-10-03T23:21:55.8170863Z | 1 | 128 | 3 | 54128 | 3.317 | 179530/0 | 0.519 | 4.252 | 0 | 32.000 |
database-full-load (0)	Independent single-request native and SDK clients	2026-10-03T23:21:55.8171539Z | 1 | 512 | 1 | 28272 | 8.971 | 253639/0 | 2.174 | 8.988 | 0 | 32.000 |
database-full-load (0)	Independent single-request native and SDK clients	2026-10-03T23:21:55.8172649Z 
database-full-load (0)	Independent single-request native and SDK clients	2026-10-03T23:21:55.8178088Z Aggregation evidence: the JSON records one business request per record, Read/Mutate RPC counts, adapter invocation counts, average adapter batch and its cumulative histogram, and RPCs per adapter invocation. An adapter invocation is not necessarily one physical database wire command. MongoDB physical find/update/bulkWrite/getMore/killCursors deltas come from owned serverStatus at timed boundaries; missing counters remain unavailable. Elasticsearch has no equivalent physical HTTP-command counter. Every child PID, configured native pool limit, final revision ranges, exit result and sampled CPU/RSS is retained; coordinator sampling CPU is excluded from business-client CPU.
database-full-load (0)	Independent single-request native and SDK clients	2026-10-03T23:21:55.8182291Z 
database-full-load (0)	Independent single-request native and SDK clients	2026-10-03T23:21:55.8189122Z The JSON retains before/after raw public Weir metrics and their observed deltas, every resource sample, monitor failures, raw cumulative database/container I/O and network counters, CPU quota/host core denominator, and client/Weir cumulative CPU. Docker CPU uses cumulative Engine usage and read timestamps across each entire sampling interval, never CLI instantaneous percentages. Both interval endpoints must succeed; missing intervals reduce full-run coverage. Samples include monitoring traffic and background database work. Native ps CPU has platform-dependent clock resolution. Native databases share the host CPU budget with the client and Weir. Disk/network utilization or capacity is not inferred from byte counters. A plateau without sustained database CPU saturation is not a database-full-load result. Startup/discovery/reset/postflight and warmup are excluded from throughput; all in-flight completion and validation is included.
database-full-load (0)	Independent single-request native and SDK clients	2026-10-03T23:21:55.8195191Z 
database-full-load (0)	Independent single-request native and SDK clients	2026-10-03T23:21:55.8197581Z Incomplete: direct single-request stage failed: independent client 14582 warmup failed: [Post "http://127.0.0.1:32769/weirtest_4729a20f2e12f629061d617a/_mget?realtime=true": context deadline exceeded Post "http://127.0.0.1:32769/weirtest_4729a20f2e12f629061d617a/_mget?realtime=true": context deadline exceeded] exit status 1 exit status 1 exit status 1 exit status 1 
database-full-load (0)	Independent single-request native and SDK clients	2026-10-03T23:21:58.6798514Z direct single-request stage failed: independent client 14582 warmup failed: [Post "http://127.0.0.1:32769/weirtest_4729a20f2e12f629061d617a/_mget?realtime=true": context deadline exceeded Post "http://127.0.0.1:32769/weirtest_4729a20f2e12f629061d617a/_mget?realtime=true": context deadline exceeded]
database-full-load (0)	Independent single-request native and SDK clients	2026-10-03T23:21:58.6799903Z exit status 1
database-full-load (0)	Independent single-request native and SDK clients	2026-10-03T23:21:58.6800122Z exit status 1
database-full-load (0)	Independent single-request native and SDK clients	2026-10-03T23:21:58.6800331Z exit status 1
database-full-load (0)	Independent single-request native and SDK clients	2026-10-03T23:21:58.6800532Z exit status 1 
database-full-load (0)	Independent single-request native and SDK clients	2026-10-03T23:21:58.6800806Z saturation matrix workload failed or was incomplete
database-full-load (0)	Independent single-request native and SDK clients	2026-10-03T23:21:58.6849605Z ##[error]Process completed with exit code 1.
database-full-load (0)	Preserve raw resource samples, workload validation and cleanup	﻿2026-10-03T23:21:58.6952915Z ##[group]Run actions/upload-artifact@ea165f8d65b6e75b540449e92b4886f43607fa02
database-full-load (0)	Preserve raw resource samples, workload validation and cleanup	2026-10-03T23:21:58.6953364Z with:
database-full-load (0)	Preserve raw resource samples, workload validation and cleanup	2026-10-03T23:21:58.6953727Z   name: saturation-evidence-writes-0-03fcec1bbb3806a41eca2aa39b4ff702a4b59331
database-full-load (0)	Preserve raw resource samples, workload validation and cleanup	2026-10-03T23:21:58.6955089Z   path: results/local/
database-full-load (0)	Preserve raw resource samples, workload validation and cleanup	/tmp/weir-tests-*/manifest.json
database-full-load (0)	Preserve raw resource samples, workload validation and cleanup	/tmp/weir-tests-*/cleanup.json
database-full-load (0)	Preserve raw resource samples, workload validation and cleanup	/tmp/weir-tests-*/*config.json
database-full-load (0)	Preserve raw resource samples, workload validation and cleanup	/tmp/weir-tests-*/*routes.json
database-full-load (0)	Preserve raw resource samples, workload validation and cleanup	/tmp/weir-tests-*/*process.log
database-full-load (0)	Preserve raw resource samples, workload validation and cleanup	/tmp/weir-tests-*/docker-engine.json
database-full-load (0)	Preserve raw resource samples, workload validation and cleanup	
database-full-load (0)	Preserve raw resource samples, workload validation and cleanup	2026-10-03T23:21:58.6956131Z   retention-days: 14
database-full-load (0)	Preserve raw resource samples, workload validation and cleanup	2026-10-03T23:21:58.6956373Z   if-no-files-found: warn
database-full-load (0)	Preserve raw resource samples, workload validation and cleanup	2026-10-03T23:21:58.6956618Z   compression-level: 6
database-full-load (0)	Preserve raw resource samples, workload validation and cleanup	2026-10-03T23:21:58.6956958Z   overwrite: false
database-full-load (0)	Preserve raw resource samples, workload validation and cleanup	2026-10-03T23:21:58.6957222Z   include-hidden-files: false
database-full-load (0)	Preserve raw resource samples, workload validation and cleanup	2026-10-03T23:21:58.6957459Z env:
database-full-load (0)	Preserve raw resource samples, workload validation and cleanup	2026-10-03T23:21:58.6957642Z   GOENV: off
database-full-load (0)	Preserve raw resource samples, workload validation and cleanup	2026-10-03T23:21:58.6957834Z   GOWORK: off
database-full-load (0)	Preserve raw resource samples, workload validation and cleanup	2026-10-03T23:21:58.6958119Z   GOTOOLCHAIN: local
database-full-load (0)	Preserve raw resource samples, workload validation and cleanup	2026-10-03T23:21:58.6958435Z   GOFLAGS: -mod=readonly
database-full-load (0)	Preserve raw resource samples, workload validation and cleanup	2026-10-03T23:21:58.6958677Z   PYTHONDONTWRITEBYTECODE: 1
database-full-load (0)	Preserve raw resource samples, workload validation and cleanup	2026-10-03T23:21:58.6958950Z ##[endgroup]
database-full-load (0)	Preserve raw resource samples, workload validation and cleanup	2026-10-03T23:21:58.8596921Z (node:14820) [DEP0040] DeprecationWarning: The `punycode` module is deprecated. Please use a userland alternative instead.
database-full-load (0)	Preserve raw resource samples, workload validation and cleanup	2026-10-03T23:21:58.8598031Z (Use `node --trace-deprecation ...` to show where the warning was created)
database-full-load (0)	Preserve raw resource samples, workload validation and cleanup	2026-10-03T23:21:58.8728150Z Multiple search paths detected. Calculating the least common ancestor of all paths
database-full-load (0)	Preserve raw resource samples, workload validation and cleanup	2026-10-03T23:21:58.8730512Z The least common ancestor is /. This will be the root directory of the artifact
database-full-load (0)	Preserve raw resource samples, workload validation and cleanup	2026-10-03T23:21:58.8731559Z With the provided path, there will be 12 files uploaded
database-full-load (0)	Preserve raw resource samples, workload validation and cleanup	2026-10-03T23:21:58.8739056Z Artifact name is valid!
database-full-load (0)	Preserve raw resource samples, workload validation and cleanup	2026-10-03T23:21:58.8739857Z Root directory input is valid!
database-full-load (0)	Preserve raw resource samples, workload validation and cleanup	2026-10-03T23:21:59.2512894Z Beginning upload of artifact content to blob storage
database-full-load (0)	Preserve raw resource samples, workload validation and cleanup	2026-10-03T23:21:59.3911089Z (node:14820) [DEP0169] DeprecationWarning: `url.parse()` behavior is not standardized and prone to errors that have security implications. Use the WHATWG URL API instead. CVEs are not issued for `url.parse()` vulnerabilities.
database-full-load (0)	Preserve raw resource samples, workload validation and cleanup	2026-10-03T23:21:59.9938029Z Uploaded bytes 695300
database-full-load (0)	Preserve raw resource samples, workload validation and cleanup	2026-10-03T23:22:00.0751592Z Finished uploading artifact content to blob storage!
database-full-load (0)	Preserve raw resource samples, workload validation and cleanup	2026-10-03T23:22:00.0753117Z SHA256 digest of uploaded artifact zip is 210c6b97d45acf525f71bf5bd8dc0d383b347f1f17e3a230e8058413536c279d
database-full-load (0)	Preserve raw resource samples, workload validation and cleanup	2026-10-03T23:22:00.0754727Z Finalizing artifact upload
database-full-load (0)	Preserve raw resource samples, workload validation and cleanup	2026-10-03T23:22:00.3663631Z Artifact saturation-evidence-writes-0-03fcec1bbb3806a41eca2aa39b4ff702a4b59331.zip successfully finalized. Artifact ID 11287358525
database-full-load (0)	Preserve raw resource samples, workload validation and cleanup	2026-10-03T23:22:00.3666527Z Artifact saturation-evidence-writes-0-03fcec1bbb3806a41eca2aa39b4ff702a4b59331 has been successfully uploaded! Final size is 695300 bytes. Artifact ID is 11287358525
database-full-load (0)	Preserve raw resource samples, workload validation and cleanup	2026-10-03T23:22:00.3671952Z Artifact download URL: https://github.com/batchstream/weir-tests/actions/runs/37160116196/artifacts/11287358525
database-full-load (0)	Post Run actions/checkout@3d3c42e5aac5ba805825da76410c181273ba90b1	﻿2026-10-03T23:22:00.3871744Z Post job cleanup.
database-full-load (0)	Post Run actions/checkout@3d3c42e5aac5ba805825da76410c181273ba90b1	2026-10-03T23:22:00.4723055Z [command]/usr/bin/git version
database-full-load (0)	Post Run actions/checkout@3d3c42e5aac5ba805825da76410c181273ba90b1	2026-10-03T23:22:00.4775346Z git version 2.55.0
database-full-load (0)	Post Run actions/checkout@3d3c42e5aac5ba805825da76410c181273ba90b1	2026-10-03T23:22:00.4815061Z Temporarily overriding HOME='/home/runner/work/_temp/9c7f8ddc-867b-42b5-8e3c-5f88191f2c30' before making global git config changes
database-full-load (0)	Post Run actions/checkout@3d3c42e5aac5ba805825da76410c181273ba90b1	2026-10-03T23:22:00.4816555Z Adding repository directory to the temporary git global config as a safe directory
database-full-load (0)	Post Run actions/checkout@3d3c42e5aac5ba805825da76410c181273ba90b1	2026-10-03T23:22:00.4821643Z [command]/usr/bin/git config --global --add safe.directory /home/runner/work/weir-tests/weir-tests
database-full-load (0)	Post Run actions/checkout@3d3c42e5aac5ba805825da76410c181273ba90b1	2026-10-03T23:22:00.4854874Z Removing SSH command configuration
database-full-load (0)	Post Run actions/checkout@3d3c42e5aac5ba805825da76410c181273ba90b1	2026-10-03T23:22:00.4862842Z [command]/usr/bin/git config --local --name-only --get-regexp core\.sshCommand
database-full-load (0)	Post Run actions/checkout@3d3c42e5aac5ba805825da76410c181273ba90b1	2026-10-03T23:22:00.4901257Z [command]/usr/bin/git submodule foreach --recursive sh -c "git config --local --name-only --get-regexp 'core\.sshCommand' && git config --local --unset-all 'core.sshCommand' || :"
database-full-load (0)	Post Run actions/checkout@3d3c42e5aac5ba805825da76410c181273ba90b1	2026-10-03T23:22:00.5144557Z Removing HTTP extra header
database-full-load (0)	Post Run actions/checkout@3d3c42e5aac5ba805825da76410c181273ba90b1	2026-10-03T23:22:00.5149775Z [command]/usr/bin/git config --local --name-only --get-regexp http\.https\:\/\/github\.com\/\.extraheader
database-full-load (0)	Post Run actions/checkout@3d3c42e5aac5ba805825da76410c181273ba90b1	2026-10-03T23:22:00.5188244Z [command]/usr/bin/git submodule foreach --recursive sh -c "git config --local --name-only --get-regexp 'http\.https\:\/\/github\.com\/\.extraheader' && git config --local --unset-all 'http.https://github.com/.extraheader' || :"
database-full-load (0)	Post Run actions/checkout@3d3c42e5aac5ba805825da76410c181273ba90b1	2026-10-03T23:22:00.5429865Z Removing includeIf entries pointing to credentials config files
database-full-load (0)	Post Run actions/checkout@3d3c42e5aac5ba805825da76410c181273ba90b1	2026-10-03T23:22:00.5436218Z [command]/usr/bin/git config --local --name-only --get-regexp ^includeIf\.gitdir:
database-full-load (0)	Post Run actions/checkout@3d3c42e5aac5ba805825da76410c181273ba90b1	2026-10-03T23:22:00.5473615Z [command]/usr/bin/git submodule foreach --recursive git config --local --show-origin --name-only --get-regexp remote.origin.url
database-full-load (0)	Complete job	﻿2026-10-03T23:22:00.5860195Z Cleaning up orphan processes
database-full-load (0)	Complete job	2026-10-03T23:22:00.6203599Z ##[warning]Node.js 20 is deprecated. The following actions target Node.js 20 but are being forced to run on Node.js 24: actions/upload-artifact@ea165f8d65b6e75b540449e92b4886f43607fa02. For more information see: https://github.blog/changelog/2025-09-19-deprecation-of-node-20-on-github-actions-runners/
