database-full-load (100)	Set up job	﻿2026-10-04T00:09:59.7797180Z Current runner version: '2.337.0'
database-full-load (100)	Set up job	2026-10-04T00:09:59.7822773Z ##[group]Runner Image Provisioner
database-full-load (100)	Set up job	2026-10-04T00:09:59.7823642Z Hosted Compute Agent
database-full-load (100)	Set up job	2026-10-04T00:09:59.7824341Z Version: 20260901.588
database-full-load (100)	Set up job	2026-10-04T00:09:59.7825012Z Commit: f88ec8081b781fac6c440065ac7ff9e710ce3d0b
database-full-load (100)	Set up job	2026-10-04T00:09:59.7825782Z Build Date: 2026-09-01T19:56:44Z
database-full-load (100)	Set up job	2026-10-04T00:09:59.7826534Z Worker ID: {7400f85f-d17f-46b2-bc15-44e2173fbf87}
database-full-load (100)	Set up job	2026-10-04T00:09:59.7827290Z Azure Region: westcentralus
database-full-load (100)	Set up job	2026-10-04T00:09:59.7827949Z ##[endgroup]
database-full-load (100)	Set up job	2026-10-04T00:09:59.7829882Z ##[group]Operating System
database-full-load (100)	Set up job	2026-10-04T00:09:59.7830625Z Ubuntu
database-full-load (100)	Set up job	2026-10-04T00:09:59.7831177Z 24.04.5
database-full-load (100)	Set up job	2026-10-04T00:09:59.7831695Z LTS
database-full-load (100)	Set up job	2026-10-04T00:09:59.7832298Z ##[endgroup]
database-full-load (100)	Set up job	2026-10-04T00:09:59.7832905Z ##[group]Runner Image
database-full-load (100)	Set up job	2026-10-04T00:09:59.7833489Z Image: ubuntu-24.04
database-full-load (100)	Set up job	2026-10-04T00:09:59.7834135Z Version: 20260927.320.1
database-full-load (100)	Set up job	2026-10-04T00:09:59.7835197Z Included Software: https://github.com/actions/runner-images/blob/ubuntu24/20260927.320/images/ubuntu/Ubuntu2404-Readme.md
database-full-load (100)	Set up job	2026-10-04T00:09:59.7837403Z Image Release: https://github.com/actions/runner-images/releases/tag/ubuntu24%2F20260927.320
database-full-load (100)	Set up job	2026-10-04T00:09:59.7838577Z ##[endgroup]
database-full-load (100)	Set up job	2026-10-04T00:09:59.7839804Z ##[group]GITHUB_TOKEN Permissions
database-full-load (100)	Set up job	2026-10-04T00:09:59.7841955Z Contents: read
database-full-load (100)	Set up job	2026-10-04T00:09:59.7842647Z Metadata: read
database-full-load (100)	Set up job	2026-10-04T00:09:59.7843203Z ##[endgroup]
database-full-load (100)	Set up job	2026-10-04T00:09:59.7845331Z Secret source: Actions
database-full-load (100)	Set up job	2026-10-04T00:09:59.7846299Z Cache mode: write
database-full-load (100)	Set up job	2026-10-04T00:09:59.7847333Z Prepare workflow directory
database-full-load (100)	Set up job	2026-10-04T00:09:59.8314365Z Prepare all required actions
database-full-load (100)	Set up job	2026-10-04T00:09:59.8362157Z Getting action download info
database-full-load (100)	Set up job	2026-10-04T00:10:00.1327527Z Download action repository 'actions/checkout@3d3c42e5aac5ba805825da76410c181273ba90b1' (SHA:3d3c42e5aac5ba805825da76410c181273ba90b1)
database-full-load (100)	Set up job	2026-10-04T00:10:00.2411824Z Download action repository 'actions/setup-go@924ae3a1cded613372ab5595356fb5720e22ba16' (SHA:924ae3a1cded613372ab5595356fb5720e22ba16)
database-full-load (100)	Set up job	2026-10-04T00:10:00.9952403Z Download action repository 'actions/upload-artifact@ea165f8d65b6e75b540449e92b4886f43607fa02' (SHA:ea165f8d65b6e75b540449e92b4886f43607fa02)
database-full-load (100)	Set up job	2026-10-04T00:10:01.2011644Z Complete job name: database-full-load (100)
database-full-load (100)	Run actions/checkout@3d3c42e5aac5ba805825da76410c181273ba90b1	﻿2026-10-04T00:10:01.2791419Z ##[group]Run actions/checkout@3d3c42e5aac5ba805825da76410c181273ba90b1
database-full-load (100)	Run actions/checkout@3d3c42e5aac5ba805825da76410c181273ba90b1	2026-10-04T00:10:01.2792608Z with:
database-full-load (100)	Run actions/checkout@3d3c42e5aac5ba805825da76410c181273ba90b1	2026-10-04T00:10:01.2793156Z   ref: e790aa77629f0e4862159cbe8e3f0497df888314
database-full-load (100)	Run actions/checkout@3d3c42e5aac5ba805825da76410c181273ba90b1	2026-10-04T00:10:01.2793834Z   persist-credentials: false
database-full-load (100)	Run actions/checkout@3d3c42e5aac5ba805825da76410c181273ba90b1	2026-10-04T00:10:01.2794435Z   repository: batchstream/weir-tests
database-full-load (100)	Run actions/checkout@3d3c42e5aac5ba805825da76410c181273ba90b1	2026-10-04T00:10:01.2798866Z   token: ***
database-full-load (100)	Run actions/checkout@3d3c42e5aac5ba805825da76410c181273ba90b1	2026-10-04T00:10:01.2799388Z   ssh-strict: true
database-full-load (100)	Run actions/checkout@3d3c42e5aac5ba805825da76410c181273ba90b1	2026-10-04T00:10:01.2799883Z   ssh-user: git
database-full-load (100)	Run actions/checkout@3d3c42e5aac5ba805825da76410c181273ba90b1	2026-10-04T00:10:01.2800357Z   clean: true
database-full-load (100)	Run actions/checkout@3d3c42e5aac5ba805825da76410c181273ba90b1	2026-10-04T00:10:01.2800863Z   sparse-checkout-cone-mode: true
database-full-load (100)	Run actions/checkout@3d3c42e5aac5ba805825da76410c181273ba90b1	2026-10-04T00:10:01.2801458Z   fetch-depth: 1
database-full-load (100)	Run actions/checkout@3d3c42e5aac5ba805825da76410c181273ba90b1	2026-10-04T00:10:01.2801950Z   fetch-tags: false
database-full-load (100)	Run actions/checkout@3d3c42e5aac5ba805825da76410c181273ba90b1	2026-10-04T00:10:01.2802449Z   show-progress: true
database-full-load (100)	Run actions/checkout@3d3c42e5aac5ba805825da76410c181273ba90b1	2026-10-04T00:10:01.2802969Z   lfs: false
database-full-load (100)	Run actions/checkout@3d3c42e5aac5ba805825da76410c181273ba90b1	2026-10-04T00:10:01.2803430Z   submodules: false
database-full-load (100)	Run actions/checkout@3d3c42e5aac5ba805825da76410c181273ba90b1	2026-10-04T00:10:01.2803926Z   set-safe-directory: true
database-full-load (100)	Run actions/checkout@3d3c42e5aac5ba805825da76410c181273ba90b1	2026-10-04T00:10:01.2804570Z   allow-unsafe-pr-checkout: false
database-full-load (100)	Run actions/checkout@3d3c42e5aac5ba805825da76410c181273ba90b1	2026-10-04T00:10:01.2805426Z env:
database-full-load (100)	Run actions/checkout@3d3c42e5aac5ba805825da76410c181273ba90b1	2026-10-04T00:10:01.2805896Z   GOENV: off
database-full-load (100)	Run actions/checkout@3d3c42e5aac5ba805825da76410c181273ba90b1	2026-10-04T00:10:01.2806362Z   GOWORK: off
database-full-load (100)	Run actions/checkout@3d3c42e5aac5ba805825da76410c181273ba90b1	2026-10-04T00:10:01.2806875Z   GOTOOLCHAIN: local
database-full-load (100)	Run actions/checkout@3d3c42e5aac5ba805825da76410c181273ba90b1	2026-10-04T00:10:01.2807400Z   GOFLAGS: -mod=readonly
database-full-load (100)	Run actions/checkout@3d3c42e5aac5ba805825da76410c181273ba90b1	2026-10-04T00:10:01.2807943Z   PYTHONDONTWRITEBYTECODE: 1
database-full-load (100)	Run actions/checkout@3d3c42e5aac5ba805825da76410c181273ba90b1	2026-10-04T00:10:01.2808661Z ##[endgroup]
database-full-load (100)	Run actions/checkout@3d3c42e5aac5ba805825da76410c181273ba90b1	2026-10-04T00:10:01.3815116Z Syncing repository: batchstream/weir-tests
database-full-load (100)	Run actions/checkout@3d3c42e5aac5ba805825da76410c181273ba90b1	2026-10-04T00:10:01.3817968Z ##[group]Getting Git version info
database-full-load (100)	Run actions/checkout@3d3c42e5aac5ba805825da76410c181273ba90b1	2026-10-04T00:10:01.3819535Z Working directory is '/home/runner/work/weir-tests/weir-tests'
database-full-load (100)	Run actions/checkout@3d3c42e5aac5ba805825da76410c181273ba90b1	2026-10-04T00:10:01.3821389Z [command]/usr/bin/git version
database-full-load (100)	Run actions/checkout@3d3c42e5aac5ba805825da76410c181273ba90b1	2026-10-04T00:10:01.3910364Z git version 2.55.0
database-full-load (100)	Run actions/checkout@3d3c42e5aac5ba805825da76410c181273ba90b1	2026-10-04T00:10:01.3936703Z ##[endgroup]
database-full-load (100)	Run actions/checkout@3d3c42e5aac5ba805825da76410c181273ba90b1	2026-10-04T00:10:01.3950238Z Temporarily overriding HOME='/home/runner/work/_temp/469ca251-b19b-4e44-9d36-69ddf4969d3d' before making global git config changes
database-full-load (100)	Run actions/checkout@3d3c42e5aac5ba805825da76410c181273ba90b1	2026-10-04T00:10:01.3951861Z Adding repository directory to the temporary git global config as a safe directory
database-full-load (100)	Run actions/checkout@3d3c42e5aac5ba805825da76410c181273ba90b1	2026-10-04T00:10:01.3971650Z [command]/usr/bin/git config --global --add safe.directory /home/runner/work/weir-tests/weir-tests
database-full-load (100)	Run actions/checkout@3d3c42e5aac5ba805825da76410c181273ba90b1	2026-10-04T00:10:01.4027637Z Deleting the contents of '/home/runner/work/weir-tests/weir-tests'
database-full-load (100)	Run actions/checkout@3d3c42e5aac5ba805825da76410c181273ba90b1	2026-10-04T00:10:01.4032610Z ##[group]Determining repository object format
database-full-load (100)	Run actions/checkout@3d3c42e5aac5ba805825da76410c181273ba90b1	2026-10-04T00:10:01.4034383Z ##[endgroup]
database-full-load (100)	Run actions/checkout@3d3c42e5aac5ba805825da76410c181273ba90b1	2026-10-04T00:10:01.4035684Z ##[group]Initializing the repository
database-full-load (100)	Run actions/checkout@3d3c42e5aac5ba805825da76410c181273ba90b1	2026-10-04T00:10:01.4039856Z [command]/usr/bin/git init /home/runner/work/weir-tests/weir-tests
database-full-load (100)	Run actions/checkout@3d3c42e5aac5ba805825da76410c181273ba90b1	2026-10-04T00:10:01.4151528Z hint: Using 'master' as the name for the initial branch. This default branch name
database-full-load (100)	Run actions/checkout@3d3c42e5aac5ba805825da76410c181273ba90b1	2026-10-04T00:10:01.4153519Z hint: will change to "main" in Git 3.0. To configure the initial branch name
database-full-load (100)	Run actions/checkout@3d3c42e5aac5ba805825da76410c181273ba90b1	2026-10-04T00:10:01.4155275Z hint: to use in all of your new repositories, which will suppress this warning,
database-full-load (100)	Run actions/checkout@3d3c42e5aac5ba805825da76410c181273ba90b1	2026-10-04T00:10:01.4156593Z hint: call:
database-full-load (100)	Run actions/checkout@3d3c42e5aac5ba805825da76410c181273ba90b1	2026-10-04T00:10:01.4157281Z hint:
database-full-load (100)	Run actions/checkout@3d3c42e5aac5ba805825da76410c181273ba90b1	2026-10-04T00:10:01.4158177Z hint: 	git config --global init.defaultBranch <name>
database-full-load (100)	Run actions/checkout@3d3c42e5aac5ba805825da76410c181273ba90b1	2026-10-04T00:10:01.4159651Z hint:
database-full-load (100)	Run actions/checkout@3d3c42e5aac5ba805825da76410c181273ba90b1	2026-10-04T00:10:01.4160695Z hint: Names commonly chosen instead of 'master' are 'main', 'trunk' and
database-full-load (100)	Run actions/checkout@3d3c42e5aac5ba805825da76410c181273ba90b1	2026-10-04T00:10:01.4162349Z hint: 'development'. The just-created branch can be renamed via this command:
database-full-load (100)	Run actions/checkout@3d3c42e5aac5ba805825da76410c181273ba90b1	2026-10-04T00:10:01.4163773Z hint:
database-full-load (100)	Run actions/checkout@3d3c42e5aac5ba805825da76410c181273ba90b1	2026-10-04T00:10:01.4164588Z hint: 	git branch -m <name>
database-full-load (100)	Run actions/checkout@3d3c42e5aac5ba805825da76410c181273ba90b1	2026-10-04T00:10:01.4165431Z hint:
database-full-load (100)	Run actions/checkout@3d3c42e5aac5ba805825da76410c181273ba90b1	2026-10-04T00:10:01.4166530Z hint: Disable this message with "git config set advice.defaultBranchName false"
database-full-load (100)	Run actions/checkout@3d3c42e5aac5ba805825da76410c181273ba90b1	2026-10-04T00:10:01.4168600Z Initialized empty Git repository in /home/runner/work/weir-tests/weir-tests/.git/
database-full-load (100)	Run actions/checkout@3d3c42e5aac5ba805825da76410c181273ba90b1	2026-10-04T00:10:01.4171875Z [command]/usr/bin/git remote add origin https://github.com/batchstream/weir-tests
database-full-load (100)	Run actions/checkout@3d3c42e5aac5ba805825da76410c181273ba90b1	2026-10-04T00:10:01.4226145Z ##[endgroup]
database-full-load (100)	Run actions/checkout@3d3c42e5aac5ba805825da76410c181273ba90b1	2026-10-04T00:10:01.4227967Z ##[group]Disabling automatic garbage collection
database-full-load (100)	Run actions/checkout@3d3c42e5aac5ba805825da76410c181273ba90b1	2026-10-04T00:10:01.4229641Z [command]/usr/bin/git config --local gc.auto 0
database-full-load (100)	Run actions/checkout@3d3c42e5aac5ba805825da76410c181273ba90b1	2026-10-04T00:10:01.4262169Z ##[endgroup]
database-full-load (100)	Run actions/checkout@3d3c42e5aac5ba805825da76410c181273ba90b1	2026-10-04T00:10:01.4264105Z ##[group]Setting up auth
database-full-load (100)	Run actions/checkout@3d3c42e5aac5ba805825da76410c181273ba90b1	2026-10-04T00:10:01.4265242Z Removing SSH command configuration
database-full-load (100)	Run actions/checkout@3d3c42e5aac5ba805825da76410c181273ba90b1	2026-10-04T00:10:01.4270155Z [command]/usr/bin/git config --local --name-only --get-regexp core\.sshCommand
database-full-load (100)	Run actions/checkout@3d3c42e5aac5ba805825da76410c181273ba90b1	2026-10-04T00:10:01.4305103Z [command]/usr/bin/git submodule foreach --recursive sh -c "git config --local --name-only --get-regexp 'core\.sshCommand' && git config --local --unset-all 'core.sshCommand' || :"
database-full-load (100)	Run actions/checkout@3d3c42e5aac5ba805825da76410c181273ba90b1	2026-10-04T00:10:01.4682565Z Removing HTTP extra header
database-full-load (100)	Run actions/checkout@3d3c42e5aac5ba805825da76410c181273ba90b1	2026-10-04T00:10:01.4691596Z [command]/usr/bin/git config --local --name-only --get-regexp http\.https\:\/\/github\.com\/\.extraheader
database-full-load (100)	Run actions/checkout@3d3c42e5aac5ba805825da76410c181273ba90b1	2026-10-04T00:10:01.4721480Z [command]/usr/bin/git submodule foreach --recursive sh -c "git config --local --name-only --get-regexp 'http\.https\:\/\/github\.com\/\.extraheader' && git config --local --unset-all 'http.https://github.com/.extraheader' || :"
database-full-load (100)	Run actions/checkout@3d3c42e5aac5ba805825da76410c181273ba90b1	2026-10-04T00:10:01.4938813Z Removing includeIf entries pointing to credentials config files
database-full-load (100)	Run actions/checkout@3d3c42e5aac5ba805825da76410c181273ba90b1	2026-10-04T00:10:01.4945052Z [command]/usr/bin/git config --local --name-only --get-regexp ^includeIf\.gitdir:
database-full-load (100)	Run actions/checkout@3d3c42e5aac5ba805825da76410c181273ba90b1	2026-10-04T00:10:01.4980626Z [command]/usr/bin/git submodule foreach --recursive git config --local --show-origin --name-only --get-regexp remote.origin.url
database-full-load (100)	Run actions/checkout@3d3c42e5aac5ba805825da76410c181273ba90b1	2026-10-04T00:10:01.5215432Z [command]/usr/bin/git config --file /home/runner/work/_temp/git-credentials-12a19d81-8ed7-4f32-ad30-c605d99e8b57.config http.https://github.com/.extraheader AUTHORIZATION: basic ***
database-full-load (100)	Run actions/checkout@3d3c42e5aac5ba805825da76410c181273ba90b1	2026-10-04T00:10:01.5257162Z [command]/usr/bin/git config --local includeIf.gitdir:/home/runner/work/weir-tests/weir-tests/.git.path /home/runner/work/_temp/git-credentials-12a19d81-8ed7-4f32-ad30-c605d99e8b57.config
database-full-load (100)	Run actions/checkout@3d3c42e5aac5ba805825da76410c181273ba90b1	2026-10-04T00:10:01.5291357Z [command]/usr/bin/git config --local includeIf.gitdir:/home/runner/work/weir-tests/weir-tests/.git/worktrees/*.path /home/runner/work/_temp/git-credentials-12a19d81-8ed7-4f32-ad30-c605d99e8b57.config
database-full-load (100)	Run actions/checkout@3d3c42e5aac5ba805825da76410c181273ba90b1	2026-10-04T00:10:01.5332018Z [command]/usr/bin/git config --local includeIf.gitdir:/github/workspace/.git.path /github/runner_temp/git-credentials-12a19d81-8ed7-4f32-ad30-c605d99e8b57.config
database-full-load (100)	Run actions/checkout@3d3c42e5aac5ba805825da76410c181273ba90b1	2026-10-04T00:10:01.5366796Z [command]/usr/bin/git config --local includeIf.gitdir:/github/workspace/.git/worktrees/*.path /github/runner_temp/git-credentials-12a19d81-8ed7-4f32-ad30-c605d99e8b57.config
database-full-load (100)	Run actions/checkout@3d3c42e5aac5ba805825da76410c181273ba90b1	2026-10-04T00:10:01.5398271Z ##[endgroup]
database-full-load (100)	Run actions/checkout@3d3c42e5aac5ba805825da76410c181273ba90b1	2026-10-04T00:10:01.5399357Z ##[group]Fetching the repository
database-full-load (100)	Run actions/checkout@3d3c42e5aac5ba805825da76410c181273ba90b1	2026-10-04T00:10:01.5406281Z [command]/usr/bin/git -c protocol.version=2 fetch --no-tags --prune --no-recurse-submodules --depth=1 origin e790aa77629f0e4862159cbe8e3f0497df888314
database-full-load (100)	Run actions/checkout@3d3c42e5aac5ba805825da76410c181273ba90b1	2026-10-04T00:10:02.5414261Z From https://github.com/batchstream/weir-tests
database-full-load (100)	Run actions/checkout@3d3c42e5aac5ba805825da76410c181273ba90b1	2026-10-04T00:10:02.5415344Z  * branch            e790aa77629f0e4862159cbe8e3f0497df888314 -> FETCH_HEAD
database-full-load (100)	Run actions/checkout@3d3c42e5aac5ba805825da76410c181273ba90b1	2026-10-04T00:10:02.5424218Z [command]/usr/bin/git rev-parse --verify --quiet e790aa77629f0e4862159cbe8e3f0497df888314^{object}
database-full-load (100)	Run actions/checkout@3d3c42e5aac5ba805825da76410c181273ba90b1	2026-10-04T00:10:02.5452626Z e790aa77629f0e4862159cbe8e3f0497df888314
database-full-load (100)	Run actions/checkout@3d3c42e5aac5ba805825da76410c181273ba90b1	2026-10-04T00:10:02.5457310Z ##[endgroup]
database-full-load (100)	Run actions/checkout@3d3c42e5aac5ba805825da76410c181273ba90b1	2026-10-04T00:10:02.5458841Z ##[group]Determining the checkout info
database-full-load (100)	Run actions/checkout@3d3c42e5aac5ba805825da76410c181273ba90b1	2026-10-04T00:10:02.5459839Z ##[endgroup]
database-full-load (100)	Run actions/checkout@3d3c42e5aac5ba805825da76410c181273ba90b1	2026-10-04T00:10:02.5462713Z [command]/usr/bin/git sparse-checkout disable
database-full-load (100)	Run actions/checkout@3d3c42e5aac5ba805825da76410c181273ba90b1	2026-10-04T00:10:02.5514786Z [command]/usr/bin/git config --local --unset-all extensions.worktreeConfig
database-full-load (100)	Run actions/checkout@3d3c42e5aac5ba805825da76410c181273ba90b1	2026-10-04T00:10:02.5547581Z ##[group]Checking out the ref
database-full-load (100)	Run actions/checkout@3d3c42e5aac5ba805825da76410c181273ba90b1	2026-10-04T00:10:02.5552278Z [command]/usr/bin/git checkout --progress --force e790aa77629f0e4862159cbe8e3f0497df888314
database-full-load (100)	Run actions/checkout@3d3c42e5aac5ba805825da76410c181273ba90b1	2026-10-04T00:10:02.6693778Z Note: switching to 'e790aa77629f0e4862159cbe8e3f0497df888314'.
database-full-load (100)	Run actions/checkout@3d3c42e5aac5ba805825da76410c181273ba90b1	2026-10-04T00:10:02.6694913Z 
database-full-load (100)	Run actions/checkout@3d3c42e5aac5ba805825da76410c181273ba90b1	2026-10-04T00:10:02.6695572Z You are in 'detached HEAD' state. You can look around, make experimental
database-full-load (100)	Run actions/checkout@3d3c42e5aac5ba805825da76410c181273ba90b1	2026-10-04T00:10:02.6697109Z changes and commit them, and you can discard any commits you make in this
database-full-load (100)	Run actions/checkout@3d3c42e5aac5ba805825da76410c181273ba90b1	2026-10-04T00:10:02.6698936Z state without impacting any branches by switching back to a branch.
database-full-load (100)	Run actions/checkout@3d3c42e5aac5ba805825da76410c181273ba90b1	2026-10-04T00:10:02.6699853Z 
database-full-load (100)	Run actions/checkout@3d3c42e5aac5ba805825da76410c181273ba90b1	2026-10-04T00:10:02.6700483Z If you want to create a new branch to retain commits you create, you may
database-full-load (100)	Run actions/checkout@3d3c42e5aac5ba805825da76410c181273ba90b1	2026-10-04T00:10:02.6701883Z do so (now or later) by using -c with the switch command. Example:
database-full-load (100)	Run actions/checkout@3d3c42e5aac5ba805825da76410c181273ba90b1	2026-10-04T00:10:02.6702691Z 
database-full-load (100)	Run actions/checkout@3d3c42e5aac5ba805825da76410c181273ba90b1	2026-10-04T00:10:02.6703050Z   git switch -c <new-branch-name>
database-full-load (100)	Run actions/checkout@3d3c42e5aac5ba805825da76410c181273ba90b1	2026-10-04T00:10:02.6703670Z 
database-full-load (100)	Run actions/checkout@3d3c42e5aac5ba805825da76410c181273ba90b1	2026-10-04T00:10:02.6704071Z Or undo this operation with:
database-full-load (100)	Run actions/checkout@3d3c42e5aac5ba805825da76410c181273ba90b1	2026-10-04T00:10:02.6704595Z 
database-full-load (100)	Run actions/checkout@3d3c42e5aac5ba805825da76410c181273ba90b1	2026-10-04T00:10:02.6704901Z   git switch -
database-full-load (100)	Run actions/checkout@3d3c42e5aac5ba805825da76410c181273ba90b1	2026-10-04T00:10:02.6705602Z 
database-full-load (100)	Run actions/checkout@3d3c42e5aac5ba805825da76410c181273ba90b1	2026-10-04T00:10:02.6706257Z Turn off this advice by setting config variable advice.detachedHead to false
database-full-load (100)	Run actions/checkout@3d3c42e5aac5ba805825da76410c181273ba90b1	2026-10-04T00:10:02.6707195Z 
database-full-load (100)	Run actions/checkout@3d3c42e5aac5ba805825da76410c181273ba90b1	2026-10-04T00:10:02.6708185Z HEAD is now at e790aa7 📌 chore: pin Weir with explicit backend request deadlines
database-full-load (100)	Run actions/checkout@3d3c42e5aac5ba805825da76410c181273ba90b1	2026-10-04T00:10:02.6723793Z ##[endgroup]
database-full-load (100)	Run actions/checkout@3d3c42e5aac5ba805825da76410c181273ba90b1	2026-10-04T00:10:02.6775865Z [command]/usr/bin/git log -1 --format=%H
database-full-load (100)	Run actions/checkout@3d3c42e5aac5ba805825da76410c181273ba90b1	2026-10-04T00:10:02.6803087Z e790aa77629f0e4862159cbe8e3f0497df888314
database-full-load (100)	Run actions/checkout@3d3c42e5aac5ba805825da76410c181273ba90b1	2026-10-04T00:10:02.6813487Z ##[group]Removing auth
database-full-load (100)	Run actions/checkout@3d3c42e5aac5ba805825da76410c181273ba90b1	2026-10-04T00:10:02.6814213Z Removing SSH command configuration
database-full-load (100)	Run actions/checkout@3d3c42e5aac5ba805825da76410c181273ba90b1	2026-10-04T00:10:02.6817344Z [command]/usr/bin/git config --local --name-only --get-regexp core\.sshCommand
database-full-load (100)	Run actions/checkout@3d3c42e5aac5ba805825da76410c181273ba90b1	2026-10-04T00:10:02.6852106Z [command]/usr/bin/git submodule foreach --recursive sh -c "git config --local --name-only --get-regexp 'core\.sshCommand' && git config --local --unset-all 'core.sshCommand' || :"
database-full-load (100)	Run actions/checkout@3d3c42e5aac5ba805825da76410c181273ba90b1	2026-10-04T00:10:02.7087958Z Removing HTTP extra header
database-full-load (100)	Run actions/checkout@3d3c42e5aac5ba805825da76410c181273ba90b1	2026-10-04T00:10:02.7101885Z [command]/usr/bin/git config --local --name-only --get-regexp http\.https\:\/\/github\.com\/\.extraheader
database-full-load (100)	Run actions/checkout@3d3c42e5aac5ba805825da76410c181273ba90b1	2026-10-04T00:10:02.7145919Z [command]/usr/bin/git submodule foreach --recursive sh -c "git config --local --name-only --get-regexp 'http\.https\:\/\/github\.com\/\.extraheader' && git config --local --unset-all 'http.https://github.com/.extraheader' || :"
database-full-load (100)	Run actions/checkout@3d3c42e5aac5ba805825da76410c181273ba90b1	2026-10-04T00:10:02.7398812Z Removing includeIf entries pointing to credentials config files
database-full-load (100)	Run actions/checkout@3d3c42e5aac5ba805825da76410c181273ba90b1	2026-10-04T00:10:02.7401304Z [command]/usr/bin/git config --local --name-only --get-regexp ^includeIf\.gitdir:
database-full-load (100)	Run actions/checkout@3d3c42e5aac5ba805825da76410c181273ba90b1	2026-10-04T00:10:02.7433742Z includeif.gitdir:/home/runner/work/weir-tests/weir-tests/.git.path
database-full-load (100)	Run actions/checkout@3d3c42e5aac5ba805825da76410c181273ba90b1	2026-10-04T00:10:02.7436548Z includeif.gitdir:/home/runner/work/weir-tests/weir-tests/.git/worktrees/*.path
database-full-load (100)	Run actions/checkout@3d3c42e5aac5ba805825da76410c181273ba90b1	2026-10-04T00:10:02.7439542Z includeif.gitdir:/github/workspace/.git.path
database-full-load (100)	Run actions/checkout@3d3c42e5aac5ba805825da76410c181273ba90b1	2026-10-04T00:10:02.7441478Z includeif.gitdir:/github/workspace/.git/worktrees/*.path
database-full-load (100)	Run actions/checkout@3d3c42e5aac5ba805825da76410c181273ba90b1	2026-10-04T00:10:02.7446940Z [command]/usr/bin/git config --local --get-all includeif.gitdir:/home/runner/work/weir-tests/weir-tests/.git.path
database-full-load (100)	Run actions/checkout@3d3c42e5aac5ba805825da76410c181273ba90b1	2026-10-04T00:10:02.7475278Z /home/runner/work/_temp/git-credentials-12a19d81-8ed7-4f32-ad30-c605d99e8b57.config
database-full-load (100)	Run actions/checkout@3d3c42e5aac5ba805825da76410c181273ba90b1	2026-10-04T00:10:02.7486621Z [command]/usr/bin/git config --local --unset includeif.gitdir:/home/runner/work/weir-tests/weir-tests/.git.path \/home\/runner\/work\/_temp\/git\-credentials\-12a19d81\-8ed7\-4f32\-ad30\-c605d99e8b57\.config
database-full-load (100)	Run actions/checkout@3d3c42e5aac5ba805825da76410c181273ba90b1	2026-10-04T00:10:02.7523950Z [command]/usr/bin/git config --local --get-all includeif.gitdir:/home/runner/work/weir-tests/weir-tests/.git/worktrees/*.path
database-full-load (100)	Run actions/checkout@3d3c42e5aac5ba805825da76410c181273ba90b1	2026-10-04T00:10:02.7551401Z /home/runner/work/_temp/git-credentials-12a19d81-8ed7-4f32-ad30-c605d99e8b57.config
database-full-load (100)	Run actions/checkout@3d3c42e5aac5ba805825da76410c181273ba90b1	2026-10-04T00:10:02.7561935Z [command]/usr/bin/git config --local --unset includeif.gitdir:/home/runner/work/weir-tests/weir-tests/.git/worktrees/*.path \/home\/runner\/work\/_temp\/git\-credentials\-12a19d81\-8ed7\-4f32\-ad30\-c605d99e8b57\.config
database-full-load (100)	Run actions/checkout@3d3c42e5aac5ba805825da76410c181273ba90b1	2026-10-04T00:10:02.7600679Z [command]/usr/bin/git config --local --get-all includeif.gitdir:/github/workspace/.git.path
database-full-load (100)	Run actions/checkout@3d3c42e5aac5ba805825da76410c181273ba90b1	2026-10-04T00:10:02.7627032Z /github/runner_temp/git-credentials-12a19d81-8ed7-4f32-ad30-c605d99e8b57.config
database-full-load (100)	Run actions/checkout@3d3c42e5aac5ba805825da76410c181273ba90b1	2026-10-04T00:10:02.7636292Z [command]/usr/bin/git config --local --unset includeif.gitdir:/github/workspace/.git.path \/github\/runner_temp\/git\-credentials\-12a19d81\-8ed7\-4f32\-ad30\-c605d99e8b57\.config
database-full-load (100)	Run actions/checkout@3d3c42e5aac5ba805825da76410c181273ba90b1	2026-10-04T00:10:02.7727491Z [command]/usr/bin/git config --local --get-all includeif.gitdir:/github/workspace/.git/worktrees/*.path
database-full-load (100)	Run actions/checkout@3d3c42e5aac5ba805825da76410c181273ba90b1	2026-10-04T00:10:02.7795178Z /github/runner_temp/git-credentials-12a19d81-8ed7-4f32-ad30-c605d99e8b57.config
database-full-load (100)	Run actions/checkout@3d3c42e5aac5ba805825da76410c181273ba90b1	2026-10-04T00:10:02.7807028Z [command]/usr/bin/git config --local --unset includeif.gitdir:/github/workspace/.git/worktrees/*.path \/github\/runner_temp\/git\-credentials\-12a19d81\-8ed7\-4f32\-ad30\-c605d99e8b57\.config
database-full-load (100)	Run actions/checkout@3d3c42e5aac5ba805825da76410c181273ba90b1	2026-10-04T00:10:02.7928880Z [command]/usr/bin/git submodule foreach --recursive git config --local --show-origin --name-only --get-regexp remote.origin.url
database-full-load (100)	Run actions/checkout@3d3c42e5aac5ba805825da76410c181273ba90b1	2026-10-04T00:10:02.8170075Z Removing credentials config '/home/runner/work/_temp/git-credentials-12a19d81-8ed7-4f32-ad30-c605d99e8b57.config'
database-full-load (100)	Run actions/checkout@3d3c42e5aac5ba805825da76410c181273ba90b1	2026-10-04T00:10:02.8179684Z ##[endgroup]
database-full-load (100)	Run actions/setup-go@924ae3a1cded613372ab5595356fb5720e22ba16	﻿2026-10-04T00:10:02.8585351Z ##[group]Run actions/setup-go@924ae3a1cded613372ab5595356fb5720e22ba16
database-full-load (100)	Run actions/setup-go@924ae3a1cded613372ab5595356fb5720e22ba16	2026-10-04T00:10:02.8587033Z with:
database-full-load (100)	Run actions/setup-go@924ae3a1cded613372ab5595356fb5720e22ba16	2026-10-04T00:10:02.8587928Z   go-version-file: go.mod
database-full-load (100)	Run actions/setup-go@924ae3a1cded613372ab5595356fb5720e22ba16	2026-10-04T00:10:02.8589255Z   check-latest: false
database-full-load (100)	Run actions/setup-go@924ae3a1cded613372ab5595356fb5720e22ba16	2026-10-04T00:10:02.8599470Z   token: ***
database-full-load (100)	Run actions/setup-go@924ae3a1cded613372ab5595356fb5720e22ba16	2026-10-04T00:10:02.8600375Z   cache: true
database-full-load (100)	Run actions/setup-go@924ae3a1cded613372ab5595356fb5720e22ba16	2026-10-04T00:10:02.8601235Z env:
database-full-load (100)	Run actions/setup-go@924ae3a1cded613372ab5595356fb5720e22ba16	2026-10-04T00:10:02.8602049Z   GOENV: off
database-full-load (100)	Run actions/setup-go@924ae3a1cded613372ab5595356fb5720e22ba16	2026-10-04T00:10:02.8602907Z   GOWORK: off
database-full-load (100)	Run actions/setup-go@924ae3a1cded613372ab5595356fb5720e22ba16	2026-10-04T00:10:02.8603802Z   GOTOOLCHAIN: local
database-full-load (100)	Run actions/setup-go@924ae3a1cded613372ab5595356fb5720e22ba16	2026-10-04T00:10:02.8604783Z   GOFLAGS: -mod=readonly
database-full-load (100)	Run actions/setup-go@924ae3a1cded613372ab5595356fb5720e22ba16	2026-10-04T00:10:02.8605848Z   PYTHONDONTWRITEBYTECODE: 1
database-full-load (100)	Run actions/setup-go@924ae3a1cded613372ab5595356fb5720e22ba16	2026-10-04T00:10:02.8606922Z ##[endgroup]
database-full-load (100)	Run actions/setup-go@924ae3a1cded613372ab5595356fb5720e22ba16	2026-10-04T00:10:02.9879187Z Setup go version spec 1.27.1
database-full-load (100)	Run actions/setup-go@924ae3a1cded613372ab5595356fb5720e22ba16	2026-10-04T00:10:02.9892780Z Attempting to download 1.27.1...
database-full-load (100)	Run actions/setup-go@924ae3a1cded613372ab5595356fb5720e22ba16	2026-10-04T00:10:03.8192632Z matching 1.27.1...
database-full-load (100)	Run actions/setup-go@924ae3a1cded613372ab5595356fb5720e22ba16	2026-10-04T00:10:03.8259217Z Acquiring 1.27.1 from https://github.com/actions/go-versions/releases/download/1.27.1-33583469715/go-1.27.1-linux-x64.tar.gz
database-full-load (100)	Run actions/setup-go@924ae3a1cded613372ab5595356fb5720e22ba16	2026-10-04T00:10:05.6671105Z Extracting Go...
database-full-load (100)	Run actions/setup-go@924ae3a1cded613372ab5595356fb5720e22ba16	2026-10-04T00:10:05.6783621Z [command]/usr/bin/tar xz --warning=no-unknown-keyword --overwrite -C /home/runner/work/_temp/51c3a3e7-341c-4236-acab-cfbb11d693a5 -f /home/runner/work/_temp/1440a255-a3ff-4684-821d-e93b7f152569
database-full-load (100)	Run actions/setup-go@924ae3a1cded613372ab5595356fb5720e22ba16	2026-10-04T00:10:07.3929893Z Successfully extracted go to /home/runner/work/_temp/51c3a3e7-341c-4236-acab-cfbb11d693a5
database-full-load (100)	Run actions/setup-go@924ae3a1cded613372ab5595356fb5720e22ba16	2026-10-04T00:10:07.3930980Z Adding to the cache ...
database-full-load (100)	Run actions/setup-go@924ae3a1cded613372ab5595356fb5720e22ba16	2026-10-04T00:10:14.2669920Z Successfully cached go to /opt/hostedtoolcache/go/1.27.1/x64
database-full-load (100)	Run actions/setup-go@924ae3a1cded613372ab5595356fb5720e22ba16	2026-10-04T00:10:14.2674482Z Added go to the path
database-full-load (100)	Run actions/setup-go@924ae3a1cded613372ab5595356fb5720e22ba16	2026-10-04T00:10:14.2676650Z Successfully set up Go version 1.27.1
database-full-load (100)	Run actions/setup-go@924ae3a1cded613372ab5595356fb5720e22ba16	2026-10-04T00:10:14.2905306Z [command]/opt/hostedtoolcache/go/1.27.1/x64/bin/go env GOMODCACHE
database-full-load (100)	Run actions/setup-go@924ae3a1cded613372ab5595356fb5720e22ba16	2026-10-04T00:10:14.2943537Z [command]/opt/hostedtoolcache/go/1.27.1/x64/bin/go env GOCACHE
database-full-load (100)	Run actions/setup-go@924ae3a1cded613372ab5595356fb5720e22ba16	2026-10-04T00:10:14.2981017Z /home/runner/go/pkg/mod
database-full-load (100)	Run actions/setup-go@924ae3a1cded613372ab5595356fb5720e22ba16	2026-10-04T00:10:14.3000099Z /home/runner/.cache/go-build
database-full-load (100)	Run actions/setup-go@924ae3a1cded613372ab5595356fb5720e22ba16	2026-10-04T00:10:14.4692395Z Cache hit for: setup-go-Linux-x64-ubuntu24-go-1.27.1-f3893fbf0ff2b6e2efba8903234513786674983d753d1815a9a1fcf84a06448a
database-full-load (100)	Run actions/setup-go@924ae3a1cded613372ab5595356fb5720e22ba16	2026-10-04T00:10:15.6555813Z Received 50331648 of 252007507 (20.0%), 48.0 MBs/sec
database-full-load (100)	Run actions/setup-go@924ae3a1cded613372ab5595356fb5720e22ba16	2026-10-04T00:10:16.6563434Z Received 243618899 of 252007507 (96.7%), 116.1 MBs/sec
database-full-load (100)	Run actions/setup-go@924ae3a1cded613372ab5595356fb5720e22ba16	2026-10-04T00:10:16.7073984Z Received 252007507 of 252007507 (100.0%), 117.1 MBs/sec
database-full-load (100)	Run actions/setup-go@924ae3a1cded613372ab5595356fb5720e22ba16	2026-10-04T00:10:16.7075034Z Cache Size: ~240 MB (252007507 B)
database-full-load (100)	Run actions/setup-go@924ae3a1cded613372ab5595356fb5720e22ba16	2026-10-04T00:10:16.7115334Z [command]/usr/bin/tar -xf /home/runner/work/_temp/d5238d71-02b0-4182-8192-78649e44a376/cache.tzst -P -C /home/runner/work/weir-tests/weir-tests --use-compress-program unzstd
database-full-load (100)	Run actions/setup-go@924ae3a1cded613372ab5595356fb5720e22ba16	2026-10-04T00:10:18.5738320Z Cache restored successfully
database-full-load (100)	Run actions/setup-go@924ae3a1cded613372ab5595356fb5720e22ba16	2026-10-04T00:10:18.5852356Z Cache restored from key: setup-go-Linux-x64-ubuntu24-go-1.27.1-f3893fbf0ff2b6e2efba8903234513786674983d753d1815a9a1fcf84a06448a
database-full-load (100)	Run actions/setup-go@924ae3a1cded613372ab5595356fb5720e22ba16	2026-10-04T00:10:18.5874977Z go version go1.27.1 linux/amd64
database-full-load (100)	Run actions/setup-go@924ae3a1cded613372ab5595356fb5720e22ba16	2026-10-04T00:10:18.5875247Z 
database-full-load (100)	Run actions/setup-go@924ae3a1cded613372ab5595356fb5720e22ba16	2026-10-04T00:10:18.5875600Z ##[group]go env
database-full-load (100)	Run actions/setup-go@924ae3a1cded613372ab5595356fb5720e22ba16	2026-10-04T00:10:18.6013979Z AR='ar'
database-full-load (100)	Run actions/setup-go@924ae3a1cded613372ab5595356fb5720e22ba16	2026-10-04T00:10:18.6014395Z CC='gcc'
database-full-load (100)	Run actions/setup-go@924ae3a1cded613372ab5595356fb5720e22ba16	2026-10-04T00:10:18.6014763Z CGO_CFLAGS='-O2 -g'
database-full-load (100)	Run actions/setup-go@924ae3a1cded613372ab5595356fb5720e22ba16	2026-10-04T00:10:18.6015168Z CGO_CPPFLAGS=''
database-full-load (100)	Run actions/setup-go@924ae3a1cded613372ab5595356fb5720e22ba16	2026-10-04T00:10:18.6015542Z CGO_CXXFLAGS='-O2 -g'
database-full-load (100)	Run actions/setup-go@924ae3a1cded613372ab5595356fb5720e22ba16	2026-10-04T00:10:18.6015806Z CGO_ENABLED='1'
database-full-load (100)	Run actions/setup-go@924ae3a1cded613372ab5595356fb5720e22ba16	2026-10-04T00:10:18.6016063Z CGO_FFLAGS='-O2 -g'
database-full-load (100)	Run actions/setup-go@924ae3a1cded613372ab5595356fb5720e22ba16	2026-10-04T00:10:18.6016320Z CGO_LDFLAGS='-O2 -g'
database-full-load (100)	Run actions/setup-go@924ae3a1cded613372ab5595356fb5720e22ba16	2026-10-04T00:10:18.6016574Z CXX='g++'
database-full-load (100)	Run actions/setup-go@924ae3a1cded613372ab5595356fb5720e22ba16	2026-10-04T00:10:18.6016841Z GCCGO='gccgo'
database-full-load (100)	Run actions/setup-go@924ae3a1cded613372ab5595356fb5720e22ba16	2026-10-04T00:10:18.6017071Z GO111MODULE=''
database-full-load (100)	Run actions/setup-go@924ae3a1cded613372ab5595356fb5720e22ba16	2026-10-04T00:10:18.6017297Z GOAMD64='v1'
database-full-load (100)	Run actions/setup-go@924ae3a1cded613372ab5595356fb5720e22ba16	2026-10-04T00:10:18.6017528Z GOARCH='amd64'
database-full-load (100)	Run actions/setup-go@924ae3a1cded613372ab5595356fb5720e22ba16	2026-10-04T00:10:18.6017771Z GOAUTH='netrc'
database-full-load (100)	Run actions/setup-go@924ae3a1cded613372ab5595356fb5720e22ba16	2026-10-04T00:10:18.6018033Z GOBIN='/home/runner/go/bin'
database-full-load (100)	Run actions/setup-go@924ae3a1cded613372ab5595356fb5720e22ba16	2026-10-04T00:10:18.6018629Z GOCACHE='/home/runner/.cache/go-build'
database-full-load (100)	Run actions/setup-go@924ae3a1cded613372ab5595356fb5720e22ba16	2026-10-04T00:10:18.6018982Z GOCACHEPROG=''
database-full-load (100)	Run actions/setup-go@924ae3a1cded613372ab5595356fb5720e22ba16	2026-10-04T00:10:18.6019224Z GODEBUG=''
database-full-load (100)	Run actions/setup-go@924ae3a1cded613372ab5595356fb5720e22ba16	2026-10-04T00:10:18.6019453Z GOENV=''
database-full-load (100)	Run actions/setup-go@924ae3a1cded613372ab5595356fb5720e22ba16	2026-10-04T00:10:18.6019910Z GOEXE=''
database-full-load (100)	Run actions/setup-go@924ae3a1cded613372ab5595356fb5720e22ba16	2026-10-04T00:10:18.6020166Z GOEXPERIMENT=''
database-full-load (100)	Run actions/setup-go@924ae3a1cded613372ab5595356fb5720e22ba16	2026-10-04T00:10:18.6020417Z GOFIPS140='off'
database-full-load (100)	Run actions/setup-go@924ae3a1cded613372ab5595356fb5720e22ba16	2026-10-04T00:10:18.6020677Z GOFLAGS='-mod=readonly'
database-full-load (100)	Run actions/setup-go@924ae3a1cded613372ab5595356fb5720e22ba16	2026-10-04T00:10:18.6021629Z GOGCCFLAGS='-fPIC -m64 -pthread -Wl,--no-gc-sections -fmessage-length=0 -ffile-prefix-map=/tmp/go-build131160188=/tmp/go-build -gno-record-gcc-switches'
database-full-load (100)	Run actions/setup-go@924ae3a1cded613372ab5595356fb5720e22ba16	2026-10-04T00:10:18.6022812Z GOHOSTARCH='amd64'
database-full-load (100)	Run actions/setup-go@924ae3a1cded613372ab5595356fb5720e22ba16	2026-10-04T00:10:18.6023066Z GOHOSTOS='linux'
database-full-load (100)	Run actions/setup-go@924ae3a1cded613372ab5595356fb5720e22ba16	2026-10-04T00:10:18.6023315Z GOINSECURE=''
database-full-load (100)	Run actions/setup-go@924ae3a1cded613372ab5595356fb5720e22ba16	2026-10-04T00:10:18.6023655Z GOMOD='/home/runner/work/weir-tests/weir-tests/go.mod'
database-full-load (100)	Run actions/setup-go@924ae3a1cded613372ab5595356fb5720e22ba16	2026-10-04T00:10:18.6024068Z GOMODCACHE='/home/runner/go/pkg/mod'
database-full-load (100)	Run actions/setup-go@924ae3a1cded613372ab5595356fb5720e22ba16	2026-10-04T00:10:18.6024391Z GONOPROXY=''
database-full-load (100)	Run actions/setup-go@924ae3a1cded613372ab5595356fb5720e22ba16	2026-10-04T00:10:18.6024626Z GONOSUMDB=''
database-full-load (100)	Run actions/setup-go@924ae3a1cded613372ab5595356fb5720e22ba16	2026-10-04T00:10:18.6024865Z GOOS='linux'
database-full-load (100)	Run actions/setup-go@924ae3a1cded613372ab5595356fb5720e22ba16	2026-10-04T00:10:18.6025109Z GOPACKAGESDRIVER=''
database-full-load (100)	Run actions/setup-go@924ae3a1cded613372ab5595356fb5720e22ba16	2026-10-04T00:10:18.6025386Z GOPATH='/home/runner/go'
database-full-load (100)	Run actions/setup-go@924ae3a1cded613372ab5595356fb5720e22ba16	2026-10-04T00:10:18.6025672Z GOPRIVATE=''
database-full-load (100)	Run actions/setup-go@924ae3a1cded613372ab5595356fb5720e22ba16	2026-10-04T00:10:18.6026106Z GOPROXY='https://proxy.golang.org,direct'
database-full-load (100)	Run actions/setup-go@924ae3a1cded613372ab5595356fb5720e22ba16	2026-10-04T00:10:18.6026501Z GOROOT='/opt/hostedtoolcache/go/1.27.1/x64'
database-full-load (100)	Run actions/setup-go@924ae3a1cded613372ab5595356fb5720e22ba16	2026-10-04T00:10:18.6026865Z GOSUMDB='sum.golang.org'
database-full-load (100)	Run actions/setup-go@924ae3a1cded613372ab5595356fb5720e22ba16	2026-10-04T00:10:18.6027147Z GOTELEMETRY='local'
database-full-load (100)	Run actions/setup-go@924ae3a1cded613372ab5595356fb5720e22ba16	2026-10-04T00:10:18.6027473Z GOTELEMETRYDIR='/home/runner/.config/go/telemetry'
database-full-load (100)	Run actions/setup-go@924ae3a1cded613372ab5595356fb5720e22ba16	2026-10-04T00:10:18.6027846Z GOTMPDIR=''
database-full-load (100)	Run actions/setup-go@924ae3a1cded613372ab5595356fb5720e22ba16	2026-10-04T00:10:18.6028085Z GOTOOLCHAIN='local'
database-full-load (100)	Run actions/setup-go@924ae3a1cded613372ab5595356fb5720e22ba16	2026-10-04T00:10:18.6028729Z GOTOOLDIR='/opt/hostedtoolcache/go/1.27.1/x64/pkg/tool/linux_amd64'
database-full-load (100)	Run actions/setup-go@924ae3a1cded613372ab5595356fb5720e22ba16	2026-10-04T00:10:18.6029104Z GOVCS=''
database-full-load (100)	Run actions/setup-go@924ae3a1cded613372ab5595356fb5720e22ba16	2026-10-04T00:10:18.6029297Z GOVERSION='go1.27.1'
database-full-load (100)	Run actions/setup-go@924ae3a1cded613372ab5595356fb5720e22ba16	2026-10-04T00:10:18.6029548Z GOWORK='off'
database-full-load (100)	Run actions/setup-go@924ae3a1cded613372ab5595356fb5720e22ba16	2026-10-04T00:10:18.6029763Z PKG_CONFIG='pkg-config'
database-full-load (100)	Run actions/setup-go@924ae3a1cded613372ab5595356fb5720e22ba16	2026-10-04T00:10:18.6029918Z 
database-full-load (100)	Run actions/setup-go@924ae3a1cded613372ab5595356fb5720e22ba16	2026-10-04T00:10:18.6030189Z ##[endgroup]
database-full-load (100)	Prepare immutable tools and owned database images	﻿2026-10-04T00:10:18.6245497Z ##[group]Run python3 scripts/download_modules.py
database-full-load (100)	Prepare immutable tools and owned database images	2026-10-04T00:10:18.6245970Z [36;1mpython3 scripts/download_modules.py[0m
database-full-load (100)	Prepare immutable tools and owned database images	2026-10-04T00:10:18.6246316Z [36;1mpython3 scripts/prepare_weir.py[0m
database-full-load (100)	Prepare immutable tools and owned database images	2026-10-04T00:10:18.6246626Z [36;1mpython3 scripts/prepare_images.py[0m
database-full-load (100)	Prepare immutable tools and owned database images	2026-10-04T00:10:18.6525926Z shell: /usr/bin/bash --noprofile --norc -e -o pipefail {0}
database-full-load (100)	Prepare immutable tools and owned database images	2026-10-04T00:10:18.6526618Z env:
database-full-load (100)	Prepare immutable tools and owned database images	2026-10-04T00:10:18.6526860Z   GOENV: off
database-full-load (100)	Prepare immutable tools and owned database images	2026-10-04T00:10:18.6527117Z   GOWORK: off
database-full-load (100)	Prepare immutable tools and owned database images	2026-10-04T00:10:18.6527375Z   GOTOOLCHAIN: local
database-full-load (100)	Prepare immutable tools and owned database images	2026-10-04T00:10:18.6527670Z   GOFLAGS: -mod=readonly
database-full-load (100)	Prepare immutable tools and owned database images	2026-10-04T00:10:18.6527989Z   PYTHONDONTWRITEBYTECODE: 1
database-full-load (100)	Prepare immutable tools and owned database images	2026-10-04T00:10:18.6528587Z ##[endgroup]
database-full-load (100)	Prepare immutable tools and owned database images	2026-10-04T00:10:21.9553540Z all modules verified
database-full-load (100)	Prepare immutable tools and owned database images	2026-10-04T00:10:45.9293331Z /home/runner/work/weir-tests/weir-tests/.tools/weir
database-full-load (100)	Prepare immutable tools and owned database images	2026-10-04T00:10:46.5716979Z docker.io/library/mongo@sha256:d0d926f94df099bff534b7ee5b5986458131a22489dfff8664509af0c1e2ca9c: Pulling from library/mongo
database-full-load (100)	Prepare immutable tools and owned database images	2026-10-04T00:10:46.7574898Z a60ef8ec184e: Pulling fs layer
database-full-load (100)	Prepare immutable tools and owned database images	2026-10-04T00:10:46.7575763Z c4a88db82a6d: Pulling fs layer
database-full-load (100)	Prepare immutable tools and owned database images	2026-10-04T00:10:46.7576095Z f97373a3dd33: Pulling fs layer
database-full-load (100)	Prepare immutable tools and owned database images	2026-10-04T00:10:46.7576364Z 59898ec81c6b: Pulling fs layer
database-full-load (100)	Prepare immutable tools and owned database images	2026-10-04T00:10:46.7576664Z 2252b895f5de: Pulling fs layer
database-full-load (100)	Prepare immutable tools and owned database images	2026-10-04T00:10:46.7577022Z 08f85ec03d22: Pulling fs layer
database-full-load (100)	Prepare immutable tools and owned database images	2026-10-04T00:10:46.7577276Z cfbbec1d5328: Pulling fs layer
database-full-load (100)	Prepare immutable tools and owned database images	2026-10-04T00:10:46.7577552Z eedb5e3e5b38: Pulling fs layer
database-full-load (100)	Prepare immutable tools and owned database images	2026-10-04T00:10:46.7577827Z 59898ec81c6b: Waiting
database-full-load (100)	Prepare immutable tools and owned database images	2026-10-04T00:10:46.7578169Z 2252b895f5de: Waiting
database-full-load (100)	Prepare immutable tools and owned database images	2026-10-04T00:10:46.7578539Z 08f85ec03d22: Waiting
database-full-load (100)	Prepare immutable tools and owned database images	2026-10-04T00:10:46.7578861Z cfbbec1d5328: Waiting
database-full-load (100)	Prepare immutable tools and owned database images	2026-10-04T00:10:46.7579244Z eedb5e3e5b38: Waiting
database-full-load (100)	Prepare immutable tools and owned database images	2026-10-04T00:10:46.9533318Z c4a88db82a6d: Verifying Checksum
database-full-load (100)	Prepare immutable tools and owned database images	2026-10-04T00:10:46.9533957Z c4a88db82a6d: Download complete
database-full-load (100)	Prepare immutable tools and owned database images	2026-10-04T00:10:47.1306453Z f97373a3dd33: Verifying Checksum
database-full-load (100)	Prepare immutable tools and owned database images	2026-10-04T00:10:47.1307097Z f97373a3dd33: Download complete
database-full-load (100)	Prepare immutable tools and owned database images	2026-10-04T00:10:47.2277794Z a60ef8ec184e: Verifying Checksum
database-full-load (100)	Prepare immutable tools and owned database images	2026-10-04T00:10:47.2279330Z a60ef8ec184e: Download complete
database-full-load (100)	Prepare immutable tools and owned database images	2026-10-04T00:10:47.2530352Z 59898ec81c6b: Verifying Checksum
database-full-load (100)	Prepare immutable tools and owned database images	2026-10-04T00:10:47.2531191Z 59898ec81c6b: Download complete
database-full-load (100)	Prepare immutable tools and owned database images	2026-10-04T00:10:47.3303404Z 2252b895f5de: Verifying Checksum
database-full-load (100)	Prepare immutable tools and owned database images	2026-10-04T00:10:47.3303987Z 2252b895f5de: Download complete
database-full-load (100)	Prepare immutable tools and owned database images	2026-10-04T00:10:47.4050157Z 08f85ec03d22: Verifying Checksum
database-full-load (100)	Prepare immutable tools and owned database images	2026-10-04T00:10:47.4050794Z 08f85ec03d22: Download complete
database-full-load (100)	Prepare immutable tools and owned database images	2026-10-04T00:10:47.5209539Z eedb5e3e5b38: Verifying Checksum
database-full-load (100)	Prepare immutable tools and owned database images	2026-10-04T00:10:47.5210483Z eedb5e3e5b38: Download complete
database-full-load (100)	Prepare immutable tools and owned database images	2026-10-04T00:10:48.3978286Z a60ef8ec184e: Pull complete
database-full-load (100)	Prepare immutable tools and owned database images	2026-10-04T00:10:48.5443128Z cfbbec1d5328: Verifying Checksum
database-full-load (100)	Prepare immutable tools and owned database images	2026-10-04T00:10:48.5443629Z cfbbec1d5328: Download complete
database-full-load (100)	Prepare immutable tools and owned database images	2026-10-04T00:10:49.8493947Z c4a88db82a6d: Pull complete
database-full-load (100)	Prepare immutable tools and owned database images	2026-10-04T00:10:50.0055488Z f97373a3dd33: Pull complete
database-full-load (100)	Prepare immutable tools and owned database images	2026-10-04T00:10:50.0473686Z 59898ec81c6b: Pull complete
database-full-load (100)	Prepare immutable tools and owned database images	2026-10-04T00:10:50.0571564Z 2252b895f5de: Pull complete
database-full-load (100)	Prepare immutable tools and owned database images	2026-10-04T00:10:50.0699487Z 08f85ec03d22: Pull complete
database-full-load (100)	Prepare immutable tools and owned database images	2026-10-04T00:10:55.4950560Z cfbbec1d5328: Pull complete
database-full-load (100)	Prepare immutable tools and owned database images	2026-10-04T00:10:55.5437310Z eedb5e3e5b38: Pull complete
database-full-load (100)	Prepare immutable tools and owned database images	2026-10-04T00:10:55.5470354Z Digest: sha256:d0d926f94df099bff534b7ee5b5986458131a22489dfff8664509af0c1e2ca9c
database-full-load (100)	Prepare immutable tools and owned database images	2026-10-04T00:10:55.5489334Z Status: Downloaded newer image for mongo@sha256:d0d926f94df099bff534b7ee5b5986458131a22489dfff8664509af0c1e2ca9c
database-full-load (100)	Prepare immutable tools and owned database images	2026-10-04T00:10:55.5500872Z docker.io/library/mongo@sha256:d0d926f94df099bff534b7ee5b5986458131a22489dfff8664509af0c1e2ca9c
database-full-load (100)	Prepare immutable tools and owned database images	2026-10-04T00:10:56.4301117Z docker.elastic.co/elasticsearch/elasticsearch@sha256:e98f9c3b09beb2fbb9eaf667d602df3f0e00bd3644138b8458dc17ba1a675595: Pulling from elasticsearch/elasticsearch
database-full-load (100)	Prepare immutable tools and owned database images	2026-10-04T00:10:56.7487265Z 2c22c1bb1ce1: Pulling fs layer
database-full-load (100)	Prepare immutable tools and owned database images	2026-10-04T00:10:56.7488004Z 2796a25b8094: Pulling fs layer
database-full-load (100)	Prepare immutable tools and owned database images	2026-10-04T00:10:56.7488610Z 714e5b673049: Pulling fs layer
database-full-load (100)	Prepare immutable tools and owned database images	2026-10-04T00:10:56.7489135Z bd9ddc54bea9: Pulling fs layer
database-full-load (100)	Prepare immutable tools and owned database images	2026-10-04T00:10:56.7489440Z 2d68f716f01a: Pulling fs layer
database-full-load (100)	Prepare immutable tools and owned database images	2026-10-04T00:10:56.7489698Z c52e3a203c20: Pulling fs layer
database-full-load (100)	Prepare immutable tools and owned database images	2026-10-04T00:10:56.7490130Z 9b415d76a9c6: Pulling fs layer
database-full-load (100)	Prepare immutable tools and owned database images	2026-10-04T00:10:56.7490890Z d527cffe3ef6: Pulling fs layer
database-full-load (100)	Prepare immutable tools and owned database images	2026-10-04T00:10:56.7491163Z b8cda4b5aaf3: Pulling fs layer
database-full-load (100)	Prepare immutable tools and owned database images	2026-10-04T00:10:56.7491539Z 32c1c18d2ea5: Pulling fs layer
database-full-load (100)	Prepare immutable tools and owned database images	2026-10-04T00:10:56.7491864Z bd9ddc54bea9: Waiting
database-full-load (100)	Prepare immutable tools and owned database images	2026-10-04T00:10:56.7492082Z 2d68f716f01a: Waiting
database-full-load (100)	Prepare immutable tools and owned database images	2026-10-04T00:10:56.7492287Z c52e3a203c20: Waiting
database-full-load (100)	Prepare immutable tools and owned database images	2026-10-04T00:10:56.7492859Z 9b415d76a9c6: Waiting
database-full-load (100)	Prepare immutable tools and owned database images	2026-10-04T00:10:56.7493098Z d527cffe3ef6: Waiting
database-full-load (100)	Prepare immutable tools and owned database images	2026-10-04T00:10:56.7493307Z b8cda4b5aaf3: Waiting
database-full-load (100)	Prepare immutable tools and owned database images	2026-10-04T00:10:56.7493517Z 32c1c18d2ea5: Waiting
database-full-load (100)	Prepare immutable tools and owned database images	2026-10-04T00:10:57.0242729Z 714e5b673049: Download complete
database-full-load (100)	Prepare immutable tools and owned database images	2026-10-04T00:10:57.2759589Z bd9ddc54bea9: Download complete
database-full-load (100)	Prepare immutable tools and owned database images	2026-10-04T00:10:57.2924808Z 2796a25b8094: Verifying Checksum
database-full-load (100)	Prepare immutable tools and owned database images	2026-10-04T00:10:57.2925518Z 2796a25b8094: Download complete
database-full-load (100)	Prepare immutable tools and owned database images	2026-10-04T00:10:57.7069355Z c52e3a203c20: Verifying Checksum
database-full-load (100)	Prepare immutable tools and owned database images	2026-10-04T00:10:57.7070251Z c52e3a203c20: Download complete
database-full-load (100)	Prepare immutable tools and owned database images	2026-10-04T00:10:57.7170742Z 2c22c1bb1ce1: Verifying Checksum
database-full-load (100)	Prepare immutable tools and owned database images	2026-10-04T00:10:57.7171389Z 2c22c1bb1ce1: Download complete
database-full-load (100)	Prepare immutable tools and owned database images	2026-10-04T00:10:58.1687142Z 9b415d76a9c6: Verifying Checksum
database-full-load (100)	Prepare immutable tools and owned database images	2026-10-04T00:10:58.1688444Z 9b415d76a9c6: Download complete
database-full-load (100)	Prepare immutable tools and owned database images	2026-10-04T00:10:58.1937879Z d527cffe3ef6: Verifying Checksum
database-full-load (100)	Prepare immutable tools and owned database images	2026-10-04T00:10:58.1938460Z d527cffe3ef6: Download complete
database-full-load (100)	Prepare immutable tools and owned database images	2026-10-04T00:10:58.6674375Z 32c1c18d2ea5: Verifying Checksum
database-full-load (100)	Prepare immutable tools and owned database images	2026-10-04T00:10:58.6674941Z 32c1c18d2ea5: Download complete
database-full-load (100)	Prepare immutable tools and owned database images	2026-10-04T00:10:58.6764275Z b8cda4b5aaf3: Verifying Checksum
database-full-load (100)	Prepare immutable tools and owned database images	2026-10-04T00:10:58.6765047Z b8cda4b5aaf3: Download complete
database-full-load (100)	Prepare immutable tools and owned database images	2026-10-04T00:10:58.9300690Z 2c22c1bb1ce1: Pull complete
database-full-load (100)	Prepare immutable tools and owned database images	2026-10-04T00:11:00.1005571Z 2796a25b8094: Pull complete
database-full-load (100)	Prepare immutable tools and owned database images	2026-10-04T00:11:00.1572944Z 714e5b673049: Pull complete
database-full-load (100)	Prepare immutable tools and owned database images	2026-10-04T00:11:00.1715106Z bd9ddc54bea9: Pull complete
database-full-load (100)	Prepare immutable tools and owned database images	2026-10-04T00:11:03.8715902Z 2d68f716f01a: Verifying Checksum
database-full-load (100)	Prepare immutable tools and owned database images	2026-10-04T00:11:03.8716463Z 2d68f716f01a: Download complete
database-full-load (100)	Prepare immutable tools and owned database images	2026-10-04T00:11:11.7905233Z 2d68f716f01a: Pull complete
database-full-load (100)	Prepare immutable tools and owned database images	2026-10-04T00:11:11.8001216Z c52e3a203c20: Pull complete
database-full-load (100)	Prepare immutable tools and owned database images	2026-10-04T00:11:11.8331460Z 9b415d76a9c6: Pull complete
database-full-load (100)	Prepare immutable tools and owned database images	2026-10-04T00:11:11.8545481Z d527cffe3ef6: Pull complete
database-full-load (100)	Prepare immutable tools and owned database images	2026-10-04T00:11:11.8770311Z b8cda4b5aaf3: Pull complete
database-full-load (100)	Prepare immutable tools and owned database images	2026-10-04T00:11:11.8880442Z 32c1c18d2ea5: Pull complete
database-full-load (100)	Prepare immutable tools and owned database images	2026-10-04T00:11:11.8918601Z Digest: sha256:e98f9c3b09beb2fbb9eaf667d602df3f0e00bd3644138b8458dc17ba1a675595
database-full-load (100)	Prepare immutable tools and owned database images	2026-10-04T00:11:11.8926827Z Status: Downloaded newer image for docker.elastic.co/elasticsearch/elasticsearch@sha256:e98f9c3b09beb2fbb9eaf667d602df3f0e00bd3644138b8458dc17ba1a675595
database-full-load (100)	Prepare immutable tools and owned database images	2026-10-04T00:11:11.8936625Z docker.elastic.co/elasticsearch/elasticsearch@sha256:e98f9c3b09beb2fbb9eaf667d602df3f0e00bd3644138b8458dc17ba1a675595
database-full-load (100)	Independent single-request native and SDK clients	﻿2026-10-04T00:11:11.9358865Z ##[group]Run mkdir -p results/local
database-full-load (100)	Independent single-request native and SDK clients	2026-10-04T00:11:11.9359257Z [36;1mmkdir -p results/local[0m
database-full-load (100)	Independent single-request native and SDK clients	2026-10-04T00:11:11.9359567Z [36;1mgo build -o .tools/weir-lab ./cmd/weir-lab[0m
database-full-load (100)	Independent single-request native and SDK clients	2026-10-04T00:11:11.9359989Z [36;1mIFS=',' read -r -a batch_limits <<< "$BACKEND_BATCH_LIMITS"[0m
database-full-load (100)	Independent single-request native and SDK clients	2026-10-04T00:11:11.9360384Z [36;1mfor backend_limit in "${batch_limits[@]}"; do[0m
database-full-load (100)	Independent single-request native and SDK clients	2026-10-04T00:11:11.9360734Z [36;1m  export BACKEND_BATCH_LIMIT="$backend_limit"[0m
database-full-load (100)	Independent single-request native and SDK clients	2026-10-04T00:11:11.9361176Z [36;1m  export MEASUREMENT_OUTPUT="results/local/saturation-batch-$backend_limit"[0m
database-full-load (100)	Independent single-request native and SDK clients	2026-10-04T00:11:11.9361786Z [36;1m  export MEASUREMENT_RECEIPT="results/local/measurement-batch-$backend_limit.receipt.json"[0m
database-full-load (100)	Independent single-request native and SDK clients	2026-10-04T00:11:11.9362277Z [36;1m  python3 - <<'PY'[0m
database-full-load (100)	Independent single-request native and SDK clients	2026-10-04T00:11:11.9362585Z [36;1mimport hashlib, json, os, pathlib, subprocess[0m
database-full-load (100)	Independent single-request native and SDK clients	2026-10-04T00:11:11.9362933Z [36;1mbinary = pathlib.Path('.tools/weir-lab')[0m
database-full-load (100)	Independent single-request native and SDK clients	2026-10-04T00:11:11.9364720Z [36;1mcommand = [str(binary), '-mode', 'saturation', '-weir', '.tools/weir', '-backend', 'all', '-database-cpus', os.environ['DATABASE_CPUS'], '-store-concurrency', '32', '-backend-batch-limit', os.environ['BACKEND_BATCH_LIMIT'], '-client-processes', '4', '-concurrency-levels', os.environ['CLIENT_LEVELS'], '-batch-sizes', '1', '-records', '2048', '-payload-bytes', '1024', '-write-percent', os.environ['WRITE_PERCENT'], '-rounds', '3', '-warmup-duration', '10s', '-duration', '20s', '-output', os.environ['MEASUREMENT_OUTPUT']][0m
database-full-load (100)	Independent single-request native and SDK clients	2026-10-04T00:11:11.9368547Z [36;1mreceipt = {'client_operation_timeout': '10s', 'weir_backend_timeout': '10s', 'host_memory_bytes': int(next(line for line in pathlib.Path('/proc/meminfo').read_text().splitlines() if line.startswith('MemTotal:')).split()[1]) * 1024, 'source': subprocess.check_output(['git', 'rev-parse', 'HEAD'], text=True).strip(), 'source_dirty': bool(subprocess.check_output(['git', 'status', '--porcelain'])), 'client_binary_sha256': hashlib.sha256(binary.read_bytes()).hexdigest(), 'client_build': subprocess.check_output(['go', 'version', '-m', str(binary)], text=True), 'versions': json.loads(pathlib.Path('versions.json').read_text()), 'command': command}[0m
database-full-load (100)	Independent single-request native and SDK clients	2026-10-04T00:11:11.9370933Z [36;1mif receipt['source_dirty']:[0m
database-full-load (100)	Independent single-request native and SDK clients	2026-10-04T00:11:11.9371318Z [36;1m    raise SystemExit('measurement requires a clean source checkout')[0m
database-full-load (100)	Independent single-request native and SDK clients	2026-10-04T00:11:11.9371918Z [36;1mpathlib.Path(os.environ['MEASUREMENT_RECEIPT']).write_text(json.dumps(receipt, indent=2) + '\n')[0m
database-full-load (100)	Independent single-request native and SDK clients	2026-10-04T00:11:11.9372390Z [36;1mPY[0m
database-full-load (100)	Independent single-request native and SDK clients	2026-10-04T00:11:11.9373970Z [36;1m  .tools/weir-lab -mode saturation -weir .tools/weir -backend all -database-cpus "$DATABASE_CPUS" -store-concurrency 32 -backend-batch-limit "$BACKEND_BATCH_LIMIT" -client-processes 4 -concurrency-levels "$CLIENT_LEVELS" -batch-sizes 1 -records 2048 -payload-bytes 1024 -write-percent "$WRITE_PERCENT" -rounds 3 -warmup-duration 10s -duration 20s -output "$MEASUREMENT_OUTPUT" 2>&1 | tee "results/local/saturation-batch-$backend_limit.log"[0m
database-full-load (100)	Independent single-request native and SDK clients	2026-10-04T00:11:11.9375586Z [36;1mdone[0m
database-full-load (100)	Independent single-request native and SDK clients	2026-10-04T00:11:11.9375811Z [36;1mgit diff --exit-code[0m
database-full-load (100)	Independent single-request native and SDK clients	2026-10-04T00:11:11.9436811Z shell: /usr/bin/bash --noprofile --norc -e -o pipefail {0}
database-full-load (100)	Independent single-request native and SDK clients	2026-10-04T00:11:11.9437163Z env:
database-full-load (100)	Independent single-request native and SDK clients	2026-10-04T00:11:11.9437361Z   GOENV: off
database-full-load (100)	Independent single-request native and SDK clients	2026-10-04T00:11:11.9437551Z   GOWORK: off
database-full-load (100)	Independent single-request native and SDK clients	2026-10-04T00:11:11.9437751Z   GOTOOLCHAIN: local
database-full-load (100)	Independent single-request native and SDK clients	2026-10-04T00:11:11.9437972Z   GOFLAGS: -mod=readonly
database-full-load (100)	Independent single-request native and SDK clients	2026-10-04T00:11:11.9438215Z   PYTHONDONTWRITEBYTECODE: 1
database-full-load (100)	Independent single-request native and SDK clients	2026-10-04T00:11:11.9438589Z   GOPROXY: off
database-full-load (100)	Independent single-request native and SDK clients	2026-10-04T00:11:11.9438781Z   GOSUMDB: off
database-full-load (100)	Independent single-request native and SDK clients	2026-10-04T00:11:11.9438971Z   WRITE_PERCENT: 100
database-full-load (100)	Independent single-request native and SDK clients	2026-10-04T00:11:11.9439177Z   DATABASE_CPUS: 1
database-full-load (100)	Independent single-request native and SDK clients	2026-10-04T00:11:11.9439385Z   CLIENT_LEVELS: 8,32,128
database-full-load (100)	Independent single-request native and SDK clients	2026-10-04T00:11:11.9439622Z   BACKEND_BATCH_LIMITS: 1,32
database-full-load (100)	Independent single-request native and SDK clients	2026-10-04T00:11:11.9439862Z ##[endgroup]
database-full-load (100)	Independent single-request native and SDK clients	2026-10-04T00:11:47.9872839Z Owned fixture logs: /tmp/weir-tests-870816133
database-full-load (100)	Independent single-request native and SDK clients	2026-10-04T00:12:49.3545459Z single-request backend=mongo processes=4 workers=8 round=1 direct=2719.9 weir=2340.0 DB-CPU direct=99.2% weir=98.2%
database-full-load (100)	Independent single-request native and SDK clients	2026-10-04T00:13:50.6651794Z single-request backend=mongo processes=4 workers=8 round=2 direct=2618.7 weir=2271.6 DB-CPU direct=99.3% weir=99.6%
database-full-load (100)	Independent single-request native and SDK clients	2026-10-04T00:14:52.1344386Z single-request backend=mongo processes=4 workers=8 round=3 direct=2429.5 weir=2210.9 DB-CPU direct=99.3% weir=99.6%
database-full-load (100)	Independent single-request native and SDK clients	2026-10-04T00:15:53.9617966Z single-request backend=mongo processes=4 workers=32 round=1 direct=2734.5 weir=2355.2 DB-CPU direct=99.3% weir=99.8%
database-full-load (100)	Independent single-request native and SDK clients	2026-10-04T00:16:55.3602553Z single-request backend=mongo processes=4 workers=32 round=2 direct=2671.7 weir=2282.5 DB-CPU direct=99.1% weir=99.7%
database-full-load (100)	Independent single-request native and SDK clients	2026-10-04T00:17:56.7649159Z single-request backend=mongo processes=4 workers=32 round=3 direct=2582.9 weir=2238.9 DB-CPU direct=99.5% weir=99.7%
database-full-load (100)	Independent single-request native and SDK clients	2026-10-04T00:18:58.3742985Z single-request backend=mongo processes=4 workers=128 round=1 direct=2450.0 weir=2254.6 DB-CPU direct=99.7% weir=99.8%
database-full-load (100)	Independent single-request native and SDK clients	2026-10-04T00:20:00.1550343Z single-request backend=mongo processes=4 workers=128 round=2 direct=2780.9 weir=2258.3 DB-CPU direct=99.6% weir=99.5%
database-full-load (100)	Independent single-request native and SDK clients	2026-10-04T00:21:01.7504811Z single-request backend=mongo processes=4 workers=128 round=3 direct=2545.5 weir=2415.0 DB-CPU direct=99.9% weir=99.4%
database-full-load (100)	Independent single-request native and SDK clients	2026-10-04T00:21:01.7719026Z # Database saturation comparison
database-full-load (100)	Independent single-request native and SDK clients	2026-10-04T00:21:01.7719381Z 
database-full-load (100)	Independent single-request native and SDK clients	2026-10-04T00:21:01.7719748Z Backend **mongo**. Started 2026-10-04T00:11:48.015953064Z.
database-full-load (100)	Independent single-request native and SDK clients	2026-10-04T00:21:01.7720184Z 
database-full-load (100)	Independent single-request native and SDK clients	2026-10-04T00:21:01.7724068Z independent OS client processes send one record per native call or unary SDK RPC; native FindOne/ReplaceOne or single-ID mget/PUT; no client aggregation; worker-owned disjoint IDs; common phase barriers and unchanged pools across warmup and measurement; alternating AB/BA; latency is each business request including validation, queueing and any server aggregation; independent persisted postflight; sustained database CPU requires >=5 intervals, >=80% measurement coverage, mean CPU>=threshold and CPU>=threshold during >=80% measurement duration in every round, plus <=10% next-level throughput gain.
database-full-load (100)	Independent single-request native and SDK clients	2026-10-04T00:21:01.7728050Z 
database-full-load (100)	Independent single-request native and SDK clients	2026-10-04T00:21:01.7729099Z Warmup 10s and measurement 20s per path/stage, 3 paired rounds, requested writes 100%.
database-full-load (100)	Independent single-request native and SDK clients	2026-10-04T00:21:01.7729737Z 
database-full-load (100)	Independent single-request native and SDK clients	2026-10-04T00:21:01.7730031Z Complete business-request budget for both paths: 10s.
database-full-load (100)	Independent single-request native and SDK clients	2026-10-04T00:21:01.7730287Z 
database-full-load (100)	Independent single-request native and SDK clients	2026-10-04T00:21:01.7730549Z Configured Weir Store backend budget: 10s; the active caller deadline also applies.
database-full-load (100)	Independent single-request native and SDK clients	2026-10-04T00:21:01.7730892Z 
database-full-load (100)	Independent single-request native and SDK clients	2026-10-04T00:21:01.7732244Z 4 independent OS client processes. Each worker sends one business request containing one record, waits for its acknowledged result, and validates it. p50/p95/p99 describe individual requests; histograms are pooled rather than averaging process quantiles.
database-full-load (100)	Independent single-request native and SDK clients	2026-10-04T00:21:01.7733518Z 
database-full-load (100)	Independent single-request native and SDK clients	2026-10-04T00:21:01.7734389Z | Batch | Workers | Round | Path | Read | Write | Success | Errors/unknown | Ops/s | p95 call ms | DB CPU budget % | Full CPU time % | Sampling coverage % | Verified |
database-full-load (100)	Independent single-request native and SDK clients	2026-10-04T00:21:01.7735780Z | ---: | ---: | ---: | --- | ---: | ---: | ---: | ---: | ---: | ---: | ---: | ---: | ---: | --- |
database-full-load (100)	Independent single-request native and SDK clients	2026-10-04T00:21:01.7736692Z | 1 | 8 | 1 | direct | 0 | 54402 | 54402 | 0 | 2719.9 | 3.071 | 99.2 | 97.2 | 97.2 | true |
database-full-load (100)	Independent single-request native and SDK clients	2026-10-04T00:21:01.7737555Z | 1 | 8 | 1 | weir | 0 | 46806 | 46806 | 0 | 2340.0 | 6.143 | 98.2 | 94.6 | 94.6 | true |
database-full-load (100)	Independent single-request native and SDK clients	2026-10-04T00:21:01.7738656Z | 1 | 8 | 2 | direct | 0 | 52377 | 52377 | 0 | 2618.7 | 3.071 | 99.3 | 96.8 | 96.8 | true |
database-full-load (100)	Independent single-request native and SDK clients	2026-10-04T00:21:01.7739495Z | 1 | 8 | 2 | weir | 0 | 45475 | 45475 | 0 | 2271.6 | 6.143 | 99.6 | 98.5 | 98.5 | true |
database-full-load (100)	Independent single-request native and SDK clients	2026-10-04T00:21:01.7740322Z | 1 | 8 | 3 | direct | 0 | 48594 | 48594 | 0 | 2429.5 | 3.583 | 99.3 | 96.9 | 96.9 | true |
database-full-load (100)	Independent single-request native and SDK clients	2026-10-04T00:21:01.7741121Z | 1 | 8 | 3 | weir | 0 | 44232 | 44232 | 0 | 2210.9 | 6.655 | 99.6 | 98.5 | 98.5 | true |
database-full-load (100)	Independent single-request native and SDK clients	2026-10-04T00:21:01.7742030Z | 1 | 32 | 1 | direct | 0 | 54702 | 54702 | 0 | 2734.5 | 61.439 | 99.3 | 97.9 | 97.9 | true |
database-full-load (100)	Independent single-request native and SDK clients	2026-10-04T00:21:01.7742980Z | 1 | 32 | 1 | weir | 0 | 47115 | 47115 | 0 | 2355.2 | 40.959 | 99.8 | 99.4 | 99.4 | true |
database-full-load (100)	Independent single-request native and SDK clients	2026-10-04T00:21:01.7743854Z | 1 | 32 | 2 | direct | 0 | 53442 | 53442 | 0 | 2671.7 | 61.439 | 99.1 | 97.9 | 97.9 | true |
database-full-load (100)	Independent single-request native and SDK clients	2026-10-04T00:21:01.7744947Z | 1 | 32 | 2 | weir | 0 | 45663 | 45663 | 0 | 2282.5 | 40.959 | 99.7 | 99.0 | 99.0 | true |
database-full-load (100)	Independent single-request native and SDK clients	2026-10-04T00:21:01.7745765Z | 1 | 32 | 3 | direct | 0 | 51826 | 51826 | 0 | 2582.9 | 61.439 | 99.5 | 97.1 | 97.1 | true |
database-full-load (100)	Independent single-request native and SDK clients	2026-10-04T00:21:01.7746599Z | 1 | 32 | 3 | weir | 0 | 44844 | 44844 | 0 | 2238.9 | 45.055 | 99.7 | 98.0 | 98.0 | true |
database-full-load (100)	Independent single-request native and SDK clients	2026-10-04T00:21:01.7747455Z | 1 | 128 | 1 | direct | 0 | 49188 | 49188 | 0 | 2450.0 | 106.495 | 99.7 | 98.1 | 98.1 | true |
database-full-load (100)	Independent single-request native and SDK clients	2026-10-04T00:21:01.7748314Z | 1 | 128 | 1 | weir | 0 | 45144 | 45144 | 0 | 2254.6 | 106.495 | 99.8 | 98.9 | 98.9 | true |
database-full-load (100)	Independent single-request native and SDK clients	2026-10-04T00:21:01.7749352Z | 1 | 128 | 2 | direct | 0 | 55662 | 55662 | 0 | 2780.9 | 98.303 | 99.6 | 97.9 | 97.9 | true |
database-full-load (100)	Independent single-request native and SDK clients	2026-10-04T00:21:01.7750204Z | 1 | 128 | 2 | weir | 0 | 45336 | 45336 | 0 | 2258.3 | 106.495 | 99.5 | 97.4 | 97.4 | true |
database-full-load (100)	Independent single-request native and SDK clients	2026-10-04T00:21:01.7751058Z | 1 | 128 | 3 | direct | 0 | 50944 | 50944 | 0 | 2545.5 | 106.495 | 99.9 | 98.8 | 98.8 | true |
database-full-load (100)	Independent single-request native and SDK clients	2026-10-04T00:21:01.7751940Z | 1 | 128 | 3 | weir | 0 | 48441 | 48441 | 0 | 2415.0 | 98.303 | 99.4 | 98.0 | 98.0 | true |
database-full-load (100)	Independent single-request native and SDK clients	2026-10-04T00:21:01.7752428Z 
database-full-load (100)	Independent single-request native and SDK clients	2026-10-04T00:21:01.7752883Z Measured Weir adapter and unary RPC evidence (warmup, reset and postflight excluded):
database-full-load (100)	Independent single-request native and SDK clients	2026-10-04T00:21:01.7753478Z 
database-full-load (100)	Independent single-request native and SDK clients	2026-10-04T00:21:01.7754382Z | Batch | Workers | Round | Adapter invocations | Mean adapter batch | Read/Mutate RPCs | Queue mean ms | Adapter mean ms | Rejections | Backend concurrency limit |
database-full-load (100)	Independent single-request native and SDK clients	2026-10-04T00:21:01.7755628Z | ---: | ---: | ---: | ---: | ---: | --- | ---: | ---: | ---: | ---: |
database-full-load (100)	Independent single-request native and SDK clients	2026-10-04T00:21:01.7756274Z | 1 | 8 | 1 | 46806 | 1.000 | 0/46806 | 0.026 | 2.129 | 0 | 32.000 |
database-full-load (100)	Independent single-request native and SDK clients	2026-10-04T00:21:01.7756899Z | 1 | 8 | 2 | 45475 | 1.000 | 0/45475 | 0.022 | 2.460 | 0 | 32.000 |
database-full-load (100)	Independent single-request native and SDK clients	2026-10-04T00:21:01.7757747Z | 1 | 8 | 3 | 44232 | 1.000 | 0/44232 | 0.022 | 2.531 | 0 | 32.000 |
database-full-load (100)	Independent single-request native and SDK clients	2026-10-04T00:21:01.7758543Z | 1 | 32 | 1 | 47115 | 1.000 | 0/47115 | 0.198 | 9.391 | 0 | 32.000 |
database-full-load (100)	Independent single-request native and SDK clients	2026-10-04T00:21:01.7759182Z | 1 | 32 | 2 | 45663 | 1.000 | 0/45663 | 0.191 | 9.874 | 0 | 32.000 |
database-full-load (100)	Independent single-request native and SDK clients	2026-10-04T00:21:01.7759831Z | 1 | 32 | 3 | 44844 | 1.000 | 0/44844 | 0.185 | 10.118 | 0 | 32.000 |
database-full-load (100)	Independent single-request native and SDK clients	2026-10-04T00:21:01.7760480Z | 1 | 128 | 1 | 45144 | 1.000 | 0/45144 | 37.436 | 12.358 | 0 | 32.000 |
database-full-load (100)	Independent single-request native and SDK clients	2026-10-04T00:21:01.7761182Z | 1 | 128 | 2 | 45336 | 1.000 | 0/45336 | 37.361 | 12.270 | 0 | 32.000 |
database-full-load (100)	Independent single-request native and SDK clients	2026-10-04T00:21:01.7761834Z | 1 | 128 | 3 | 48441 | 1.000 | 0/48441 | 34.823 | 11.406 | 0 | 32.000 |
database-full-load (100)	Independent single-request native and SDK clients	2026-10-04T00:21:01.7762236Z 
database-full-load (100)	Independent single-request native and SDK clients	2026-10-04T00:21:01.7763164Z **Batch 1 at demonstrated database CPU saturation:** direct 2663.0 logical ops/s (32 workers), Weir 2292.2 logical ops/s (32 workers), Weir/direct 0.8608, change -13.92%.
database-full-load (100)	Independent single-request native and SDK clients	2026-10-04T00:21:01.7764173Z 
database-full-load (100)	Independent single-request native and SDK clients	2026-10-04T00:21:01.7765443Z Best verified business QPS within this ladder: direct 2663.0 (32 workers), Weir 2309.3 (128 workers), observed change -13.28%. This is a measured business-throughput comparison, not a maximum-database-capacity claim.
database-full-load (100)	Independent single-request native and SDK clients	2026-10-04T00:21:01.7766773Z 
database-full-load (100)	Independent single-request native and SDK clients	2026-10-04T00:21:01.7767530Z Observed single-request business performance at matched client concurrency (independent of the database-capacity qualification):
database-full-load (100)	Independent single-request native and SDK clients	2026-10-04T00:21:01.7768590Z 
database-full-load (100)	Independent single-request native and SDK clients	2026-10-04T00:21:01.7769030Z | Workers | Direct QPS | Weir QPS | Change | Direct p50/p95/p99 ms | Weir p50/p95/p99 ms |
database-full-load (100)	Independent single-request native and SDK clients	2026-10-04T00:21:01.7769781Z | ---: | ---: | ---: | ---: | --- | --- |
database-full-load (100)	Independent single-request native and SDK clients	2026-10-04T00:21:01.7770398Z | 8 | 2589.4 | 2274.2 | -12.17% | 1.663 / 3.327 / 49.151 | 2.815 / 6.143 / 18.431 |
database-full-load (100)	Independent single-request native and SDK clients	2026-10-04T00:21:01.7771164Z | 32 | 2663.0 | 2292.2 | -13.92% | 5.119 / 61.439 / 73.727 | 9.215 / 40.959 / 73.727 |
database-full-load (100)	Independent single-request native and SDK clients	2026-10-04T00:21:01.7771960Z | 128 | 2592.0 | 2309.3 | -10.91% | 26.623 / 98.303 / 229.375 | 53.247 / 106.495 / 196.607 |
database-full-load (100)	Independent single-request native and SDK clients	2026-10-04T00:21:01.7772452Z 
database-full-load (100)	Independent single-request native and SDK clients	2026-10-04T00:21:01.7774276Z These QPS and latency observations apply to this hardware and measured concurrency range. A business-throughput improvement can exist without demonstrating the maximum database capacity. An underfull database or missing next-level plateau keeps the database-capacity comparison unavailable.
database-full-load (100)	Independent single-request native and SDK clients	2026-10-04T00:21:01.7776350Z 
database-full-load (100)	Independent single-request native and SDK clients	2026-10-04T00:21:01.7780859Z Aggregation evidence: the JSON records one business request per record, Read/Mutate RPC counts, adapter invocation counts, average adapter batch and its cumulative histogram, and RPCs per adapter invocation. An adapter invocation is not necessarily one physical database wire command. MongoDB physical find/update/bulkWrite/getMore/killCursors deltas come from owned serverStatus at timed boundaries; missing counters remain unavailable. Elasticsearch has no equivalent physical HTTP-command counter. Every child PID, configured native pool limit, final revision ranges, exit result and sampled CPU/RSS is retained; coordinator sampling CPU is excluded from business-client CPU.
database-full-load (100)	Independent single-request native and SDK clients	2026-10-04T00:21:01.7785075Z 
database-full-load (100)	Independent single-request native and SDK clients	2026-10-04T00:21:01.7791240Z The JSON retains before/after raw public Weir metrics and their observed deltas, every resource sample, monitor failures, raw cumulative database/container I/O and network counters, CPU quota/host core denominator, and client/Weir cumulative CPU. Docker CPU uses cumulative Engine usage and read timestamps across each entire sampling interval, never CLI instantaneous percentages. Both interval endpoints must succeed; missing intervals reduce full-run coverage. Samples include monitoring traffic and background database work. Native ps CPU has platform-dependent clock resolution. Native databases share the host CPU budget with the client and Weir. Disk/network utilization or capacity is not inferred from byte counters. A plateau without sustained database CPU saturation is not a database-full-load result. Startup/discovery/reset/postflight and warmup are excluded from throughput; all in-flight completion and validation is included.
database-full-load (100)	Independent single-request native and SDK clients	2026-10-04T00:22:06.8532926Z single-request backend=search processes=4 workers=8 round=1 direct=646.6 weir=903.8 DB-CPU direct=100.1% weir=96.1%
database-full-load (100)	Independent single-request native and SDK clients	2026-10-04T00:23:08.8701754Z single-request backend=search processes=4 workers=8 round=2 direct=1582.4 weir=1395.0 DB-CPU direct=72.4% weir=73.1%
database-full-load (100)	Independent single-request native and SDK clients	2026-10-04T00:24:10.6944895Z single-request backend=search processes=4 workers=8 round=3 direct=1660.9 weir=1509.0 DB-CPU direct=69.9% weir=68.7%
database-full-load (100)	Independent single-request native and SDK clients	2026-10-04T00:25:12.4048208Z single-request backend=search processes=4 workers=32 round=1 direct=1756.8 weir=1522.6 DB-CPU direct=69.7% weir=68.8%
database-full-load (100)	Independent single-request native and SDK clients	2026-10-04T00:26:13.9092410Z single-request backend=search processes=4 workers=32 round=2 direct=1737.6 weir=1510.1 DB-CPU direct=67.2% weir=68.3%
database-full-load (100)	Independent single-request native and SDK clients	2026-10-04T00:27:15.4439909Z single-request backend=search processes=4 workers=32 round=3 direct=1787.1 weir=1549.4 DB-CPU direct=67.0% weir=67.3%
database-full-load (100)	Independent single-request native and SDK clients	2026-10-04T00:28:17.1093522Z single-request backend=search processes=4 workers=128 round=1 direct=1894.6 weir=1501.2 DB-CPU direct=70.1% weir=68.9%
database-full-load (100)	Independent single-request native and SDK clients	2026-10-04T00:29:18.7769773Z single-request backend=search processes=4 workers=128 round=2 direct=1930.9 weir=1507.8 DB-CPU direct=65.6% weir=65.7%
database-full-load (100)	Independent single-request native and SDK clients	2026-10-04T00:30:20.5697172Z single-request backend=search processes=4 workers=128 round=3 direct=1968.3 weir=1550.0 DB-CPU direct=69.0% weir=66.1%
database-full-load (100)	Independent single-request native and SDK clients	2026-10-04T00:30:20.5950176Z # Database saturation comparison
database-full-load (100)	Independent single-request native and SDK clients	2026-10-04T00:30:20.5950617Z 
database-full-load (100)	Independent single-request native and SDK clients	2026-10-04T00:30:20.5950893Z Backend **search**. Started 2026-10-04T00:21:02.106828916Z.
database-full-load (100)	Independent single-request native and SDK clients	2026-10-04T00:30:20.5951261Z 
database-full-load (100)	Independent single-request native and SDK clients	2026-10-04T00:30:20.5954728Z independent OS client processes send one record per native call or unary SDK RPC; native FindOne/ReplaceOne or single-ID mget/PUT; no client aggregation; worker-owned disjoint IDs; common phase barriers and unchanged pools across warmup and measurement; alternating AB/BA; latency is each business request including validation, queueing and any server aggregation; independent persisted postflight; sustained database CPU requires >=5 intervals, >=80% measurement coverage, mean CPU>=threshold and CPU>=threshold during >=80% measurement duration in every round, plus <=10% next-level throughput gain.
database-full-load (100)	Independent single-request native and SDK clients	2026-10-04T00:30:20.5958089Z 
database-full-load (100)	Independent single-request native and SDK clients	2026-10-04T00:30:20.5958821Z Warmup 10s and measurement 20s per path/stage, 3 paired rounds, requested writes 100%.
database-full-load (100)	Independent single-request native and SDK clients	2026-10-04T00:30:20.5959680Z 
database-full-load (100)	Independent single-request native and SDK clients	2026-10-04T00:30:20.5959963Z Complete business-request budget for both paths: 10s.
database-full-load (100)	Independent single-request native and SDK clients	2026-10-04T00:30:20.5960342Z 
database-full-load (100)	Independent single-request native and SDK clients	2026-10-04T00:30:20.5960767Z Configured Weir Store backend budget: 10s; the active caller deadline also applies.
database-full-load (100)	Independent single-request native and SDK clients	2026-10-04T00:30:20.5961353Z 
database-full-load (100)	Independent single-request native and SDK clients	2026-10-04T00:30:20.5962848Z 4 independent OS client processes. Each worker sends one business request containing one record, waits for its acknowledged result, and validates it. p50/p95/p99 describe individual requests; histograms are pooled rather than averaging process quantiles.
database-full-load (100)	Independent single-request native and SDK clients	2026-10-04T00:30:20.5964418Z 
database-full-load (100)	Independent single-request native and SDK clients	2026-10-04T00:30:20.5965279Z | Batch | Workers | Round | Path | Read | Write | Success | Errors/unknown | Ops/s | p95 call ms | DB CPU budget % | Full CPU time % | Sampling coverage % | Verified |
database-full-load (100)	Independent single-request native and SDK clients	2026-10-04T00:30:20.5966642Z | ---: | ---: | ---: | --- | ---: | ---: | ---: | ---: | ---: | ---: | ---: | ---: | ---: | --- |
database-full-load (100)	Independent single-request native and SDK clients	2026-10-04T00:30:20.5967526Z | 1 | 8 | 1 | direct | 0 | 12935 | 12935 | 0 | 646.6 | 57.343 | 100.1 | 98.4 | 98.4 | true |
database-full-load (100)	Independent single-request native and SDK clients	2026-10-04T00:30:20.5968545Z | 1 | 8 | 1 | weir | 0 | 18081 | 18081 | 0 | 903.8 | 45.055 | 96.1 | 81.5 | 97.3 | true |
database-full-load (100)	Independent single-request native and SDK clients	2026-10-04T00:30:20.5969295Z | 1 | 8 | 2 | direct | 0 | 31655 | 31655 | 0 | 1582.4 | 6.655 | 72.4 | 5.3 | 95.4 | true |
database-full-load (100)	Independent single-request native and SDK clients	2026-10-04T00:30:20.5970116Z | 1 | 8 | 2 | weir | 0 | 27907 | 27907 | 0 | 1395.0 | 7.679 | 73.1 | 0.0 | 96.3 | true |
database-full-load (100)	Independent single-request native and SDK clients	2026-10-04T00:30:20.5970876Z | 1 | 8 | 3 | direct | 0 | 33224 | 33224 | 0 | 1660.9 | 6.143 | 69.9 | 5.3 | 95.0 | true |
database-full-load (100)	Independent single-request native and SDK clients	2026-10-04T00:30:20.5971615Z | 1 | 8 | 3 | weir | 0 | 30187 | 30187 | 0 | 1509.0 | 6.655 | 68.7 | 5.3 | 96.3 | true |
database-full-load (100)	Independent single-request native and SDK clients	2026-10-04T00:30:20.5972424Z | 1 | 32 | 1 | direct | 0 | 35165 | 35165 | 0 | 1756.8 | 22.527 | 69.7 | 0.0 | 95.3 | true |
database-full-load (100)	Independent single-request native and SDK clients	2026-10-04T00:30:20.5973286Z | 1 | 32 | 1 | weir | 0 | 30480 | 30480 | 0 | 1522.6 | 26.623 | 68.8 | 0.0 | 96.3 | true |
database-full-load (100)	Independent single-request native and SDK clients	2026-10-04T00:30:20.5973782Z | 1 | 32 | 2 | direct | 0 | 34783 | 34783 | 0 | 1737.6 | 24.575 | 67.2 | 0.0 | 95.1 | true |
database-full-load (100)	Independent single-request native and SDK clients	2026-10-04T00:30:20.5974254Z | 1 | 32 | 2 | weir | 0 | 30231 | 30231 | 0 | 1510.1 | 26.623 | 68.3 | 5.3 | 96.1 | true |
database-full-load (100)	Independent single-request native and SDK clients	2026-10-04T00:30:20.5974726Z | 1 | 32 | 3 | direct | 0 | 35768 | 35768 | 0 | 1787.1 | 22.527 | 67.0 | 0.0 | 95.1 | true |
database-full-load (100)	Independent single-request native and SDK clients	2026-10-04T00:30:20.5975218Z | 1 | 32 | 3 | weir | 0 | 31025 | 31025 | 0 | 1549.4 | 26.623 | 67.3 | 0.0 | 96.1 | true |
database-full-load (100)	Independent single-request native and SDK clients	2026-10-04T00:30:20.5975686Z | 1 | 128 | 1 | direct | 0 | 38004 | 38004 | 0 | 1894.6 | 81.919 | 70.1 | 0.0 | 95.0 | true |
database-full-load (100)	Independent single-request native and SDK clients	2026-10-04T00:30:20.5976160Z | 1 | 128 | 1 | weir | 0 | 30135 | 30135 | 0 | 1501.2 | 106.495 | 68.9 | 0.0 | 95.9 | true |
database-full-load (100)	Independent single-request native and SDK clients	2026-10-04T00:30:20.5976628Z | 1 | 128 | 2 | direct | 0 | 38729 | 38729 | 0 | 1930.9 | 81.919 | 65.6 | 0.0 | 95.0 | true |
database-full-load (100)	Independent single-request native and SDK clients	2026-10-04T00:30:20.5977088Z | 1 | 128 | 2 | weir | 0 | 30265 | 30265 | 0 | 1507.8 | 106.495 | 65.7 | 0.0 | 95.9 | true |
database-full-load (100)	Independent single-request native and SDK clients	2026-10-04T00:30:20.5977557Z | 1 | 128 | 3 | direct | 0 | 39472 | 39472 | 0 | 1968.3 | 81.919 | 69.0 | 0.0 | 95.0 | true |
database-full-load (100)	Independent single-request native and SDK clients	2026-10-04T00:30:20.5978022Z | 1 | 128 | 3 | weir | 0 | 31118 | 31118 | 0 | 1550.0 | 106.495 | 66.1 | 0.0 | 95.8 | true |
database-full-load (100)	Independent single-request native and SDK clients	2026-10-04T00:30:20.5978293Z 
database-full-load (100)	Independent single-request native and SDK clients	2026-10-04T00:30:20.5979057Z Measured Weir adapter and unary RPC evidence (warmup, reset and postflight excluded):
database-full-load (100)	Independent single-request native and SDK clients	2026-10-04T00:30:20.5979441Z 
database-full-load (100)	Independent single-request native and SDK clients	2026-10-04T00:30:20.5980163Z | Batch | Workers | Round | Adapter invocations | Mean adapter batch | Read/Mutate RPCs | Queue mean ms | Adapter mean ms | Rejections | Backend concurrency limit |
database-full-load (100)	Independent single-request native and SDK clients	2026-10-04T00:30:20.5981006Z | ---: | ---: | ---: | ---: | ---: | --- | ---: | ---: | ---: | ---: |
database-full-load (100)	Independent single-request native and SDK clients	2026-10-04T00:30:20.5981625Z | 1 | 8 | 1 | 18081 | 1.000 | 0/18081 | 0.011 | 8.348 | 0 | 32.000 |
database-full-load (100)	Independent single-request native and SDK clients	2026-10-04T00:30:20.5982205Z | 1 | 8 | 2 | 27907 | 1.000 | 0/27907 | 0.010 | 5.300 | 0 | 32.000 |
database-full-load (100)	Independent single-request native and SDK clients	2026-10-04T00:30:20.5982833Z | 1 | 8 | 3 | 30187 | 1.000 | 0/30187 | 0.010 | 4.879 | 0 | 32.000 |
database-full-load (100)	Independent single-request native and SDK clients	2026-10-04T00:30:20.5983281Z | 1 | 32 | 1 | 30480 | 1.000 | 0/30480 | 0.012 | 20.560 | 0 | 32.000 |
database-full-load (100)	Independent single-request native and SDK clients	2026-10-04T00:30:20.5983641Z | 1 | 32 | 2 | 30231 | 1.000 | 0/30231 | 0.012 | 20.739 | 0 | 32.000 |
database-full-load (100)	Independent single-request native and SDK clients	2026-10-04T00:30:20.5984213Z | 1 | 32 | 3 | 31025 | 1.000 | 0/31025 | 0.012 | 20.208 | 0 | 32.000 |
database-full-load (100)	Independent single-request native and SDK clients	2026-10-04T00:30:20.5984775Z | 1 | 128 | 1 | 30135 | 1.000 | 0/30135 | 63.282 | 21.267 | 0 | 32.000 |
database-full-load (100)	Independent single-request native and SDK clients	2026-10-04T00:30:20.5985158Z | 1 | 128 | 2 | 30265 | 1.000 | 0/30265 | 63.014 | 21.174 | 0 | 32.000 |
database-full-load (100)	Independent single-request native and SDK clients	2026-10-04T00:30:20.5985532Z | 1 | 128 | 3 | 31118 | 1.000 | 0/31118 | 61.284 | 20.597 | 0 | 32.000 |
database-full-load (100)	Independent single-request native and SDK clients	2026-10-04T00:30:20.5985758Z 
database-full-load (100)	Independent single-request native and SDK clients	2026-10-04T00:30:20.5986892Z **Batch 1: database-full-load throughput comparison unavailable.** both paths must independently demonstrate sustained database CPU saturation and a verified next-level throughput plateau; increase concurrency or isolate client/Weir resources; I/O/network-bound saturation needs additional device/link capacity evidence.
database-full-load (100)	Independent single-request native and SDK clients	2026-10-04T00:30:20.5988049Z 
database-full-load (100)	Independent single-request native and SDK clients	2026-10-04T00:30:20.5989154Z Best verified business QPS within this ladder: direct 1931.3 (128 workers), Weir 1527.4 (32 workers), observed change -20.91%. This is a measured business-throughput comparison, not a maximum-database-capacity claim.
database-full-load (100)	Independent single-request native and SDK clients	2026-10-04T00:30:20.5990104Z 
database-full-load (100)	Independent single-request native and SDK clients	2026-10-04T00:30:20.5990680Z Observed single-request business performance at matched client concurrency (independent of the database-capacity qualification):
database-full-load (100)	Independent single-request native and SDK clients	2026-10-04T00:30:20.5991185Z 
database-full-load (100)	Independent single-request native and SDK clients	2026-10-04T00:30:20.5991436Z | Workers | Direct QPS | Weir QPS | Change | Direct p50/p95/p99 ms | Weir p50/p95/p99 ms |
database-full-load (100)	Independent single-request native and SDK clients	2026-10-04T00:30:20.5991877Z | ---: | ---: | ---: | ---: | --- | --- |
database-full-load (100)	Independent single-request native and SDK clients	2026-10-04T00:30:20.5992494Z | 8 | 1296.6 | 1269.3 | -2.11% | 4.607 / 8.191 / 57.343 | 5.119 / 8.191 / 45.055 |
database-full-load (100)	Independent single-request native and SDK clients	2026-10-04T00:30:20.5993212Z | 32 | 1760.5 | 1527.4 | -13.24% | 18.431 / 22.527 / 36.863 | 20.479 / 26.623 / 40.959 |
database-full-load (100)	Independent single-request native and SDK clients	2026-10-04T00:30:20.5993981Z | 128 | 1931.3 | 1519.7 | -21.31% | 65.535 / 81.919 / 106.495 | 81.919 / 106.495 / 147.455 |
database-full-load (100)	Independent single-request native and SDK clients	2026-10-04T00:30:20.5994777Z 
database-full-load (100)	Independent single-request native and SDK clients	2026-10-04T00:30:20.5996623Z These QPS and latency observations apply to this hardware and measured concurrency range. A business-throughput improvement can exist without demonstrating the maximum database capacity. An underfull database or missing next-level plateau keeps the database-capacity comparison unavailable.
database-full-load (100)	Independent single-request native and SDK clients	2026-10-04T00:30:20.5998846Z 
database-full-load (100)	Independent single-request native and SDK clients	2026-10-04T00:30:20.6002893Z Aggregation evidence: the JSON records one business request per record, Read/Mutate RPC counts, adapter invocation counts, average adapter batch and its cumulative histogram, and RPCs per adapter invocation. An adapter invocation is not necessarily one physical database wire command. MongoDB physical find/update/bulkWrite/getMore/killCursors deltas come from owned serverStatus at timed boundaries; missing counters remain unavailable. Elasticsearch has no equivalent physical HTTP-command counter. Every child PID, configured native pool limit, final revision ranges, exit result and sampled CPU/RSS is retained; coordinator sampling CPU is excluded from business-client CPU.
database-full-load (100)	Independent single-request native and SDK clients	2026-10-04T00:30:20.6005514Z 
database-full-load (100)	Independent single-request native and SDK clients	2026-10-04T00:30:20.6009317Z The JSON retains before/after raw public Weir metrics and their observed deltas, every resource sample, monitor failures, raw cumulative database/container I/O and network counters, CPU quota/host core denominator, and client/Weir cumulative CPU. Docker CPU uses cumulative Engine usage and read timestamps across each entire sampling interval, never CLI instantaneous percentages. Both interval endpoints must succeed; missing intervals reduce full-run coverage. Samples include monitoring traffic and background database work. Native ps CPU has platform-dependent clock resolution. Native databases share the host CPU budget with the client and Weir. Disk/network utilization or capacity is not inferred from byte counters. A plateau without sustained database CPU saturation is not a database-full-load result. Startup/discovery/reset/postflight and warmup are excluded from throughput; all in-flight completion and validation is included.
database-full-load (100)	Independent single-request native and SDK clients	2026-10-04T00:30:57.4798199Z Owned fixture logs: /tmp/weir-tests-345899698
database-full-load (100)	Independent single-request native and SDK clients	2026-10-04T00:31:58.8709030Z single-request backend=mongo processes=4 workers=8 round=1 direct=2703.4 weir=2446.5 DB-CPU direct=99.1% weir=99.7%
database-full-load (100)	Independent single-request native and SDK clients	2026-10-04T00:33:00.2977046Z single-request backend=mongo processes=4 workers=8 round=2 direct=2452.7 weir=2347.8 DB-CPU direct=99.5% weir=99.5%
database-full-load (100)	Independent single-request native and SDK clients	2026-10-04T00:34:01.5864681Z single-request backend=mongo processes=4 workers=8 round=3 direct=2421.7 weir=2182.5 DB-CPU direct=99.2% weir=99.6%
database-full-load (100)	Independent single-request native and SDK clients	2026-10-04T00:35:03.0727180Z single-request backend=mongo processes=4 workers=32 round=1 direct=2534.4 weir=2638.2 DB-CPU direct=99.3% weir=100.1%
database-full-load (100)	Independent single-request native and SDK clients	2026-10-04T00:36:04.4553853Z single-request backend=mongo processes=4 workers=32 round=2 direct=2472.6 weir=2832.0 DB-CPU direct=99.4% weir=99.6%
database-full-load (100)	Independent single-request native and SDK clients	2026-10-04T00:37:06.1650256Z single-request backend=mongo processes=4 workers=32 round=3 direct=2700.6 weir=2553.3 DB-CPU direct=99.3% weir=99.9%
database-full-load (100)	Independent single-request native and SDK clients	2026-10-04T00:38:07.8414808Z single-request backend=mongo processes=4 workers=128 round=1 direct=2578.0 weir=3917.8 DB-CPU direct=99.9% weir=99.9%
database-full-load (100)	Independent single-request native and SDK clients	2026-10-04T00:39:09.4554358Z single-request backend=mongo processes=4 workers=128 round=2 direct=2616.5 weir=3476.4 DB-CPU direct=100.0% weir=99.6%
database-full-load (100)	Independent single-request native and SDK clients	2026-10-04T00:40:11.2270340Z single-request backend=mongo processes=4 workers=128 round=3 direct=2590.5 weir=3701.9 DB-CPU direct=99.9% weir=99.9%
database-full-load (100)	Independent single-request native and SDK clients	2026-10-04T00:40:11.2660304Z # Database saturation comparison
database-full-load (100)	Independent single-request native and SDK clients	2026-10-04T00:40:11.2660687Z 
database-full-load (100)	Independent single-request native and SDK clients	2026-10-04T00:40:11.2661164Z Backend **mongo**. Started 2026-10-04T00:30:57.506468697Z.
database-full-load (100)	Independent single-request native and SDK clients	2026-10-04T00:40:11.2661464Z 
database-full-load (100)	Independent single-request native and SDK clients	2026-10-04T00:40:11.2663975Z independent OS client processes send one record per native call or unary SDK RPC; native FindOne/ReplaceOne or single-ID mget/PUT; no client aggregation; worker-owned disjoint IDs; common phase barriers and unchanged pools across warmup and measurement; alternating AB/BA; latency is each business request including validation, queueing and any server aggregation; independent persisted postflight; sustained database CPU requires >=5 intervals, >=80% measurement coverage, mean CPU>=threshold and CPU>=threshold during >=80% measurement duration in every round, plus <=10% next-level throughput gain.
database-full-load (100)	Independent single-request native and SDK clients	2026-10-04T00:40:11.2666390Z 
database-full-load (100)	Independent single-request native and SDK clients	2026-10-04T00:40:11.2666670Z Warmup 10s and measurement 20s per path/stage, 3 paired rounds, requested writes 100%.
database-full-load (100)	Independent single-request native and SDK clients	2026-10-04T00:40:11.2667005Z 
database-full-load (100)	Independent single-request native and SDK clients	2026-10-04T00:40:11.2667171Z Complete business-request budget for both paths: 10s.
database-full-load (100)	Independent single-request native and SDK clients	2026-10-04T00:40:11.2667398Z 
database-full-load (100)	Independent single-request native and SDK clients	2026-10-04T00:40:11.2667654Z Configured Weir Store backend budget: 10s; the active caller deadline also applies.
database-full-load (100)	Independent single-request native and SDK clients	2026-10-04T00:40:11.2667987Z 
database-full-load (100)	Independent single-request native and SDK clients	2026-10-04T00:40:11.2669161Z 4 independent OS client processes. Each worker sends one business request containing one record, waits for its acknowledged result, and validates it. p50/p95/p99 describe individual requests; histograms are pooled rather than averaging process quantiles.
database-full-load (100)	Independent single-request native and SDK clients	2026-10-04T00:40:11.2670095Z 
database-full-load (100)	Independent single-request native and SDK clients	2026-10-04T00:40:11.2670600Z | Batch | Workers | Round | Path | Read | Write | Success | Errors/unknown | Ops/s | p95 call ms | DB CPU budget % | Full CPU time % | Sampling coverage % | Verified |
database-full-load (100)	Independent single-request native and SDK clients	2026-10-04T00:40:11.2671353Z | ---: | ---: | ---: | --- | ---: | ---: | ---: | ---: | ---: | ---: | ---: | ---: | ---: | --- |
database-full-load (100)	Independent single-request native and SDK clients	2026-10-04T00:40:11.2671849Z | 1 | 8 | 1 | direct | 0 | 54076 | 54076 | 0 | 2703.4 | 3.071 | 99.1 | 96.6 | 96.6 | true |
database-full-load (100)	Independent single-request native and SDK clients	2026-10-04T00:40:11.2672314Z | 1 | 8 | 1 | weir | 0 | 48936 | 48936 | 0 | 2446.5 | 5.631 | 99.7 | 98.6 | 98.6 | true |
database-full-load (100)	Independent single-request native and SDK clients	2026-10-04T00:40:11.2672780Z | 1 | 8 | 2 | direct | 0 | 49057 | 49057 | 0 | 2452.7 | 3.583 | 99.5 | 97.0 | 97.0 | true |
database-full-load (100)	Independent single-request native and SDK clients	2026-10-04T00:40:11.2673244Z | 1 | 8 | 2 | weir | 0 | 46963 | 46963 | 0 | 2347.8 | 6.143 | 99.5 | 99.0 | 99.0 | true |
database-full-load (100)	Independent single-request native and SDK clients	2026-10-04T00:40:11.2673707Z | 1 | 8 | 3 | direct | 0 | 48436 | 48436 | 0 | 2421.7 | 3.839 | 99.2 | 96.3 | 96.3 | true |
database-full-load (100)	Independent single-request native and SDK clients	2026-10-04T00:40:11.2674159Z | 1 | 8 | 3 | weir | 0 | 43656 | 43656 | 0 | 2182.5 | 6.655 | 99.6 | 98.3 | 98.3 | true |
database-full-load (100)	Independent single-request native and SDK clients	2026-10-04T00:40:11.2674625Z | 1 | 32 | 1 | direct | 0 | 50696 | 50696 | 0 | 2534.4 | 61.439 | 99.3 | 97.9 | 97.9 | true |
database-full-load (100)	Independent single-request native and SDK clients	2026-10-04T00:40:11.2675098Z | 1 | 32 | 1 | weir | 0 | 52796 | 52796 | 0 | 2638.2 | 36.863 | 100.1 | 99.0 | 99.0 | true |
database-full-load (100)	Independent single-request native and SDK clients	2026-10-04T00:40:11.2675578Z | 1 | 32 | 2 | direct | 0 | 49463 | 49463 | 0 | 2472.6 | 65.535 | 99.4 | 98.0 | 98.0 | true |
database-full-load (100)	Independent single-request native and SDK clients	2026-10-04T00:40:11.2676221Z | 1 | 32 | 2 | weir | 0 | 56725 | 56725 | 0 | 2832.0 | 32.767 | 99.6 | 98.5 | 98.5 | true |
database-full-load (100)	Independent single-request native and SDK clients	2026-10-04T00:40:11.2676678Z | 1 | 32 | 3 | direct | 0 | 54023 | 54023 | 0 | 2700.6 | 61.439 | 99.3 | 97.8 | 97.8 | true |
database-full-load (100)	Independent single-request native and SDK clients	2026-10-04T00:40:11.2677137Z | 1 | 32 | 3 | weir | 0 | 51084 | 51084 | 0 | 2553.3 | 36.863 | 99.9 | 99.0 | 99.0 | true |
database-full-load (100)	Independent single-request native and SDK clients	2026-10-04T00:40:11.2677606Z | 1 | 128 | 1 | direct | 0 | 51606 | 51606 | 0 | 2578.0 | 98.303 | 99.9 | 98.9 | 98.9 | true |
database-full-load (100)	Independent single-request native and SDK clients	2026-10-04T00:40:11.2678070Z | 1 | 128 | 1 | weir | 0 | 78372 | 78372 | 0 | 3917.8 | 81.919 | 99.9 | 99.0 | 99.0 | true |
database-full-load (100)	Independent single-request native and SDK clients	2026-10-04T00:40:11.2678771Z | 1 | 128 | 2 | direct | 0 | 52531 | 52531 | 0 | 2616.5 | 98.303 | 100.0 | 98.4 | 98.4 | true |
database-full-load (100)	Independent single-request native and SDK clients	2026-10-04T00:40:11.2679267Z | 1 | 128 | 2 | weir | 0 | 69582 | 69582 | 0 | 3476.4 | 90.111 | 99.6 | 98.6 | 98.6 | true |
database-full-load (100)	Independent single-request native and SDK clients	2026-10-04T00:40:11.2679746Z | 1 | 128 | 3 | direct | 0 | 51838 | 51838 | 0 | 2590.5 | 98.303 | 99.9 | 98.8 | 98.8 | true |
database-full-load (100)	Independent single-request native and SDK clients	2026-10-04T00:40:11.2680219Z | 1 | 128 | 3 | weir | 0 | 74104 | 74104 | 0 | 3701.9 | 90.111 | 99.9 | 98.9 | 98.9 | true |
database-full-load (100)	Independent single-request native and SDK clients	2026-10-04T00:40:11.2680495Z 
database-full-load (100)	Independent single-request native and SDK clients	2026-10-04T00:40:11.2680757Z Measured Weir adapter and unary RPC evidence (warmup, reset and postflight excluded):
database-full-load (100)	Independent single-request native and SDK clients	2026-10-04T00:40:11.2681088Z 
database-full-load (100)	Independent single-request native and SDK clients	2026-10-04T00:40:11.2681600Z | Batch | Workers | Round | Adapter invocations | Mean adapter batch | Read/Mutate RPCs | Queue mean ms | Adapter mean ms | Rejections | Backend concurrency limit |
database-full-load (100)	Independent single-request native and SDK clients	2026-10-04T00:40:11.2682312Z | ---: | ---: | ---: | ---: | ---: | --- | ---: | ---: | ---: | ---: |
database-full-load (100)	Independent single-request native and SDK clients	2026-10-04T00:40:11.2682690Z | 1 | 8 | 1 | 45307 | 1.080 | 0/48936 | 0.020 | 2.231 | 0 | 32.000 |
database-full-load (100)	Independent single-request native and SDK clients	2026-10-04T00:40:11.2683045Z | 1 | 8 | 2 | 43426 | 1.081 | 0/46963 | 0.021 | 2.345 | 0 | 32.000 |
database-full-load (100)	Independent single-request native and SDK clients	2026-10-04T00:40:11.2683541Z | 1 | 8 | 3 | 40519 | 1.077 | 0/43656 | 0.021 | 2.621 | 0 | 32.000 |
database-full-load (100)	Independent single-request native and SDK clients	2026-10-04T00:40:11.2683893Z | 1 | 32 | 1 | 37958 | 1.391 | 0/52796 | 0.107 | 8.615 | 0 | 32.000 |
database-full-load (100)	Independent single-request native and SDK clients	2026-10-04T00:40:11.2684256Z | 1 | 32 | 2 | 40444 | 1.403 | 0/56725 | 0.107 | 7.449 | 0 | 32.000 |
database-full-load (100)	Independent single-request native and SDK clients	2026-10-04T00:40:11.2684601Z | 1 | 32 | 3 | 37116 | 1.376 | 0/51084 | 0.103 | 8.934 | 0 | 32.000 |
database-full-load (100)	Independent single-request native and SDK clients	2026-10-04T00:40:11.2684976Z | 1 | 128 | 1 | 28123 | 2.787 | 0/78372 | 2.157 | 16.213 | 0 | 32.000 |
database-full-load (100)	Independent single-request native and SDK clients	2026-10-04T00:40:11.2685349Z | 1 | 128 | 2 | 24916 | 2.793 | 0/69582 | 2.512 | 19.553 | 0 | 32.000 |
database-full-load (100)	Independent single-request native and SDK clients	2026-10-04T00:40:11.2685717Z | 1 | 128 | 3 | 26222 | 2.826 | 0/74104 | 2.346 | 17.474 | 0 | 32.000 |
database-full-load (100)	Independent single-request native and SDK clients	2026-10-04T00:40:11.2685937Z 
database-full-load (100)	Independent single-request native and SDK clients	2026-10-04T00:40:11.2687079Z **Batch 1: database-full-load throughput comparison unavailable.** both paths must independently demonstrate sustained database CPU saturation and a verified next-level throughput plateau; increase concurrency or isolate client/Weir resources; I/O/network-bound saturation needs additional device/link capacity evidence.
database-full-load (100)	Independent single-request native and SDK clients	2026-10-04T00:40:11.2688232Z 
database-full-load (100)	Independent single-request native and SDK clients	2026-10-04T00:40:11.2689194Z Best verified business QPS within this ladder: direct 2595.0 (128 workers), Weir 3698.7 (128 workers), observed change +42.53%. This is a measured business-throughput comparison, not a maximum-database-capacity claim.
database-full-load (100)	Independent single-request native and SDK clients	2026-10-04T00:40:11.2689965Z 
database-full-load (100)	Independent single-request native and SDK clients	2026-10-04T00:40:11.2690404Z Observed single-request business performance at matched client concurrency (independent of the database-capacity qualification):
database-full-load (100)	Independent single-request native and SDK clients	2026-10-04T00:40:11.2690903Z 
database-full-load (100)	Independent single-request native and SDK clients	2026-10-04T00:40:11.2691151Z | Workers | Direct QPS | Weir QPS | Change | Direct p50/p95/p99 ms | Weir p50/p95/p99 ms |
database-full-load (100)	Independent single-request native and SDK clients	2026-10-04T00:40:11.2691586Z | ---: | ---: | ---: | ---: | --- | --- |
database-full-load (100)	Independent single-request native and SDK clients	2026-10-04T00:40:11.2691948Z | 8 | 2525.9 | 2325.6 | -7.93% | 1.535 / 3.327 / 53.247 | 2.815 / 6.143 / 18.431 |
database-full-load (100)	Independent single-request native and SDK clients	2026-10-04T00:40:11.2692385Z | 32 | 2569.2 | 2674.5 | +4.10% | 5.119 / 61.439 / 81.919 | 8.191 / 36.863 / 73.727 |
database-full-load (100)	Independent single-request native and SDK clients	2026-10-04T00:40:11.2692839Z | 128 | 2595.0 | 3698.7 | +42.53% | 28.671 / 98.303 / 212.991 | 24.575 / 90.111 / 180.223 |
database-full-load (100)	Independent single-request native and SDK clients	2026-10-04T00:40:11.2693115Z 
database-full-load (100)	Independent single-request native and SDK clients	2026-10-04T00:40:11.2694133Z These QPS and latency observations apply to this hardware and measured concurrency range. A business-throughput improvement can exist without demonstrating the maximum database capacity. An underfull database or missing next-level plateau keeps the database-capacity comparison unavailable.
database-full-load (100)	Independent single-request native and SDK clients	2026-10-04T00:40:11.2695304Z 
database-full-load (100)	Independent single-request native and SDK clients	2026-10-04T00:40:11.2697703Z Aggregation evidence: the JSON records one business request per record, Read/Mutate RPC counts, adapter invocation counts, average adapter batch and its cumulative histogram, and RPCs per adapter invocation. An adapter invocation is not necessarily one physical database wire command. MongoDB physical find/update/bulkWrite/getMore/killCursors deltas come from owned serverStatus at timed boundaries; missing counters remain unavailable. Elasticsearch has no equivalent physical HTTP-command counter. Every child PID, configured native pool limit, final revision ranges, exit result and sampled CPU/RSS is retained; coordinator sampling CPU is excluded from business-client CPU.
database-full-load (100)	Independent single-request native and SDK clients	2026-10-04T00:40:11.2700256Z 
database-full-load (100)	Independent single-request native and SDK clients	2026-10-04T00:40:11.2703606Z The JSON retains before/after raw public Weir metrics and their observed deltas, every resource sample, monitor failures, raw cumulative database/container I/O and network counters, CPU quota/host core denominator, and client/Weir cumulative CPU. Docker CPU uses cumulative Engine usage and read timestamps across each entire sampling interval, never CLI instantaneous percentages. Both interval endpoints must succeed; missing intervals reduce full-run coverage. Samples include monitoring traffic and background database work. Native ps CPU has platform-dependent clock resolution. Native databases share the host CPU budget with the client and Weir. Disk/network utilization or capacity is not inferred from byte counters. A plateau without sustained database CPU saturation is not a database-full-load result. Startup/discovery/reset/postflight and warmup are excluded from throughput; all in-flight completion and validation is included.
database-full-load (100)	Independent single-request native and SDK clients	2026-10-04T00:41:16.2689423Z single-request backend=search processes=4 workers=8 round=1 direct=669.8 weir=965.6 DB-CPU direct=100.1% weir=95.7%
database-full-load (100)	Independent single-request native and SDK clients	2026-10-04T00:42:18.3711165Z single-request backend=search processes=4 workers=8 round=2 direct=1525.5 weir=1430.1 DB-CPU direct=75.4% weir=73.1%
database-full-load (100)	Independent single-request native and SDK clients	2026-10-04T00:43:20.2859633Z single-request backend=search processes=4 workers=8 round=3 direct=1622.7 weir=1506.9 DB-CPU direct=71.6% weir=70.3%
database-full-load (100)	Independent single-request native and SDK clients	2026-10-04T00:44:22.0743325Z single-request backend=search processes=4 workers=32 round=1 direct=1718.1 weir=1509.7 DB-CPU direct=67.9% weir=68.6%
database-full-load (100)	Independent single-request native and SDK clients	2026-10-04T00:45:23.7606182Z single-request backend=search processes=4 workers=32 round=2 direct=1755.0 weir=1513.4 DB-CPU direct=67.5% weir=67.1%
database-full-load (100)	Independent single-request native and SDK clients	2026-10-04T00:46:25.2610838Z single-request backend=search processes=4 workers=32 round=3 direct=1794.4 weir=1543.0 DB-CPU direct=66.9% weir=65.4%
database-full-load (100)	Independent single-request native and SDK clients	2026-10-04T00:47:26.8263523Z single-request backend=search processes=4 workers=128 round=1 direct=1927.9 weir=4783.5 DB-CPU direct=68.1% weir=69.2%
database-full-load (100)	Independent single-request native and SDK clients	2026-10-04T00:48:28.4132266Z single-request backend=search processes=4 workers=128 round=2 direct=1921.7 weir=4863.4 DB-CPU direct=68.3% weir=72.2%
database-full-load (100)	Independent single-request native and SDK clients	2026-10-04T00:49:30.0166905Z single-request backend=search processes=4 workers=128 round=3 direct=1944.7 weir=4829.9 DB-CPU direct=68.0% weir=69.5%
database-full-load (100)	Independent single-request native and SDK clients	2026-10-04T00:49:30.0486367Z # Database saturation comparison
database-full-load (100)	Independent single-request native and SDK clients	2026-10-04T00:49:30.0486878Z 
database-full-load (100)	Independent single-request native and SDK clients	2026-10-04T00:49:30.0487151Z Backend **search**. Started 2026-10-04T00:40:11.75401268Z.
database-full-load (100)	Independent single-request native and SDK clients	2026-10-04T00:49:30.0487571Z 
database-full-load (100)	Independent single-request native and SDK clients	2026-10-04T00:49:30.0491295Z independent OS client processes send one record per native call or unary SDK RPC; native FindOne/ReplaceOne or single-ID mget/PUT; no client aggregation; worker-owned disjoint IDs; common phase barriers and unchanged pools across warmup and measurement; alternating AB/BA; latency is each business request including validation, queueing and any server aggregation; independent persisted postflight; sustained database CPU requires >=5 intervals, >=80% measurement coverage, mean CPU>=threshold and CPU>=threshold during >=80% measurement duration in every round, plus <=10% next-level throughput gain.
database-full-load (100)	Independent single-request native and SDK clients	2026-10-04T00:49:30.0495030Z 
database-full-load (100)	Independent single-request native and SDK clients	2026-10-04T00:49:30.0495471Z Warmup 10s and measurement 20s per path/stage, 3 paired rounds, requested writes 100%.
database-full-load (100)	Independent single-request native and SDK clients	2026-10-04T00:49:30.0496035Z 
database-full-load (100)	Independent single-request native and SDK clients	2026-10-04T00:49:30.0496316Z Complete business-request budget for both paths: 10s.
database-full-load (100)	Independent single-request native and SDK clients	2026-10-04T00:49:30.0496712Z 
database-full-load (100)	Independent single-request native and SDK clients	2026-10-04T00:49:30.0497166Z Configured Weir Store backend budget: 10s; the active caller deadline also applies.
database-full-load (100)	Independent single-request native and SDK clients	2026-10-04T00:49:30.0497795Z 
database-full-load (100)	Independent single-request native and SDK clients	2026-10-04T00:49:30.0499555Z 4 independent OS client processes. Each worker sends one business request containing one record, waits for its acknowledged result, and validates it. p50/p95/p99 describe individual requests; histograms are pooled rather than averaging process quantiles.
database-full-load (100)	Independent single-request native and SDK clients	2026-10-04T00:49:30.0503217Z 
database-full-load (100)	Independent single-request native and SDK clients	2026-10-04T00:49:30.0504079Z | Batch | Workers | Round | Path | Read | Write | Success | Errors/unknown | Ops/s | p95 call ms | DB CPU budget % | Full CPU time % | Sampling coverage % | Verified |
database-full-load (100)	Independent single-request native and SDK clients	2026-10-04T00:49:30.0505413Z | ---: | ---: | ---: | --- | ---: | ---: | ---: | ---: | ---: | ---: | ---: | ---: | ---: | --- |
database-full-load (100)	Independent single-request native and SDK clients	2026-10-04T00:49:30.0506269Z | 1 | 8 | 1 | direct | 0 | 13400 | 13400 | 0 | 669.8 | 57.343 | 100.1 | 98.4 | 98.4 | true |
database-full-load (100)	Independent single-request native and SDK clients	2026-10-04T00:49:30.0507027Z | 1 | 8 | 1 | weir | 0 | 19317 | 19317 | 0 | 965.6 | 45.055 | 95.7 | 75.8 | 97.6 | true |
database-full-load (100)	Independent single-request native and SDK clients	2026-10-04T00:49:30.0507792Z | 1 | 8 | 2 | direct | 0 | 30518 | 30518 | 0 | 1525.5 | 6.655 | 75.4 | 5.5 | 96.0 | true |
database-full-load (100)	Independent single-request native and SDK clients	2026-10-04T00:49:30.0508795Z | 1 | 8 | 2 | weir | 0 | 28609 | 28609 | 0 | 1430.1 | 7.167 | 73.1 | 5.4 | 96.2 | true |
database-full-load (100)	Independent single-request native and SDK clients	2026-10-04T00:49:30.0509297Z | 1 | 8 | 3 | direct | 0 | 32461 | 32461 | 0 | 1622.7 | 6.143 | 71.6 | 5.2 | 95.3 | true |
database-full-load (100)	Independent single-request native and SDK clients	2026-10-04T00:49:30.0509756Z | 1 | 8 | 3 | weir | 0 | 30145 | 30145 | 0 | 1506.9 | 6.655 | 70.3 | 0.0 | 96.2 | true |
database-full-load (100)	Independent single-request native and SDK clients	2026-10-04T00:49:30.0510484Z | 1 | 32 | 1 | direct | 0 | 34389 | 34389 | 0 | 1718.1 | 24.575 | 67.9 | 0.0 | 95.1 | true |
database-full-load (100)	Independent single-request native and SDK clients	2026-10-04T00:49:30.0510997Z | 1 | 32 | 1 | weir | 0 | 30220 | 30220 | 0 | 1509.7 | 28.671 | 68.6 | 0.0 | 96.2 | true |
database-full-load (100)	Independent single-request native and SDK clients	2026-10-04T00:49:30.0511485Z | 1 | 32 | 2 | direct | 0 | 35135 | 35135 | 0 | 1755.0 | 22.527 | 67.5 | 0.0 | 95.0 | true |
database-full-load (100)	Independent single-request native and SDK clients	2026-10-04T00:49:30.0511953Z | 1 | 32 | 2 | weir | 0 | 30297 | 30297 | 0 | 1513.4 | 26.623 | 67.1 | 0.0 | 96.1 | true |
database-full-load (100)	Independent single-request native and SDK clients	2026-10-04T00:49:30.0512420Z | 1 | 32 | 3 | direct | 0 | 35916 | 35916 | 0 | 1794.4 | 22.527 | 66.9 | 0.0 | 95.0 | true |
database-full-load (100)	Independent single-request native and SDK clients	2026-10-04T00:49:30.0512883Z | 1 | 32 | 3 | weir | 0 | 30888 | 30888 | 0 | 1543.0 | 24.575 | 65.4 | 0.0 | 96.1 | true |
database-full-load (100)	Independent single-request native and SDK clients	2026-10-04T00:49:30.0513342Z | 1 | 128 | 1 | direct | 0 | 38687 | 38687 | 0 | 1927.9 | 81.919 | 68.1 | 0.0 | 94.9 | true |
database-full-load (100)	Independent single-request native and SDK clients	2026-10-04T00:49:30.0513812Z | 1 | 128 | 1 | weir | 0 | 95759 | 95759 | 0 | 4783.5 | 36.863 | 69.2 | 5.4 | 98.8 | true |
database-full-load (100)	Independent single-request native and SDK clients	2026-10-04T00:49:30.0514288Z | 1 | 128 | 2 | direct | 0 | 38547 | 38547 | 0 | 1921.7 | 81.919 | 68.3 | 0.0 | 94.9 | true |
database-full-load (100)	Independent single-request native and SDK clients	2026-10-04T00:49:30.0514758Z | 1 | 128 | 2 | weir | 0 | 97377 | 97377 | 0 | 4863.4 | 36.863 | 72.2 | 5.3 | 98.3 | true |
database-full-load (100)	Independent single-request native and SDK clients	2026-10-04T00:49:30.0515225Z | 1 | 128 | 3 | direct | 0 | 39009 | 39009 | 0 | 1944.7 | 81.919 | 68.0 | 0.0 | 94.9 | true |
database-full-load (100)	Independent single-request native and SDK clients	2026-10-04T00:49:30.0515691Z | 1 | 128 | 3 | weir | 0 | 96695 | 96695 | 0 | 4829.9 | 36.863 | 69.5 | 0.0 | 98.9 | true |
database-full-load (100)	Independent single-request native and SDK clients	2026-10-04T00:49:30.0516166Z 
database-full-load (100)	Independent single-request native and SDK clients	2026-10-04T00:49:30.0516635Z Measured Weir adapter and unary RPC evidence (warmup, reset and postflight excluded):
database-full-load (100)	Independent single-request native and SDK clients	2026-10-04T00:49:30.0517148Z 
database-full-load (100)	Independent single-request native and SDK clients	2026-10-04T00:49:30.0517760Z | Batch | Workers | Round | Adapter invocations | Mean adapter batch | Read/Mutate RPCs | Queue mean ms | Adapter mean ms | Rejections | Backend concurrency limit |
database-full-load (100)	Independent single-request native and SDK clients	2026-10-04T00:49:30.0518716Z | ---: | ---: | ---: | ---: | ---: | --- | ---: | ---: | ---: | ---: |
database-full-load (100)	Independent single-request native and SDK clients	2026-10-04T00:49:30.0519125Z | 1 | 8 | 1 | 19212 | 1.005 | 0/19317 | 0.011 | 7.783 | 0 | 32.000 |
database-full-load (100)	Independent single-request native and SDK clients	2026-10-04T00:49:30.0519500Z | 1 | 8 | 2 | 28516 | 1.003 | 0/28609 | 0.010 | 5.158 | 0 | 32.000 |
database-full-load (100)	Independent single-request native and SDK clients	2026-10-04T00:49:30.0519866Z | 1 | 8 | 3 | 30085 | 1.002 | 0/30145 | 0.009 | 4.892 | 0 | 32.000 |
database-full-load (100)	Independent single-request native and SDK clients	2026-10-04T00:49:30.0520227Z | 1 | 32 | 1 | 30098 | 1.004 | 0/30220 | 0.012 | 20.768 | 0 | 32.000 |
database-full-load (100)	Independent single-request native and SDK clients	2026-10-04T00:49:30.0520761Z | 1 | 32 | 2 | 30162 | 1.004 | 0/30297 | 0.012 | 20.725 | 0 | 32.000 |
database-full-load (100)	Independent single-request native and SDK clients	2026-10-04T00:49:30.0521277Z | 1 | 32 | 3 | 30818 | 1.002 | 0/30888 | 0.012 | 20.305 | 0 | 32.000 |
database-full-load (100)	Independent single-request native and SDK clients	2026-10-04T00:49:30.0521691Z | 1 | 128 | 1 | 26341 | 3.635 | 0/95759 | 0.511 | 23.994 | 0 | 32.000 |
database-full-load (100)	Independent single-request native and SDK clients	2026-10-04T00:49:30.0522068Z | 1 | 128 | 2 | 26842 | 3.628 | 0/97377 | 0.517 | 23.505 | 0 | 32.000 |
database-full-load (100)	Independent single-request native and SDK clients	2026-10-04T00:49:30.0522429Z | 1 | 128 | 3 | 26477 | 3.652 | 0/96695 | 0.506 | 23.866 | 0 | 32.000 |
database-full-load (100)	Independent single-request native and SDK clients	2026-10-04T00:49:30.0522647Z 
database-full-load (100)	Independent single-request native and SDK clients	2026-10-04T00:49:30.0523794Z **Batch 1: database-full-load throughput comparison unavailable.** both paths must independently demonstrate sustained database CPU saturation and a verified next-level throughput plateau; increase concurrency or isolate client/Weir resources; I/O/network-bound saturation needs additional device/link capacity evidence.
database-full-load (100)	Independent single-request native and SDK clients	2026-10-04T00:49:30.0526270Z 
database-full-load (100)	Independent single-request native and SDK clients	2026-10-04T00:49:30.0527551Z Best verified business QPS within this ladder: direct 1931.4 (128 workers), Weir 4825.6 (128 workers), observed change +149.85%. This is a measured business-throughput comparison, not a maximum-database-capacity claim.
database-full-load (100)	Independent single-request native and SDK clients	2026-10-04T00:49:30.0528847Z 
database-full-load (100)	Independent single-request native and SDK clients	2026-10-04T00:49:30.0529317Z Observed single-request business performance at matched client concurrency (independent of the database-capacity qualification):
database-full-load (100)	Independent single-request native and SDK clients	2026-10-04T00:49:30.0529833Z 
database-full-load (100)	Independent single-request native and SDK clients	2026-10-04T00:49:30.0530088Z | Workers | Direct QPS | Weir QPS | Change | Direct p50/p95/p99 ms | Weir p50/p95/p99 ms |
database-full-load (100)	Independent single-request native and SDK clients	2026-10-04T00:49:30.0530531Z | ---: | ---: | ---: | ---: | --- | --- |
database-full-load (100)	Independent single-request native and SDK clients	2026-10-04T00:49:30.0530899Z | 8 | 1272.7 | 1300.9 | +2.21% | 4.607 / 8.191 / 57.343 | 5.119 / 8.191 / 49.151 |
database-full-load (100)	Independent single-request native and SDK clients	2026-10-04T00:49:30.0531348Z | 32 | 1755.8 | 1522.0 | -13.32% | 18.431 / 22.527 / 32.767 | 20.479 / 26.623 / 36.863 |
database-full-load (100)	Independent single-request native and SDK clients	2026-10-04T00:49:30.0532732Z | 128 | 1931.4 | 4825.6 | +149.85% | 65.535 / 81.919 / 98.303 | 26.623 / 36.863 / 65.535 |
database-full-load (100)	Independent single-request native and SDK clients	2026-10-04T00:49:30.0533013Z 
database-full-load (100)	Independent single-request native and SDK clients	2026-10-04T00:49:30.0534173Z These QPS and latency observations apply to this hardware and measured concurrency range. A business-throughput improvement can exist without demonstrating the maximum database capacity. An underfull database or missing next-level plateau keeps the database-capacity comparison unavailable.
database-full-load (100)	Independent single-request native and SDK clients	2026-10-04T00:49:30.0535239Z 
database-full-load (100)	Independent single-request native and SDK clients	2026-10-04T00:49:30.0538164Z Aggregation evidence: the JSON records one business request per record, Read/Mutate RPC counts, adapter invocation counts, average adapter batch and its cumulative histogram, and RPCs per adapter invocation. An adapter invocation is not necessarily one physical database wire command. MongoDB physical find/update/bulkWrite/getMore/killCursors deltas come from owned serverStatus at timed boundaries; missing counters remain unavailable. Elasticsearch has no equivalent physical HTTP-command counter. Every child PID, configured native pool limit, final revision ranges, exit result and sampled CPU/RSS is retained; coordinator sampling CPU is excluded from business-client CPU.
database-full-load (100)	Independent single-request native and SDK clients	2026-10-04T00:49:30.0542465Z 
database-full-load (100)	Independent single-request native and SDK clients	2026-10-04T00:49:30.0548619Z The JSON retains before/after raw public Weir metrics and their observed deltas, every resource sample, monitor failures, raw cumulative database/container I/O and network counters, CPU quota/host core denominator, and client/Weir cumulative CPU. Docker CPU uses cumulative Engine usage and read timestamps across each entire sampling interval, never CLI instantaneous percentages. Both interval endpoints must succeed; missing intervals reduce full-run coverage. Samples include monitoring traffic and background database work. Native ps CPU has platform-dependent clock resolution. Native databases share the host CPU budget with the client and Weir. Disk/network utilization or capacity is not inferred from byte counters. A plateau without sustained database CPU saturation is not a database-full-load result. Startup/discovery/reset/postflight and warmup are excluded from throughput; all in-flight completion and validation is included.
database-full-load (100)	Preserve raw resource samples, workload validation and cleanup	﻿2026-10-04T00:49:32.8911380Z ##[group]Run actions/upload-artifact@ea165f8d65b6e75b540449e92b4886f43607fa02
database-full-load (100)	Preserve raw resource samples, workload validation and cleanup	2026-10-04T00:49:32.8911841Z with:
database-full-load (100)	Preserve raw resource samples, workload validation and cleanup	2026-10-04T00:49:32.8912208Z   name: saturation-evidence-writes-100-e790aa77629f0e4862159cbe8e3f0497df888314
database-full-load (100)	Preserve raw resource samples, workload validation and cleanup	2026-10-04T00:49:32.8913231Z   path: results/local/
database-full-load (100)	Preserve raw resource samples, workload validation and cleanup	/tmp/weir-tests-*/manifest.json
database-full-load (100)	Preserve raw resource samples, workload validation and cleanup	/tmp/weir-tests-*/cleanup.json
database-full-load (100)	Preserve raw resource samples, workload validation and cleanup	/tmp/weir-tests-*/*config.json
database-full-load (100)	Preserve raw resource samples, workload validation and cleanup	/tmp/weir-tests-*/*routes.json
database-full-load (100)	Preserve raw resource samples, workload validation and cleanup	/tmp/weir-tests-*/*process.log
database-full-load (100)	Preserve raw resource samples, workload validation and cleanup	/tmp/weir-tests-*/docker-engine.json
database-full-load (100)	Preserve raw resource samples, workload validation and cleanup	
database-full-load (100)	Preserve raw resource samples, workload validation and cleanup	2026-10-04T00:49:32.8914074Z   retention-days: 14
database-full-load (100)	Preserve raw resource samples, workload validation and cleanup	2026-10-04T00:49:32.8914297Z   if-no-files-found: warn
database-full-load (100)	Preserve raw resource samples, workload validation and cleanup	2026-10-04T00:49:32.8914534Z   compression-level: 6
database-full-load (100)	Preserve raw resource samples, workload validation and cleanup	2026-10-04T00:49:32.8914750Z   overwrite: false
database-full-load (100)	Preserve raw resource samples, workload validation and cleanup	2026-10-04T00:49:32.8914975Z   include-hidden-files: false
database-full-load (100)	Preserve raw resource samples, workload validation and cleanup	2026-10-04T00:49:32.8915210Z env:
database-full-load (100)	Preserve raw resource samples, workload validation and cleanup	2026-10-04T00:49:32.8915401Z   GOENV: off
database-full-load (100)	Preserve raw resource samples, workload validation and cleanup	2026-10-04T00:49:32.8915592Z   GOWORK: off
database-full-load (100)	Preserve raw resource samples, workload validation and cleanup	2026-10-04T00:49:32.8915783Z   GOTOOLCHAIN: local
database-full-load (100)	Preserve raw resource samples, workload validation and cleanup	2026-10-04T00:49:32.8915998Z   GOFLAGS: -mod=readonly
database-full-load (100)	Preserve raw resource samples, workload validation and cleanup	2026-10-04T00:49:32.8916234Z   PYTHONDONTWRITEBYTECODE: 1
database-full-load (100)	Preserve raw resource samples, workload validation and cleanup	2026-10-04T00:49:32.8916501Z ##[endgroup]
database-full-load (100)	Preserve raw resource samples, workload validation and cleanup	2026-10-04T00:49:33.0636032Z (node:18486) [DEP0040] DeprecationWarning: The `punycode` module is deprecated. Please use a userland alternative instead.
database-full-load (100)	Preserve raw resource samples, workload validation and cleanup	2026-10-04T00:49:33.0637135Z (Use `node --trace-deprecation ...` to show where the warning was created)
database-full-load (100)	Preserve raw resource samples, workload validation and cleanup	2026-10-04T00:49:33.1219720Z Multiple search paths detected. Calculating the least common ancestor of all paths
database-full-load (100)	Preserve raw resource samples, workload validation and cleanup	2026-10-04T00:49:33.1221261Z The least common ancestor is /. This will be the root directory of the artifact
database-full-load (100)	Preserve raw resource samples, workload validation and cleanup	2026-10-04T00:49:33.1222089Z With the provided path, there will be 24 files uploaded
database-full-load (100)	Preserve raw resource samples, workload validation and cleanup	2026-10-04T00:49:33.1222925Z Artifact name is valid!
database-full-load (100)	Preserve raw resource samples, workload validation and cleanup	2026-10-04T00:49:33.1223354Z Root directory input is valid!
database-full-load (100)	Preserve raw resource samples, workload validation and cleanup	2026-10-04T00:49:33.4310788Z Beginning upload of artifact content to blob storage
database-full-load (100)	Preserve raw resource samples, workload validation and cleanup	2026-10-04T00:49:33.6454448Z (node:18486) [DEP0169] DeprecationWarning: `url.parse()` behavior is not standardized and prone to errors that have security implications. Use the WHATWG URL API instead. CVEs are not issued for `url.parse()` vulnerabilities.
database-full-load (100)	Preserve raw resource samples, workload validation and cleanup	2026-10-04T00:49:34.1590979Z Uploaded bytes 1125168
database-full-load (100)	Preserve raw resource samples, workload validation and cleanup	2026-10-04T00:49:34.2203464Z Finished uploading artifact content to blob storage!
database-full-load (100)	Preserve raw resource samples, workload validation and cleanup	2026-10-04T00:49:34.2204844Z SHA256 digest of uploaded artifact zip is b9f763613446dfe9d748c8ac9d8b5f53ca6089fc9569e6a8079d52290191614f
database-full-load (100)	Preserve raw resource samples, workload validation and cleanup	2026-10-04T00:49:34.2206279Z Finalizing artifact upload
database-full-load (100)	Preserve raw resource samples, workload validation and cleanup	2026-10-04T00:49:34.4729546Z Artifact saturation-evidence-writes-100-e790aa77629f0e4862159cbe8e3f0497df888314.zip successfully finalized. Artifact ID 11289084135
database-full-load (100)	Preserve raw resource samples, workload validation and cleanup	2026-10-04T00:49:34.4731999Z Artifact saturation-evidence-writes-100-e790aa77629f0e4862159cbe8e3f0497df888314 has been successfully uploaded! Final size is 1125168 bytes. Artifact ID is 11289084135
database-full-load (100)	Preserve raw resource samples, workload validation and cleanup	2026-10-04T00:49:34.4737398Z Artifact download URL: https://github.com/batchstream/weir-tests/actions/runs/37164085511/artifacts/11289084135
database-full-load (100)	Post Run actions/setup-go@924ae3a1cded613372ab5595356fb5720e22ba16	﻿2026-10-04T00:49:34.4923803Z Post job cleanup.
database-full-load (100)	Post Run actions/setup-go@924ae3a1cded613372ab5595356fb5720e22ba16	2026-10-04T00:49:34.6111209Z [command]/opt/hostedtoolcache/go/1.27.1/x64/bin/go env GOMODCACHE
database-full-load (100)	Post Run actions/setup-go@924ae3a1cded613372ab5595356fb5720e22ba16	2026-10-04T00:49:34.6172567Z [command]/opt/hostedtoolcache/go/1.27.1/x64/bin/go env GOCACHE
database-full-load (100)	Post Run actions/setup-go@924ae3a1cded613372ab5595356fb5720e22ba16	2026-10-04T00:49:34.6202647Z /home/runner/go/pkg/mod
database-full-load (100)	Post Run actions/setup-go@924ae3a1cded613372ab5595356fb5720e22ba16	2026-10-04T00:49:34.6221181Z /home/runner/.cache/go-build
database-full-load (100)	Post Run actions/setup-go@924ae3a1cded613372ab5595356fb5720e22ba16	2026-10-04T00:49:34.6228737Z Cache hit occurred on the primary key setup-go-Linux-x64-ubuntu24-go-1.27.1-f3893fbf0ff2b6e2efba8903234513786674983d753d1815a9a1fcf84a06448a, not saving cache.
database-full-load (100)	Post Run actions/checkout@3d3c42e5aac5ba805825da76410c181273ba90b1	﻿2026-10-04T00:49:34.6403564Z Post job cleanup.
database-full-load (100)	Post Run actions/checkout@3d3c42e5aac5ba805825da76410c181273ba90b1	2026-10-04T00:49:34.7321498Z [command]/usr/bin/git version
database-full-load (100)	Post Run actions/checkout@3d3c42e5aac5ba805825da76410c181273ba90b1	2026-10-04T00:49:34.7370455Z git version 2.55.0
database-full-load (100)	Post Run actions/checkout@3d3c42e5aac5ba805825da76410c181273ba90b1	2026-10-04T00:49:34.7423839Z Temporarily overriding HOME='/home/runner/work/_temp/8b34dc0b-7641-46ec-a242-a83a7bedd8e3' before making global git config changes
database-full-load (100)	Post Run actions/checkout@3d3c42e5aac5ba805825da76410c181273ba90b1	2026-10-04T00:49:34.7425236Z Adding repository directory to the temporary git global config as a safe directory
database-full-load (100)	Post Run actions/checkout@3d3c42e5aac5ba805825da76410c181273ba90b1	2026-10-04T00:49:34.7428745Z [command]/usr/bin/git config --global --add safe.directory /home/runner/work/weir-tests/weir-tests
database-full-load (100)	Post Run actions/checkout@3d3c42e5aac5ba805825da76410c181273ba90b1	2026-10-04T00:49:34.7461277Z Removing SSH command configuration
database-full-load (100)	Post Run actions/checkout@3d3c42e5aac5ba805825da76410c181273ba90b1	2026-10-04T00:49:34.7468310Z [command]/usr/bin/git config --local --name-only --get-regexp core\.sshCommand
database-full-load (100)	Post Run actions/checkout@3d3c42e5aac5ba805825da76410c181273ba90b1	2026-10-04T00:49:34.7502956Z [command]/usr/bin/git submodule foreach --recursive sh -c "git config --local --name-only --get-regexp 'core\.sshCommand' && git config --local --unset-all 'core.sshCommand' || :"
database-full-load (100)	Post Run actions/checkout@3d3c42e5aac5ba805825da76410c181273ba90b1	2026-10-04T00:49:34.7749098Z Removing HTTP extra header
database-full-load (100)	Post Run actions/checkout@3d3c42e5aac5ba805825da76410c181273ba90b1	2026-10-04T00:49:34.7754874Z [command]/usr/bin/git config --local --name-only --get-regexp http\.https\:\/\/github\.com\/\.extraheader
database-full-load (100)	Post Run actions/checkout@3d3c42e5aac5ba805825da76410c181273ba90b1	2026-10-04T00:49:34.7792893Z [command]/usr/bin/git submodule foreach --recursive sh -c "git config --local --name-only --get-regexp 'http\.https\:\/\/github\.com\/\.extraheader' && git config --local --unset-all 'http.https://github.com/.extraheader' || :"
database-full-load (100)	Post Run actions/checkout@3d3c42e5aac5ba805825da76410c181273ba90b1	2026-10-04T00:49:34.8058887Z Removing includeIf entries pointing to credentials config files
database-full-load (100)	Post Run actions/checkout@3d3c42e5aac5ba805825da76410c181273ba90b1	2026-10-04T00:49:34.8067069Z [command]/usr/bin/git config --local --name-only --get-regexp ^includeIf\.gitdir:
database-full-load (100)	Post Run actions/checkout@3d3c42e5aac5ba805825da76410c181273ba90b1	2026-10-04T00:49:34.8106775Z [command]/usr/bin/git submodule foreach --recursive git config --local --show-origin --name-only --get-regexp remote.origin.url
database-full-load (100)	Complete job	﻿2026-10-04T00:49:34.8498618Z Cleaning up orphan processes
database-full-load (100)	Complete job	2026-10-04T00:49:34.8935889Z ##[warning]Node.js 20 is deprecated. The following actions target Node.js 20 but are being forced to run on Node.js 24: actions/upload-artifact@ea165f8d65b6e75b540449e92b4886f43607fa02. For more information see: https://github.blog/changelog/2025-09-19-deprecation-of-node-20-on-github-actions-runners/
