database-full-load (0)	Set up job	﻿2026-10-03T22:56:57.2905061Z Current runner version: '2.337.0'
database-full-load (0)	Set up job	2026-10-03T22:56:57.2932031Z ##[group]Runner Image Provisioner
database-full-load (0)	Set up job	2026-10-03T22:56:57.2932945Z Hosted Compute Agent
database-full-load (0)	Set up job	2026-10-03T22:56:57.2933512Z Version: 20260901.588
database-full-load (0)	Set up job	2026-10-03T22:56:57.2934215Z Commit: f88ec8081b781fac6c440065ac7ff9e710ce3d0b
database-full-load (0)	Set up job	2026-10-03T22:56:57.2934931Z Build Date: 2026-09-01T19:56:44Z
database-full-load (0)	Set up job	2026-10-03T22:56:57.2935716Z Worker ID: {8afb9789-42f4-4bf1-9bc3-ca835720a951}
database-full-load (0)	Set up job	2026-10-03T22:56:57.2936428Z Azure Region: westus
database-full-load (0)	Set up job	2026-10-03T22:56:57.2936973Z ##[endgroup]
database-full-load (0)	Set up job	2026-10-03T22:56:57.2938684Z ##[group]Operating System
database-full-load (0)	Set up job	2026-10-03T22:56:57.2939330Z Ubuntu
database-full-load (0)	Set up job	2026-10-03T22:56:57.2939936Z 24.04.5
database-full-load (0)	Set up job	2026-10-03T22:56:57.2940458Z LTS
database-full-load (0)	Set up job	2026-10-03T22:56:57.2940959Z ##[endgroup]
database-full-load (0)	Set up job	2026-10-03T22:56:57.2941923Z ##[group]Runner Image
database-full-load (0)	Set up job	2026-10-03T22:56:57.2942541Z Image: ubuntu-24.04
database-full-load (0)	Set up job	2026-10-03T22:56:57.2943241Z Version: 20260927.320.1
database-full-load (0)	Set up job	2026-10-03T22:56:57.2944385Z Included Software: https://github.com/actions/runner-images/blob/ubuntu24/20260927.320/images/ubuntu/Ubuntu2404-Readme.md
database-full-load (0)	Set up job	2026-10-03T22:56:57.2946556Z Image Release: https://github.com/actions/runner-images/releases/tag/ubuntu24%2F20260927.320
database-full-load (0)	Set up job	2026-10-03T22:56:57.2947601Z ##[endgroup]
database-full-load (0)	Set up job	2026-10-03T22:56:57.2948737Z ##[group]GITHUB_TOKEN Permissions
database-full-load (0)	Set up job	2026-10-03T22:56:57.2950908Z Contents: read
database-full-load (0)	Set up job	2026-10-03T22:56:57.2951816Z Metadata: read
database-full-load (0)	Set up job	2026-10-03T22:56:57.2952403Z ##[endgroup]
database-full-load (0)	Set up job	2026-10-03T22:56:57.2954580Z Secret source: Actions
database-full-load (0)	Set up job	2026-10-03T22:56:57.2955651Z Cache mode: write
database-full-load (0)	Set up job	2026-10-03T22:56:57.2956590Z Prepare workflow directory
database-full-load (0)	Set up job	2026-10-03T22:56:57.3448162Z Prepare all required actions
database-full-load (0)	Set up job	2026-10-03T22:56:57.3497793Z Getting action download info
database-full-load (0)	Set up job	2026-10-03T22:56:57.7229882Z Download action repository 'actions/checkout@3d3c42e5aac5ba805825da76410c181273ba90b1' (SHA:3d3c42e5aac5ba805825da76410c181273ba90b1)
database-full-load (0)	Set up job	2026-10-03T22:56:57.8135700Z Download action repository 'actions/setup-go@924ae3a1cded613372ab5595356fb5720e22ba16' (SHA:924ae3a1cded613372ab5595356fb5720e22ba16)
database-full-load (0)	Set up job	2026-10-03T22:56:58.2414550Z Download action repository 'actions/upload-artifact@ea165f8d65b6e75b540449e92b4886f43607fa02' (SHA:ea165f8d65b6e75b540449e92b4886f43607fa02)
database-full-load (0)	Set up job	2026-10-03T22:56:58.4645112Z Complete job name: database-full-load (0)
database-full-load (0)	Run actions/checkout@3d3c42e5aac5ba805825da76410c181273ba90b1	﻿2026-10-03T22:56:58.5502732Z ##[group]Run actions/checkout@3d3c42e5aac5ba805825da76410c181273ba90b1
database-full-load (0)	Run actions/checkout@3d3c42e5aac5ba805825da76410c181273ba90b1	2026-10-03T22:56:58.5504024Z with:
database-full-load (0)	Run actions/checkout@3d3c42e5aac5ba805825da76410c181273ba90b1	2026-10-03T22:56:58.5504569Z   ref: 03fcec1bbb3806a41eca2aa39b4ff702a4b59331
database-full-load (0)	Run actions/checkout@3d3c42e5aac5ba805825da76410c181273ba90b1	2026-10-03T22:56:58.5505246Z   persist-credentials: false
database-full-load (0)	Run actions/checkout@3d3c42e5aac5ba805825da76410c181273ba90b1	2026-10-03T22:56:58.5505832Z   repository: batchstream/weir-tests
database-full-load (0)	Run actions/checkout@3d3c42e5aac5ba805825da76410c181273ba90b1	2026-10-03T22:56:58.5510329Z   token: ***
database-full-load (0)	Run actions/checkout@3d3c42e5aac5ba805825da76410c181273ba90b1	2026-10-03T22:56:58.5510801Z   ssh-strict: true
database-full-load (0)	Run actions/checkout@3d3c42e5aac5ba805825da76410c181273ba90b1	2026-10-03T22:56:58.5511277Z   ssh-user: git
database-full-load (0)	Run actions/checkout@3d3c42e5aac5ba805825da76410c181273ba90b1	2026-10-03T22:56:58.5511942Z   clean: true
database-full-load (0)	Run actions/checkout@3d3c42e5aac5ba805825da76410c181273ba90b1	2026-10-03T22:56:58.5512432Z   sparse-checkout-cone-mode: true
database-full-load (0)	Run actions/checkout@3d3c42e5aac5ba805825da76410c181273ba90b1	2026-10-03T22:56:58.5513004Z   fetch-depth: 1
database-full-load (0)	Run actions/checkout@3d3c42e5aac5ba805825da76410c181273ba90b1	2026-10-03T22:56:58.5513476Z   fetch-tags: false
database-full-load (0)	Run actions/checkout@3d3c42e5aac5ba805825da76410c181273ba90b1	2026-10-03T22:56:58.5513957Z   show-progress: true
database-full-load (0)	Run actions/checkout@3d3c42e5aac5ba805825da76410c181273ba90b1	2026-10-03T22:56:58.5514463Z   lfs: false
database-full-load (0)	Run actions/checkout@3d3c42e5aac5ba805825da76410c181273ba90b1	2026-10-03T22:56:58.5514919Z   submodules: false
database-full-load (0)	Run actions/checkout@3d3c42e5aac5ba805825da76410c181273ba90b1	2026-10-03T22:56:58.5515407Z   set-safe-directory: true
database-full-load (0)	Run actions/checkout@3d3c42e5aac5ba805825da76410c181273ba90b1	2026-10-03T22:56:58.5515985Z   allow-unsafe-pr-checkout: false
database-full-load (0)	Run actions/checkout@3d3c42e5aac5ba805825da76410c181273ba90b1	2026-10-03T22:56:58.5516810Z env:
database-full-load (0)	Run actions/checkout@3d3c42e5aac5ba805825da76410c181273ba90b1	2026-10-03T22:56:58.5517267Z   GOENV: off
database-full-load (0)	Run actions/checkout@3d3c42e5aac5ba805825da76410c181273ba90b1	2026-10-03T22:56:58.5517718Z   GOWORK: off
database-full-load (0)	Run actions/checkout@3d3c42e5aac5ba805825da76410c181273ba90b1	2026-10-03T22:56:58.5518225Z   GOTOOLCHAIN: local
database-full-load (0)	Run actions/checkout@3d3c42e5aac5ba805825da76410c181273ba90b1	2026-10-03T22:56:58.5518745Z   GOFLAGS: -mod=readonly
database-full-load (0)	Run actions/checkout@3d3c42e5aac5ba805825da76410c181273ba90b1	2026-10-03T22:56:58.5519274Z   PYTHONDONTWRITEBYTECODE: 1
database-full-load (0)	Run actions/checkout@3d3c42e5aac5ba805825da76410c181273ba90b1	2026-10-03T22:56:58.5519812Z ##[endgroup]
database-full-load (0)	Run actions/checkout@3d3c42e5aac5ba805825da76410c181273ba90b1	2026-10-03T22:56:58.6618052Z Syncing repository: batchstream/weir-tests
database-full-load (0)	Run actions/checkout@3d3c42e5aac5ba805825da76410c181273ba90b1	2026-10-03T22:56:58.6621032Z ##[group]Getting Git version info
database-full-load (0)	Run actions/checkout@3d3c42e5aac5ba805825da76410c181273ba90b1	2026-10-03T22:56:58.6622822Z Working directory is '/home/runner/work/weir-tests/weir-tests'
database-full-load (0)	Run actions/checkout@3d3c42e5aac5ba805825da76410c181273ba90b1	2026-10-03T22:56:58.6625150Z [command]/usr/bin/git version
database-full-load (0)	Run actions/checkout@3d3c42e5aac5ba805825da76410c181273ba90b1	2026-10-03T22:56:58.6710441Z git version 2.55.0
database-full-load (0)	Run actions/checkout@3d3c42e5aac5ba805825da76410c181273ba90b1	2026-10-03T22:56:58.6734512Z ##[endgroup]
database-full-load (0)	Run actions/checkout@3d3c42e5aac5ba805825da76410c181273ba90b1	2026-10-03T22:56:58.6746816Z Temporarily overriding HOME='/home/runner/work/_temp/79c2782c-45c4-4d81-ad30-8189c19b1ab1' before making global git config changes
database-full-load (0)	Run actions/checkout@3d3c42e5aac5ba805825da76410c181273ba90b1	2026-10-03T22:56:58.6749697Z Adding repository directory to the temporary git global config as a safe directory
database-full-load (0)	Run actions/checkout@3d3c42e5aac5ba805825da76410c181273ba90b1	2026-10-03T22:56:58.6754195Z [command]/usr/bin/git config --global --add safe.directory /home/runner/work/weir-tests/weir-tests
database-full-load (0)	Run actions/checkout@3d3c42e5aac5ba805825da76410c181273ba90b1	2026-10-03T22:56:58.6806270Z Deleting the contents of '/home/runner/work/weir-tests/weir-tests'
database-full-load (0)	Run actions/checkout@3d3c42e5aac5ba805825da76410c181273ba90b1	2026-10-03T22:56:58.6809879Z ##[group]Determining repository object format
database-full-load (0)	Run actions/checkout@3d3c42e5aac5ba805825da76410c181273ba90b1	2026-10-03T22:56:58.6812075Z ##[endgroup]
database-full-load (0)	Run actions/checkout@3d3c42e5aac5ba805825da76410c181273ba90b1	2026-10-03T22:56:58.6813308Z ##[group]Initializing the repository
database-full-load (0)	Run actions/checkout@3d3c42e5aac5ba805825da76410c181273ba90b1	2026-10-03T22:56:58.6817085Z [command]/usr/bin/git init /home/runner/work/weir-tests/weir-tests
database-full-load (0)	Run actions/checkout@3d3c42e5aac5ba805825da76410c181273ba90b1	2026-10-03T22:56:58.6933122Z hint: Using 'master' as the name for the initial branch. This default branch name
database-full-load (0)	Run actions/checkout@3d3c42e5aac5ba805825da76410c181273ba90b1	2026-10-03T22:56:58.6934608Z hint: will change to "main" in Git 3.0. To configure the initial branch name
database-full-load (0)	Run actions/checkout@3d3c42e5aac5ba805825da76410c181273ba90b1	2026-10-03T22:56:58.6935960Z hint: to use in all of your new repositories, which will suppress this warning,
database-full-load (0)	Run actions/checkout@3d3c42e5aac5ba805825da76410c181273ba90b1	2026-10-03T22:56:58.6936888Z hint: call:
database-full-load (0)	Run actions/checkout@3d3c42e5aac5ba805825da76410c181273ba90b1	2026-10-03T22:56:58.6937363Z hint:
database-full-load (0)	Run actions/checkout@3d3c42e5aac5ba805825da76410c181273ba90b1	2026-10-03T22:56:58.6938004Z hint: 	git config --global init.defaultBranch <name>
database-full-load (0)	Run actions/checkout@3d3c42e5aac5ba805825da76410c181273ba90b1	2026-10-03T22:56:58.6938791Z hint:
database-full-load (0)	Run actions/checkout@3d3c42e5aac5ba805825da76410c181273ba90b1	2026-10-03T22:56:58.6939458Z hint: Names commonly chosen instead of 'master' are 'main', 'trunk' and
database-full-load (0)	Run actions/checkout@3d3c42e5aac5ba805825da76410c181273ba90b1	2026-10-03T22:56:58.6940563Z hint: 'development'. The just-created branch can be renamed via this command:
database-full-load (0)	Run actions/checkout@3d3c42e5aac5ba805825da76410c181273ba90b1	2026-10-03T22:56:58.6942187Z hint:
database-full-load (0)	Run actions/checkout@3d3c42e5aac5ba805825da76410c181273ba90b1	2026-10-03T22:56:58.6943011Z hint: 	git branch -m <name>
database-full-load (0)	Run actions/checkout@3d3c42e5aac5ba805825da76410c181273ba90b1	2026-10-03T22:56:58.6943905Z hint:
database-full-load (0)	Run actions/checkout@3d3c42e5aac5ba805825da76410c181273ba90b1	2026-10-03T22:56:58.6945103Z hint: Disable this message with "git config set advice.defaultBranchName false"
database-full-load (0)	Run actions/checkout@3d3c42e5aac5ba805825da76410c181273ba90b1	2026-10-03T22:56:58.6947121Z Initialized empty Git repository in /home/runner/work/weir-tests/weir-tests/.git/
database-full-load (0)	Run actions/checkout@3d3c42e5aac5ba805825da76410c181273ba90b1	2026-10-03T22:56:58.6949692Z [command]/usr/bin/git remote add origin https://github.com/batchstream/weir-tests
database-full-load (0)	Run actions/checkout@3d3c42e5aac5ba805825da76410c181273ba90b1	2026-10-03T22:56:58.7012845Z ##[endgroup]
database-full-load (0)	Run actions/checkout@3d3c42e5aac5ba805825da76410c181273ba90b1	2026-10-03T22:56:58.7014578Z ##[group]Disabling automatic garbage collection
database-full-load (0)	Run actions/checkout@3d3c42e5aac5ba805825da76410c181273ba90b1	2026-10-03T22:56:58.7016382Z [command]/usr/bin/git config --local gc.auto 0
database-full-load (0)	Run actions/checkout@3d3c42e5aac5ba805825da76410c181273ba90b1	2026-10-03T22:56:58.7052320Z ##[endgroup]
database-full-load (0)	Run actions/checkout@3d3c42e5aac5ba805825da76410c181273ba90b1	2026-10-03T22:56:58.7053778Z ##[group]Setting up auth
database-full-load (0)	Run actions/checkout@3d3c42e5aac5ba805825da76410c181273ba90b1	2026-10-03T22:56:58.7054847Z Removing SSH command configuration
database-full-load (0)	Run actions/checkout@3d3c42e5aac5ba805825da76410c181273ba90b1	2026-10-03T22:56:58.7059858Z [command]/usr/bin/git config --local --name-only --get-regexp core\.sshCommand
database-full-load (0)	Run actions/checkout@3d3c42e5aac5ba805825da76410c181273ba90b1	2026-10-03T22:56:58.7104121Z [command]/usr/bin/git submodule foreach --recursive sh -c "git config --local --name-only --get-regexp 'core\.sshCommand' && git config --local --unset-all 'core.sshCommand' || :"
database-full-load (0)	Run actions/checkout@3d3c42e5aac5ba805825da76410c181273ba90b1	2026-10-03T22:56:58.7485600Z Removing HTTP extra header
database-full-load (0)	Run actions/checkout@3d3c42e5aac5ba805825da76410c181273ba90b1	2026-10-03T22:56:58.7490767Z [command]/usr/bin/git config --local --name-only --get-regexp http\.https\:\/\/github\.com\/\.extraheader
database-full-load (0)	Run actions/checkout@3d3c42e5aac5ba805825da76410c181273ba90b1	2026-10-03T22:56:58.7536916Z [command]/usr/bin/git submodule foreach --recursive sh -c "git config --local --name-only --get-regexp 'http\.https\:\/\/github\.com\/\.extraheader' && git config --local --unset-all 'http.https://github.com/.extraheader' || :"
database-full-load (0)	Run actions/checkout@3d3c42e5aac5ba805825da76410c181273ba90b1	2026-10-03T22:56:58.7774909Z Removing includeIf entries pointing to credentials config files
database-full-load (0)	Run actions/checkout@3d3c42e5aac5ba805825da76410c181273ba90b1	2026-10-03T22:56:58.7780508Z [command]/usr/bin/git config --local --name-only --get-regexp ^includeIf\.gitdir:
database-full-load (0)	Run actions/checkout@3d3c42e5aac5ba805825da76410c181273ba90b1	2026-10-03T22:56:58.7821141Z [command]/usr/bin/git submodule foreach --recursive git config --local --show-origin --name-only --get-regexp remote.origin.url
database-full-load (0)	Run actions/checkout@3d3c42e5aac5ba805825da76410c181273ba90b1	2026-10-03T22:56:58.8068254Z [command]/usr/bin/git config --file /home/runner/work/_temp/git-credentials-40aa7870-3a00-4685-82f0-703d1b8c6673.config http.https://github.com/.extraheader AUTHORIZATION: basic ***
database-full-load (0)	Run actions/checkout@3d3c42e5aac5ba805825da76410c181273ba90b1	2026-10-03T22:56:58.8113068Z [command]/usr/bin/git config --local includeIf.gitdir:/home/runner/work/weir-tests/weir-tests/.git.path /home/runner/work/_temp/git-credentials-40aa7870-3a00-4685-82f0-703d1b8c6673.config
database-full-load (0)	Run actions/checkout@3d3c42e5aac5ba805825da76410c181273ba90b1	2026-10-03T22:56:58.8150898Z [command]/usr/bin/git config --local includeIf.gitdir:/home/runner/work/weir-tests/weir-tests/.git/worktrees/*.path /home/runner/work/_temp/git-credentials-40aa7870-3a00-4685-82f0-703d1b8c6673.config
database-full-load (0)	Run actions/checkout@3d3c42e5aac5ba805825da76410c181273ba90b1	2026-10-03T22:56:58.8191741Z [command]/usr/bin/git config --local includeIf.gitdir:/github/workspace/.git.path /github/runner_temp/git-credentials-40aa7870-3a00-4685-82f0-703d1b8c6673.config
database-full-load (0)	Run actions/checkout@3d3c42e5aac5ba805825da76410c181273ba90b1	2026-10-03T22:56:58.8227911Z [command]/usr/bin/git config --local includeIf.gitdir:/github/workspace/.git/worktrees/*.path /github/runner_temp/git-credentials-40aa7870-3a00-4685-82f0-703d1b8c6673.config
database-full-load (0)	Run actions/checkout@3d3c42e5aac5ba805825da76410c181273ba90b1	2026-10-03T22:56:58.8260776Z ##[endgroup]
database-full-load (0)	Run actions/checkout@3d3c42e5aac5ba805825da76410c181273ba90b1	2026-10-03T22:56:58.8262027Z ##[group]Fetching the repository
database-full-load (0)	Run actions/checkout@3d3c42e5aac5ba805825da76410c181273ba90b1	2026-10-03T22:56:58.8268241Z [command]/usr/bin/git -c protocol.version=2 fetch --no-tags --prune --no-recurse-submodules --depth=1 origin 03fcec1bbb3806a41eca2aa39b4ff702a4b59331
database-full-load (0)	Run actions/checkout@3d3c42e5aac5ba805825da76410c181273ba90b1	2026-10-03T22:56:59.5097459Z From https://github.com/batchstream/weir-tests
database-full-load (0)	Run actions/checkout@3d3c42e5aac5ba805825da76410c181273ba90b1	2026-10-03T22:56:59.5099908Z  * branch            03fcec1bbb3806a41eca2aa39b4ff702a4b59331 -> FETCH_HEAD
database-full-load (0)	Run actions/checkout@3d3c42e5aac5ba805825da76410c181273ba90b1	2026-10-03T22:56:59.5109465Z [command]/usr/bin/git rev-parse --verify --quiet 03fcec1bbb3806a41eca2aa39b4ff702a4b59331^{object}
database-full-load (0)	Run actions/checkout@3d3c42e5aac5ba805825da76410c181273ba90b1	2026-10-03T22:56:59.5140729Z 03fcec1bbb3806a41eca2aa39b4ff702a4b59331
database-full-load (0)	Run actions/checkout@3d3c42e5aac5ba805825da76410c181273ba90b1	2026-10-03T22:56:59.5147258Z ##[endgroup]
database-full-load (0)	Run actions/checkout@3d3c42e5aac5ba805825da76410c181273ba90b1	2026-10-03T22:56:59.5148589Z ##[group]Determining the checkout info
database-full-load (0)	Run actions/checkout@3d3c42e5aac5ba805825da76410c181273ba90b1	2026-10-03T22:56:59.5150108Z ##[endgroup]
database-full-load (0)	Run actions/checkout@3d3c42e5aac5ba805825da76410c181273ba90b1	2026-10-03T22:56:59.5151938Z [command]/usr/bin/git sparse-checkout disable
database-full-load (0)	Run actions/checkout@3d3c42e5aac5ba805825da76410c181273ba90b1	2026-10-03T22:56:59.5210259Z [command]/usr/bin/git config --local --unset-all extensions.worktreeConfig
database-full-load (0)	Run actions/checkout@3d3c42e5aac5ba805825da76410c181273ba90b1	2026-10-03T22:56:59.5247873Z ##[group]Checking out the ref
database-full-load (0)	Run actions/checkout@3d3c42e5aac5ba805825da76410c181273ba90b1	2026-10-03T22:56:59.5252797Z [command]/usr/bin/git checkout --progress --force 03fcec1bbb3806a41eca2aa39b4ff702a4b59331
database-full-load (0)	Run actions/checkout@3d3c42e5aac5ba805825da76410c181273ba90b1	2026-10-03T22:56:59.6428589Z Note: switching to '03fcec1bbb3806a41eca2aa39b4ff702a4b59331'.
database-full-load (0)	Run actions/checkout@3d3c42e5aac5ba805825da76410c181273ba90b1	2026-10-03T22:56:59.6429941Z 
database-full-load (0)	Run actions/checkout@3d3c42e5aac5ba805825da76410c181273ba90b1	2026-10-03T22:56:59.6430714Z You are in 'detached HEAD' state. You can look around, make experimental
database-full-load (0)	Run actions/checkout@3d3c42e5aac5ba805825da76410c181273ba90b1	2026-10-03T22:56:59.6433332Z changes and commit them, and you can discard any commits you make in this
database-full-load (0)	Run actions/checkout@3d3c42e5aac5ba805825da76410c181273ba90b1	2026-10-03T22:56:59.6435617Z state without impacting any branches by switching back to a branch.
database-full-load (0)	Run actions/checkout@3d3c42e5aac5ba805825da76410c181273ba90b1	2026-10-03T22:56:59.6437021Z 
database-full-load (0)	Run actions/checkout@3d3c42e5aac5ba805825da76410c181273ba90b1	2026-10-03T22:56:59.6437969Z If you want to create a new branch to retain commits you create, you may
database-full-load (0)	Run actions/checkout@3d3c42e5aac5ba805825da76410c181273ba90b1	2026-10-03T22:56:59.6440240Z do so (now or later) by using -c with the switch command. Example:
database-full-load (0)	Run actions/checkout@3d3c42e5aac5ba805825da76410c181273ba90b1	2026-10-03T22:56:59.6441703Z 
database-full-load (0)	Run actions/checkout@3d3c42e5aac5ba805825da76410c181273ba90b1	2026-10-03T22:56:59.6442285Z   git switch -c <new-branch-name>
database-full-load (0)	Run actions/checkout@3d3c42e5aac5ba805825da76410c181273ba90b1	2026-10-03T22:56:59.6443314Z 
database-full-load (0)	Run actions/checkout@3d3c42e5aac5ba805825da76410c181273ba90b1	2026-10-03T22:56:59.6443876Z Or undo this operation with:
database-full-load (0)	Run actions/checkout@3d3c42e5aac5ba805825da76410c181273ba90b1	2026-10-03T22:56:59.6444724Z 
database-full-load (0)	Run actions/checkout@3d3c42e5aac5ba805825da76410c181273ba90b1	2026-10-03T22:56:59.6445237Z   git switch -
database-full-load (0)	Run actions/checkout@3d3c42e5aac5ba805825da76410c181273ba90b1	2026-10-03T22:56:59.6446144Z 
database-full-load (0)	Run actions/checkout@3d3c42e5aac5ba805825da76410c181273ba90b1	2026-10-03T22:56:59.6447186Z Turn off this advice by setting config variable advice.detachedHead to false
database-full-load (0)	Run actions/checkout@3d3c42e5aac5ba805825da76410c181273ba90b1	2026-10-03T22:56:59.6448709Z 
database-full-load (0)	Run actions/checkout@3d3c42e5aac5ba805825da76410c181273ba90b1	2026-10-03T22:56:59.6450127Z HEAD is now at 03fcec1 🐛 fix: bound database monitoring without discarding CPU evidence
database-full-load (0)	Run actions/checkout@3d3c42e5aac5ba805825da76410c181273ba90b1	2026-10-03T22:56:59.6460990Z ##[endgroup]
database-full-load (0)	Run actions/checkout@3d3c42e5aac5ba805825da76410c181273ba90b1	2026-10-03T22:56:59.6512138Z [command]/usr/bin/git log -1 --format=%H
database-full-load (0)	Run actions/checkout@3d3c42e5aac5ba805825da76410c181273ba90b1	2026-10-03T22:56:59.6543290Z 03fcec1bbb3806a41eca2aa39b4ff702a4b59331
database-full-load (0)	Run actions/checkout@3d3c42e5aac5ba805825da76410c181273ba90b1	2026-10-03T22:56:59.6555335Z ##[group]Removing auth
database-full-load (0)	Run actions/checkout@3d3c42e5aac5ba805825da76410c181273ba90b1	2026-10-03T22:56:59.6556815Z Removing SSH command configuration
database-full-load (0)	Run actions/checkout@3d3c42e5aac5ba805825da76410c181273ba90b1	2026-10-03T22:56:59.6559526Z [command]/usr/bin/git config --local --name-only --get-regexp core\.sshCommand
database-full-load (0)	Run actions/checkout@3d3c42e5aac5ba805825da76410c181273ba90b1	2026-10-03T22:56:59.6597627Z [command]/usr/bin/git submodule foreach --recursive sh -c "git config --local --name-only --get-regexp 'core\.sshCommand' && git config --local --unset-all 'core.sshCommand' || :"
database-full-load (0)	Run actions/checkout@3d3c42e5aac5ba805825da76410c181273ba90b1	2026-10-03T22:56:59.6852976Z Removing HTTP extra header
database-full-load (0)	Run actions/checkout@3d3c42e5aac5ba805825da76410c181273ba90b1	2026-10-03T22:56:59.6857895Z [command]/usr/bin/git config --local --name-only --get-regexp http\.https\:\/\/github\.com\/\.extraheader
database-full-load (0)	Run actions/checkout@3d3c42e5aac5ba805825da76410c181273ba90b1	2026-10-03T22:56:59.6904522Z [command]/usr/bin/git submodule foreach --recursive sh -c "git config --local --name-only --get-regexp 'http\.https\:\/\/github\.com\/\.extraheader' && git config --local --unset-all 'http.https://github.com/.extraheader' || :"
database-full-load (0)	Run actions/checkout@3d3c42e5aac5ba805825da76410c181273ba90b1	2026-10-03T22:56:59.7140840Z Removing includeIf entries pointing to credentials config files
database-full-load (0)	Run actions/checkout@3d3c42e5aac5ba805825da76410c181273ba90b1	2026-10-03T22:56:59.7145164Z [command]/usr/bin/git config --local --name-only --get-regexp ^includeIf\.gitdir:
database-full-load (0)	Run actions/checkout@3d3c42e5aac5ba805825da76410c181273ba90b1	2026-10-03T22:56:59.7179374Z includeif.gitdir:/home/runner/work/weir-tests/weir-tests/.git.path
database-full-load (0)	Run actions/checkout@3d3c42e5aac5ba805825da76410c181273ba90b1	2026-10-03T22:56:59.7183683Z includeif.gitdir:/home/runner/work/weir-tests/weir-tests/.git/worktrees/*.path
database-full-load (0)	Run actions/checkout@3d3c42e5aac5ba805825da76410c181273ba90b1	2026-10-03T22:56:59.7187386Z includeif.gitdir:/github/workspace/.git.path
database-full-load (0)	Run actions/checkout@3d3c42e5aac5ba805825da76410c181273ba90b1	2026-10-03T22:56:59.7190179Z includeif.gitdir:/github/workspace/.git/worktrees/*.path
database-full-load (0)	Run actions/checkout@3d3c42e5aac5ba805825da76410c181273ba90b1	2026-10-03T22:56:59.7195598Z [command]/usr/bin/git config --local --get-all includeif.gitdir:/home/runner/work/weir-tests/weir-tests/.git.path
database-full-load (0)	Run actions/checkout@3d3c42e5aac5ba805825da76410c181273ba90b1	2026-10-03T22:56:59.7221970Z /home/runner/work/_temp/git-credentials-40aa7870-3a00-4685-82f0-703d1b8c6673.config
database-full-load (0)	Run actions/checkout@3d3c42e5aac5ba805825da76410c181273ba90b1	2026-10-03T22:56:59.7235983Z [command]/usr/bin/git config --local --unset includeif.gitdir:/home/runner/work/weir-tests/weir-tests/.git.path \/home\/runner\/work\/_temp\/git\-credentials\-40aa7870\-3a00\-4685\-82f0\-703d1b8c6673\.config
database-full-load (0)	Run actions/checkout@3d3c42e5aac5ba805825da76410c181273ba90b1	2026-10-03T22:56:59.7277385Z [command]/usr/bin/git config --local --get-all includeif.gitdir:/home/runner/work/weir-tests/weir-tests/.git/worktrees/*.path
database-full-load (0)	Run actions/checkout@3d3c42e5aac5ba805825da76410c181273ba90b1	2026-10-03T22:56:59.7307619Z /home/runner/work/_temp/git-credentials-40aa7870-3a00-4685-82f0-703d1b8c6673.config
database-full-load (0)	Run actions/checkout@3d3c42e5aac5ba805825da76410c181273ba90b1	2026-10-03T22:56:59.7318646Z [command]/usr/bin/git config --local --unset includeif.gitdir:/home/runner/work/weir-tests/weir-tests/.git/worktrees/*.path \/home\/runner\/work\/_temp\/git\-credentials\-40aa7870\-3a00\-4685\-82f0\-703d1b8c6673\.config
database-full-load (0)	Run actions/checkout@3d3c42e5aac5ba805825da76410c181273ba90b1	2026-10-03T22:56:59.7363833Z [command]/usr/bin/git config --local --get-all includeif.gitdir:/github/workspace/.git.path
database-full-load (0)	Run actions/checkout@3d3c42e5aac5ba805825da76410c181273ba90b1	2026-10-03T22:56:59.7393392Z /github/runner_temp/git-credentials-40aa7870-3a00-4685-82f0-703d1b8c6673.config
database-full-load (0)	Run actions/checkout@3d3c42e5aac5ba805825da76410c181273ba90b1	2026-10-03T22:56:59.7403918Z [command]/usr/bin/git config --local --unset includeif.gitdir:/github/workspace/.git.path \/github\/runner_temp\/git\-credentials\-40aa7870\-3a00\-4685\-82f0\-703d1b8c6673\.config
database-full-load (0)	Run actions/checkout@3d3c42e5aac5ba805825da76410c181273ba90b1	2026-10-03T22:56:59.7487646Z [command]/usr/bin/git config --local --get-all includeif.gitdir:/github/workspace/.git/worktrees/*.path
database-full-load (0)	Run actions/checkout@3d3c42e5aac5ba805825da76410c181273ba90b1	2026-10-03T22:56:59.7531277Z /github/runner_temp/git-credentials-40aa7870-3a00-4685-82f0-703d1b8c6673.config
database-full-load (0)	Run actions/checkout@3d3c42e5aac5ba805825da76410c181273ba90b1	2026-10-03T22:56:59.7546776Z [command]/usr/bin/git config --local --unset includeif.gitdir:/github/workspace/.git/worktrees/*.path \/github\/runner_temp\/git\-credentials\-40aa7870\-3a00\-4685\-82f0\-703d1b8c6673\.config
database-full-load (0)	Run actions/checkout@3d3c42e5aac5ba805825da76410c181273ba90b1	2026-10-03T22:56:59.7592728Z [command]/usr/bin/git submodule foreach --recursive git config --local --show-origin --name-only --get-regexp remote.origin.url
database-full-load (0)	Run actions/checkout@3d3c42e5aac5ba805825da76410c181273ba90b1	2026-10-03T22:56:59.7832190Z Removing credentials config '/home/runner/work/_temp/git-credentials-40aa7870-3a00-4685-82f0-703d1b8c6673.config'
database-full-load (0)	Run actions/checkout@3d3c42e5aac5ba805825da76410c181273ba90b1	2026-10-03T22:56:59.7840742Z ##[endgroup]
database-full-load (0)	Run actions/setup-go@924ae3a1cded613372ab5595356fb5720e22ba16	﻿2026-10-03T22:56:59.8254192Z ##[group]Run actions/setup-go@924ae3a1cded613372ab5595356fb5720e22ba16
database-full-load (0)	Run actions/setup-go@924ae3a1cded613372ab5595356fb5720e22ba16	2026-10-03T22:56:59.8255854Z with:
database-full-load (0)	Run actions/setup-go@924ae3a1cded613372ab5595356fb5720e22ba16	2026-10-03T22:56:59.8256725Z   go-version-file: go.mod
database-full-load (0)	Run actions/setup-go@924ae3a1cded613372ab5595356fb5720e22ba16	2026-10-03T22:56:59.8257756Z   check-latest: false
database-full-load (0)	Run actions/setup-go@924ae3a1cded613372ab5595356fb5720e22ba16	2026-10-03T22:56:59.8268223Z   token: ***
database-full-load (0)	Run actions/setup-go@924ae3a1cded613372ab5595356fb5720e22ba16	2026-10-03T22:56:59.8269115Z   cache: true
database-full-load (0)	Run actions/setup-go@924ae3a1cded613372ab5595356fb5720e22ba16	2026-10-03T22:56:59.8269991Z env:
database-full-load (0)	Run actions/setup-go@924ae3a1cded613372ab5595356fb5720e22ba16	2026-10-03T22:56:59.8270801Z   GOENV: off
database-full-load (0)	Run actions/setup-go@924ae3a1cded613372ab5595356fb5720e22ba16	2026-10-03T22:56:59.8271927Z   GOWORK: off
database-full-load (0)	Run actions/setup-go@924ae3a1cded613372ab5595356fb5720e22ba16	2026-10-03T22:56:59.8272842Z   GOTOOLCHAIN: local
database-full-load (0)	Run actions/setup-go@924ae3a1cded613372ab5595356fb5720e22ba16	2026-10-03T22:56:59.8273812Z   GOFLAGS: -mod=readonly
database-full-load (0)	Run actions/setup-go@924ae3a1cded613372ab5595356fb5720e22ba16	2026-10-03T22:56:59.8274861Z   PYTHONDONTWRITEBYTECODE: 1
database-full-load (0)	Run actions/setup-go@924ae3a1cded613372ab5595356fb5720e22ba16	2026-10-03T22:56:59.8275927Z ##[endgroup]
database-full-load (0)	Run actions/setup-go@924ae3a1cded613372ab5595356fb5720e22ba16	2026-10-03T22:56:59.9608751Z Setup go version spec 1.27.1
database-full-load (0)	Run actions/setup-go@924ae3a1cded613372ab5595356fb5720e22ba16	2026-10-03T22:56:59.9623838Z Attempting to download 1.27.1...
database-full-load (0)	Run actions/setup-go@924ae3a1cded613372ab5595356fb5720e22ba16	2026-10-03T22:57:00.5363371Z matching 1.27.1...
database-full-load (0)	Run actions/setup-go@924ae3a1cded613372ab5595356fb5720e22ba16	2026-10-03T22:57:00.5397362Z Acquiring 1.27.1 from https://github.com/actions/go-versions/releases/download/1.27.1-33583469715/go-1.27.1-linux-x64.tar.gz
database-full-load (0)	Run actions/setup-go@924ae3a1cded613372ab5595356fb5720e22ba16	2026-10-03T22:57:01.1567492Z Extracting Go...
database-full-load (0)	Run actions/setup-go@924ae3a1cded613372ab5595356fb5720e22ba16	2026-10-03T22:57:01.1690628Z [command]/usr/bin/tar xz --warning=no-unknown-keyword --overwrite -C /home/runner/work/_temp/aa6f9dbe-f487-4e34-bb10-a13a81e3fbb3 -f /home/runner/work/_temp/a1c96e60-5f24-4cbd-9ac6-ee5d507ee15f
database-full-load (0)	Run actions/setup-go@924ae3a1cded613372ab5595356fb5720e22ba16	2026-10-03T22:57:02.9133070Z Successfully extracted go to /home/runner/work/_temp/aa6f9dbe-f487-4e34-bb10-a13a81e3fbb3
database-full-load (0)	Run actions/setup-go@924ae3a1cded613372ab5595356fb5720e22ba16	2026-10-03T22:57:02.9133849Z Adding to the cache ...
database-full-load (0)	Run actions/setup-go@924ae3a1cded613372ab5595356fb5720e22ba16	2026-10-03T22:57:08.7970402Z Successfully cached go to /opt/hostedtoolcache/go/1.27.1/x64
database-full-load (0)	Run actions/setup-go@924ae3a1cded613372ab5595356fb5720e22ba16	2026-10-03T22:57:08.7974457Z Added go to the path
database-full-load (0)	Run actions/setup-go@924ae3a1cded613372ab5595356fb5720e22ba16	2026-10-03T22:57:08.7976600Z Successfully set up Go version 1.27.1
database-full-load (0)	Run actions/setup-go@924ae3a1cded613372ab5595356fb5720e22ba16	2026-10-03T22:57:08.8188477Z [command]/opt/hostedtoolcache/go/1.27.1/x64/bin/go env GOMODCACHE
database-full-load (0)	Run actions/setup-go@924ae3a1cded613372ab5595356fb5720e22ba16	2026-10-03T22:57:08.8221034Z [command]/opt/hostedtoolcache/go/1.27.1/x64/bin/go env GOCACHE
database-full-load (0)	Run actions/setup-go@924ae3a1cded613372ab5595356fb5720e22ba16	2026-10-03T22:57:08.8257049Z /home/runner/go/pkg/mod
database-full-load (0)	Run actions/setup-go@924ae3a1cded613372ab5595356fb5720e22ba16	2026-10-03T22:57:08.8277301Z /home/runner/.cache/go-build
database-full-load (0)	Run actions/setup-go@924ae3a1cded613372ab5595356fb5720e22ba16	2026-10-03T22:57:09.0759424Z Cache hit for: setup-go-Linux-x64-ubuntu24-go-1.27.1-f3893fbf0ff2b6e2efba8903234513786674983d753d1815a9a1fcf84a06448a
database-full-load (0)	Run actions/setup-go@924ae3a1cded613372ab5595356fb5720e22ba16	2026-10-03T22:57:10.3661064Z Received 0 of 252007507 (0.0%), 0.0 MBs/sec
database-full-load (0)	Run actions/setup-go@924ae3a1cded613372ab5595356fb5720e22ba16	2026-10-03T22:57:11.3660019Z Received 125829120 of 252007507 (49.9%), 60.0 MBs/sec
database-full-load (0)	Run actions/setup-go@924ae3a1cded613372ab5595356fb5720e22ba16	2026-10-03T22:57:12.3443840Z Received 252007507 of 252007507 (100.0%), 80.7 MBs/sec
database-full-load (0)	Run actions/setup-go@924ae3a1cded613372ab5595356fb5720e22ba16	2026-10-03T22:57:12.3453713Z Cache Size: ~240 MB (252007507 B)
database-full-load (0)	Run actions/setup-go@924ae3a1cded613372ab5595356fb5720e22ba16	2026-10-03T22:57:12.3546792Z [command]/usr/bin/tar -xf /home/runner/work/_temp/98b15a87-0a26-4303-b8f6-8c0dd21271b3/cache.tzst -P -C /home/runner/work/weir-tests/weir-tests --use-compress-program unzstd
database-full-load (0)	Run actions/setup-go@924ae3a1cded613372ab5595356fb5720e22ba16	2026-10-03T22:57:14.4505993Z Cache restored successfully
database-full-load (0)	Run actions/setup-go@924ae3a1cded613372ab5595356fb5720e22ba16	2026-10-03T22:57:14.4658974Z Cache restored from key: setup-go-Linux-x64-ubuntu24-go-1.27.1-f3893fbf0ff2b6e2efba8903234513786674983d753d1815a9a1fcf84a06448a
database-full-load (0)	Run actions/setup-go@924ae3a1cded613372ab5595356fb5720e22ba16	2026-10-03T22:57:14.4688134Z go version go1.27.1 linux/amd64
database-full-load (0)	Run actions/setup-go@924ae3a1cded613372ab5595356fb5720e22ba16	2026-10-03T22:57:14.4688745Z 
database-full-load (0)	Run actions/setup-go@924ae3a1cded613372ab5595356fb5720e22ba16	2026-10-03T22:57:14.4689189Z ##[group]go env
database-full-load (0)	Run actions/setup-go@924ae3a1cded613372ab5595356fb5720e22ba16	2026-10-03T22:57:14.4846803Z AR='ar'
database-full-load (0)	Run actions/setup-go@924ae3a1cded613372ab5595356fb5720e22ba16	2026-10-03T22:57:14.4872111Z CC='gcc'
database-full-load (0)	Run actions/setup-go@924ae3a1cded613372ab5595356fb5720e22ba16	2026-10-03T22:57:14.4872758Z CGO_CFLAGS='-O2 -g'
database-full-load (0)	Run actions/setup-go@924ae3a1cded613372ab5595356fb5720e22ba16	2026-10-03T22:57:14.4873268Z CGO_CPPFLAGS=''
database-full-load (0)	Run actions/setup-go@924ae3a1cded613372ab5595356fb5720e22ba16	2026-10-03T22:57:14.4873756Z CGO_CXXFLAGS='-O2 -g'
database-full-load (0)	Run actions/setup-go@924ae3a1cded613372ab5595356fb5720e22ba16	2026-10-03T22:57:14.4874225Z CGO_ENABLED='1'
database-full-load (0)	Run actions/setup-go@924ae3a1cded613372ab5595356fb5720e22ba16	2026-10-03T22:57:14.4874642Z CGO_FFLAGS='-O2 -g'
database-full-load (0)	Run actions/setup-go@924ae3a1cded613372ab5595356fb5720e22ba16	2026-10-03T22:57:14.4875103Z CGO_LDFLAGS='-O2 -g'
database-full-load (0)	Run actions/setup-go@924ae3a1cded613372ab5595356fb5720e22ba16	2026-10-03T22:57:14.4875545Z CXX='g++'
database-full-load (0)	Run actions/setup-go@924ae3a1cded613372ab5595356fb5720e22ba16	2026-10-03T22:57:14.4875995Z GCCGO='gccgo'
database-full-load (0)	Run actions/setup-go@924ae3a1cded613372ab5595356fb5720e22ba16	2026-10-03T22:57:14.4876405Z GO111MODULE=''
database-full-load (0)	Run actions/setup-go@924ae3a1cded613372ab5595356fb5720e22ba16	2026-10-03T22:57:14.4876806Z GOAMD64='v1'
database-full-load (0)	Run actions/setup-go@924ae3a1cded613372ab5595356fb5720e22ba16	2026-10-03T22:57:14.4877218Z GOARCH='amd64'
database-full-load (0)	Run actions/setup-go@924ae3a1cded613372ab5595356fb5720e22ba16	2026-10-03T22:57:14.4877599Z GOAUTH='netrc'
database-full-load (0)	Run actions/setup-go@924ae3a1cded613372ab5595356fb5720e22ba16	2026-10-03T22:57:14.4877896Z GOBIN='/home/runner/go/bin'
database-full-load (0)	Run actions/setup-go@924ae3a1cded613372ab5595356fb5720e22ba16	2026-10-03T22:57:14.4878253Z GOCACHE='/home/runner/.cache/go-build'
database-full-load (0)	Run actions/setup-go@924ae3a1cded613372ab5595356fb5720e22ba16	2026-10-03T22:57:14.4878612Z GOCACHEPROG=''
database-full-load (0)	Run actions/setup-go@924ae3a1cded613372ab5595356fb5720e22ba16	2026-10-03T22:57:14.4878879Z GODEBUG=''
database-full-load (0)	Run actions/setup-go@924ae3a1cded613372ab5595356fb5720e22ba16	2026-10-03T22:57:14.4879104Z GOENV=''
database-full-load (0)	Run actions/setup-go@924ae3a1cded613372ab5595356fb5720e22ba16	2026-10-03T22:57:14.4879346Z GOEXE=''
database-full-load (0)	Run actions/setup-go@924ae3a1cded613372ab5595356fb5720e22ba16	2026-10-03T22:57:14.4879607Z GOEXPERIMENT=''
database-full-load (0)	Run actions/setup-go@924ae3a1cded613372ab5595356fb5720e22ba16	2026-10-03T22:57:14.4879869Z GOFIPS140='off'
database-full-load (0)	Run actions/setup-go@924ae3a1cded613372ab5595356fb5720e22ba16	2026-10-03T22:57:14.4880134Z GOFLAGS='-mod=readonly'
database-full-load (0)	Run actions/setup-go@924ae3a1cded613372ab5595356fb5720e22ba16	2026-10-03T22:57:14.4881038Z GOGCCFLAGS='-fPIC -m64 -pthread -Wl,--no-gc-sections -fmessage-length=0 -ffile-prefix-map=/tmp/go-build890545086=/tmp/go-build -gno-record-gcc-switches'
database-full-load (0)	Run actions/setup-go@924ae3a1cded613372ab5595356fb5720e22ba16	2026-10-03T22:57:14.4882562Z GOHOSTARCH='amd64'
database-full-load (0)	Run actions/setup-go@924ae3a1cded613372ab5595356fb5720e22ba16	2026-10-03T22:57:14.4882808Z GOHOSTOS='linux'
database-full-load (0)	Run actions/setup-go@924ae3a1cded613372ab5595356fb5720e22ba16	2026-10-03T22:57:14.4883051Z GOINSECURE=''
database-full-load (0)	Run actions/setup-go@924ae3a1cded613372ab5595356fb5720e22ba16	2026-10-03T22:57:14.4883393Z GOMOD='/home/runner/work/weir-tests/weir-tests/go.mod'
database-full-load (0)	Run actions/setup-go@924ae3a1cded613372ab5595356fb5720e22ba16	2026-10-03T22:57:14.4883777Z GOMODCACHE='/home/runner/go/pkg/mod'
database-full-load (0)	Run actions/setup-go@924ae3a1cded613372ab5595356fb5720e22ba16	2026-10-03T22:57:14.4884074Z GONOPROXY=''
database-full-load (0)	Run actions/setup-go@924ae3a1cded613372ab5595356fb5720e22ba16	2026-10-03T22:57:14.4884271Z GONOSUMDB=''
database-full-load (0)	Run actions/setup-go@924ae3a1cded613372ab5595356fb5720e22ba16	2026-10-03T22:57:14.4884494Z GOOS='linux'
database-full-load (0)	Run actions/setup-go@924ae3a1cded613372ab5595356fb5720e22ba16	2026-10-03T22:57:14.4884715Z GOPACKAGESDRIVER=''
database-full-load (0)	Run actions/setup-go@924ae3a1cded613372ab5595356fb5720e22ba16	2026-10-03T22:57:14.4884946Z GOPATH='/home/runner/go'
database-full-load (0)	Run actions/setup-go@924ae3a1cded613372ab5595356fb5720e22ba16	2026-10-03T22:57:14.4885199Z GOPRIVATE=''
database-full-load (0)	Run actions/setup-go@924ae3a1cded613372ab5595356fb5720e22ba16	2026-10-03T22:57:14.4885490Z GOPROXY='https://proxy.golang.org,direct'
database-full-load (0)	Run actions/setup-go@924ae3a1cded613372ab5595356fb5720e22ba16	2026-10-03T22:57:14.4885864Z GOROOT='/opt/hostedtoolcache/go/1.27.1/x64'
database-full-load (0)	Run actions/setup-go@924ae3a1cded613372ab5595356fb5720e22ba16	2026-10-03T22:57:14.4886204Z GOSUMDB='sum.golang.org'
database-full-load (0)	Run actions/setup-go@924ae3a1cded613372ab5595356fb5720e22ba16	2026-10-03T22:57:14.4886442Z GOTELEMETRY='local'
database-full-load (0)	Run actions/setup-go@924ae3a1cded613372ab5595356fb5720e22ba16	2026-10-03T22:57:14.4886735Z GOTELEMETRYDIR='/home/runner/.config/go/telemetry'
database-full-load (0)	Run actions/setup-go@924ae3a1cded613372ab5595356fb5720e22ba16	2026-10-03T22:57:14.4887083Z GOTMPDIR=''
database-full-load (0)	Run actions/setup-go@924ae3a1cded613372ab5595356fb5720e22ba16	2026-10-03T22:57:14.4887326Z GOTOOLCHAIN='local'
database-full-load (0)	Run actions/setup-go@924ae3a1cded613372ab5595356fb5720e22ba16	2026-10-03T22:57:14.4887735Z GOTOOLDIR='/opt/hostedtoolcache/go/1.27.1/x64/pkg/tool/linux_amd64'
database-full-load (0)	Run actions/setup-go@924ae3a1cded613372ab5595356fb5720e22ba16	2026-10-03T22:57:14.4888194Z GOVCS=''
database-full-load (0)	Run actions/setup-go@924ae3a1cded613372ab5595356fb5720e22ba16	2026-10-03T22:57:14.4888440Z GOVERSION='go1.27.1'
database-full-load (0)	Run actions/setup-go@924ae3a1cded613372ab5595356fb5720e22ba16	2026-10-03T22:57:14.4888681Z GOWORK='off'
database-full-load (0)	Run actions/setup-go@924ae3a1cded613372ab5595356fb5720e22ba16	2026-10-03T22:57:14.4888902Z PKG_CONFIG='pkg-config'
database-full-load (0)	Run actions/setup-go@924ae3a1cded613372ab5595356fb5720e22ba16	2026-10-03T22:57:14.4889080Z 
database-full-load (0)	Run actions/setup-go@924ae3a1cded613372ab5595356fb5720e22ba16	2026-10-03T22:57:14.4889374Z ##[endgroup]
database-full-load (0)	Prepare immutable tools and owned database images	﻿2026-10-03T22:57:14.5066138Z ##[group]Run python3 scripts/download_modules.py
database-full-load (0)	Prepare immutable tools and owned database images	2026-10-03T22:57:14.5066617Z [36;1mpython3 scripts/download_modules.py[0m
database-full-load (0)	Prepare immutable tools and owned database images	2026-10-03T22:57:14.5066958Z [36;1mpython3 scripts/prepare_weir.py[0m
database-full-load (0)	Prepare immutable tools and owned database images	2026-10-03T22:57:14.5067279Z [36;1mpython3 scripts/prepare_images.py[0m
database-full-load (0)	Prepare immutable tools and owned database images	2026-10-03T22:57:14.5333951Z shell: /usr/bin/bash --noprofile --norc -e -o pipefail {0}
database-full-load (0)	Prepare immutable tools and owned database images	2026-10-03T22:57:14.5334428Z env:
database-full-load (0)	Prepare immutable tools and owned database images	2026-10-03T22:57:14.5334912Z   GOENV: off
database-full-load (0)	Prepare immutable tools and owned database images	2026-10-03T22:57:14.5335172Z   GOWORK: off
database-full-load (0)	Prepare immutable tools and owned database images	2026-10-03T22:57:14.5335432Z   GOTOOLCHAIN: local
database-full-load (0)	Prepare immutable tools and owned database images	2026-10-03T22:57:14.5335724Z   GOFLAGS: -mod=readonly
database-full-load (0)	Prepare immutable tools and owned database images	2026-10-03T22:57:14.5336039Z   PYTHONDONTWRITEBYTECODE: 1
database-full-load (0)	Prepare immutable tools and owned database images	2026-10-03T22:57:14.5336369Z ##[endgroup]
database-full-load (0)	Prepare immutable tools and owned database images	2026-10-03T22:57:16.8637699Z all modules verified
database-full-load (0)	Prepare immutable tools and owned database images	2026-10-03T22:57:41.5757034Z /home/runner/work/weir-tests/weir-tests/.tools/weir
database-full-load (0)	Prepare immutable tools and owned database images	2026-10-03T22:57:42.3154671Z docker.io/library/mongo@sha256:d0d926f94df099bff534b7ee5b5986458131a22489dfff8664509af0c1e2ca9c: Pulling from library/mongo
database-full-load (0)	Prepare immutable tools and owned database images	2026-10-03T22:57:42.5738469Z a60ef8ec184e: Pulling fs layer
database-full-load (0)	Prepare immutable tools and owned database images	2026-10-03T22:57:42.5742570Z c4a88db82a6d: Pulling fs layer
database-full-load (0)	Prepare immutable tools and owned database images	2026-10-03T22:57:42.5743108Z f97373a3dd33: Pulling fs layer
database-full-load (0)	Prepare immutable tools and owned database images	2026-10-03T22:57:42.5743716Z 59898ec81c6b: Pulling fs layer
database-full-load (0)	Prepare immutable tools and owned database images	2026-10-03T22:57:42.5744034Z 2252b895f5de: Pulling fs layer
database-full-load (0)	Prepare immutable tools and owned database images	2026-10-03T22:57:42.5744337Z 08f85ec03d22: Pulling fs layer
database-full-load (0)	Prepare immutable tools and owned database images	2026-10-03T22:57:42.5744643Z cfbbec1d5328: Pulling fs layer
database-full-load (0)	Prepare immutable tools and owned database images	2026-10-03T22:57:42.5744960Z eedb5e3e5b38: Pulling fs layer
database-full-load (0)	Prepare immutable tools and owned database images	2026-10-03T22:57:42.5745287Z 59898ec81c6b: Waiting
database-full-load (0)	Prepare immutable tools and owned database images	2026-10-03T22:57:42.5745547Z 2252b895f5de: Waiting
database-full-load (0)	Prepare immutable tools and owned database images	2026-10-03T22:57:42.5745805Z 08f85ec03d22: Waiting
database-full-load (0)	Prepare immutable tools and owned database images	2026-10-03T22:57:42.5746073Z cfbbec1d5328: Waiting
database-full-load (0)	Prepare immutable tools and owned database images	2026-10-03T22:57:42.5746329Z eedb5e3e5b38: Waiting
database-full-load (0)	Prepare immutable tools and owned database images	2026-10-03T22:57:42.7934821Z c4a88db82a6d: Verifying Checksum
database-full-load (0)	Prepare immutable tools and owned database images	2026-10-03T22:57:42.7935421Z c4a88db82a6d: Download complete
database-full-load (0)	Prepare immutable tools and owned database images	2026-10-03T22:57:42.8132456Z f97373a3dd33: Download complete
database-full-load (0)	Prepare immutable tools and owned database images	2026-10-03T22:57:42.8836920Z a60ef8ec184e: Verifying Checksum
database-full-load (0)	Prepare immutable tools and owned database images	2026-10-03T22:57:42.8838309Z a60ef8ec184e: Download complete
database-full-load (0)	Prepare immutable tools and owned database images	2026-10-03T22:57:43.0262931Z 59898ec81c6b: Verifying Checksum
database-full-load (0)	Prepare immutable tools and owned database images	2026-10-03T22:57:43.0263841Z 59898ec81c6b: Download complete
database-full-load (0)	Prepare immutable tools and owned database images	2026-10-03T22:57:43.0287185Z 2252b895f5de: Verifying Checksum
database-full-load (0)	Prepare immutable tools and owned database images	2026-10-03T22:57:43.0287719Z 2252b895f5de: Download complete
database-full-load (0)	Prepare immutable tools and owned database images	2026-10-03T22:57:43.0981102Z 08f85ec03d22: Verifying Checksum
database-full-load (0)	Prepare immutable tools and owned database images	2026-10-03T22:57:43.0982936Z 08f85ec03d22: Download complete
database-full-load (0)	Prepare immutable tools and owned database images	2026-10-03T22:57:43.2346910Z eedb5e3e5b38: Verifying Checksum
database-full-load (0)	Prepare immutable tools and owned database images	2026-10-03T22:57:43.2347644Z eedb5e3e5b38: Download complete
database-full-load (0)	Prepare immutable tools and owned database images	2026-10-03T22:57:44.0795128Z a60ef8ec184e: Pull complete
database-full-load (0)	Prepare immutable tools and owned database images	2026-10-03T22:57:44.1792920Z cfbbec1d5328: Verifying Checksum
database-full-load (0)	Prepare immutable tools and owned database images	2026-10-03T22:57:44.1793482Z cfbbec1d5328: Download complete
database-full-load (0)	Prepare immutable tools and owned database images	2026-10-03T22:57:45.8589310Z c4a88db82a6d: Pull complete
database-full-load (0)	Prepare immutable tools and owned database images	2026-10-03T22:57:46.0135806Z f97373a3dd33: Pull complete
database-full-load (0)	Prepare immutable tools and owned database images	2026-10-03T22:57:46.0553737Z 59898ec81c6b: Pull complete
database-full-load (0)	Prepare immutable tools and owned database images	2026-10-03T22:57:46.0631160Z 2252b895f5de: Pull complete
database-full-load (0)	Prepare immutable tools and owned database images	2026-10-03T22:57:46.0708961Z 08f85ec03d22: Pull complete
database-full-load (0)	Prepare immutable tools and owned database images	2026-10-03T22:57:51.5553500Z cfbbec1d5328: Pull complete
database-full-load (0)	Prepare immutable tools and owned database images	2026-10-03T22:57:51.5660455Z eedb5e3e5b38: Pull complete
database-full-load (0)	Prepare immutable tools and owned database images	2026-10-03T22:57:51.5704174Z Digest: sha256:d0d926f94df099bff534b7ee5b5986458131a22489dfff8664509af0c1e2ca9c
database-full-load (0)	Prepare immutable tools and owned database images	2026-10-03T22:57:51.5710901Z Status: Downloaded newer image for mongo@sha256:d0d926f94df099bff534b7ee5b5986458131a22489dfff8664509af0c1e2ca9c
database-full-load (0)	Prepare immutable tools and owned database images	2026-10-03T22:57:51.5719725Z docker.io/library/mongo@sha256:d0d926f94df099bff534b7ee5b5986458131a22489dfff8664509af0c1e2ca9c
database-full-load (0)	Prepare immutable tools and owned database images	2026-10-03T22:57:52.2709704Z docker.elastic.co/elasticsearch/elasticsearch@sha256:e98f9c3b09beb2fbb9eaf667d602df3f0e00bd3644138b8458dc17ba1a675595: Pulling from elasticsearch/elasticsearch
database-full-load (0)	Prepare immutable tools and owned database images	2026-10-03T22:57:52.6356216Z 2c22c1bb1ce1: Pulling fs layer
database-full-load (0)	Prepare immutable tools and owned database images	2026-10-03T22:57:52.6357000Z 2796a25b8094: Pulling fs layer
database-full-load (0)	Prepare immutable tools and owned database images	2026-10-03T22:57:52.6357555Z 714e5b673049: Pulling fs layer
database-full-load (0)	Prepare immutable tools and owned database images	2026-10-03T22:57:52.6358787Z bd9ddc54bea9: Pulling fs layer
database-full-load (0)	Prepare immutable tools and owned database images	2026-10-03T22:57:52.6359162Z 2d68f716f01a: Pulling fs layer
database-full-load (0)	Prepare immutable tools and owned database images	2026-10-03T22:57:52.6359620Z c52e3a203c20: Pulling fs layer
database-full-load (0)	Prepare immutable tools and owned database images	2026-10-03T22:57:52.6359894Z 9b415d76a9c6: Pulling fs layer
database-full-load (0)	Prepare immutable tools and owned database images	2026-10-03T22:57:52.6360146Z d527cffe3ef6: Pulling fs layer
database-full-load (0)	Prepare immutable tools and owned database images	2026-10-03T22:57:52.6360850Z b8cda4b5aaf3: Pulling fs layer
database-full-load (0)	Prepare immutable tools and owned database images	2026-10-03T22:57:52.6361101Z 32c1c18d2ea5: Pulling fs layer
database-full-load (0)	Prepare immutable tools and owned database images	2026-10-03T22:57:52.6361533Z bd9ddc54bea9: Waiting
database-full-load (0)	Prepare immutable tools and owned database images	2026-10-03T22:57:52.6361899Z 9b415d76a9c6: Waiting
database-full-load (0)	Prepare immutable tools and owned database images	2026-10-03T22:57:52.6362167Z d527cffe3ef6: Waiting
database-full-load (0)	Prepare immutable tools and owned database images	2026-10-03T22:57:52.6362377Z b8cda4b5aaf3: Waiting
database-full-load (0)	Prepare immutable tools and owned database images	2026-10-03T22:57:52.6362579Z 32c1c18d2ea5: Waiting
database-full-load (0)	Prepare immutable tools and owned database images	2026-10-03T22:57:52.6363092Z 2d68f716f01a: Waiting
database-full-load (0)	Prepare immutable tools and owned database images	2026-10-03T22:57:52.6363366Z c52e3a203c20: Waiting
database-full-load (0)	Prepare immutable tools and owned database images	2026-10-03T22:57:52.9165206Z 714e5b673049: Verifying Checksum
database-full-load (0)	Prepare immutable tools and owned database images	2026-10-03T22:57:52.9165821Z 714e5b673049: Download complete
database-full-load (0)	Prepare immutable tools and owned database images	2026-10-03T22:57:53.1644531Z 2796a25b8094: Verifying Checksum
database-full-load (0)	Prepare immutable tools and owned database images	2026-10-03T22:57:53.1644912Z 2796a25b8094: Download complete
database-full-load (0)	Prepare immutable tools and owned database images	2026-10-03T22:57:53.1793502Z bd9ddc54bea9: Download complete
database-full-load (0)	Prepare immutable tools and owned database images	2026-10-03T22:57:53.2795774Z 2c22c1bb1ce1: Verifying Checksum
database-full-load (0)	Prepare immutable tools and owned database images	2026-10-03T22:57:53.2796413Z 2c22c1bb1ce1: Download complete
database-full-load (0)	Prepare immutable tools and owned database images	2026-10-03T22:57:53.4541213Z c52e3a203c20: Verifying Checksum
database-full-load (0)	Prepare immutable tools and owned database images	2026-10-03T22:57:53.4542475Z c52e3a203c20: Download complete
database-full-load (0)	Prepare immutable tools and owned database images	2026-10-03T22:57:53.7267506Z d527cffe3ef6: Verifying Checksum
database-full-load (0)	Prepare immutable tools and owned database images	2026-10-03T22:57:53.7268209Z d527cffe3ef6: Download complete
database-full-load (0)	Prepare immutable tools and owned database images	2026-10-03T22:57:53.7518751Z 9b415d76a9c6: Verifying Checksum
database-full-load (0)	Prepare immutable tools and owned database images	2026-10-03T22:57:53.7519292Z 9b415d76a9c6: Download complete
database-full-load (0)	Prepare immutable tools and owned database images	2026-10-03T22:57:54.0958366Z b8cda4b5aaf3: Download complete
database-full-load (0)	Prepare immutable tools and owned database images	2026-10-03T22:57:54.1842908Z 32c1c18d2ea5: Verifying Checksum
database-full-load (0)	Prepare immutable tools and owned database images	2026-10-03T22:57:54.1843572Z 32c1c18d2ea5: Download complete
database-full-load (0)	Prepare immutable tools and owned database images	2026-10-03T22:57:54.4700034Z 2c22c1bb1ce1: Pull complete
database-full-load (0)	Prepare immutable tools and owned database images	2026-10-03T22:57:55.0621583Z 2796a25b8094: Pull complete
database-full-load (0)	Prepare immutable tools and owned database images	2026-10-03T22:57:55.0834314Z 714e5b673049: Pull complete
database-full-load (0)	Prepare immutable tools and owned database images	2026-10-03T22:57:55.0957823Z bd9ddc54bea9: Pull complete
database-full-load (0)	Prepare immutable tools and owned database images	2026-10-03T22:58:02.6772841Z 2d68f716f01a: Verifying Checksum
database-full-load (0)	Prepare immutable tools and owned database images	2026-10-03T22:58:02.6773624Z 2d68f716f01a: Download complete
database-full-load (0)	Prepare immutable tools and owned database images	2026-10-03T22:58:10.3565228Z 2d68f716f01a: Pull complete
database-full-load (0)	Prepare immutable tools and owned database images	2026-10-03T22:58:10.3649762Z c52e3a203c20: Pull complete
database-full-load (0)	Prepare immutable tools and owned database images	2026-10-03T22:58:10.3745831Z 9b415d76a9c6: Pull complete
database-full-load (0)	Prepare immutable tools and owned database images	2026-10-03T22:58:10.3920293Z d527cffe3ef6: Pull complete
database-full-load (0)	Prepare immutable tools and owned database images	2026-10-03T22:58:10.4016256Z b8cda4b5aaf3: Pull complete
database-full-load (0)	Prepare immutable tools and owned database images	2026-10-03T22:58:10.4110861Z 32c1c18d2ea5: Pull complete
database-full-load (0)	Prepare immutable tools and owned database images	2026-10-03T22:58:10.4144359Z Digest: sha256:e98f9c3b09beb2fbb9eaf667d602df3f0e00bd3644138b8458dc17ba1a675595
database-full-load (0)	Prepare immutable tools and owned database images	2026-10-03T22:58:10.4151412Z Status: Downloaded newer image for docker.elastic.co/elasticsearch/elasticsearch@sha256:e98f9c3b09beb2fbb9eaf667d602df3f0e00bd3644138b8458dc17ba1a675595
database-full-load (0)	Prepare immutable tools and owned database images	2026-10-03T22:58:10.4158577Z docker.elastic.co/elasticsearch/elasticsearch@sha256:e98f9c3b09beb2fbb9eaf667d602df3f0e00bd3644138b8458dc17ba1a675595
database-full-load (0)	Independent single-request native and SDK clients	﻿2026-10-03T22:58:10.4403409Z ##[group]Run mkdir -p results/local
database-full-load (0)	Independent single-request native and SDK clients	2026-10-03T22:58:10.4403790Z [36;1mmkdir -p results/local[0m
database-full-load (0)	Independent single-request native and SDK clients	2026-10-03T22:58:10.4404113Z [36;1mgo build -o .tools/weir-lab ./cmd/weir-lab[0m
database-full-load (0)	Independent single-request native and SDK clients	2026-10-03T22:58:10.4404513Z [36;1mIFS=',' read -r -a batch_limits <<< "$BACKEND_BATCH_LIMITS"[0m
database-full-load (0)	Independent single-request native and SDK clients	2026-10-03T22:58:10.4404922Z [36;1mfor backend_limit in "${batch_limits[@]}"; do[0m
database-full-load (0)	Independent single-request native and SDK clients	2026-10-03T22:58:10.4405268Z [36;1m  export BACKEND_BATCH_LIMIT="$backend_limit"[0m
database-full-load (0)	Independent single-request native and SDK clients	2026-10-03T22:58:10.4405702Z [36;1m  export MEASUREMENT_OUTPUT="results/local/saturation-batch-$backend_limit"[0m
database-full-load (0)	Independent single-request native and SDK clients	2026-10-03T22:58:10.4406320Z [36;1m  export MEASUREMENT_RECEIPT="results/local/measurement-batch-$backend_limit.receipt.json"[0m
database-full-load (0)	Independent single-request native and SDK clients	2026-10-03T22:58:10.4406858Z [36;1m  python3 - <<'PY'[0m
database-full-load (0)	Independent single-request native and SDK clients	2026-10-03T22:58:10.4407146Z [36;1mimport hashlib, json, os, pathlib, subprocess[0m
database-full-load (0)	Independent single-request native and SDK clients	2026-10-03T22:58:10.4407526Z [36;1mbinary = pathlib.Path('.tools/weir-lab')[0m
database-full-load (0)	Independent single-request native and SDK clients	2026-10-03T22:58:10.4409330Z [36;1mcommand = [str(binary), '-mode', 'saturation', '-weir', '.tools/weir', '-backend', 'all', '-database-cpus', os.environ['DATABASE_CPUS'], '-store-concurrency', '32', '-backend-batch-limit', os.environ['BACKEND_BATCH_LIMIT'], '-client-processes', '4', '-concurrency-levels', os.environ['CLIENT_LEVELS'], '-batch-sizes', '1', '-records', '2048', '-payload-bytes', '1024', '-write-percent', os.environ['WRITE_PERCENT'], '-rounds', '3', '-warmup-duration', '10s', '-duration', '20s', '-output', os.environ['MEASUREMENT_OUTPUT']][0m
database-full-load (0)	Independent single-request native and SDK clients	2026-10-03T22:58:10.4413140Z [36;1mreceipt = {'host_memory_bytes': int(next(line for line in pathlib.Path('/proc/meminfo').read_text().splitlines() if line.startswith('MemTotal:')).split()[1]) * 1024, 'source': subprocess.check_output(['git', 'rev-parse', 'HEAD'], text=True).strip(), 'source_dirty': bool(subprocess.check_output(['git', 'status', '--porcelain'])), 'client_binary_sha256': hashlib.sha256(binary.read_bytes()).hexdigest(), 'client_build': subprocess.check_output(['go', 'version', '-m', str(binary)], text=True), 'versions': json.loads(pathlib.Path('versions.json').read_text()), 'command': command}[0m
database-full-load (0)	Independent single-request native and SDK clients	2026-10-03T22:58:10.4415354Z [36;1mif receipt['source_dirty']:[0m
database-full-load (0)	Independent single-request native and SDK clients	2026-10-03T22:58:10.4415746Z [36;1m    raise SystemExit('measurement requires a clean source checkout')[0m
database-full-load (0)	Independent single-request native and SDK clients	2026-10-03T22:58:10.4416345Z [36;1mpathlib.Path(os.environ['MEASUREMENT_RECEIPT']).write_text(json.dumps(receipt, indent=2) + '\n')[0m
database-full-load (0)	Independent single-request native and SDK clients	2026-10-03T22:58:10.4416821Z [36;1mPY[0m
database-full-load (0)	Independent single-request native and SDK clients	2026-10-03T22:58:10.4418400Z [36;1m  .tools/weir-lab -mode saturation -weir .tools/weir -backend all -database-cpus "$DATABASE_CPUS" -store-concurrency 32 -backend-batch-limit "$BACKEND_BATCH_LIMIT" -client-processes 4 -concurrency-levels "$CLIENT_LEVELS" -batch-sizes 1 -records 2048 -payload-bytes 1024 -write-percent "$WRITE_PERCENT" -rounds 3 -warmup-duration 10s -duration 20s -output "$MEASUREMENT_OUTPUT" 2>&1 | tee "results/local/saturation-batch-$backend_limit.log"[0m
database-full-load (0)	Independent single-request native and SDK clients	2026-10-03T22:58:10.4420052Z [36;1mdone[0m
database-full-load (0)	Independent single-request native and SDK clients	2026-10-03T22:58:10.4420259Z [36;1mgit diff --exit-code[0m
database-full-load (0)	Independent single-request native and SDK clients	2026-10-03T22:58:10.4483631Z shell: /usr/bin/bash --noprofile --norc -e -o pipefail {0}
database-full-load (0)	Independent single-request native and SDK clients	2026-10-03T22:58:10.4483980Z env:
database-full-load (0)	Independent single-request native and SDK clients	2026-10-03T22:58:10.4484166Z   GOENV: off
database-full-load (0)	Independent single-request native and SDK clients	2026-10-03T22:58:10.4484355Z   GOWORK: off
database-full-load (0)	Independent single-request native and SDK clients	2026-10-03T22:58:10.4484556Z   GOTOOLCHAIN: local
database-full-load (0)	Independent single-request native and SDK clients	2026-10-03T22:58:10.4484785Z   GOFLAGS: -mod=readonly
database-full-load (0)	Independent single-request native and SDK clients	2026-10-03T22:58:10.4485023Z   PYTHONDONTWRITEBYTECODE: 1
database-full-load (0)	Independent single-request native and SDK clients	2026-10-03T22:58:10.4485266Z   GOPROXY: off
database-full-load (0)	Independent single-request native and SDK clients	2026-10-03T22:58:10.4485455Z   GOSUMDB: off
database-full-load (0)	Independent single-request native and SDK clients	2026-10-03T22:58:10.4485646Z   WRITE_PERCENT: 0
database-full-load (0)	Independent single-request native and SDK clients	2026-10-03T22:58:10.4485841Z   DATABASE_CPUS: 1
database-full-load (0)	Independent single-request native and SDK clients	2026-10-03T22:58:10.4486040Z   CLIENT_LEVELS: 8,32,128
database-full-load (0)	Independent single-request native and SDK clients	2026-10-03T22:58:10.4486264Z   BACKEND_BATCH_LIMITS: 1,32
database-full-load (0)	Independent single-request native and SDK clients	2026-10-03T22:58:10.4486501Z ##[endgroup]
database-full-load (0)	Independent single-request native and SDK clients	2026-10-03T22:58:48.4543216Z Owned fixture logs: /tmp/weir-tests-1844227360
database-full-load (0)	Independent single-request native and SDK clients	2026-10-03T22:59:49.7981091Z single-request backend=mongo processes=4 workers=8 round=1 direct=6213.1 weir=3649.1 DB-CPU direct=99.9% weir=65.1%
database-full-load (0)	Independent single-request native and SDK clients	2026-10-03T23:00:51.0229787Z single-request backend=mongo processes=4 workers=8 round=2 direct=6218.7 weir=3986.6 DB-CPU direct=99.9% weir=71.4%
database-full-load (0)	Independent single-request native and SDK clients	2026-10-03T23:01:52.2187937Z single-request backend=mongo processes=4 workers=8 round=3 direct=6173.9 weir=3987.5 DB-CPU direct=99.8% weir=71.7%
database-full-load (0)	Independent single-request native and SDK clients	2026-10-03T23:02:53.4225039Z single-request backend=mongo processes=4 workers=32 round=1 direct=6496.9 weir=4932.4 DB-CPU direct=100.1% weir=85.6%
database-full-load (0)	Independent single-request native and SDK clients	2026-10-03T23:03:54.6332822Z single-request backend=mongo processes=4 workers=32 round=2 direct=6527.0 weir=4925.0 DB-CPU direct=100.1% weir=85.6%
database-full-load (0)	Independent single-request native and SDK clients	2026-10-03T23:04:55.8263965Z single-request backend=mongo processes=4 workers=32 round=3 direct=6587.1 weir=4855.3 DB-CPU direct=100.1% weir=85.2%
database-full-load (0)	Independent single-request native and SDK clients	2026-10-03T23:05:57.0654473Z single-request backend=mongo processes=4 workers=128 round=1 direct=6417.2 weir=5138.2 DB-CPU direct=100.1% weir=89.3%
database-full-load (0)	Independent single-request native and SDK clients	2026-10-03T23:06:58.2945315Z single-request backend=mongo processes=4 workers=128 round=2 direct=6450.9 weir=5315.4 DB-CPU direct=100.3% weir=91.5%
database-full-load (0)	Independent single-request native and SDK clients	2026-10-03T23:07:59.5596926Z single-request backend=mongo processes=4 workers=128 round=3 direct=6221.7 weir=5255.9 DB-CPU direct=100.1% weir=90.5%
database-full-load (0)	Independent single-request native and SDK clients	2026-10-03T23:07:59.5839291Z # Database saturation comparison
database-full-load (0)	Independent single-request native and SDK clients	2026-10-03T23:07:59.5839787Z 
database-full-load (0)	Independent single-request native and SDK clients	2026-10-03T23:07:59.5840080Z Backend **mongo**. Started 2026-10-03T22:58:48.484880993Z.
database-full-load (0)	Independent single-request native and SDK clients	2026-10-03T23:07:59.5840489Z 
database-full-load (0)	Independent single-request native and SDK clients	2026-10-03T23:07:59.5844490Z independent OS client processes send one record per native call or unary SDK RPC; native FindOne/ReplaceOne or single-ID mget/PUT; no client aggregation; worker-owned disjoint IDs; common phase barriers and unchanged pools across warmup and measurement; alternating AB/BA; latency is each business request including validation, queueing and any server aggregation; independent persisted postflight; sustained database CPU requires >=5 intervals, >=80% measurement coverage, mean CPU>=threshold and CPU>=threshold during >=80% measurement duration in every round, plus <=10% next-level throughput gain.
database-full-load (0)	Independent single-request native and SDK clients	2026-10-03T23:07:59.5848549Z 
database-full-load (0)	Independent single-request native and SDK clients	2026-10-03T23:07:59.5849217Z Warmup 10s and measurement 20s per path/stage, 3 paired rounds, requested writes 0%.
database-full-load (0)	Independent single-request native and SDK clients	2026-10-03T23:07:59.5849829Z 
database-full-load (0)	Independent single-request native and SDK clients	2026-10-03T23:07:59.5850798Z 4 independent OS client processes. Each worker sends one business request containing one record, waits for its acknowledged result, and validates it. p50/p95/p99 describe individual requests; histograms are pooled rather than averaging process quantiles.
database-full-load (0)	Independent single-request native and SDK clients	2026-10-03T23:07:59.5852147Z 
database-full-load (0)	Independent single-request native and SDK clients	2026-10-03T23:07:59.5852687Z | Batch | Workers | Round | Path | Read | Write | Success | Errors/unknown | Ops/s | p95 call ms | DB CPU budget % | Full CPU time % | Sampling coverage % | Verified |
database-full-load (0)	Independent single-request native and SDK clients	2026-10-03T23:07:59.5853481Z | ---: | ---: | ---: | --- | ---: | ---: | ---: | ---: | ---: | ---: | ---: | ---: | ---: | --- |
database-full-load (0)	Independent single-request native and SDK clients	2026-10-03T23:07:59.5854154Z | 1 | 8 | 1 | direct | 124268 | 0 | 124268 | 0 | 6213.1 | 1.791 | 99.9 | 98.5 | 98.5 | true |
database-full-load (0)	Independent single-request native and SDK clients	2026-10-03T23:07:59.5854967Z | 1 | 8 | 1 | weir | 72991 | 0 | 72991 | 0 | 3649.1 | 4.607 | 65.1 | 0.0 | 94.5 | true |
database-full-load (0)	Independent single-request native and SDK clients	2026-10-03T23:07:59.5855836Z | 1 | 8 | 2 | direct | 124381 | 0 | 124381 | 0 | 6218.7 | 1.919 | 99.9 | 99.0 | 99.0 | true |
database-full-load (0)	Independent single-request native and SDK clients	2026-10-03T23:07:59.5856686Z | 1 | 8 | 2 | weir | 79741 | 0 | 79741 | 0 | 3986.6 | 3.583 | 71.4 | 0.0 | 99.9 | true |
database-full-load (0)	Independent single-request native and SDK clients	2026-10-03T23:07:59.5857570Z | 1 | 8 | 3 | direct | 123484 | 0 | 123484 | 0 | 6173.9 | 1.791 | 99.8 | 98.6 | 98.6 | true |
database-full-load (0)	Independent single-request native and SDK clients	2026-10-03T23:07:59.5858465Z | 1 | 8 | 3 | weir | 79758 | 0 | 79758 | 0 | 3987.5 | 3.583 | 71.7 | 0.0 | 99.7 | true |
database-full-load (0)	Independent single-request native and SDK clients	2026-10-03T23:07:59.5859417Z | 1 | 32 | 1 | direct | 130197 | 0 | 130197 | 0 | 6496.9 | 18.431 | 100.1 | 98.0 | 98.0 | true |
database-full-load (0)	Independent single-request native and SDK clients	2026-10-03T23:07:59.5860293Z | 1 | 32 | 1 | weir | 98669 | 0 | 98669 | 0 | 4932.4 | 12.287 | 85.6 | 0.0 | 94.9 | true |
database-full-load (0)	Independent single-request native and SDK clients	2026-10-03T23:07:59.5860853Z | 1 | 32 | 2 | direct | 130569 | 0 | 130569 | 0 | 6527.0 | 18.431 | 100.1 | 98.5 | 98.5 | true |
database-full-load (0)	Independent single-request native and SDK clients	2026-10-03T23:07:59.5861533Z | 1 | 32 | 2 | weir | 98528 | 0 | 98528 | 0 | 4925.0 | 12.287 | 85.6 | 0.0 | 99.7 | true |
database-full-load (0)	Independent single-request native and SDK clients	2026-10-03T23:07:59.5862430Z | 1 | 32 | 3 | direct | 131763 | 0 | 131763 | 0 | 6587.1 | 18.431 | 100.1 | 98.3 | 98.3 | true |
database-full-load (0)	Independent single-request native and SDK clients	2026-10-03T23:07:59.5863305Z | 1 | 32 | 3 | weir | 97128 | 0 | 97128 | 0 | 4855.3 | 12.287 | 85.2 | 0.0 | 95.3 | true |
database-full-load (0)	Independent single-request native and SDK clients	2026-10-03T23:07:59.5866631Z | 1 | 128 | 1 | direct | 128407 | 0 | 128407 | 0 | 6417.2 | 57.343 | 100.1 | 98.9 | 98.9 | true |
database-full-load (0)	Independent single-request native and SDK clients	2026-10-03T23:07:59.5867401Z | 1 | 128 | 1 | weir | 102847 | 0 | 102847 | 0 | 5138.2 | 36.863 | 89.3 | 16.9 | 95.7 | true |
database-full-load (0)	Independent single-request native and SDK clients	2026-10-03T23:07:59.5868139Z | 1 | 128 | 2 | direct | 129095 | 0 | 129095 | 0 | 6450.9 | 57.343 | 100.3 | 99.3 | 99.3 | true |
database-full-load (0)	Independent single-request native and SDK clients	2026-10-03T23:07:59.5868657Z | 1 | 128 | 2 | weir | 106401 | 0 | 106401 | 0 | 5315.4 | 36.863 | 91.5 | 89.8 | 95.4 | true |
database-full-load (0)	Independent single-request native and SDK clients	2026-10-03T23:07:59.5869160Z | 1 | 128 | 3 | direct | 124511 | 0 | 124511 | 0 | 6221.7 | 57.343 | 100.1 | 99.5 | 99.5 | true |
database-full-load (0)	Independent single-request native and SDK clients	2026-10-03T23:07:59.5869644Z | 1 | 128 | 3 | weir | 105215 | 0 | 105215 | 0 | 5255.9 | 36.863 | 90.5 | 66.8 | 94.9 | true |
database-full-load (0)	Independent single-request native and SDK clients	2026-10-03T23:07:59.5869939Z 
database-full-load (0)	Independent single-request native and SDK clients	2026-10-03T23:07:59.5870205Z Measured Weir adapter and unary RPC evidence (warmup, reset and postflight excluded):
database-full-load (0)	Independent single-request native and SDK clients	2026-10-03T23:07:59.5870547Z 
database-full-load (0)	Independent single-request native and SDK clients	2026-10-03T23:07:59.5871067Z | Batch | Workers | Round | Adapter invocations | Mean adapter batch | Read/Mutate RPCs | Queue mean ms | Adapter mean ms | Rejections | Backend concurrency limit |
database-full-load (0)	Independent single-request native and SDK clients	2026-10-03T23:07:59.5872081Z | ---: | ---: | ---: | ---: | ---: | --- | ---: | ---: | ---: | ---: |
database-full-load (0)	Independent single-request native and SDK clients	2026-10-03T23:07:59.5872481Z | 1 | 8 | 1 | 72991 | 1.000 | 72991/0 | 0.030 | 0.894 | 0 | 32.000 |
database-full-load (0)	Independent single-request native and SDK clients	2026-10-03T23:07:59.5872841Z | 1 | 8 | 2 | 79741 | 1.000 | 79741/0 | 0.028 | 0.838 | 0 | 32.000 |
database-full-load (0)	Independent single-request native and SDK clients	2026-10-03T23:07:59.5873192Z | 1 | 8 | 3 | 79758 | 1.000 | 79758/0 | 0.028 | 0.839 | 0 | 32.000 |
database-full-load (0)	Independent single-request native and SDK clients	2026-10-03T23:07:59.5873547Z | 1 | 32 | 1 | 98669 | 1.000 | 98669/0 | 0.289 | 2.123 | 0 | 32.000 |
database-full-load (0)	Independent single-request native and SDK clients	2026-10-03T23:07:59.5873901Z | 1 | 32 | 2 | 98528 | 1.000 | 98528/0 | 0.286 | 2.137 | 0 | 32.000 |
database-full-load (0)	Independent single-request native and SDK clients	2026-10-03T23:07:59.5874249Z | 1 | 32 | 3 | 97128 | 1.000 | 97128/0 | 0.295 | 2.142 | 0 | 32.000 |
database-full-load (0)	Independent single-request native and SDK clients	2026-10-03T23:07:59.5874925Z | 1 | 128 | 1 | 102847 | 1.000 | 102847/0 | 12.547 | 4.022 | 0 | 32.000 |
database-full-load (0)	Independent single-request native and SDK clients	2026-10-03T23:07:59.5875315Z | 1 | 128 | 2 | 106401 | 1.000 | 106401/0 | 12.311 | 3.829 | 0 | 32.000 |
database-full-load (0)	Independent single-request native and SDK clients	2026-10-03T23:07:59.5875699Z | 1 | 128 | 3 | 105215 | 1.000 | 105215/0 | 12.160 | 3.957 | 0 | 32.000 |
database-full-load (0)	Independent single-request native and SDK clients	2026-10-03T23:07:59.5875932Z 
database-full-load (0)	Independent single-request native and SDK clients	2026-10-03T23:07:59.5877077Z **Batch 1: database-full-load throughput comparison unavailable.** both paths must independently demonstrate sustained database CPU saturation and a verified next-level throughput plateau; increase concurrency or isolate client/Weir resources; I/O/network-bound saturation needs additional device/link capacity evidence.
database-full-load (0)	Independent single-request native and SDK clients	2026-10-03T23:07:59.5878240Z 
database-full-load (0)	Independent single-request native and SDK clients	2026-10-03T23:07:59.5878989Z Best verified business QPS within this ladder: direct 6537.0 (32 workers), Weir 5236.5 (128 workers), observed change -19.89%. This is a measured business-throughput comparison, not a maximum-database-capacity claim.
database-full-load (0)	Independent single-request native and SDK clients	2026-10-03T23:07:59.5879768Z 
database-full-load (0)	Independent single-request native and SDK clients	2026-10-03T23:07:59.5880201Z Observed single-request business performance at matched client concurrency (independent of the database-capacity qualification):
database-full-load (0)	Independent single-request native and SDK clients	2026-10-03T23:07:59.5880707Z 
database-full-load (0)	Independent single-request native and SDK clients	2026-10-03T23:07:59.5880963Z | Workers | Direct QPS | Weir QPS | Change | Direct p50/p95/p99 ms | Weir p50/p95/p99 ms |
database-full-load (0)	Independent single-request native and SDK clients	2026-10-03T23:07:59.5881549Z | ---: | ---: | ---: | ---: | --- | --- |
database-full-load (0)	Independent single-request native and SDK clients	2026-10-03T23:07:59.5881929Z | 8 | 6201.9 | 3874.4 | -37.53% | 0.831 / 1.791 / 30.719 | 1.919 / 3.839 / 5.631 |
database-full-load (0)	Independent single-request native and SDK clients	2026-10-03T23:07:59.5882397Z | 32 | 6537.0 | 4904.2 | -24.98% | 3.071 / 18.431 / 45.055 | 6.143 / 12.287 / 16.383 |
database-full-load (0)	Independent single-request native and SDK clients	2026-10-03T23:07:59.5882869Z | 128 | 6363.2 | 5236.5 | -17.71% | 14.335 / 57.343 / 65.535 | 24.575 / 36.863 / 45.055 |
database-full-load (0)	Independent single-request native and SDK clients	2026-10-03T23:07:59.5883146Z 
database-full-load (0)	Independent single-request native and SDK clients	2026-10-03T23:07:59.5884173Z These QPS and latency observations apply to this hardware and measured concurrency range. A business-throughput improvement can exist without demonstrating the maximum database capacity. An underfull database or missing next-level plateau keeps the database-capacity comparison unavailable.
database-full-load (0)	Independent single-request native and SDK clients	2026-10-03T23:07:59.5885231Z 
database-full-load (0)	Independent single-request native and SDK clients	2026-10-03T23:07:59.5887661Z Aggregation evidence: the JSON records one business request per record, Read/Mutate RPC counts, adapter invocation counts, average adapter batch and its cumulative histogram, and RPCs per adapter invocation. An adapter invocation is not necessarily one physical database wire command. MongoDB physical find/update/bulkWrite/getMore/killCursors deltas come from owned serverStatus at timed boundaries; missing counters remain unavailable. Elasticsearch has no equivalent physical HTTP-command counter. Every child PID, configured native pool limit, final revision ranges, exit result and sampled CPU/RSS is retained; coordinator sampling CPU is excluded from business-client CPU.
database-full-load (0)	Independent single-request native and SDK clients	2026-10-03T23:07:59.5890154Z 
database-full-load (0)	Independent single-request native and SDK clients	2026-10-03T23:07:59.5893634Z The JSON retains before/after raw public Weir metrics and their observed deltas, every resource sample, monitor failures, raw cumulative database/container I/O and network counters, CPU quota/host core denominator, and client/Weir cumulative CPU. Docker CPU uses cumulative Engine usage and read timestamps across each entire sampling interval, never CLI instantaneous percentages. Both interval endpoints must succeed; missing intervals reduce full-run coverage. Samples include monitoring traffic and background database work. Native ps CPU has platform-dependent clock resolution. Native databases share the host CPU budget with the client and Weir. Disk/network utilization or capacity is not inferred from byte counters. A plateau without sustained database CPU saturation is not a database-full-load result. Startup/discovery/reset/postflight and warmup are excluded from throughput; all in-flight completion and validation is included.
database-full-load (0)	Independent single-request native and SDK clients	2026-10-03T23:09:05.0156526Z single-request backend=search processes=4 workers=8 round=1 direct=2188.8 weir=3569.7 DB-CPU direct=100.1% weir=82.0%
database-full-load (0)	Independent single-request native and SDK clients	2026-10-03T23:10:07.7783322Z single-request backend=search processes=4 workers=8 round=2 direct=5655.5 weir=3678.8 DB-CPU direct=99.6% weir=79.7%
database-full-load (0)	Independent single-request native and SDK clients	2026-10-03T23:11:09.8918617Z single-request backend=search processes=4 workers=8 round=3 direct=5645.4 weir=3671.0 DB-CPU direct=99.7% weir=80.0%
database-full-load (0)	Independent single-request native and SDK clients	2026-10-03T23:12:11.8090817Z single-request backend=search processes=4 workers=32 round=1 direct=6935.2 weir=4663.3 DB-CPU direct=99.8% weir=87.6%
database-full-load (0)	Independent single-request native and SDK clients	2026-10-03T23:13:13.6890651Z single-request backend=search processes=4 workers=32 round=2 direct=6963.2 weir=4687.0 DB-CPU direct=99.7% weir=88.0%
database-full-load (0)	Independent single-request native and SDK clients	2026-10-03T23:14:15.5943701Z single-request backend=search processes=4 workers=32 round=3 direct=6931.2 weir=4789.3 DB-CPU direct=99.9% weir=87.8%
database-full-load (0)	Independent single-request native and SDK clients	2026-10-03T23:15:17.4149696Z single-request backend=search processes=4 workers=128 round=1 direct=7449.0 weir=5043.6 DB-CPU direct=100.0% weir=91.6%
database-full-load (0)	Independent single-request native and SDK clients	2026-10-03T23:16:19.2256014Z single-request backend=search processes=4 workers=128 round=2 direct=7376.6 weir=5025.3 DB-CPU direct=100.0% weir=90.2%
database-full-load (0)	Independent single-request native and SDK clients	2026-10-03T23:17:21.0299952Z single-request backend=search processes=4 workers=128 round=3 direct=7565.3 weir=4972.6 DB-CPU direct=100.0% weir=91.1%
database-full-load (0)	Independent single-request native and SDK clients	2026-10-03T23:17:21.0560193Z # Database saturation comparison
database-full-load (0)	Independent single-request native and SDK clients	2026-10-03T23:17:21.0560786Z 
database-full-load (0)	Independent single-request native and SDK clients	2026-10-03T23:17:21.0561166Z Backend **search**. Started 2026-10-03T23:07:59.966610313Z.
database-full-load (0)	Independent single-request native and SDK clients	2026-10-03T23:17:21.0562116Z 
database-full-load (0)	Independent single-request native and SDK clients	2026-10-03T23:17:21.0566621Z independent OS client processes send one record per native call or unary SDK RPC; native FindOne/ReplaceOne or single-ID mget/PUT; no client aggregation; worker-owned disjoint IDs; common phase barriers and unchanged pools across warmup and measurement; alternating AB/BA; latency is each business request including validation, queueing and any server aggregation; independent persisted postflight; sustained database CPU requires >=5 intervals, >=80% measurement coverage, mean CPU>=threshold and CPU>=threshold during >=80% measurement duration in every round, plus <=10% next-level throughput gain.
database-full-load (0)	Independent single-request native and SDK clients	2026-10-03T23:17:21.0570122Z 
database-full-load (0)	Independent single-request native and SDK clients	2026-10-03T23:17:21.0570575Z Warmup 10s and measurement 20s per path/stage, 3 paired rounds, requested writes 0%.
database-full-load (0)	Independent single-request native and SDK clients	2026-10-03T23:17:21.0571314Z 
database-full-load (0)	Independent single-request native and SDK clients	2026-10-03T23:17:21.0573085Z 4 independent OS client processes. Each worker sends one business request containing one record, waits for its acknowledged result, and validates it. p50/p95/p99 describe individual requests; histograms are pooled rather than averaging process quantiles.
database-full-load (0)	Independent single-request native and SDK clients	2026-10-03T23:17:21.0575139Z 
database-full-load (0)	Independent single-request native and SDK clients	2026-10-03T23:17:21.0576025Z | Batch | Workers | Round | Path | Read | Write | Success | Errors/unknown | Ops/s | p95 call ms | DB CPU budget % | Full CPU time % | Sampling coverage % | Verified |
database-full-load (0)	Independent single-request native and SDK clients	2026-10-03T23:17:21.0577381Z | ---: | ---: | ---: | --- | ---: | ---: | ---: | ---: | ---: | ---: | ---: | ---: | ---: | --- |
database-full-load (0)	Independent single-request native and SDK clients	2026-10-03T23:17:21.0578232Z | 1 | 8 | 1 | direct | 43872 | 0 | 43872 | 0 | 2188.8 | 3.839 | 100.1 | 98.5 | 98.5 | true |
database-full-load (0)	Independent single-request native and SDK clients	2026-10-03T23:17:21.0579037Z | 1 | 8 | 1 | weir | 71401 | 0 | 71401 | 0 | 3569.7 | 4.095 | 82.0 | 0.0 | 99.2 | true |
database-full-load (0)	Independent single-request native and SDK clients	2026-10-03T23:17:21.0579832Z | 1 | 8 | 2 | direct | 113115 | 0 | 113115 | 0 | 5655.5 | 1.791 | 99.6 | 97.7 | 97.7 | true |
database-full-load (0)	Independent single-request native and SDK clients	2026-10-03T23:17:21.0580619Z | 1 | 8 | 2 | weir | 73581 | 0 | 73581 | 0 | 3678.8 | 3.839 | 79.7 | 0.0 | 99.2 | true |
database-full-load (0)	Independent single-request native and SDK clients	2026-10-03T23:17:21.0581751Z | 1 | 8 | 3 | direct | 112913 | 0 | 112913 | 0 | 5645.4 | 1.791 | 99.7 | 97.2 | 97.2 | true |
database-full-load (0)	Independent single-request native and SDK clients	2026-10-03T23:17:21.0582603Z | 1 | 8 | 3 | weir | 73431 | 0 | 73431 | 0 | 3671.0 | 3.839 | 80.0 | 0.0 | 99.3 | true |
database-full-load (0)	Independent single-request native and SDK clients	2026-10-03T23:17:21.0583372Z | 1 | 32 | 1 | direct | 138719 | 0 | 138719 | 0 | 6935.2 | 10.239 | 99.8 | 98.9 | 98.9 | true |
database-full-load (0)	Independent single-request native and SDK clients	2026-10-03T23:17:21.0584188Z | 1 | 32 | 1 | weir | 93285 | 0 | 93285 | 0 | 4663.3 | 13.311 | 87.6 | 5.6 | 95.3 | true |
database-full-load (0)	Independent single-request native and SDK clients	2026-10-03T23:17:21.0584983Z | 1 | 32 | 2 | direct | 139283 | 0 | 139283 | 0 | 6963.2 | 10.239 | 99.7 | 98.5 | 98.5 | true |
database-full-load (0)	Independent single-request native and SDK clients	2026-10-03T23:17:21.0585470Z | 1 | 32 | 2 | weir | 93752 | 0 | 93752 | 0 | 4687.0 | 12.287 | 88.0 | 0.0 | 94.7 | true |
database-full-load (0)	Independent single-request native and SDK clients	2026-10-03T23:17:21.0585944Z | 1 | 32 | 3 | direct | 138640 | 0 | 138640 | 0 | 6931.2 | 9.215 | 99.9 | 98.6 | 98.6 | true |
database-full-load (0)	Independent single-request native and SDK clients	2026-10-03T23:17:21.0586712Z | 1 | 32 | 3 | weir | 95816 | 0 | 95816 | 0 | 4789.3 | 12.287 | 87.8 | 0.0 | 94.6 | true |
database-full-load (0)	Independent single-request native and SDK clients	2026-10-03T23:17:21.0587208Z | 1 | 128 | 1 | direct | 149056 | 0 | 149056 | 0 | 7449.0 | 45.055 | 100.0 | 98.8 | 98.8 | true |
database-full-load (0)	Independent single-request native and SDK clients	2026-10-03T23:17:21.0587718Z | 1 | 128 | 1 | weir | 100959 | 0 | 100959 | 0 | 5043.6 | 36.863 | 91.6 | 83.9 | 94.7 | true |
database-full-load (0)	Independent single-request native and SDK clients	2026-10-03T23:17:21.0588213Z | 1 | 128 | 2 | direct | 147595 | 0 | 147595 | 0 | 7376.6 | 49.151 | 100.0 | 98.9 | 98.9 | true |
database-full-load (0)	Independent single-request native and SDK clients	2026-10-03T23:17:21.0588696Z | 1 | 128 | 2 | weir | 100594 | 0 | 100594 | 0 | 5025.3 | 36.863 | 90.2 | 55.5 | 94.8 | true |
database-full-load (0)	Independent single-request native and SDK clients	2026-10-03T23:17:21.0589177Z | 1 | 128 | 3 | direct | 151379 | 0 | 151379 | 0 | 7565.3 | 45.055 | 100.0 | 98.9 | 98.9 | true |
database-full-load (0)	Independent single-request native and SDK clients	2026-10-03T23:17:21.0589656Z | 1 | 128 | 3 | weir | 99542 | 0 | 99542 | 0 | 4972.6 | 36.863 | 91.1 | 73.0 | 95.6 | true |
database-full-load (0)	Independent single-request native and SDK clients	2026-10-03T23:17:21.0589938Z 
database-full-load (0)	Independent single-request native and SDK clients	2026-10-03T23:17:21.0590205Z Measured Weir adapter and unary RPC evidence (warmup, reset and postflight excluded):
database-full-load (0)	Independent single-request native and SDK clients	2026-10-03T23:17:21.0590553Z 
database-full-load (0)	Independent single-request native and SDK clients	2026-10-03T23:17:21.0591062Z | Batch | Workers | Round | Adapter invocations | Mean adapter batch | Read/Mutate RPCs | Queue mean ms | Adapter mean ms | Rejections | Backend concurrency limit |
database-full-load (0)	Independent single-request native and SDK clients	2026-10-03T23:17:21.0592339Z | ---: | ---: | ---: | ---: | ---: | --- | ---: | ---: | ---: | ---: |
database-full-load (0)	Independent single-request native and SDK clients	2026-10-03T23:17:21.0592965Z | 1 | 8 | 1 | 71401 | 1.000 | 71401/0 | 0.024 | 1.140 | 0 | 32.000 |
database-full-load (0)	Independent single-request native and SDK clients	2026-10-03T23:17:21.0593537Z | 1 | 8 | 2 | 73581 | 1.000 | 73581/0 | 0.022 | 1.100 | 0 | 32.000 |
database-full-load (0)	Independent single-request native and SDK clients	2026-10-03T23:17:21.0593894Z | 1 | 8 | 3 | 73431 | 1.000 | 73431/0 | 0.023 | 1.098 | 0 | 32.000 |
database-full-load (0)	Independent single-request native and SDK clients	2026-10-03T23:17:21.0594252Z | 1 | 32 | 1 | 93285 | 1.000 | 93285/0 | 0.200 | 3.084 | 0 | 32.000 |
database-full-load (0)	Independent single-request native and SDK clients	2026-10-03T23:17:21.0594608Z | 1 | 32 | 2 | 93752 | 1.000 | 93752/0 | 0.200 | 3.098 | 0 | 32.000 |
database-full-load (0)	Independent single-request native and SDK clients	2026-10-03T23:17:21.0594959Z | 1 | 32 | 3 | 95816 | 1.000 | 95816/0 | 0.190 | 3.020 | 0 | 32.000 |
database-full-load (0)	Independent single-request native and SDK clients	2026-10-03T23:17:21.0595352Z | 1 | 128 | 1 | 100959 | 1.000 | 100959/0 | 13.855 | 4.896 | 0 | 32.000 |
database-full-load (0)	Independent single-request native and SDK clients	2026-10-03T23:17:21.0595758Z | 1 | 128 | 2 | 100594 | 1.000 | 100594/0 | 13.914 | 4.903 | 0 | 32.000 |
database-full-load (0)	Independent single-request native and SDK clients	2026-10-03T23:17:21.0596135Z | 1 | 128 | 3 | 99542 | 1.000 | 99542/0 | 14.093 | 4.948 | 0 | 32.000 |
database-full-load (0)	Independent single-request native and SDK clients	2026-10-03T23:17:21.0596534Z 
database-full-load (0)	Independent single-request native and SDK clients	2026-10-03T23:17:21.0597674Z **Batch 1: database-full-load throughput comparison unavailable.** both paths must independently demonstrate sustained database CPU saturation and a verified next-level throughput plateau; increase concurrency or isolate client/Weir resources; I/O/network-bound saturation needs additional device/link capacity evidence.
database-full-load (0)	Independent single-request native and SDK clients	2026-10-03T23:17:21.0598837Z 
database-full-load (0)	Independent single-request native and SDK clients	2026-10-03T23:17:21.0599727Z Best verified business QPS within this ladder: direct 7463.6 (128 workers), Weir 5013.8 (128 workers), observed change -32.82%. This is a measured business-throughput comparison, not a maximum-database-capacity claim.
database-full-load (0)	Independent single-request native and SDK clients	2026-10-03T23:17:21.0601026Z 
database-full-load (0)	Independent single-request native and SDK clients	2026-10-03T23:17:21.0602272Z Observed single-request business performance at matched client concurrency (independent of the database-capacity qualification):
database-full-load (0)	Independent single-request native and SDK clients	2026-10-03T23:17:21.0603141Z 
database-full-load (0)	Independent single-request native and SDK clients	2026-10-03T23:17:21.0603582Z | Workers | Direct QPS | Weir QPS | Change | Direct p50/p95/p99 ms | Weir p50/p95/p99 ms |
database-full-load (0)	Independent single-request native and SDK clients	2026-10-03T23:17:21.0604309Z | ---: | ---: | ---: | ---: | --- | --- |
database-full-load (0)	Independent single-request native and SDK clients	2026-10-03T23:17:21.0604984Z | 8 | 4494.9 | 3639.8 | -19.02% | 1.151 / 2.303 / 26.623 | 2.047 / 3.839 / 5.631 |
database-full-load (0)	Independent single-request native and SDK clients	2026-10-03T23:17:21.0605784Z | 32 | 6943.2 | 4713.2 | -32.12% | 3.327 / 10.239 / 36.863 | 6.655 / 12.287 / 15.359 |
database-full-load (0)	Independent single-request native and SDK clients	2026-10-03T23:17:21.0606657Z | 128 | 7463.6 | 5013.8 | -32.82% | 13.311 / 45.055 / 53.247 | 26.623 / 36.863 / 45.055 |
database-full-load (0)	Independent single-request native and SDK clients	2026-10-03T23:17:21.0607206Z 
database-full-load (0)	Independent single-request native and SDK clients	2026-10-03T23:17:21.0609132Z These QPS and latency observations apply to this hardware and measured concurrency range. A business-throughput improvement can exist without demonstrating the maximum database capacity. An underfull database or missing next-level plateau keeps the database-capacity comparison unavailable.
database-full-load (0)	Independent single-request native and SDK clients	2026-10-03T23:17:21.0611142Z 
database-full-load (0)	Independent single-request native and SDK clients	2026-10-03T23:17:21.0616158Z Aggregation evidence: the JSON records one business request per record, Read/Mutate RPC counts, adapter invocation counts, average adapter batch and its cumulative histogram, and RPCs per adapter invocation. An adapter invocation is not necessarily one physical database wire command. MongoDB physical find/update/bulkWrite/getMore/killCursors deltas come from owned serverStatus at timed boundaries; missing counters remain unavailable. Elasticsearch has no equivalent physical HTTP-command counter. Every child PID, configured native pool limit, final revision ranges, exit result and sampled CPU/RSS is retained; coordinator sampling CPU is excluded from business-client CPU.
database-full-load (0)	Independent single-request native and SDK clients	2026-10-03T23:17:21.0620041Z 
database-full-load (0)	Independent single-request native and SDK clients	2026-10-03T23:17:21.0625611Z The JSON retains before/after raw public Weir metrics and their observed deltas, every resource sample, monitor failures, raw cumulative database/container I/O and network counters, CPU quota/host core denominator, and client/Weir cumulative CPU. Docker CPU uses cumulative Engine usage and read timestamps across each entire sampling interval, never CLI instantaneous percentages. Both interval endpoints must succeed; missing intervals reduce full-run coverage. Samples include monitoring traffic and background database work. Native ps CPU has platform-dependent clock resolution. Native databases share the host CPU budget with the client and Weir. Disk/network utilization or capacity is not inferred from byte counters. A plateau without sustained database CPU saturation is not a database-full-load result. Startup/discovery/reset/postflight and warmup are excluded from throughput; all in-flight completion and validation is included.
database-full-load (0)	Independent single-request native and SDK clients	2026-10-03T23:17:58.2639729Z Owned fixture logs: /tmp/weir-tests-2013555783
database-full-load (0)	Independent single-request native and SDK clients	2026-10-03T23:18:59.6323506Z single-request backend=mongo processes=4 workers=8 round=1 direct=6291.5 weir=4085.5 DB-CPU direct=99.9% weir=68.1%
database-full-load (0)	Independent single-request native and SDK clients	2026-10-03T23:20:00.7837954Z single-request backend=mongo processes=4 workers=8 round=2 direct=6259.9 weir=4151.0 DB-CPU direct=100.0% weir=68.5%
database-full-load (0)	Independent single-request native and SDK clients	2026-10-03T23:21:01.9557817Z single-request backend=mongo processes=4 workers=8 round=3 direct=6223.9 weir=4140.4 DB-CPU direct=99.9% weir=68.5%
database-full-load (0)	Independent single-request native and SDK clients	2026-10-03T23:22:03.1229932Z single-request backend=mongo processes=4 workers=32 round=1 direct=6640.9 weir=6294.7 DB-CPU direct=100.2% weir=69.7%
database-full-load (0)	Independent single-request native and SDK clients	2026-10-03T23:23:04.3023925Z single-request backend=mongo processes=4 workers=32 round=2 direct=6636.3 weir=6304.0 DB-CPU direct=100.2% weir=69.9%
database-full-load (0)	Independent single-request native and SDK clients	2026-10-03T23:24:05.4895109Z single-request backend=mongo processes=4 workers=32 round=3 direct=6656.7 weir=6363.9 DB-CPU direct=100.1% weir=70.2%
database-full-load (0)	Independent single-request native and SDK clients	2026-10-03T23:25:06.7243375Z single-request backend=mongo processes=4 workers=128 round=1 direct=6251.9 weir=10144.2 DB-CPU direct=100.1% weir=55.5%
database-full-load (0)	Independent single-request native and SDK clients	2026-10-03T23:26:07.9214991Z single-request backend=mongo processes=4 workers=128 round=2 direct=6359.7 weir=10235.4 DB-CPU direct=100.2% weir=55.8%
database-full-load (0)	Independent single-request native and SDK clients	2026-10-03T23:27:09.1495178Z single-request backend=mongo processes=4 workers=128 round=3 direct=6567.6 weir=10092.0 DB-CPU direct=100.2% weir=55.6%
database-full-load (0)	Independent single-request native and SDK clients	2026-10-03T23:27:09.1711021Z # Database saturation comparison
database-full-load (0)	Independent single-request native and SDK clients	2026-10-03T23:27:09.1711892Z 
database-full-load (0)	Independent single-request native and SDK clients	2026-10-03T23:27:09.1712250Z Backend **mongo**. Started 2026-10-03T23:17:58.292585151Z.
database-full-load (0)	Independent single-request native and SDK clients	2026-10-03T23:27:09.1712769Z 
database-full-load (0)	Independent single-request native and SDK clients	2026-10-03T23:27:09.1717120Z independent OS client processes send one record per native call or unary SDK RPC; native FindOne/ReplaceOne or single-ID mget/PUT; no client aggregation; worker-owned disjoint IDs; common phase barriers and unchanged pools across warmup and measurement; alternating AB/BA; latency is each business request including validation, queueing and any server aggregation; independent persisted postflight; sustained database CPU requires >=5 intervals, >=80% measurement coverage, mean CPU>=threshold and CPU>=threshold during >=80% measurement duration in every round, plus <=10% next-level throughput gain.
database-full-load (0)	Independent single-request native and SDK clients	2026-10-03T23:27:09.1720475Z 
database-full-load (0)	Independent single-request native and SDK clients	2026-10-03T23:27:09.1720785Z Warmup 10s and measurement 20s per path/stage, 3 paired rounds, requested writes 0%.
database-full-load (0)	Independent single-request native and SDK clients	2026-10-03T23:27:09.1721146Z 
database-full-load (0)	Independent single-request native and SDK clients	2026-10-03T23:27:09.1722755Z 4 independent OS client processes. Each worker sends one business request containing one record, waits for its acknowledged result, and validates it. p50/p95/p99 describe individual requests; histograms are pooled rather than averaging process quantiles.
database-full-load (0)	Independent single-request native and SDK clients	2026-10-03T23:27:09.1726534Z 
database-full-load (0)	Independent single-request native and SDK clients	2026-10-03T23:27:09.1727256Z | Batch | Workers | Round | Path | Read | Write | Success | Errors/unknown | Ops/s | p95 call ms | DB CPU budget % | Full CPU time % | Sampling coverage % | Verified |
database-full-load (0)	Independent single-request native and SDK clients	2026-10-03T23:27:09.1728043Z | ---: | ---: | ---: | --- | ---: | ---: | ---: | ---: | ---: | ---: | ---: | ---: | ---: | --- |
database-full-load (0)	Independent single-request native and SDK clients	2026-10-03T23:27:09.1729507Z | 1 | 8 | 1 | direct | 125836 | 0 | 125836 | 0 | 6291.5 | 1.791 | 99.9 | 98.3 | 98.3 | true |
database-full-load (0)	Independent single-request native and SDK clients	2026-10-03T23:27:09.1730417Z | 1 | 8 | 1 | weir | 81717 | 0 | 81717 | 0 | 4085.5 | 3.583 | 68.1 | 0.0 | 100.0 | true |
database-full-load (0)	Independent single-request native and SDK clients	2026-10-03T23:27:09.1731257Z | 1 | 8 | 2 | direct | 125206 | 0 | 125206 | 0 | 6259.9 | 1.791 | 100.0 | 97.9 | 97.9 | true |
database-full-load (0)	Independent single-request native and SDK clients	2026-10-03T23:27:09.1732386Z | 1 | 8 | 2 | weir | 83027 | 0 | 83027 | 0 | 4151.0 | 3.583 | 68.5 | 0.0 | 99.5 | true |
database-full-load (0)	Independent single-request native and SDK clients	2026-10-03T23:27:09.1733297Z | 1 | 8 | 3 | direct | 124485 | 0 | 124485 | 0 | 6223.9 | 1.791 | 99.9 | 99.0 | 99.0 | true |
database-full-load (0)	Independent single-request native and SDK clients	2026-10-03T23:27:09.1734148Z | 1 | 8 | 3 | weir | 82814 | 0 | 82814 | 0 | 4140.4 | 3.583 | 68.5 | 0.0 | 99.4 | true |
database-full-load (0)	Independent single-request native and SDK clients	2026-10-03T23:27:09.1735101Z | 1 | 32 | 1 | direct | 132840 | 0 | 132840 | 0 | 6640.9 | 16.383 | 100.2 | 98.3 | 98.3 | true |
database-full-load (0)	Independent single-request native and SDK clients	2026-10-03T23:27:09.1735958Z | 1 | 32 | 1 | weir | 125916 | 0 | 125916 | 0 | 6294.7 | 10.239 | 69.7 | 0.0 | 94.4 | true |
database-full-load (0)	Independent single-request native and SDK clients	2026-10-03T23:27:09.1736887Z | 1 | 32 | 2 | direct | 132746 | 0 | 132746 | 0 | 6636.3 | 16.383 | 100.2 | 98.6 | 98.6 | true |
database-full-load (0)	Independent single-request native and SDK clients	2026-10-03T23:27:09.1737737Z | 1 | 32 | 2 | weir | 126114 | 0 | 126114 | 0 | 6304.0 | 10.239 | 69.9 | 0.0 | 99.6 | true |
database-full-load (0)	Independent single-request native and SDK clients	2026-10-03T23:27:09.1738577Z | 1 | 32 | 3 | direct | 133160 | 0 | 133160 | 0 | 6656.7 | 14.335 | 100.1 | 98.5 | 98.5 | true |
database-full-load (0)	Independent single-request native and SDK clients	2026-10-03T23:27:09.1739471Z | 1 | 32 | 3 | weir | 127304 | 0 | 127304 | 0 | 6363.9 | 10.239 | 70.2 | 0.0 | 99.5 | true |
database-full-load (0)	Independent single-request native and SDK clients	2026-10-03T23:27:09.1740337Z | 1 | 128 | 1 | direct | 125125 | 0 | 125125 | 0 | 6251.9 | 57.343 | 100.1 | 98.9 | 98.9 | true |
database-full-load (0)	Independent single-request native and SDK clients	2026-10-03T23:27:09.1741247Z | 1 | 128 | 1 | weir | 203013 | 0 | 203013 | 0 | 10144.2 | 26.623 | 55.5 | 0.0 | 99.3 | true |
database-full-load (0)	Independent single-request native and SDK clients	2026-10-03T23:27:09.1742703Z | 1 | 128 | 2 | direct | 127279 | 0 | 127279 | 0 | 6359.7 | 57.343 | 100.2 | 99.5 | 99.5 | true |
database-full-load (0)	Independent single-request native and SDK clients	2026-10-03T23:27:09.1743582Z | 1 | 128 | 2 | weir | 204802 | 0 | 204802 | 0 | 10235.4 | 26.623 | 55.8 | 0.0 | 99.2 | true |
database-full-load (0)	Independent single-request native and SDK clients	2026-10-03T23:27:09.1744449Z | 1 | 128 | 3 | direct | 131427 | 0 | 131427 | 0 | 6567.6 | 57.343 | 100.2 | 98.9 | 98.9 | true |
database-full-load (0)	Independent single-request native and SDK clients	2026-10-03T23:27:09.1745307Z | 1 | 128 | 3 | weir | 201946 | 0 | 201946 | 0 | 10092.0 | 26.623 | 55.6 | 0.0 | 99.6 | true |
database-full-load (0)	Independent single-request native and SDK clients	2026-10-03T23:27:09.1745813Z 
database-full-load (0)	Independent single-request native and SDK clients	2026-10-03T23:27:09.1746265Z Measured Weir adapter and unary RPC evidence (warmup, reset and postflight excluded):
database-full-load (0)	Independent single-request native and SDK clients	2026-10-03T23:27:09.1746854Z 
database-full-load (0)	Independent single-request native and SDK clients	2026-10-03T23:27:09.1747737Z | Batch | Workers | Round | Adapter invocations | Mean adapter batch | Read/Mutate RPCs | Queue mean ms | Adapter mean ms | Rejections | Backend concurrency limit |
database-full-load (0)	Independent single-request native and SDK clients	2026-10-03T23:27:09.1748997Z | ---: | ---: | ---: | ---: | ---: | --- | ---: | ---: | ---: | ---: |
database-full-load (0)	Independent single-request native and SDK clients	2026-10-03T23:27:09.1749650Z | 1 | 8 | 1 | 72973 | 1.120 | 81717/0 | 0.026 | 0.823 | 0 | 32.000 |
database-full-load (0)	Independent single-request native and SDK clients	2026-10-03T23:27:09.1750278Z | 1 | 8 | 2 | 74176 | 1.119 | 83027/0 | 0.025 | 0.814 | 0 | 32.000 |
database-full-load (0)	Independent single-request native and SDK clients	2026-10-03T23:27:09.1750894Z | 1 | 8 | 3 | 73951 | 1.120 | 82814/0 | 0.025 | 0.816 | 0 | 32.000 |
database-full-load (0)	Independent single-request native and SDK clients	2026-10-03T23:27:09.1751697Z | 1 | 32 | 1 | 71779 | 1.754 | 125916/0 | 0.141 | 1.562 | 0 | 32.000 |
database-full-load (0)	Independent single-request native and SDK clients	2026-10-03T23:27:09.1752347Z | 1 | 32 | 2 | 71824 | 1.756 | 126114/0 | 0.138 | 1.563 | 0 | 32.000 |
database-full-load (0)	Independent single-request native and SDK clients	2026-10-03T23:27:09.1752972Z | 1 | 32 | 3 | 72764 | 1.750 | 127304/0 | 0.136 | 1.550 | 0 | 32.000 |
database-full-load (0)	Independent single-request native and SDK clients	2026-10-03T23:27:09.1753610Z | 1 | 128 | 1 | 52105 | 3.896 | 203013/0 | 0.516 | 2.739 | 0 | 32.000 |
database-full-load (0)	Independent single-request native and SDK clients	2026-10-03T23:27:09.1754258Z | 1 | 128 | 2 | 52131 | 3.929 | 204802/0 | 0.516 | 2.685 | 0 | 32.000 |
database-full-load (0)	Independent single-request native and SDK clients	2026-10-03T23:27:09.1755113Z | 1 | 128 | 3 | 52201 | 3.869 | 201946/0 | 0.502 | 2.762 | 0 | 32.000 |
database-full-load (0)	Independent single-request native and SDK clients	2026-10-03T23:27:09.1755509Z 
database-full-load (0)	Independent single-request native and SDK clients	2026-10-03T23:27:09.1757562Z **Batch 1: database-full-load throughput comparison unavailable.** both paths must independently demonstrate sustained database CPU saturation and a verified next-level throughput plateau; increase concurrency or isolate client/Weir resources; I/O/network-bound saturation needs additional device/link capacity evidence.
database-full-load (0)	Independent single-request native and SDK clients	2026-10-03T23:27:09.1759717Z 
database-full-load (0)	Independent single-request native and SDK clients	2026-10-03T23:27:09.1760965Z Best verified business QPS within this ladder: direct 6644.6 (32 workers), Weir 10157.2 (128 workers), observed change +52.86%. This is a measured business-throughput comparison, not a maximum-database-capacity claim.
database-full-load (0)	Independent single-request native and SDK clients	2026-10-03T23:27:09.1762491Z 
database-full-load (0)	Independent single-request native and SDK clients	2026-10-03T23:27:09.1763263Z Observed single-request business performance at matched client concurrency (independent of the database-capacity qualification):
database-full-load (0)	Independent single-request native and SDK clients	2026-10-03T23:27:09.1764146Z 
database-full-load (0)	Independent single-request native and SDK clients	2026-10-03T23:27:09.1764572Z | Workers | Direct QPS | Weir QPS | Change | Direct p50/p95/p99 ms | Weir p50/p95/p99 ms |
database-full-load (0)	Independent single-request native and SDK clients	2026-10-03T23:27:09.1765338Z | ---: | ---: | ---: | ---: | --- | --- |
database-full-load (0)	Independent single-request native and SDK clients	2026-10-03T23:27:09.1765951Z | 8 | 6258.4 | 4125.6 | -34.08% | 0.831 / 1.791 / 30.719 | 1.791 / 3.583 / 4.607 |
database-full-load (0)	Independent single-request native and SDK clients	2026-10-03T23:27:09.1766753Z | 32 | 6644.6 | 6320.8 | -4.87% | 3.071 / 15.359 / 45.055 | 5.119 / 10.239 / 12.287 |
database-full-load (0)	Independent single-request native and SDK clients	2026-10-03T23:27:09.1767553Z | 128 | 6393.1 | 10157.2 | +58.88% | 14.335 / 57.343 / 65.535 | 12.287 / 26.623 / 36.863 |
database-full-load (0)	Independent single-request native and SDK clients	2026-10-03T23:27:09.1768043Z 
database-full-load (0)	Independent single-request native and SDK clients	2026-10-03T23:27:09.1769881Z These QPS and latency observations apply to this hardware and measured concurrency range. A business-throughput improvement can exist without demonstrating the maximum database capacity. An underfull database or missing next-level plateau keeps the database-capacity comparison unavailable.
database-full-load (0)	Independent single-request native and SDK clients	2026-10-03T23:27:09.1771951Z 
database-full-load (0)	Independent single-request native and SDK clients	2026-10-03T23:27:09.1776332Z Aggregation evidence: the JSON records one business request per record, Read/Mutate RPC counts, adapter invocation counts, average adapter batch and its cumulative histogram, and RPCs per adapter invocation. An adapter invocation is not necessarily one physical database wire command. MongoDB physical find/update/bulkWrite/getMore/killCursors deltas come from owned serverStatus at timed boundaries; missing counters remain unavailable. Elasticsearch has no equivalent physical HTTP-command counter. Every child PID, configured native pool limit, final revision ranges, exit result and sampled CPU/RSS is retained; coordinator sampling CPU is excluded from business-client CPU.
database-full-load (0)	Independent single-request native and SDK clients	2026-10-03T23:27:09.1780818Z 
database-full-load (0)	Independent single-request native and SDK clients	2026-10-03T23:27:09.1787098Z The JSON retains before/after raw public Weir metrics and their observed deltas, every resource sample, monitor failures, raw cumulative database/container I/O and network counters, CPU quota/host core denominator, and client/Weir cumulative CPU. Docker CPU uses cumulative Engine usage and read timestamps across each entire sampling interval, never CLI instantaneous percentages. Both interval endpoints must succeed; missing intervals reduce full-run coverage. Samples include monitoring traffic and background database work. Native ps CPU has platform-dependent clock resolution. Native databases share the host CPU budget with the client and Weir. Disk/network utilization or capacity is not inferred from byte counters. A plateau without sustained database CPU saturation is not a database-full-load result. Startup/discovery/reset/postflight and warmup are excluded from throughput; all in-flight completion and validation is included.
database-full-load (0)	Independent single-request native and SDK clients	2026-10-03T23:28:14.5209620Z single-request backend=search processes=4 workers=8 round=1 direct=2217.8 weir=3760.1 DB-CPU direct=99.9% weir=78.6%
database-full-load (0)	Independent single-request native and SDK clients	2026-10-03T23:29:17.1984450Z single-request backend=search processes=4 workers=8 round=2 direct=5639.4 weir=3768.8 DB-CPU direct=99.8% weir=77.2%
database-full-load (0)	Independent single-request native and SDK clients	2026-10-03T23:30:19.3959212Z single-request backend=search processes=4 workers=8 round=3 direct=5727.7 weir=3764.1 DB-CPU direct=99.7% weir=75.1%
database-full-load (0)	Independent single-request native and SDK clients	2026-10-03T23:31:21.3582797Z single-request backend=search processes=4 workers=32 round=1 direct=7064.2 weir=5673.3 DB-CPU direct=99.8% weir=75.3%
database-full-load (0)	Independent single-request native and SDK clients	2026-10-03T23:32:23.2257884Z single-request backend=search processes=4 workers=32 round=2 direct=6874.5 weir=5683.3 DB-CPU direct=99.7% weir=76.9%
database-full-load (0)	Independent single-request native and SDK clients	2026-10-03T23:33:24.9935393Z single-request backend=search processes=4 workers=32 round=3 direct=6948.4 weir=5703.5 DB-CPU direct=99.7% weir=76.4%
database-full-load (0)	Independent single-request native and SDK clients	2026-10-03T23:34:26.8350765Z single-request backend=search processes=4 workers=128 round=1 direct=7649.0 weir=8739.8 DB-CPU direct=99.9% weir=63.2%
database-full-load (0)	Independent single-request native and SDK clients	2026-10-03T23:35:28.6095320Z single-request backend=search processes=4 workers=128 round=2 direct=7565.6 weir=8689.6 DB-CPU direct=99.9% weir=63.3%
database-full-load (0)	Independent single-request native and SDK clients	2026-10-03T23:36:30.4441283Z single-request backend=search processes=4 workers=128 round=3 direct=7611.9 weir=8731.3 DB-CPU direct=100.1% weir=63.3%
database-full-load (0)	Independent single-request native and SDK clients	2026-10-03T23:36:30.4694866Z # Database saturation comparison
database-full-load (0)	Independent single-request native and SDK clients	2026-10-03T23:36:30.4695338Z 
database-full-load (0)	Independent single-request native and SDK clients	2026-10-03T23:36:30.4695679Z Backend **search**. Started 2026-10-03T23:27:09.540253195Z.
database-full-load (0)	Independent single-request native and SDK clients	2026-10-03T23:36:30.4696231Z 
database-full-load (0)	Independent single-request native and SDK clients	2026-10-03T23:36:30.4700341Z independent OS client processes send one record per native call or unary SDK RPC; native FindOne/ReplaceOne or single-ID mget/PUT; no client aggregation; worker-owned disjoint IDs; common phase barriers and unchanged pools across warmup and measurement; alternating AB/BA; latency is each business request including validation, queueing and any server aggregation; independent persisted postflight; sustained database CPU requires >=5 intervals, >=80% measurement coverage, mean CPU>=threshold and CPU>=threshold during >=80% measurement duration in every round, plus <=10% next-level throughput gain.
database-full-load (0)	Independent single-request native and SDK clients	2026-10-03T23:36:30.4703752Z 
database-full-load (0)	Independent single-request native and SDK clients	2026-10-03T23:36:30.4704123Z Warmup 10s and measurement 20s per path/stage, 3 paired rounds, requested writes 0%.
database-full-load (0)	Independent single-request native and SDK clients	2026-10-03T23:36:30.4704571Z 
database-full-load (0)	Independent single-request native and SDK clients	2026-10-03T23:36:30.4705620Z 4 independent OS client processes. Each worker sends one business request containing one record, waits for its acknowledged result, and validates it. p50/p95/p99 describe individual requests; histograms are pooled rather than averaging process quantiles.
database-full-load (0)	Independent single-request native and SDK clients	2026-10-03T23:36:30.4706739Z 
database-full-load (0)	Independent single-request native and SDK clients	2026-10-03T23:36:30.4707316Z | Batch | Workers | Round | Path | Read | Write | Success | Errors/unknown | Ops/s | p95 call ms | DB CPU budget % | Full CPU time % | Sampling coverage % | Verified |
database-full-load (0)	Independent single-request native and SDK clients	2026-10-03T23:36:30.4708490Z | ---: | ---: | ---: | --- | ---: | ---: | ---: | ---: | ---: | ---: | ---: | ---: | ---: | --- |
database-full-load (0)	Independent single-request native and SDK clients	2026-10-03T23:36:30.4709057Z | 1 | 8 | 1 | direct | 44360 | 0 | 44360 | 0 | 2217.8 | 3.839 | 99.9 | 98.8 | 98.8 | true |
database-full-load (0)	Independent single-request native and SDK clients	2026-10-03T23:36:30.4709600Z | 1 | 8 | 1 | weir | 75209 | 0 | 75209 | 0 | 3760.1 | 3.839 | 78.6 | 0.0 | 99.2 | true |
database-full-load (0)	Independent single-request native and SDK clients	2026-10-03T23:36:30.4710155Z | 1 | 8 | 2 | direct | 112793 | 0 | 112793 | 0 | 5639.4 | 1.791 | 99.8 | 96.6 | 96.6 | true |
database-full-load (0)	Independent single-request native and SDK clients	2026-10-03T23:36:30.4710707Z | 1 | 8 | 2 | weir | 75381 | 0 | 75381 | 0 | 3768.8 | 3.839 | 77.2 | 0.0 | 98.9 | true |
database-full-load (0)	Independent single-request native and SDK clients	2026-10-03T23:36:30.4711252Z | 1 | 8 | 3 | direct | 114561 | 0 | 114561 | 0 | 5727.7 | 1.791 | 99.7 | 96.8 | 96.8 | true |
database-full-load (0)	Independent single-request native and SDK clients	2026-10-03T23:36:30.4711949Z | 1 | 8 | 3 | weir | 75288 | 0 | 75288 | 0 | 3764.1 | 3.839 | 75.1 | 0.0 | 99.2 | true |
database-full-load (0)	Independent single-request native and SDK clients	2026-10-03T23:36:30.4712505Z | 1 | 32 | 1 | direct | 141307 | 0 | 141307 | 0 | 7064.2 | 9.215 | 99.8 | 98.8 | 98.8 | true |
database-full-load (0)	Independent single-request native and SDK clients	2026-10-03T23:36:30.4713092Z | 1 | 32 | 1 | weir | 113490 | 0 | 113490 | 0 | 5673.3 | 11.263 | 75.3 | 0.0 | 99.6 | true |
database-full-load (0)	Independent single-request native and SDK clients	2026-10-03T23:36:30.4713653Z | 1 | 32 | 2 | direct | 137516 | 0 | 137516 | 0 | 6874.5 | 11.263 | 99.7 | 98.4 | 98.4 | true |
database-full-load (0)	Independent single-request native and SDK clients	2026-10-03T23:36:30.4714232Z | 1 | 32 | 2 | weir | 113683 | 0 | 113683 | 0 | 5683.3 | 11.263 | 76.9 | 0.0 | 99.5 | true |
database-full-load (0)	Independent single-request native and SDK clients	2026-10-03T23:36:30.4714810Z | 1 | 32 | 3 | direct | 138986 | 0 | 138986 | 0 | 6948.4 | 10.239 | 99.7 | 98.5 | 98.5 | true |
database-full-load (0)	Independent single-request native and SDK clients	2026-10-03T23:36:30.4715368Z | 1 | 32 | 3 | weir | 114088 | 0 | 114088 | 0 | 5703.5 | 10.239 | 76.4 | 0.0 | 99.4 | true |
database-full-load (0)	Independent single-request native and SDK clients	2026-10-03T23:36:30.4715863Z | 1 | 128 | 1 | direct | 153034 | 0 | 153034 | 0 | 7649.0 | 45.055 | 99.9 | 99.0 | 99.0 | true |
database-full-load (0)	Independent single-request native and SDK clients	2026-10-03T23:36:30.4716361Z | 1 | 128 | 1 | weir | 174898 | 0 | 174898 | 0 | 8739.8 | 28.671 | 63.2 | 0.0 | 99.6 | true |
database-full-load (0)	Independent single-request native and SDK clients	2026-10-03T23:36:30.4717045Z | 1 | 128 | 2 | direct | 151375 | 0 | 151375 | 0 | 7565.6 | 45.055 | 99.9 | 98.5 | 98.5 | true |
database-full-load (0)	Independent single-request native and SDK clients	2026-10-03T23:36:30.4717540Z | 1 | 128 | 2 | weir | 173855 | 0 | 173855 | 0 | 8689.6 | 28.671 | 63.3 | 0.0 | 99.4 | true |
database-full-load (0)	Independent single-request native and SDK clients	2026-10-03T23:36:30.4718038Z | 1 | 128 | 3 | direct | 152292 | 0 | 152292 | 0 | 7611.9 | 45.055 | 100.1 | 98.8 | 98.8 | true |
database-full-load (0)	Independent single-request native and SDK clients	2026-10-03T23:36:30.4718533Z | 1 | 128 | 3 | weir | 174697 | 0 | 174697 | 0 | 8731.3 | 28.671 | 63.3 | 0.0 | 99.7 | true |
database-full-load (0)	Independent single-request native and SDK clients	2026-10-03T23:36:30.4718819Z 
database-full-load (0)	Independent single-request native and SDK clients	2026-10-03T23:36:30.4719249Z Measured Weir adapter and unary RPC evidence (warmup, reset and postflight excluded):
database-full-load (0)	Independent single-request native and SDK clients	2026-10-03T23:36:30.4719871Z 
database-full-load (0)	Independent single-request native and SDK clients	2026-10-03T23:36:30.4720597Z | Batch | Workers | Round | Adapter invocations | Mean adapter batch | Read/Mutate RPCs | Queue mean ms | Adapter mean ms | Rejections | Backend concurrency limit |
database-full-load (0)	Independent single-request native and SDK clients	2026-10-03T23:36:30.4721529Z | ---: | ---: | ---: | ---: | ---: | --- | ---: | ---: | ---: | ---: |
database-full-load (0)	Independent single-request native and SDK clients	2026-10-03T23:36:30.4721937Z | 1 | 8 | 1 | 68647 | 1.096 | 75209/0 | 0.021 | 1.080 | 0 | 32.000 |
database-full-load (0)	Independent single-request native and SDK clients	2026-10-03T23:36:30.4722312Z | 1 | 8 | 2 | 68942 | 1.093 | 75381/0 | 0.021 | 1.078 | 0 | 32.000 |
database-full-load (0)	Independent single-request native and SDK clients	2026-10-03T23:36:30.4722670Z | 1 | 8 | 3 | 68870 | 1.093 | 75288/0 | 0.021 | 1.062 | 0 | 32.000 |
database-full-load (0)	Independent single-request native and SDK clients	2026-10-03T23:36:30.4723031Z | 1 | 32 | 1 | 72426 | 1.567 | 113490/0 | 0.116 | 2.342 | 0 | 32.000 |
database-full-load (0)	Independent single-request native and SDK clients	2026-10-03T23:36:30.4723398Z | 1 | 32 | 2 | 72970 | 1.558 | 113683/0 | 0.114 | 2.322 | 0 | 32.000 |
database-full-load (0)	Independent single-request native and SDK clients	2026-10-03T23:36:30.4723918Z | 1 | 32 | 3 | 73115 | 1.560 | 114088/0 | 0.115 | 2.288 | 0 | 32.000 |
database-full-load (0)	Independent single-request native and SDK clients	2026-10-03T23:36:30.4724398Z | 1 | 128 | 1 | 52627 | 3.323 | 174898/0 | 0.527 | 4.363 | 0 | 32.000 |
database-full-load (0)	Independent single-request native and SDK clients	2026-10-03T23:36:30.4724790Z | 1 | 128 | 2 | 52708 | 3.298 | 173855/0 | 0.511 | 4.255 | 0 | 32.000 |
database-full-load (0)	Independent single-request native and SDK clients	2026-10-03T23:36:30.4725165Z | 1 | 128 | 3 | 54212 | 3.222 | 174697/0 | 0.529 | 4.343 | 0 | 32.000 |
database-full-load (0)	Independent single-request native and SDK clients	2026-10-03T23:36:30.4725397Z 
database-full-load (0)	Independent single-request native and SDK clients	2026-10-03T23:36:30.4726853Z **Batch 1: database-full-load throughput comparison unavailable.** both paths must independently demonstrate sustained database CPU saturation and a verified next-level throughput plateau; increase concurrency or isolate client/Weir resources; I/O/network-bound saturation needs additional device/link capacity evidence.
database-full-load (0)	Independent single-request native and SDK clients	2026-10-03T23:36:30.4729227Z 
database-full-load (0)	Independent single-request native and SDK clients	2026-10-03T23:36:30.4729985Z Best verified business QPS within this ladder: direct 7608.8 (128 workers), Weir 8720.2 (128 workers), observed change +14.61%. This is a measured business-throughput comparison, not a maximum-database-capacity claim.
database-full-load (0)	Independent single-request native and SDK clients	2026-10-03T23:36:30.4730968Z 
database-full-load (0)	Independent single-request native and SDK clients	2026-10-03T23:36:30.4732708Z Observed single-request business performance at matched client concurrency (independent of the database-capacity qualification):
database-full-load (0)	Independent single-request native and SDK clients	2026-10-03T23:36:30.4733605Z 
database-full-load (0)	Independent single-request native and SDK clients	2026-10-03T23:36:30.4734063Z | Workers | Direct QPS | Weir QPS | Change | Direct p50/p95/p99 ms | Weir p50/p95/p99 ms |
database-full-load (0)	Independent single-request native and SDK clients	2026-10-03T23:36:30.4734813Z | ---: | ---: | ---: | ---: | --- | --- |
database-full-load (0)	Independent single-request native and SDK clients	2026-10-03T23:36:30.4735464Z | 8 | 4528.3 | 3764.3 | -16.87% | 1.151 / 2.303 / 26.623 | 2.047 / 3.839 / 5.119 |
database-full-load (0)	Independent single-request native and SDK clients	2026-10-03T23:36:30.4736262Z | 32 | 6962.4 | 5686.7 | -18.32% | 3.327 / 10.239 / 36.863 | 5.631 / 11.263 / 13.311 |
database-full-load (0)	Independent single-request native and SDK clients	2026-10-03T23:36:30.4737055Z | 128 | 7608.8 | 8720.2 | +14.61% | 13.311 / 45.055 / 53.247 | 14.335 / 28.671 / 36.863 |
database-full-load (0)	Independent single-request native and SDK clients	2026-10-03T23:36:30.4737615Z 
database-full-load (0)	Independent single-request native and SDK clients	2026-10-03T23:36:30.4739400Z These QPS and latency observations apply to this hardware and measured concurrency range. A business-throughput improvement can exist without demonstrating the maximum database capacity. An underfull database or missing next-level plateau keeps the database-capacity comparison unavailable.
database-full-load (0)	Independent single-request native and SDK clients	2026-10-03T23:36:30.4741319Z 
database-full-load (0)	Independent single-request native and SDK clients	2026-10-03T23:36:30.4746135Z Aggregation evidence: the JSON records one business request per record, Read/Mutate RPC counts, adapter invocation counts, average adapter batch and its cumulative histogram, and RPCs per adapter invocation. An adapter invocation is not necessarily one physical database wire command. MongoDB physical find/update/bulkWrite/getMore/killCursors deltas come from owned serverStatus at timed boundaries; missing counters remain unavailable. Elasticsearch has no equivalent physical HTTP-command counter. Every child PID, configured native pool limit, final revision ranges, exit result and sampled CPU/RSS is retained; coordinator sampling CPU is excluded from business-client CPU.
database-full-load (0)	Independent single-request native and SDK clients	2026-10-03T23:36:30.4750880Z 
database-full-load (0)	Independent single-request native and SDK clients	2026-10-03T23:36:30.4757483Z The JSON retains before/after raw public Weir metrics and their observed deltas, every resource sample, monitor failures, raw cumulative database/container I/O and network counters, CPU quota/host core denominator, and client/Weir cumulative CPU. Docker CPU uses cumulative Engine usage and read timestamps across each entire sampling interval, never CLI instantaneous percentages. Both interval endpoints must succeed; missing intervals reduce full-run coverage. Samples include monitoring traffic and background database work. Native ps CPU has platform-dependent clock resolution. Native databases share the host CPU budget with the client and Weir. Disk/network utilization or capacity is not inferred from byte counters. A plateau without sustained database CPU saturation is not a database-full-load result. Startup/discovery/reset/postflight and warmup are excluded from throughput; all in-flight completion and validation is included.
database-full-load (0)	Preserve raw resource samples, workload validation and cleanup	﻿2026-10-03T23:36:33.3237081Z ##[group]Run actions/upload-artifact@ea165f8d65b6e75b540449e92b4886f43607fa02
database-full-load (0)	Preserve raw resource samples, workload validation and cleanup	2026-10-03T23:36:33.3237642Z with:
database-full-load (0)	Preserve raw resource samples, workload validation and cleanup	2026-10-03T23:36:33.3238019Z   name: saturation-evidence-writes-0-03fcec1bbb3806a41eca2aa39b4ff702a4b59331
database-full-load (0)	Preserve raw resource samples, workload validation and cleanup	2026-10-03T23:36:33.3239188Z   path: results/local/
database-full-load (0)	Preserve raw resource samples, workload validation and cleanup	/tmp/weir-tests-*/manifest.json
database-full-load (0)	Preserve raw resource samples, workload validation and cleanup	/tmp/weir-tests-*/cleanup.json
database-full-load (0)	Preserve raw resource samples, workload validation and cleanup	/tmp/weir-tests-*/*config.json
database-full-load (0)	Preserve raw resource samples, workload validation and cleanup	/tmp/weir-tests-*/*routes.json
database-full-load (0)	Preserve raw resource samples, workload validation and cleanup	/tmp/weir-tests-*/*process.log
database-full-load (0)	Preserve raw resource samples, workload validation and cleanup	/tmp/weir-tests-*/docker-engine.json
database-full-load (0)	Preserve raw resource samples, workload validation and cleanup	
database-full-load (0)	Preserve raw resource samples, workload validation and cleanup	2026-10-03T23:36:33.3240183Z   retention-days: 14
database-full-load (0)	Preserve raw resource samples, workload validation and cleanup	2026-10-03T23:36:33.3240414Z   if-no-files-found: warn
database-full-load (0)	Preserve raw resource samples, workload validation and cleanup	2026-10-03T23:36:33.3240659Z   compression-level: 6
database-full-load (0)	Preserve raw resource samples, workload validation and cleanup	2026-10-03T23:36:33.3240880Z   overwrite: false
database-full-load (0)	Preserve raw resource samples, workload validation and cleanup	2026-10-03T23:36:33.3241116Z   include-hidden-files: false
database-full-load (0)	Preserve raw resource samples, workload validation and cleanup	2026-10-03T23:36:33.3241563Z env:
database-full-load (0)	Preserve raw resource samples, workload validation and cleanup	2026-10-03T23:36:33.3241764Z   GOENV: off
database-full-load (0)	Preserve raw resource samples, workload validation and cleanup	2026-10-03T23:36:33.3241947Z   GOWORK: off
database-full-load (0)	Preserve raw resource samples, workload validation and cleanup	2026-10-03T23:36:33.3242135Z   GOTOOLCHAIN: local
database-full-load (0)	Preserve raw resource samples, workload validation and cleanup	2026-10-03T23:36:33.3242349Z   GOFLAGS: -mod=readonly
database-full-load (0)	Preserve raw resource samples, workload validation and cleanup	2026-10-03T23:36:33.3242722Z   PYTHONDONTWRITEBYTECODE: 1
database-full-load (0)	Preserve raw resource samples, workload validation and cleanup	2026-10-03T23:36:33.3243014Z ##[endgroup]
database-full-load (0)	Preserve raw resource samples, workload validation and cleanup	2026-10-03T23:36:33.4962094Z (node:18562) [DEP0040] DeprecationWarning: The `punycode` module is deprecated. Please use a userland alternative instead.
database-full-load (0)	Preserve raw resource samples, workload validation and cleanup	2026-10-03T23:36:33.4962920Z (Use `node --trace-deprecation ...` to show where the warning was created)
database-full-load (0)	Preserve raw resource samples, workload validation and cleanup	2026-10-03T23:36:33.5111522Z Multiple search paths detected. Calculating the least common ancestor of all paths
database-full-load (0)	Preserve raw resource samples, workload validation and cleanup	2026-10-03T23:36:33.5113904Z The least common ancestor is /. This will be the root directory of the artifact
database-full-load (0)	Preserve raw resource samples, workload validation and cleanup	2026-10-03T23:36:33.5114734Z With the provided path, there will be 24 files uploaded
database-full-load (0)	Preserve raw resource samples, workload validation and cleanup	2026-10-03T23:36:33.5120792Z Artifact name is valid!
database-full-load (0)	Preserve raw resource samples, workload validation and cleanup	2026-10-03T23:36:33.5121822Z Root directory input is valid!
database-full-load (0)	Preserve raw resource samples, workload validation and cleanup	2026-10-03T23:36:33.8941549Z Beginning upload of artifact content to blob storage
database-full-load (0)	Preserve raw resource samples, workload validation and cleanup	2026-10-03T23:36:34.0928481Z (node:18562) [DEP0169] DeprecationWarning: `url.parse()` behavior is not standardized and prone to errors that have security implications. Use the WHATWG URL API instead. CVEs are not issued for `url.parse()` vulnerabilities.
database-full-load (0)	Preserve raw resource samples, workload validation and cleanup	2026-10-03T23:36:34.7692870Z Uploaded bytes 1113907
database-full-load (0)	Preserve raw resource samples, workload validation and cleanup	2026-10-03T23:36:34.8443142Z Finished uploading artifact content to blob storage!
database-full-load (0)	Preserve raw resource samples, workload validation and cleanup	2026-10-03T23:36:34.8444522Z SHA256 digest of uploaded artifact zip is e7bf20a7ca6b14410d7bb48ad57ecc0010e269f37fb4ad6562bc827a75d4ad81
database-full-load (0)	Preserve raw resource samples, workload validation and cleanup	2026-10-03T23:36:34.8446177Z Finalizing artifact upload
database-full-load (0)	Preserve raw resource samples, workload validation and cleanup	2026-10-03T23:36:35.1468368Z Artifact saturation-evidence-writes-0-03fcec1bbb3806a41eca2aa39b4ff702a4b59331.zip successfully finalized. Artifact ID 11287932418
database-full-load (0)	Preserve raw resource samples, workload validation and cleanup	2026-10-03T23:36:35.1470891Z Artifact saturation-evidence-writes-0-03fcec1bbb3806a41eca2aa39b4ff702a4b59331 has been successfully uploaded! Final size is 1113907 bytes. Artifact ID is 11287932418
database-full-load (0)	Preserve raw resource samples, workload validation and cleanup	2026-10-03T23:36:35.1476071Z Artifact download URL: https://github.com/batchstream/weir-tests/actions/runs/37160118515/artifacts/11287932418
database-full-load (0)	Post Run actions/setup-go@924ae3a1cded613372ab5595356fb5720e22ba16	﻿2026-10-03T23:36:35.1651814Z Post job cleanup.
database-full-load (0)	Post Run actions/setup-go@924ae3a1cded613372ab5595356fb5720e22ba16	2026-10-03T23:36:35.2912630Z [command]/opt/hostedtoolcache/go/1.27.1/x64/bin/go env GOMODCACHE
database-full-load (0)	Post Run actions/setup-go@924ae3a1cded613372ab5595356fb5720e22ba16	2026-10-03T23:36:35.2958403Z [command]/opt/hostedtoolcache/go/1.27.1/x64/bin/go env GOCACHE
database-full-load (0)	Post Run actions/setup-go@924ae3a1cded613372ab5595356fb5720e22ba16	2026-10-03T23:36:35.2994802Z /home/runner/go/pkg/mod
database-full-load (0)	Post Run actions/setup-go@924ae3a1cded613372ab5595356fb5720e22ba16	2026-10-03T23:36:35.3012825Z /home/runner/.cache/go-build
database-full-load (0)	Post Run actions/setup-go@924ae3a1cded613372ab5595356fb5720e22ba16	2026-10-03T23:36:35.3020721Z Cache hit occurred on the primary key setup-go-Linux-x64-ubuntu24-go-1.27.1-f3893fbf0ff2b6e2efba8903234513786674983d753d1815a9a1fcf84a06448a, not saving cache.
database-full-load (0)	Post Run actions/checkout@3d3c42e5aac5ba805825da76410c181273ba90b1	﻿2026-10-03T23:36:35.3192638Z Post job cleanup.
database-full-load (0)	Post Run actions/checkout@3d3c42e5aac5ba805825da76410c181273ba90b1	2026-10-03T23:36:35.4096693Z [command]/usr/bin/git version
database-full-load (0)	Post Run actions/checkout@3d3c42e5aac5ba805825da76410c181273ba90b1	2026-10-03T23:36:35.4141485Z git version 2.55.0
database-full-load (0)	Post Run actions/checkout@3d3c42e5aac5ba805825da76410c181273ba90b1	2026-10-03T23:36:35.4186504Z Temporarily overriding HOME='/home/runner/work/_temp/3a3a7219-b3ab-410a-9ea1-d5792362fb5f' before making global git config changes
database-full-load (0)	Post Run actions/checkout@3d3c42e5aac5ba805825da76410c181273ba90b1	2026-10-03T23:36:35.4187900Z Adding repository directory to the temporary git global config as a safe directory
database-full-load (0)	Post Run actions/checkout@3d3c42e5aac5ba805825da76410c181273ba90b1	2026-10-03T23:36:35.4193865Z [command]/usr/bin/git config --global --add safe.directory /home/runner/work/weir-tests/weir-tests
database-full-load (0)	Post Run actions/checkout@3d3c42e5aac5ba805825da76410c181273ba90b1	2026-10-03T23:36:35.4226490Z Removing SSH command configuration
database-full-load (0)	Post Run actions/checkout@3d3c42e5aac5ba805825da76410c181273ba90b1	2026-10-03T23:36:35.4233559Z [command]/usr/bin/git config --local --name-only --get-regexp core\.sshCommand
database-full-load (0)	Post Run actions/checkout@3d3c42e5aac5ba805825da76410c181273ba90b1	2026-10-03T23:36:35.4275103Z [command]/usr/bin/git submodule foreach --recursive sh -c "git config --local --name-only --get-regexp 'core\.sshCommand' && git config --local --unset-all 'core.sshCommand' || :"
database-full-load (0)	Post Run actions/checkout@3d3c42e5aac5ba805825da76410c181273ba90b1	2026-10-03T23:36:35.4514429Z Removing HTTP extra header
database-full-load (0)	Post Run actions/checkout@3d3c42e5aac5ba805825da76410c181273ba90b1	2026-10-03T23:36:35.4520135Z [command]/usr/bin/git config --local --name-only --get-regexp http\.https\:\/\/github\.com\/\.extraheader
database-full-load (0)	Post Run actions/checkout@3d3c42e5aac5ba805825da76410c181273ba90b1	2026-10-03T23:36:35.4563462Z [command]/usr/bin/git submodule foreach --recursive sh -c "git config --local --name-only --get-regexp 'http\.https\:\/\/github\.com\/\.extraheader' && git config --local --unset-all 'http.https://github.com/.extraheader' || :"
database-full-load (0)	Post Run actions/checkout@3d3c42e5aac5ba805825da76410c181273ba90b1	2026-10-03T23:36:35.4876758Z Removing includeIf entries pointing to credentials config files
database-full-load (0)	Post Run actions/checkout@3d3c42e5aac5ba805825da76410c181273ba90b1	2026-10-03T23:36:35.4884615Z [command]/usr/bin/git config --local --name-only --get-regexp ^includeIf\.gitdir:
database-full-load (0)	Post Run actions/checkout@3d3c42e5aac5ba805825da76410c181273ba90b1	2026-10-03T23:36:35.4944440Z [command]/usr/bin/git submodule foreach --recursive git config --local --show-origin --name-only --get-regexp remote.origin.url
database-full-load (0)	Complete job	﻿2026-10-03T23:36:35.5366277Z Cleaning up orphan processes
database-full-load (0)	Complete job	2026-10-03T23:36:35.5659891Z ##[warning]Node.js 20 is deprecated. The following actions target Node.js 20 but are being forced to run on Node.js 24: actions/upload-artifact@ea165f8d65b6e75b540449e92b4886f43607fa02. For more information see: https://github.blog/changelog/2025-09-19-deprecation-of-node-20-on-github-actions-runners/
