unit	Set up job	﻿2026-10-03T22:20:34.8601698Z Current runner version: '2.337.0'
unit	Set up job	2026-10-03T22:20:34.8640887Z ##[group]Runner Image Provisioner
unit	Set up job	2026-10-03T22:20:34.8642395Z Hosted Compute Agent
unit	Set up job	2026-10-03T22:20:34.8643483Z Version: 20260901.588
unit	Set up job	2026-10-03T22:20:34.8644711Z Commit: f88ec8081b781fac6c440065ac7ff9e710ce3d0b
unit	Set up job	2026-10-03T22:20:34.8646599Z Build Date: 2026-09-01T19:56:44Z
unit	Set up job	2026-10-03T22:20:34.8647877Z Worker ID: {6d383868-1204-4d72-8cfa-9f51efe67152}
unit	Set up job	2026-10-03T22:20:34.8649255Z Azure Region: eastus2
unit	Set up job	2026-10-03T22:20:34.8650263Z ##[endgroup]
unit	Set up job	2026-10-03T22:20:34.8653388Z ##[group]Operating System
unit	Set up job	2026-10-03T22:20:34.8654535Z Ubuntu
unit	Set up job	2026-10-03T22:20:34.8655410Z 24.04.5
unit	Set up job	2026-10-03T22:20:34.8656878Z LTS
unit	Set up job	2026-10-03T22:20:34.8657813Z ##[endgroup]
unit	Set up job	2026-10-03T22:20:34.8658912Z ##[group]Runner Image
unit	Set up job	2026-10-03T22:20:34.8660064Z Image: ubuntu-24.04
unit	Set up job	2026-10-03T22:20:34.8661180Z Version: 20260927.320.1
unit	Set up job	2026-10-03T22:20:34.8663173Z Included Software: https://github.com/actions/runner-images/blob/ubuntu24/20260927.320/images/ubuntu/Ubuntu2404-Readme.md
unit	Set up job	2026-10-03T22:20:34.8666650Z Image Release: https://github.com/actions/runner-images/releases/tag/ubuntu24%2F20260927.320
unit	Set up job	2026-10-03T22:20:34.8668412Z ##[endgroup]
unit	Set up job	2026-10-03T22:20:34.8670390Z ##[group]GITHUB_TOKEN Permissions
unit	Set up job	2026-10-03T22:20:34.8673600Z Contents: read
unit	Set up job	2026-10-03T22:20:34.8674717Z Metadata: read
unit	Set up job	2026-10-03T22:20:34.8676046Z ##[endgroup]
unit	Set up job	2026-10-03T22:20:34.8679100Z Secret source: Actions
unit	Set up job	2026-10-03T22:20:34.8680590Z Cache mode: write
unit	Set up job	2026-10-03T22:20:34.8682485Z Prepare workflow directory
unit	Set up job	2026-10-03T22:20:34.9325275Z Prepare all required actions
unit	Set up job	2026-10-03T22:20:34.9402083Z Getting action download info
unit	Set up job	2026-10-03T22:20:35.1230562Z Download action repository 'actions/checkout@3d3c42e5aac5ba805825da76410c181273ba90b1' (SHA:3d3c42e5aac5ba805825da76410c181273ba90b1)
unit	Set up job	2026-10-03T22:20:35.2414929Z Download action repository 'actions/setup-go@924ae3a1cded613372ab5595356fb5720e22ba16' (SHA:924ae3a1cded613372ab5595356fb5720e22ba16)
unit	Set up job	2026-10-03T22:20:35.5612016Z Complete job name: unit
unit	Run actions/checkout@3d3c42e5aac5ba805825da76410c181273ba90b1	﻿2026-10-03T22:20:35.6390855Z ##[group]Run actions/checkout@3d3c42e5aac5ba805825da76410c181273ba90b1
unit	Run actions/checkout@3d3c42e5aac5ba805825da76410c181273ba90b1	2026-10-03T22:20:35.6391956Z with:
unit	Run actions/checkout@3d3c42e5aac5ba805825da76410c181273ba90b1	2026-10-03T22:20:35.6392448Z   ref: ecf3172b3d27bdc564af87388592cc68b553ac08
unit	Run actions/checkout@3d3c42e5aac5ba805825da76410c181273ba90b1	2026-10-03T22:20:35.6393081Z   persist-credentials: false
unit	Run actions/checkout@3d3c42e5aac5ba805825da76410c181273ba90b1	2026-10-03T22:20:35.6393638Z   repository: batchstream/weir-tests
unit	Run actions/checkout@3d3c42e5aac5ba805825da76410c181273ba90b1	2026-10-03T22:20:35.6397700Z   token: ***
unit	Run actions/checkout@3d3c42e5aac5ba805825da76410c181273ba90b1	2026-10-03T22:20:35.6398152Z   ssh-strict: true
unit	Run actions/checkout@3d3c42e5aac5ba805825da76410c181273ba90b1	2026-10-03T22:20:35.6398597Z   ssh-user: git
unit	Run actions/checkout@3d3c42e5aac5ba805825da76410c181273ba90b1	2026-10-03T22:20:35.6399019Z   clean: true
unit	Run actions/checkout@3d3c42e5aac5ba805825da76410c181273ba90b1	2026-10-03T22:20:35.6399471Z   sparse-checkout-cone-mode: true
unit	Run actions/checkout@3d3c42e5aac5ba805825da76410c181273ba90b1	2026-10-03T22:20:35.6400013Z   fetch-depth: 1
unit	Run actions/checkout@3d3c42e5aac5ba805825da76410c181273ba90b1	2026-10-03T22:20:35.6400450Z   fetch-tags: false
unit	Run actions/checkout@3d3c42e5aac5ba805825da76410c181273ba90b1	2026-10-03T22:20:35.6400901Z   show-progress: true
unit	Run actions/checkout@3d3c42e5aac5ba805825da76410c181273ba90b1	2026-10-03T22:20:35.6401349Z   lfs: false
unit	Run actions/checkout@3d3c42e5aac5ba805825da76410c181273ba90b1	2026-10-03T22:20:35.6401781Z   submodules: false
unit	Run actions/checkout@3d3c42e5aac5ba805825da76410c181273ba90b1	2026-10-03T22:20:35.6402245Z   set-safe-directory: true
unit	Run actions/checkout@3d3c42e5aac5ba805825da76410c181273ba90b1	2026-10-03T22:20:35.6402766Z   allow-unsafe-pr-checkout: false
unit	Run actions/checkout@3d3c42e5aac5ba805825da76410c181273ba90b1	2026-10-03T22:20:35.6403549Z env:
unit	Run actions/checkout@3d3c42e5aac5ba805825da76410c181273ba90b1	2026-10-03T22:20:35.6403960Z   GOENV: off
unit	Run actions/checkout@3d3c42e5aac5ba805825da76410c181273ba90b1	2026-10-03T22:20:35.6404371Z   GOWORK: off
unit	Run actions/checkout@3d3c42e5aac5ba805825da76410c181273ba90b1	2026-10-03T22:20:35.6404860Z   GOTOOLCHAIN: local
unit	Run actions/checkout@3d3c42e5aac5ba805825da76410c181273ba90b1	2026-10-03T22:20:35.6405328Z   GOFLAGS: -mod=readonly
unit	Run actions/checkout@3d3c42e5aac5ba805825da76410c181273ba90b1	2026-10-03T22:20:35.6405999Z   PYTHONDONTWRITEBYTECODE: 1
unit	Run actions/checkout@3d3c42e5aac5ba805825da76410c181273ba90b1	2026-10-03T22:20:35.6406496Z ##[endgroup]
unit	Run actions/checkout@3d3c42e5aac5ba805825da76410c181273ba90b1	2026-10-03T22:20:35.7429637Z Syncing repository: batchstream/weir-tests
unit	Run actions/checkout@3d3c42e5aac5ba805825da76410c181273ba90b1	2026-10-03T22:20:35.7432330Z ##[group]Getting Git version info
unit	Run actions/checkout@3d3c42e5aac5ba805825da76410c181273ba90b1	2026-10-03T22:20:35.7433577Z Working directory is '/home/runner/work/weir-tests/weir-tests'
unit	Run actions/checkout@3d3c42e5aac5ba805825da76410c181273ba90b1	2026-10-03T22:20:35.7435360Z [command]/usr/bin/git version
unit	Run actions/checkout@3d3c42e5aac5ba805825da76410c181273ba90b1	2026-10-03T22:20:35.7521464Z git version 2.55.0
unit	Run actions/checkout@3d3c42e5aac5ba805825da76410c181273ba90b1	2026-10-03T22:20:35.7578845Z ##[endgroup]
unit	Run actions/checkout@3d3c42e5aac5ba805825da76410c181273ba90b1	2026-10-03T22:20:35.7587436Z Temporarily overriding HOME='/home/runner/work/_temp/1e66c6ac-6677-407f-8af6-448cc95714f3' before making global git config changes
unit	Run actions/checkout@3d3c42e5aac5ba805825da76410c181273ba90b1	2026-10-03T22:20:35.7589891Z Adding repository directory to the temporary git global config as a safe directory
unit	Run actions/checkout@3d3c42e5aac5ba805825da76410c181273ba90b1	2026-10-03T22:20:35.7592175Z [command]/usr/bin/git config --global --add safe.directory /home/runner/work/weir-tests/weir-tests
unit	Run actions/checkout@3d3c42e5aac5ba805825da76410c181273ba90b1	2026-10-03T22:20:35.7620551Z Deleting the contents of '/home/runner/work/weir-tests/weir-tests'
unit	Run actions/checkout@3d3c42e5aac5ba805825da76410c181273ba90b1	2026-10-03T22:20:35.7624603Z ##[group]Determining repository object format
unit	Run actions/checkout@3d3c42e5aac5ba805825da76410c181273ba90b1	2026-10-03T22:20:35.7626291Z ##[endgroup]
unit	Run actions/checkout@3d3c42e5aac5ba805825da76410c181273ba90b1	2026-10-03T22:20:35.7627273Z ##[group]Initializing the repository
unit	Run actions/checkout@3d3c42e5aac5ba805825da76410c181273ba90b1	2026-10-03T22:20:35.7631407Z [command]/usr/bin/git init /home/runner/work/weir-tests/weir-tests
unit	Run actions/checkout@3d3c42e5aac5ba805825da76410c181273ba90b1	2026-10-03T22:20:35.7747992Z hint: Using 'master' as the name for the initial branch. This default branch name
unit	Run actions/checkout@3d3c42e5aac5ba805825da76410c181273ba90b1	2026-10-03T22:20:35.7750186Z hint: will change to "main" in Git 3.0. To configure the initial branch name
unit	Run actions/checkout@3d3c42e5aac5ba805825da76410c181273ba90b1	2026-10-03T22:20:35.7752380Z hint: to use in all of your new repositories, which will suppress this warning,
unit	Run actions/checkout@3d3c42e5aac5ba805825da76410c181273ba90b1	2026-10-03T22:20:35.7754194Z hint: call:
unit	Run actions/checkout@3d3c42e5aac5ba805825da76410c181273ba90b1	2026-10-03T22:20:35.7755173Z hint:
unit	Run actions/checkout@3d3c42e5aac5ba805825da76410c181273ba90b1	2026-10-03T22:20:35.7756318Z hint: 	git config --global init.defaultBranch <name>
unit	Run actions/checkout@3d3c42e5aac5ba805825da76410c181273ba90b1	2026-10-03T22:20:35.7757399Z hint:
unit	Run actions/checkout@3d3c42e5aac5ba805825da76410c181273ba90b1	2026-10-03T22:20:35.7758442Z hint: Names commonly chosen instead of 'master' are 'main', 'trunk' and
unit	Run actions/checkout@3d3c42e5aac5ba805825da76410c181273ba90b1	2026-10-03T22:20:35.7759869Z hint: 'development'. The just-created branch can be renamed via this command:
unit	Run actions/checkout@3d3c42e5aac5ba805825da76410c181273ba90b1	2026-10-03T22:20:35.7761422Z hint:
unit	Run actions/checkout@3d3c42e5aac5ba805825da76410c181273ba90b1	2026-10-03T22:20:35.7762967Z hint: 	git branch -m <name>
unit	Run actions/checkout@3d3c42e5aac5ba805825da76410c181273ba90b1	2026-10-03T22:20:35.7764028Z hint:
unit	Run actions/checkout@3d3c42e5aac5ba805825da76410c181273ba90b1	2026-10-03T22:20:35.7765092Z hint: Disable this message with "git config set advice.defaultBranchName false"
unit	Run actions/checkout@3d3c42e5aac5ba805825da76410c181273ba90b1	2026-10-03T22:20:35.7767079Z Initialized empty Git repository in /home/runner/work/weir-tests/weir-tests/.git/
unit	Run actions/checkout@3d3c42e5aac5ba805825da76410c181273ba90b1	2026-10-03T22:20:35.7769937Z [command]/usr/bin/git remote add origin https://github.com/batchstream/weir-tests
unit	Run actions/checkout@3d3c42e5aac5ba805825da76410c181273ba90b1	2026-10-03T22:20:35.7822730Z ##[endgroup]
unit	Run actions/checkout@3d3c42e5aac5ba805825da76410c181273ba90b1	2026-10-03T22:20:35.7824212Z ##[group]Disabling automatic garbage collection
unit	Run actions/checkout@3d3c42e5aac5ba805825da76410c181273ba90b1	2026-10-03T22:20:35.7827148Z [command]/usr/bin/git config --local gc.auto 0
unit	Run actions/checkout@3d3c42e5aac5ba805825da76410c181273ba90b1	2026-10-03T22:20:35.7873290Z ##[endgroup]
unit	Run actions/checkout@3d3c42e5aac5ba805825da76410c181273ba90b1	2026-10-03T22:20:35.7874744Z ##[group]Setting up auth
unit	Run actions/checkout@3d3c42e5aac5ba805825da76410c181273ba90b1	2026-10-03T22:20:35.7886880Z Removing SSH command configuration
unit	Run actions/checkout@3d3c42e5aac5ba805825da76410c181273ba90b1	2026-10-03T22:20:35.7888419Z [command]/usr/bin/git config --local --name-only --get-regexp core\.sshCommand
unit	Run actions/checkout@3d3c42e5aac5ba805825da76410c181273ba90b1	2026-10-03T22:20:35.7931470Z [command]/usr/bin/git submodule foreach --recursive sh -c "git config --local --name-only --get-regexp 'core\.sshCommand' && git config --local --unset-all 'core.sshCommand' || :"
unit	Run actions/checkout@3d3c42e5aac5ba805825da76410c181273ba90b1	2026-10-03T22:20:35.8317444Z Removing HTTP extra header
unit	Run actions/checkout@3d3c42e5aac5ba805825da76410c181273ba90b1	2026-10-03T22:20:35.8324659Z [command]/usr/bin/git config --local --name-only --get-regexp http\.https\:\/\/github\.com\/\.extraheader
unit	Run actions/checkout@3d3c42e5aac5ba805825da76410c181273ba90b1	2026-10-03T22:20:35.8365068Z [command]/usr/bin/git submodule foreach --recursive sh -c "git config --local --name-only --get-regexp 'http\.https\:\/\/github\.com\/\.extraheader' && git config --local --unset-all 'http.https://github.com/.extraheader' || :"
unit	Run actions/checkout@3d3c42e5aac5ba805825da76410c181273ba90b1	2026-10-03T22:20:35.8620593Z Removing includeIf entries pointing to credentials config files
unit	Run actions/checkout@3d3c42e5aac5ba805825da76410c181273ba90b1	2026-10-03T22:20:35.8623910Z [command]/usr/bin/git config --local --name-only --get-regexp ^includeIf\.gitdir:
unit	Run actions/checkout@3d3c42e5aac5ba805825da76410c181273ba90b1	2026-10-03T22:20:35.8672691Z [command]/usr/bin/git submodule foreach --recursive git config --local --show-origin --name-only --get-regexp remote.origin.url
unit	Run actions/checkout@3d3c42e5aac5ba805825da76410c181273ba90b1	2026-10-03T22:20:35.8935355Z [command]/usr/bin/git config --file /home/runner/work/_temp/git-credentials-e0c5bda1-acdd-4bfd-88fc-4659f3856a5a.config http.https://github.com/.extraheader AUTHORIZATION: basic ***
unit	Run actions/checkout@3d3c42e5aac5ba805825da76410c181273ba90b1	2026-10-03T22:20:35.8998836Z [command]/usr/bin/git config --local includeIf.gitdir:/home/runner/work/weir-tests/weir-tests/.git.path /home/runner/work/_temp/git-credentials-e0c5bda1-acdd-4bfd-88fc-4659f3856a5a.config
unit	Run actions/checkout@3d3c42e5aac5ba805825da76410c181273ba90b1	2026-10-03T22:20:35.9037706Z [command]/usr/bin/git config --local includeIf.gitdir:/home/runner/work/weir-tests/weir-tests/.git/worktrees/*.path /home/runner/work/_temp/git-credentials-e0c5bda1-acdd-4bfd-88fc-4659f3856a5a.config
unit	Run actions/checkout@3d3c42e5aac5ba805825da76410c181273ba90b1	2026-10-03T22:20:35.9088952Z [command]/usr/bin/git config --local includeIf.gitdir:/github/workspace/.git.path /github/runner_temp/git-credentials-e0c5bda1-acdd-4bfd-88fc-4659f3856a5a.config
unit	Run actions/checkout@3d3c42e5aac5ba805825da76410c181273ba90b1	2026-10-03T22:20:35.9136564Z [command]/usr/bin/git config --local includeIf.gitdir:/github/workspace/.git/worktrees/*.path /github/runner_temp/git-credentials-e0c5bda1-acdd-4bfd-88fc-4659f3856a5a.config
unit	Run actions/checkout@3d3c42e5aac5ba805825da76410c181273ba90b1	2026-10-03T22:20:35.9173790Z ##[endgroup]
unit	Run actions/checkout@3d3c42e5aac5ba805825da76410c181273ba90b1	2026-10-03T22:20:35.9174861Z ##[group]Fetching the repository
unit	Run actions/checkout@3d3c42e5aac5ba805825da76410c181273ba90b1	2026-10-03T22:20:35.9180371Z [command]/usr/bin/git -c protocol.version=2 fetch --no-tags --prune --no-recurse-submodules --depth=1 origin ecf3172b3d27bdc564af87388592cc68b553ac08
unit	Run actions/checkout@3d3c42e5aac5ba805825da76410c181273ba90b1	2026-10-03T22:20:36.6634855Z From https://github.com/batchstream/weir-tests
unit	Run actions/checkout@3d3c42e5aac5ba805825da76410c181273ba90b1	2026-10-03T22:20:36.6638004Z  * branch            ecf3172b3d27bdc564af87388592cc68b553ac08 -> FETCH_HEAD
unit	Run actions/checkout@3d3c42e5aac5ba805825da76410c181273ba90b1	2026-10-03T22:20:36.6644200Z [command]/usr/bin/git rev-parse --verify --quiet ecf3172b3d27bdc564af87388592cc68b553ac08^{object}
unit	Run actions/checkout@3d3c42e5aac5ba805825da76410c181273ba90b1	2026-10-03T22:20:36.6675321Z ecf3172b3d27bdc564af87388592cc68b553ac08
unit	Run actions/checkout@3d3c42e5aac5ba805825da76410c181273ba90b1	2026-10-03T22:20:36.6681799Z ##[endgroup]
unit	Run actions/checkout@3d3c42e5aac5ba805825da76410c181273ba90b1	2026-10-03T22:20:36.6683716Z ##[group]Determining the checkout info
unit	Run actions/checkout@3d3c42e5aac5ba805825da76410c181273ba90b1	2026-10-03T22:20:36.6686088Z ##[endgroup]
unit	Run actions/checkout@3d3c42e5aac5ba805825da76410c181273ba90b1	2026-10-03T22:20:36.6687357Z [command]/usr/bin/git sparse-checkout disable
unit	Run actions/checkout@3d3c42e5aac5ba805825da76410c181273ba90b1	2026-10-03T22:20:36.6743227Z [command]/usr/bin/git config --local --unset-all extensions.worktreeConfig
unit	Run actions/checkout@3d3c42e5aac5ba805825da76410c181273ba90b1	2026-10-03T22:20:36.6780829Z ##[group]Checking out the ref
unit	Run actions/checkout@3d3c42e5aac5ba805825da76410c181273ba90b1	2026-10-03T22:20:36.6783508Z [command]/usr/bin/git checkout --progress --force ecf3172b3d27bdc564af87388592cc68b553ac08
unit	Run actions/checkout@3d3c42e5aac5ba805825da76410c181273ba90b1	2026-10-03T22:20:36.7940770Z Note: switching to 'ecf3172b3d27bdc564af87388592cc68b553ac08'.
unit	Run actions/checkout@3d3c42e5aac5ba805825da76410c181273ba90b1	2026-10-03T22:20:36.7942532Z 
unit	Run actions/checkout@3d3c42e5aac5ba805825da76410c181273ba90b1	2026-10-03T22:20:36.7943700Z You are in 'detached HEAD' state. You can look around, make experimental
unit	Run actions/checkout@3d3c42e5aac5ba805825da76410c181273ba90b1	2026-10-03T22:20:36.7946724Z changes and commit them, and you can discard any commits you make in this
unit	Run actions/checkout@3d3c42e5aac5ba805825da76410c181273ba90b1	2026-10-03T22:20:36.7949481Z state without impacting any branches by switching back to a branch.
unit	Run actions/checkout@3d3c42e5aac5ba805825da76410c181273ba90b1	2026-10-03T22:20:36.7951066Z 
unit	Run actions/checkout@3d3c42e5aac5ba805825da76410c181273ba90b1	2026-10-03T22:20:36.7952230Z If you want to create a new branch to retain commits you create, you may
unit	Run actions/checkout@3d3c42e5aac5ba805825da76410c181273ba90b1	2026-10-03T22:20:36.7955401Z do so (now or later) by using -c with the switch command. Example:
unit	Run actions/checkout@3d3c42e5aac5ba805825da76410c181273ba90b1	2026-10-03T22:20:36.7957352Z 
unit	Run actions/checkout@3d3c42e5aac5ba805825da76410c181273ba90b1	2026-10-03T22:20:36.7958263Z   git switch -c <new-branch-name>
unit	Run actions/checkout@3d3c42e5aac5ba805825da76410c181273ba90b1	2026-10-03T22:20:36.7959624Z 
unit	Run actions/checkout@3d3c42e5aac5ba805825da76410c181273ba90b1	2026-10-03T22:20:36.7960485Z Or undo this operation with:
unit	Run actions/checkout@3d3c42e5aac5ba805825da76410c181273ba90b1	2026-10-03T22:20:36.7961673Z 
unit	Run actions/checkout@3d3c42e5aac5ba805825da76410c181273ba90b1	2026-10-03T22:20:36.7962492Z   git switch -
unit	Run actions/checkout@3d3c42e5aac5ba805825da76410c181273ba90b1	2026-10-03T22:20:36.7963837Z 
unit	Run actions/checkout@3d3c42e5aac5ba805825da76410c181273ba90b1	2026-10-03T22:20:36.7965358Z Turn off this advice by setting config variable advice.detachedHead to false
unit	Run actions/checkout@3d3c42e5aac5ba805825da76410c181273ba90b1	2026-10-03T22:20:36.7967554Z 
unit	Run actions/checkout@3d3c42e5aac5ba805825da76410c181273ba90b1	2026-10-03T22:20:36.7968976Z HEAD is now at ecf3172 🐛 fix: decode heterogeneous MongoDB command statistics
unit	Run actions/checkout@3d3c42e5aac5ba805825da76410c181273ba90b1	2026-10-03T22:20:36.7974269Z ##[endgroup]
unit	Run actions/checkout@3d3c42e5aac5ba805825da76410c181273ba90b1	2026-10-03T22:20:36.8022897Z [command]/usr/bin/git log -1 --format=%H
unit	Run actions/checkout@3d3c42e5aac5ba805825da76410c181273ba90b1	2026-10-03T22:20:36.8052981Z ecf3172b3d27bdc564af87388592cc68b553ac08
unit	Run actions/checkout@3d3c42e5aac5ba805825da76410c181273ba90b1	2026-10-03T22:20:36.8063379Z ##[group]Removing auth
unit	Run actions/checkout@3d3c42e5aac5ba805825da76410c181273ba90b1	2026-10-03T22:20:36.8064959Z Removing SSH command configuration
unit	Run actions/checkout@3d3c42e5aac5ba805825da76410c181273ba90b1	2026-10-03T22:20:36.8067896Z [command]/usr/bin/git config --local --name-only --get-regexp core\.sshCommand
unit	Run actions/checkout@3d3c42e5aac5ba805825da76410c181273ba90b1	2026-10-03T22:20:36.8107767Z [command]/usr/bin/git submodule foreach --recursive sh -c "git config --local --name-only --get-regexp 'core\.sshCommand' && git config --local --unset-all 'core.sshCommand' || :"
unit	Run actions/checkout@3d3c42e5aac5ba805825da76410c181273ba90b1	2026-10-03T22:20:36.8337562Z Removing HTTP extra header
unit	Run actions/checkout@3d3c42e5aac5ba805825da76410c181273ba90b1	2026-10-03T22:20:36.8348617Z [command]/usr/bin/git config --local --name-only --get-regexp http\.https\:\/\/github\.com\/\.extraheader
unit	Run actions/checkout@3d3c42e5aac5ba805825da76410c181273ba90b1	2026-10-03T22:20:36.8388778Z [command]/usr/bin/git submodule foreach --recursive sh -c "git config --local --name-only --get-regexp 'http\.https\:\/\/github\.com\/\.extraheader' && git config --local --unset-all 'http.https://github.com/.extraheader' || :"
unit	Run actions/checkout@3d3c42e5aac5ba805825da76410c181273ba90b1	2026-10-03T22:20:36.8616905Z Removing includeIf entries pointing to credentials config files
unit	Run actions/checkout@3d3c42e5aac5ba805825da76410c181273ba90b1	2026-10-03T22:20:36.8620052Z [command]/usr/bin/git config --local --name-only --get-regexp ^includeIf\.gitdir:
unit	Run actions/checkout@3d3c42e5aac5ba805825da76410c181273ba90b1	2026-10-03T22:20:36.8659064Z includeif.gitdir:/home/runner/work/weir-tests/weir-tests/.git.path
unit	Run actions/checkout@3d3c42e5aac5ba805825da76410c181273ba90b1	2026-10-03T22:20:36.8662949Z includeif.gitdir:/home/runner/work/weir-tests/weir-tests/.git/worktrees/*.path
unit	Run actions/checkout@3d3c42e5aac5ba805825da76410c181273ba90b1	2026-10-03T22:20:36.8666674Z includeif.gitdir:/github/workspace/.git.path
unit	Run actions/checkout@3d3c42e5aac5ba805825da76410c181273ba90b1	2026-10-03T22:20:36.8669725Z includeif.gitdir:/github/workspace/.git/worktrees/*.path
unit	Run actions/checkout@3d3c42e5aac5ba805825da76410c181273ba90b1	2026-10-03T22:20:36.8676564Z [command]/usr/bin/git config --local --get-all includeif.gitdir:/home/runner/work/weir-tests/weir-tests/.git.path
unit	Run actions/checkout@3d3c42e5aac5ba805825da76410c181273ba90b1	2026-10-03T22:20:36.8706783Z /home/runner/work/_temp/git-credentials-e0c5bda1-acdd-4bfd-88fc-4659f3856a5a.config
unit	Run actions/checkout@3d3c42e5aac5ba805825da76410c181273ba90b1	2026-10-03T22:20:36.8720174Z [command]/usr/bin/git config --local --unset includeif.gitdir:/home/runner/work/weir-tests/weir-tests/.git.path \/home\/runner\/work\/_temp\/git\-credentials\-e0c5bda1\-acdd\-4bfd\-88fc\-4659f3856a5a\.config
unit	Run actions/checkout@3d3c42e5aac5ba805825da76410c181273ba90b1	2026-10-03T22:20:36.8764889Z [command]/usr/bin/git config --local --get-all includeif.gitdir:/home/runner/work/weir-tests/weir-tests/.git/worktrees/*.path
unit	Run actions/checkout@3d3c42e5aac5ba805825da76410c181273ba90b1	2026-10-03T22:20:36.8796541Z /home/runner/work/_temp/git-credentials-e0c5bda1-acdd-4bfd-88fc-4659f3856a5a.config
unit	Run actions/checkout@3d3c42e5aac5ba805825da76410c181273ba90b1	2026-10-03T22:20:36.8808827Z [command]/usr/bin/git config --local --unset includeif.gitdir:/home/runner/work/weir-tests/weir-tests/.git/worktrees/*.path \/home\/runner\/work\/_temp\/git\-credentials\-e0c5bda1\-acdd\-4bfd\-88fc\-4659f3856a5a\.config
unit	Run actions/checkout@3d3c42e5aac5ba805825da76410c181273ba90b1	2026-10-03T22:20:36.8860712Z [command]/usr/bin/git config --local --get-all includeif.gitdir:/github/workspace/.git.path
unit	Run actions/checkout@3d3c42e5aac5ba805825da76410c181273ba90b1	2026-10-03T22:20:36.8887797Z /github/runner_temp/git-credentials-e0c5bda1-acdd-4bfd-88fc-4659f3856a5a.config
unit	Run actions/checkout@3d3c42e5aac5ba805825da76410c181273ba90b1	2026-10-03T22:20:36.8895248Z [command]/usr/bin/git config --local --unset includeif.gitdir:/github/workspace/.git.path \/github\/runner_temp\/git\-credentials\-e0c5bda1\-acdd\-4bfd\-88fc\-4659f3856a5a\.config
unit	Run actions/checkout@3d3c42e5aac5ba805825da76410c181273ba90b1	2026-10-03T22:20:36.8976987Z [command]/usr/bin/git config --local --get-all includeif.gitdir:/github/workspace/.git/worktrees/*.path
unit	Run actions/checkout@3d3c42e5aac5ba805825da76410c181273ba90b1	2026-10-03T22:20:36.9017280Z /github/runner_temp/git-credentials-e0c5bda1-acdd-4bfd-88fc-4659f3856a5a.config
unit	Run actions/checkout@3d3c42e5aac5ba805825da76410c181273ba90b1	2026-10-03T22:20:36.9026742Z [command]/usr/bin/git config --local --unset includeif.gitdir:/github/workspace/.git/worktrees/*.path \/github\/runner_temp\/git\-credentials\-e0c5bda1\-acdd\-4bfd\-88fc\-4659f3856a5a\.config
unit	Run actions/checkout@3d3c42e5aac5ba805825da76410c181273ba90b1	2026-10-03T22:20:36.9065008Z [command]/usr/bin/git submodule foreach --recursive git config --local --show-origin --name-only --get-regexp remote.origin.url
unit	Run actions/checkout@3d3c42e5aac5ba805825da76410c181273ba90b1	2026-10-03T22:20:36.9292344Z Removing credentials config '/home/runner/work/_temp/git-credentials-e0c5bda1-acdd-4bfd-88fc-4659f3856a5a.config'
unit	Run actions/checkout@3d3c42e5aac5ba805825da76410c181273ba90b1	2026-10-03T22:20:36.9301582Z ##[endgroup]
unit	Run actions/setup-go@924ae3a1cded613372ab5595356fb5720e22ba16	﻿2026-10-03T22:20:36.9664483Z ##[group]Run actions/setup-go@924ae3a1cded613372ab5595356fb5720e22ba16
unit	Run actions/setup-go@924ae3a1cded613372ab5595356fb5720e22ba16	2026-10-03T22:20:36.9665862Z with:
unit	Run actions/setup-go@924ae3a1cded613372ab5595356fb5720e22ba16	2026-10-03T22:20:36.9666748Z   go-version-file: go.mod
unit	Run actions/setup-go@924ae3a1cded613372ab5595356fb5720e22ba16	2026-10-03T22:20:36.9667589Z   check-latest: false
unit	Run actions/setup-go@924ae3a1cded613372ab5595356fb5720e22ba16	2026-10-03T22:20:36.9670905Z   token: ***
unit	Run actions/setup-go@924ae3a1cded613372ab5595356fb5720e22ba16	2026-10-03T22:20:36.9671707Z   cache: true
unit	Run actions/setup-go@924ae3a1cded613372ab5595356fb5720e22ba16	2026-10-03T22:20:36.9672484Z env:
unit	Run actions/setup-go@924ae3a1cded613372ab5595356fb5720e22ba16	2026-10-03T22:20:36.9673240Z   GOENV: off
unit	Run actions/setup-go@924ae3a1cded613372ab5595356fb5720e22ba16	2026-10-03T22:20:36.9674013Z   GOWORK: off
unit	Run actions/setup-go@924ae3a1cded613372ab5595356fb5720e22ba16	2026-10-03T22:20:36.9674803Z   GOTOOLCHAIN: local
unit	Run actions/setup-go@924ae3a1cded613372ab5595356fb5720e22ba16	2026-10-03T22:20:36.9675831Z   GOFLAGS: -mod=readonly
unit	Run actions/setup-go@924ae3a1cded613372ab5595356fb5720e22ba16	2026-10-03T22:20:36.9676720Z   PYTHONDONTWRITEBYTECODE: 1
unit	Run actions/setup-go@924ae3a1cded613372ab5595356fb5720e22ba16	2026-10-03T22:20:36.9677564Z ##[endgroup]
unit	Run actions/setup-go@924ae3a1cded613372ab5595356fb5720e22ba16	2026-10-03T22:20:37.0973906Z Setup go version spec 1.27.1
unit	Run actions/setup-go@924ae3a1cded613372ab5595356fb5720e22ba16	2026-10-03T22:20:37.0988660Z Attempting to download 1.27.1...
unit	Run actions/setup-go@924ae3a1cded613372ab5595356fb5720e22ba16	2026-10-03T22:20:37.6545875Z matching 1.27.1...
unit	Run actions/setup-go@924ae3a1cded613372ab5595356fb5720e22ba16	2026-10-03T22:20:37.6573425Z Acquiring 1.27.1 from https://github.com/actions/go-versions/releases/download/1.27.1-33583469715/go-1.27.1-linux-x64.tar.gz
unit	Run actions/setup-go@924ae3a1cded613372ab5595356fb5720e22ba16	2026-10-03T22:20:38.1286062Z Extracting Go...
unit	Run actions/setup-go@924ae3a1cded613372ab5595356fb5720e22ba16	2026-10-03T22:20:38.1406278Z [command]/usr/bin/tar xz --warning=no-unknown-keyword --overwrite -C /home/runner/work/_temp/4c869dcf-7ede-42c4-b495-448a6c6d9b9e -f /home/runner/work/_temp/ac76a6c4-decf-4796-a94d-edd91b75c76b
unit	Run actions/setup-go@924ae3a1cded613372ab5595356fb5720e22ba16	2026-10-03T22:20:39.8577401Z Successfully extracted go to /home/runner/work/_temp/4c869dcf-7ede-42c4-b495-448a6c6d9b9e
unit	Run actions/setup-go@924ae3a1cded613372ab5595356fb5720e22ba16	2026-10-03T22:20:39.8578487Z Adding to the cache ...
unit	Run actions/setup-go@924ae3a1cded613372ab5595356fb5720e22ba16	2026-10-03T22:20:45.8880411Z Successfully cached go to /opt/hostedtoolcache/go/1.27.1/x64
unit	Run actions/setup-go@924ae3a1cded613372ab5595356fb5720e22ba16	2026-10-03T22:20:45.8886388Z Added go to the path
unit	Run actions/setup-go@924ae3a1cded613372ab5595356fb5720e22ba16	2026-10-03T22:20:45.8887124Z Successfully set up Go version 1.27.1
unit	Run actions/setup-go@924ae3a1cded613372ab5595356fb5720e22ba16	2026-10-03T22:20:45.9144393Z [command]/opt/hostedtoolcache/go/1.27.1/x64/bin/go env GOMODCACHE
unit	Run actions/setup-go@924ae3a1cded613372ab5595356fb5720e22ba16	2026-10-03T22:20:45.9192580Z [command]/opt/hostedtoolcache/go/1.27.1/x64/bin/go env GOCACHE
unit	Run actions/setup-go@924ae3a1cded613372ab5595356fb5720e22ba16	2026-10-03T22:20:45.9230653Z /home/runner/go/pkg/mod
unit	Run actions/setup-go@924ae3a1cded613372ab5595356fb5720e22ba16	2026-10-03T22:20:45.9259332Z /home/runner/.cache/go-build
unit	Run actions/setup-go@924ae3a1cded613372ab5595356fb5720e22ba16	2026-10-03T22:20:45.9974564Z Cache hit for: setup-go-Linux-x64-ubuntu24-go-1.27.1-f3893fbf0ff2b6e2efba8903234513786674983d753d1815a9a1fcf84a06448a
unit	Run actions/setup-go@924ae3a1cded613372ab5595356fb5720e22ba16	2026-10-03T22:20:46.9563397Z Received 252007507 of 252007507 (100.0%), 266.4 MBs/sec
unit	Run actions/setup-go@924ae3a1cded613372ab5595356fb5720e22ba16	2026-10-03T22:20:46.9564652Z Cache Size: ~240 MB (252007507 B)
unit	Run actions/setup-go@924ae3a1cded613372ab5595356fb5720e22ba16	2026-10-03T22:20:46.9711365Z [command]/usr/bin/tar -xf /home/runner/work/_temp/f0369c49-8673-441f-af6f-27e31597f804/cache.tzst -P -C /home/runner/work/weir-tests/weir-tests --use-compress-program unzstd
unit	Run actions/setup-go@924ae3a1cded613372ab5595356fb5720e22ba16	2026-10-03T22:20:49.0483635Z Cache restored successfully
unit	Run actions/setup-go@924ae3a1cded613372ab5595356fb5720e22ba16	2026-10-03T22:20:49.1262222Z Cache restored from key: setup-go-Linux-x64-ubuntu24-go-1.27.1-f3893fbf0ff2b6e2efba8903234513786674983d753d1815a9a1fcf84a06448a
unit	Run actions/setup-go@924ae3a1cded613372ab5595356fb5720e22ba16	2026-10-03T22:20:49.1305252Z go version go1.27.1 linux/amd64
unit	Run actions/setup-go@924ae3a1cded613372ab5595356fb5720e22ba16	2026-10-03T22:20:49.1305901Z 
unit	Run actions/setup-go@924ae3a1cded613372ab5595356fb5720e22ba16	2026-10-03T22:20:49.1306425Z ##[group]go env
unit	Run actions/setup-go@924ae3a1cded613372ab5595356fb5720e22ba16	2026-10-03T22:20:49.2212951Z AR='ar'
unit	Run actions/setup-go@924ae3a1cded613372ab5595356fb5720e22ba16	2026-10-03T22:20:49.2213535Z CC='gcc'
unit	Run actions/setup-go@924ae3a1cded613372ab5595356fb5720e22ba16	2026-10-03T22:20:49.2213938Z CGO_CFLAGS='-O2 -g'
unit	Run actions/setup-go@924ae3a1cded613372ab5595356fb5720e22ba16	2026-10-03T22:20:49.2214433Z CGO_CPPFLAGS=''
unit	Run actions/setup-go@924ae3a1cded613372ab5595356fb5720e22ba16	2026-10-03T22:20:49.2214880Z CGO_CXXFLAGS='-O2 -g'
unit	Run actions/setup-go@924ae3a1cded613372ab5595356fb5720e22ba16	2026-10-03T22:20:49.2215326Z CGO_ENABLED='1'
unit	Run actions/setup-go@924ae3a1cded613372ab5595356fb5720e22ba16	2026-10-03T22:20:49.2216055Z CGO_FFLAGS='-O2 -g'
unit	Run actions/setup-go@924ae3a1cded613372ab5595356fb5720e22ba16	2026-10-03T22:20:49.2216548Z CGO_LDFLAGS='-O2 -g'
unit	Run actions/setup-go@924ae3a1cded613372ab5595356fb5720e22ba16	2026-10-03T22:20:49.2217015Z CXX='g++'
unit	Run actions/setup-go@924ae3a1cded613372ab5595356fb5720e22ba16	2026-10-03T22:20:49.2217451Z GCCGO='gccgo'
unit	Run actions/setup-go@924ae3a1cded613372ab5595356fb5720e22ba16	2026-10-03T22:20:49.2217849Z GO111MODULE=''
unit	Run actions/setup-go@924ae3a1cded613372ab5595356fb5720e22ba16	2026-10-03T22:20:49.2218243Z GOAMD64='v1'
unit	Run actions/setup-go@924ae3a1cded613372ab5595356fb5720e22ba16	2026-10-03T22:20:49.2218633Z GOARCH='amd64'
unit	Run actions/setup-go@924ae3a1cded613372ab5595356fb5720e22ba16	2026-10-03T22:20:49.2219030Z GOAUTH='netrc'
unit	Run actions/setup-go@924ae3a1cded613372ab5595356fb5720e22ba16	2026-10-03T22:20:49.2219448Z GOBIN='/home/runner/go/bin'
unit	Run actions/setup-go@924ae3a1cded613372ab5595356fb5720e22ba16	2026-10-03T22:20:49.2219976Z GOCACHE='/home/runner/.cache/go-build'
unit	Run actions/setup-go@924ae3a1cded613372ab5595356fb5720e22ba16	2026-10-03T22:20:49.2220519Z GOCACHEPROG=''
unit	Run actions/setup-go@924ae3a1cded613372ab5595356fb5720e22ba16	2026-10-03T22:20:49.2220925Z GODEBUG=''
unit	Run actions/setup-go@924ae3a1cded613372ab5595356fb5720e22ba16	2026-10-03T22:20:49.2221298Z GOENV=''
unit	Run actions/setup-go@924ae3a1cded613372ab5595356fb5720e22ba16	2026-10-03T22:20:49.2221672Z GOEXE=''
unit	Run actions/setup-go@924ae3a1cded613372ab5595356fb5720e22ba16	2026-10-03T22:20:49.2222067Z GOEXPERIMENT=''
unit	Run actions/setup-go@924ae3a1cded613372ab5595356fb5720e22ba16	2026-10-03T22:20:49.2222634Z GOFIPS140='off'
unit	Run actions/setup-go@924ae3a1cded613372ab5595356fb5720e22ba16	2026-10-03T22:20:49.2222995Z GOFLAGS='-mod=readonly'
unit	Run actions/setup-go@924ae3a1cded613372ab5595356fb5720e22ba16	2026-10-03T22:20:49.2224203Z GOGCCFLAGS='-fPIC -m64 -pthread -Wl,--no-gc-sections -fmessage-length=0 -ffile-prefix-map=/tmp/go-build2037202182=/tmp/go-build -gno-record-gcc-switches'
unit	Run actions/setup-go@924ae3a1cded613372ab5595356fb5720e22ba16	2026-10-03T22:20:49.2225419Z GOHOSTARCH='amd64'
unit	Run actions/setup-go@924ae3a1cded613372ab5595356fb5720e22ba16	2026-10-03T22:20:49.2225997Z GOHOSTOS='linux'
unit	Run actions/setup-go@924ae3a1cded613372ab5595356fb5720e22ba16	2026-10-03T22:20:49.2226353Z GOINSECURE=''
unit	Run actions/setup-go@924ae3a1cded613372ab5595356fb5720e22ba16	2026-10-03T22:20:49.2227271Z GOMOD='/home/runner/work/weir-tests/weir-tests/go.mod'
unit	Run actions/setup-go@924ae3a1cded613372ab5595356fb5720e22ba16	2026-10-03T22:20:49.2227881Z GOMODCACHE='/home/runner/go/pkg/mod'
unit	Run actions/setup-go@924ae3a1cded613372ab5595356fb5720e22ba16	2026-10-03T22:20:49.2228339Z GONOPROXY=''
unit	Run actions/setup-go@924ae3a1cded613372ab5595356fb5720e22ba16	2026-10-03T22:20:49.2228673Z GONOSUMDB=''
unit	Run actions/setup-go@924ae3a1cded613372ab5595356fb5720e22ba16	2026-10-03T22:20:49.2228997Z GOOS='linux'
unit	Run actions/setup-go@924ae3a1cded613372ab5595356fb5720e22ba16	2026-10-03T22:20:49.2229348Z GOPACKAGESDRIVER=''
unit	Run actions/setup-go@924ae3a1cded613372ab5595356fb5720e22ba16	2026-10-03T22:20:49.2229743Z GOPATH='/home/runner/go'
unit	Run actions/setup-go@924ae3a1cded613372ab5595356fb5720e22ba16	2026-10-03T22:20:49.2230134Z GOPRIVATE=''
unit	Run actions/setup-go@924ae3a1cded613372ab5595356fb5720e22ba16	2026-10-03T22:20:49.2230579Z GOPROXY='https://proxy.golang.org,direct'
unit	Run actions/setup-go@924ae3a1cded613372ab5595356fb5720e22ba16	2026-10-03T22:20:49.2231155Z GOROOT='/opt/hostedtoolcache/go/1.27.1/x64'
unit	Run actions/setup-go@924ae3a1cded613372ab5595356fb5720e22ba16	2026-10-03T22:20:49.2231729Z GOSUMDB='sum.golang.org'
unit	Run actions/setup-go@924ae3a1cded613372ab5595356fb5720e22ba16	2026-10-03T22:20:49.2232149Z GOTELEMETRY='local'
unit	Run actions/setup-go@924ae3a1cded613372ab5595356fb5720e22ba16	2026-10-03T22:20:49.2232609Z GOTELEMETRYDIR='/home/runner/.config/go/telemetry'
unit	Run actions/setup-go@924ae3a1cded613372ab5595356fb5720e22ba16	2026-10-03T22:20:49.2233185Z GOTMPDIR=''
unit	Run actions/setup-go@924ae3a1cded613372ab5595356fb5720e22ba16	2026-10-03T22:20:49.2233605Z GOTOOLCHAIN='local'
unit	Run actions/setup-go@924ae3a1cded613372ab5595356fb5720e22ba16	2026-10-03T22:20:49.2234165Z GOTOOLDIR='/opt/hostedtoolcache/go/1.27.1/x64/pkg/tool/linux_amd64'
unit	Run actions/setup-go@924ae3a1cded613372ab5595356fb5720e22ba16	2026-10-03T22:20:49.2234796Z GOVCS=''
unit	Run actions/setup-go@924ae3a1cded613372ab5595356fb5720e22ba16	2026-10-03T22:20:49.2235160Z GOVERSION='go1.27.1'
unit	Run actions/setup-go@924ae3a1cded613372ab5595356fb5720e22ba16	2026-10-03T22:20:49.2235573Z GOWORK='off'
unit	Run actions/setup-go@924ae3a1cded613372ab5595356fb5720e22ba16	2026-10-03T22:20:49.2236682Z PKG_CONFIG='pkg-config'
unit	Run actions/setup-go@924ae3a1cded613372ab5595356fb5720e22ba16	2026-10-03T22:20:49.2236972Z 
unit	Run actions/setup-go@924ae3a1cded613372ab5595356fb5720e22ba16	2026-10-03T22:20:49.2237519Z ##[endgroup]
unit	Run python3 scripts/download_modules.py	﻿2026-10-03T22:20:49.2452974Z ##[group]Run python3 scripts/download_modules.py
unit	Run python3 scripts/download_modules.py	2026-10-03T22:20:49.2453485Z [36;1mpython3 scripts/download_modules.py[0m
unit	Run python3 scripts/download_modules.py	2026-10-03T22:20:49.2733473Z shell: /usr/bin/bash --noprofile --norc -e -o pipefail {0}
unit	Run python3 scripts/download_modules.py	2026-10-03T22:20:49.2734140Z env:
unit	Run python3 scripts/download_modules.py	2026-10-03T22:20:49.2734487Z   GOENV: off
unit	Run python3 scripts/download_modules.py	2026-10-03T22:20:49.2734814Z   GOWORK: off
unit	Run python3 scripts/download_modules.py	2026-10-03T22:20:49.2735155Z   GOTOOLCHAIN: local
unit	Run python3 scripts/download_modules.py	2026-10-03T22:20:49.2735540Z   GOFLAGS: -mod=readonly
unit	Run python3 scripts/download_modules.py	2026-10-03T22:20:49.2736240Z   PYTHONDONTWRITEBYTECODE: 1
unit	Run python3 scripts/download_modules.py	2026-10-03T22:20:49.2736668Z ##[endgroup]
unit	Offline defaults and boundaries	﻿2026-10-03T22:20:49.3468775Z ##[group]Run python3 scripts/check_dependencies.py
unit	Offline defaults and boundaries	2026-10-03T22:20:49.3469500Z [36;1mpython3 scripts/check_dependencies.py[0m
unit	Offline defaults and boundaries	2026-10-03T22:20:49.3470118Z [36;1mgo test -race -count=1 -timeout=90s ./...[0m
unit	Offline defaults and boundaries	2026-10-03T22:20:49.3470880Z [36;1mgo vet ./...[0m
unit	Offline defaults and boundaries	2026-10-03T22:20:49.3471286Z [36;1mgo vet -tags=integration ./...[0m
unit	Offline defaults and boundaries	2026-10-03T22:20:49.3471819Z [36;1mgo test -tags=integration -run '^$' ./...[0m
unit	Offline defaults and boundaries	2026-10-03T22:20:49.3472496Z [36;1mpython3 -m unittest discover -s scripts -p '*_test.py'[0m
unit	Offline defaults and boundaries	2026-10-03T22:20:49.3473279Z [36;1mpython3 -O -m unittest discover -s scripts -p '*_test.py'[0m
unit	Offline defaults and boundaries	2026-10-03T22:20:49.3473957Z [36;1mtest -z "$(gofmt -l cmd internal tests)"[0m
unit	Offline defaults and boundaries	2026-10-03T22:20:49.3474485Z [36;1mgit diff --exit-code[0m
unit	Offline defaults and boundaries	2026-10-03T22:20:49.3562319Z shell: /usr/bin/bash --noprofile --norc -e -o pipefail {0}
unit	Offline defaults and boundaries	2026-10-03T22:20:49.3562996Z env:
unit	Offline defaults and boundaries	2026-10-03T22:20:49.3563329Z   GOENV: off
unit	Offline defaults and boundaries	2026-10-03T22:20:49.3563659Z   GOWORK: off
unit	Offline defaults and boundaries	2026-10-03T22:20:49.3564002Z   GOTOOLCHAIN: local
unit	Offline defaults and boundaries	2026-10-03T22:20:49.3564451Z   GOFLAGS: -mod=readonly
unit	Offline defaults and boundaries	2026-10-03T22:20:49.3564861Z   PYTHONDONTWRITEBYTECODE: 1
unit	Offline defaults and boundaries	2026-10-03T22:20:49.3565277Z   GOPROXY: off
unit	Offline defaults and boundaries	2026-10-03T22:20:49.3565822Z   GOSUMDB: off
unit	Offline defaults and boundaries	2026-10-03T22:20:49.3566206Z ##[endgroup]
unit	Offline defaults and boundaries	2026-10-03T22:20:50.2127303Z Independent blackbox tests and exact SDK/protocol release dependencies verified
unit	Offline defaults and boundaries	2026-10-03T22:20:54.4975847Z ok  	github.com/batchstream/weir-tests/cmd/weir-bench	1.034s
unit	Offline defaults and boundaries	2026-10-03T22:20:54.5442321Z ok  	github.com/batchstream/weir-tests/cmd/weir-lab	1.017s
unit	Offline defaults and boundaries	2026-10-03T22:20:55.1708948Z ok  	github.com/batchstream/weir-tests/internal/benchmark	1.132s
unit	Offline defaults and boundaries	2026-10-03T22:21:01.5505916Z ok  	github.com/batchstream/weir-tests/internal/fixture	7.295s
unit	Offline defaults and boundaries	2026-10-03T22:21:01.5506504Z ok  	github.com/batchstream/weir-tests/internal/observe	1.033s
unit	Offline defaults and boundaries	2026-10-03T22:21:01.5507045Z ok  	github.com/batchstream/weir-tests/internal/workload	2.104s
unit	Offline defaults and boundaries	2026-10-03T22:21:04.5353934Z ok  	github.com/batchstream/weir-tests/cmd/weir-bench	0.009s [no tests to run]
unit	Offline defaults and boundaries	2026-10-03T22:21:04.5507028Z ok  	github.com/batchstream/weir-tests/cmd/weir-lab	0.011s [no tests to run]
unit	Offline defaults and boundaries	2026-10-03T22:21:04.9403299Z ok  	github.com/batchstream/weir-tests/internal/benchmark	0.016s [no tests to run]
unit	Offline defaults and boundaries	2026-10-03T22:21:05.2946421Z ok  	github.com/batchstream/weir-tests/internal/fixture	0.008s [no tests to run]
unit	Offline defaults and boundaries	2026-10-03T22:21:05.2949581Z ok  	github.com/batchstream/weir-tests/internal/observe	(cached) [no tests to run]
unit	Offline defaults and boundaries	2026-10-03T22:21:05.7063112Z ok  	github.com/batchstream/weir-tests/internal/workload	0.006s [no tests to run]
unit	Offline defaults and boundaries	2026-10-03T22:21:05.7064225Z ok  	github.com/batchstream/weir-tests/tests/integration	0.005s [no tests to run]
unit	Offline defaults and boundaries	2026-10-03T22:21:05.8102479Z ......
unit	Offline defaults and boundaries	2026-10-03T22:21:05.8103016Z ----------------------------------------------------------------------
unit	Offline defaults and boundaries	2026-10-03T22:21:05.8103627Z Ran 6 tests in 0.001s
unit	Offline defaults and boundaries	2026-10-03T22:21:05.8103872Z 
unit	Offline defaults and boundaries	2026-10-03T22:21:05.8104005Z OK
unit	Offline defaults and boundaries	2026-10-03T22:21:06.3413848Z ......
unit	Offline defaults and boundaries	2026-10-03T22:21:06.3414428Z ----------------------------------------------------------------------
unit	Offline defaults and boundaries	2026-10-03T22:21:06.3415012Z Ran 6 tests in 0.001s
unit	Offline defaults and boundaries	2026-10-03T22:21:06.3415225Z 
unit	Offline defaults and boundaries	2026-10-03T22:21:06.3415347Z OK
unit	Post Run actions/setup-go@924ae3a1cded613372ab5595356fb5720e22ba16	﻿2026-10-03T22:21:06.3818838Z Post job cleanup.
unit	Post Run actions/setup-go@924ae3a1cded613372ab5595356fb5720e22ba16	2026-10-03T22:21:06.5110655Z [command]/opt/hostedtoolcache/go/1.27.1/x64/bin/go env GOMODCACHE
unit	Post Run actions/setup-go@924ae3a1cded613372ab5595356fb5720e22ba16	2026-10-03T22:21:06.5159912Z [command]/opt/hostedtoolcache/go/1.27.1/x64/bin/go env GOCACHE
unit	Post Run actions/setup-go@924ae3a1cded613372ab5595356fb5720e22ba16	2026-10-03T22:21:06.5193444Z /home/runner/go/pkg/mod
unit	Post Run actions/setup-go@924ae3a1cded613372ab5595356fb5720e22ba16	2026-10-03T22:21:06.5221924Z /home/runner/.cache/go-build
unit	Post Run actions/setup-go@924ae3a1cded613372ab5595356fb5720e22ba16	2026-10-03T22:21:06.5230565Z Cache hit occurred on the primary key setup-go-Linux-x64-ubuntu24-go-1.27.1-f3893fbf0ff2b6e2efba8903234513786674983d753d1815a9a1fcf84a06448a, not saving cache.
unit	Post Run actions/checkout@3d3c42e5aac5ba805825da76410c181273ba90b1	﻿2026-10-03T22:21:06.5476238Z Post job cleanup.
unit	Post Run actions/checkout@3d3c42e5aac5ba805825da76410c181273ba90b1	2026-10-03T22:21:06.6344332Z [command]/usr/bin/git version
unit	Post Run actions/checkout@3d3c42e5aac5ba805825da76410c181273ba90b1	2026-10-03T22:21:06.6400930Z git version 2.55.0
unit	Post Run actions/checkout@3d3c42e5aac5ba805825da76410c181273ba90b1	2026-10-03T22:21:06.6441952Z Temporarily overriding HOME='/home/runner/work/_temp/f5492291-8060-4333-93aa-ef49d5689fa9' before making global git config changes
unit	Post Run actions/checkout@3d3c42e5aac5ba805825da76410c181273ba90b1	2026-10-03T22:21:06.6443556Z Adding repository directory to the temporary git global config as a safe directory
unit	Post Run actions/checkout@3d3c42e5aac5ba805825da76410c181273ba90b1	2026-10-03T22:21:06.6447932Z [command]/usr/bin/git config --global --add safe.directory /home/runner/work/weir-tests/weir-tests
unit	Post Run actions/checkout@3d3c42e5aac5ba805825da76410c181273ba90b1	2026-10-03T22:21:06.6486899Z Removing SSH command configuration
unit	Post Run actions/checkout@3d3c42e5aac5ba805825da76410c181273ba90b1	2026-10-03T22:21:06.6492079Z [command]/usr/bin/git config --local --name-only --get-regexp core\.sshCommand
unit	Post Run actions/checkout@3d3c42e5aac5ba805825da76410c181273ba90b1	2026-10-03T22:21:06.6538361Z [command]/usr/bin/git submodule foreach --recursive sh -c "git config --local --name-only --get-regexp 'core\.sshCommand' && git config --local --unset-all 'core.sshCommand' || :"
unit	Post Run actions/checkout@3d3c42e5aac5ba805825da76410c181273ba90b1	2026-10-03T22:21:06.6792101Z Removing HTTP extra header
unit	Post Run actions/checkout@3d3c42e5aac5ba805825da76410c181273ba90b1	2026-10-03T22:21:06.6798856Z [command]/usr/bin/git config --local --name-only --get-regexp http\.https\:\/\/github\.com\/\.extraheader
unit	Post Run actions/checkout@3d3c42e5aac5ba805825da76410c181273ba90b1	2026-10-03T22:21:06.6836702Z [command]/usr/bin/git submodule foreach --recursive sh -c "git config --local --name-only --get-regexp 'http\.https\:\/\/github\.com\/\.extraheader' && git config --local --unset-all 'http.https://github.com/.extraheader' || :"
unit	Post Run actions/checkout@3d3c42e5aac5ba805825da76410c181273ba90b1	2026-10-03T22:21:06.7102761Z Removing includeIf entries pointing to credentials config files
unit	Post Run actions/checkout@3d3c42e5aac5ba805825da76410c181273ba90b1	2026-10-03T22:21:06.7110592Z [command]/usr/bin/git config --local --name-only --get-regexp ^includeIf\.gitdir:
unit	Post Run actions/checkout@3d3c42e5aac5ba805825da76410c181273ba90b1	2026-10-03T22:21:06.7152268Z [command]/usr/bin/git submodule foreach --recursive git config --local --show-origin --name-only --get-regexp remote.origin.url
unit	Complete job	﻿2026-10-03T22:21:06.7550300Z Cleaning up orphan processes
blackbox	Set up job	﻿2026-10-03T22:20:34.6267345Z Current runner version: '2.337.0'
blackbox	Set up job	2026-10-03T22:20:34.6283614Z ##[group]Runner Image Provisioner
blackbox	Set up job	2026-10-03T22:20:34.6284158Z Hosted Compute Agent
blackbox	Set up job	2026-10-03T22:20:34.6284848Z Version: 20260901.588
blackbox	Set up job	2026-10-03T22:20:34.6285282Z Commit: f88ec8081b781fac6c440065ac7ff9e710ce3d0b
blackbox	Set up job	2026-10-03T22:20:34.6285700Z Build Date: 2026-09-01T19:56:44Z
blackbox	Set up job	2026-10-03T22:20:34.6286123Z Worker ID: {7bc97cd4-4e48-4f2d-9b83-86955e410433}
blackbox	Set up job	2026-10-03T22:20:34.6286545Z Azure Region: centralus
blackbox	Set up job	2026-10-03T22:20:34.6286920Z ##[endgroup]
blackbox	Set up job	2026-10-03T22:20:34.6287744Z ##[group]Operating System
blackbox	Set up job	2026-10-03T22:20:34.6288122Z Ubuntu
blackbox	Set up job	2026-10-03T22:20:34.6288423Z 24.04.5
blackbox	Set up job	2026-10-03T22:20:34.6288785Z LTS
blackbox	Set up job	2026-10-03T22:20:34.6289149Z ##[endgroup]
blackbox	Set up job	2026-10-03T22:20:34.6289504Z ##[group]Runner Image
blackbox	Set up job	2026-10-03T22:20:34.6289855Z Image: ubuntu-24.04
blackbox	Set up job	2026-10-03T22:20:34.6290180Z Version: 20260927.320.1
blackbox	Set up job	2026-10-03T22:20:34.6290815Z Included Software: https://github.com/actions/runner-images/blob/ubuntu24/20260927.320/images/ubuntu/Ubuntu2404-Readme.md
blackbox	Set up job	2026-10-03T22:20:34.6291853Z Image Release: https://github.com/actions/runner-images/releases/tag/ubuntu24%2F20260927.320
blackbox	Set up job	2026-10-03T22:20:34.6292394Z ##[endgroup]
blackbox	Set up job	2026-10-03T22:20:34.6293038Z ##[group]GITHUB_TOKEN Permissions
blackbox	Set up job	2026-10-03T22:20:34.6294205Z Contents: read
blackbox	Set up job	2026-10-03T22:20:34.6294736Z Metadata: read
blackbox	Set up job	2026-10-03T22:20:34.6295125Z ##[endgroup]
blackbox	Set up job	2026-10-03T22:20:34.6296372Z Secret source: Actions
blackbox	Set up job	2026-10-03T22:20:34.6296962Z Cache mode: write
blackbox	Set up job	2026-10-03T22:20:34.6297400Z Prepare workflow directory
blackbox	Set up job	2026-10-03T22:20:34.6564589Z Prepare all required actions
blackbox	Set up job	2026-10-03T22:20:34.6598627Z Getting action download info
blackbox	Set up job	2026-10-03T22:20:34.9011654Z Download action repository 'actions/checkout@3d3c42e5aac5ba805825da76410c181273ba90b1' (SHA:3d3c42e5aac5ba805825da76410c181273ba90b1)
blackbox	Set up job	2026-10-03T22:20:34.9802328Z Download action repository 'actions/setup-go@924ae3a1cded613372ab5595356fb5720e22ba16' (SHA:924ae3a1cded613372ab5595356fb5720e22ba16)
blackbox	Set up job	2026-10-03T22:20:35.5822202Z Download action repository 'actions/upload-artifact@ea165f8d65b6e75b540449e92b4886f43607fa02' (SHA:ea165f8d65b6e75b540449e92b4886f43607fa02)
blackbox	Set up job	2026-10-03T22:20:36.0899846Z Complete job name: blackbox
blackbox	Run actions/checkout@3d3c42e5aac5ba805825da76410c181273ba90b1	﻿2026-10-03T22:20:36.1435025Z ##[group]Run actions/checkout@3d3c42e5aac5ba805825da76410c181273ba90b1
blackbox	Run actions/checkout@3d3c42e5aac5ba805825da76410c181273ba90b1	2026-10-03T22:20:36.1435982Z with:
blackbox	Run actions/checkout@3d3c42e5aac5ba805825da76410c181273ba90b1	2026-10-03T22:20:36.1436480Z   ref: ecf3172b3d27bdc564af87388592cc68b553ac08
blackbox	Run actions/checkout@3d3c42e5aac5ba805825da76410c181273ba90b1	2026-10-03T22:20:36.1437162Z   persist-credentials: false
blackbox	Run actions/checkout@3d3c42e5aac5ba805825da76410c181273ba90b1	2026-10-03T22:20:36.1437744Z   repository: batchstream/weir-tests
blackbox	Run actions/checkout@3d3c42e5aac5ba805825da76410c181273ba90b1	2026-10-03T22:20:36.1442313Z   token: ***
blackbox	Run actions/checkout@3d3c42e5aac5ba805825da76410c181273ba90b1	2026-10-03T22:20:36.1442772Z   ssh-strict: true
blackbox	Run actions/checkout@3d3c42e5aac5ba805825da76410c181273ba90b1	2026-10-03T22:20:36.1443237Z   ssh-user: git
blackbox	Run actions/checkout@3d3c42e5aac5ba805825da76410c181273ba90b1	2026-10-03T22:20:36.1443683Z   clean: true
blackbox	Run actions/checkout@3d3c42e5aac5ba805825da76410c181273ba90b1	2026-10-03T22:20:36.1444167Z   sparse-checkout-cone-mode: true
blackbox	Run actions/checkout@3d3c42e5aac5ba805825da76410c181273ba90b1	2026-10-03T22:20:36.1444865Z   fetch-depth: 1
blackbox	Run actions/checkout@3d3c42e5aac5ba805825da76410c181273ba90b1	2026-10-03T22:20:36.1445317Z   fetch-tags: false
blackbox	Run actions/checkout@3d3c42e5aac5ba805825da76410c181273ba90b1	2026-10-03T22:20:36.1445797Z   show-progress: true
blackbox	Run actions/checkout@3d3c42e5aac5ba805825da76410c181273ba90b1	2026-10-03T22:20:36.1446285Z   lfs: false
blackbox	Run actions/checkout@3d3c42e5aac5ba805825da76410c181273ba90b1	2026-10-03T22:20:36.1446726Z   submodules: false
blackbox	Run actions/checkout@3d3c42e5aac5ba805825da76410c181273ba90b1	2026-10-03T22:20:36.1447201Z   set-safe-directory: true
blackbox	Run actions/checkout@3d3c42e5aac5ba805825da76410c181273ba90b1	2026-10-03T22:20:36.1447779Z   allow-unsafe-pr-checkout: false
blackbox	Run actions/checkout@3d3c42e5aac5ba805825da76410c181273ba90b1	2026-10-03T22:20:36.1448416Z env:
blackbox	Run actions/checkout@3d3c42e5aac5ba805825da76410c181273ba90b1	2026-10-03T22:20:36.1448827Z   GOENV: off
blackbox	Run actions/checkout@3d3c42e5aac5ba805825da76410c181273ba90b1	2026-10-03T22:20:36.1449252Z   GOWORK: off
blackbox	Run actions/checkout@3d3c42e5aac5ba805825da76410c181273ba90b1	2026-10-03T22:20:36.1449709Z   GOTOOLCHAIN: local
blackbox	Run actions/checkout@3d3c42e5aac5ba805825da76410c181273ba90b1	2026-10-03T22:20:36.1450201Z   GOFLAGS: -mod=readonly
blackbox	Run actions/checkout@3d3c42e5aac5ba805825da76410c181273ba90b1	2026-10-03T22:20:36.1450726Z   PYTHONDONTWRITEBYTECODE: 1
blackbox	Run actions/checkout@3d3c42e5aac5ba805825da76410c181273ba90b1	2026-10-03T22:20:36.1451257Z ##[endgroup]
blackbox	Run actions/checkout@3d3c42e5aac5ba805825da76410c181273ba90b1	2026-10-03T22:20:36.2087760Z Syncing repository: batchstream/weir-tests
blackbox	Run actions/checkout@3d3c42e5aac5ba805825da76410c181273ba90b1	2026-10-03T22:20:36.2090197Z ##[group]Getting Git version info
blackbox	Run actions/checkout@3d3c42e5aac5ba805825da76410c181273ba90b1	2026-10-03T22:20:36.2091360Z Working directory is '/home/runner/work/weir-tests/weir-tests'
blackbox	Run actions/checkout@3d3c42e5aac5ba805825da76410c181273ba90b1	2026-10-03T22:20:36.2093100Z [command]/usr/bin/git version
blackbox	Run actions/checkout@3d3c42e5aac5ba805825da76410c181273ba90b1	2026-10-03T22:20:36.2155347Z git version 2.55.0
blackbox	Run actions/checkout@3d3c42e5aac5ba805825da76410c181273ba90b1	2026-10-03T22:20:36.2169057Z ##[endgroup]
blackbox	Run actions/checkout@3d3c42e5aac5ba805825da76410c181273ba90b1	2026-10-03T22:20:36.2180925Z Temporarily overriding HOME='/home/runner/work/_temp/106d879f-b34c-46f8-865e-f2d33e50fb2a' before making global git config changes
blackbox	Run actions/checkout@3d3c42e5aac5ba805825da76410c181273ba90b1	2026-10-03T22:20:36.2183591Z Adding repository directory to the temporary git global config as a safe directory
blackbox	Run actions/checkout@3d3c42e5aac5ba805825da76410c181273ba90b1	2026-10-03T22:20:36.2186386Z [command]/usr/bin/git config --global --add safe.directory /home/runner/work/weir-tests/weir-tests
blackbox	Run actions/checkout@3d3c42e5aac5ba805825da76410c181273ba90b1	2026-10-03T22:20:36.2807258Z Deleting the contents of '/home/runner/work/weir-tests/weir-tests'
blackbox	Run actions/checkout@3d3c42e5aac5ba805825da76410c181273ba90b1	2026-10-03T22:20:36.2809577Z ##[group]Determining repository object format
blackbox	Run actions/checkout@3d3c42e5aac5ba805825da76410c181273ba90b1	2026-10-03T22:20:36.2811146Z ##[endgroup]
blackbox	Run actions/checkout@3d3c42e5aac5ba805825da76410c181273ba90b1	2026-10-03T22:20:36.2812433Z ##[group]Initializing the repository
blackbox	Run actions/checkout@3d3c42e5aac5ba805825da76410c181273ba90b1	2026-10-03T22:20:36.2813780Z [command]/usr/bin/git init /home/runner/work/weir-tests/weir-tests
blackbox	Run actions/checkout@3d3c42e5aac5ba805825da76410c181273ba90b1	2026-10-03T22:20:36.3315146Z hint: Using 'master' as the name for the initial branch. This default branch name
blackbox	Run actions/checkout@3d3c42e5aac5ba805825da76410c181273ba90b1	2026-10-03T22:20:36.3316327Z hint: will change to "main" in Git 3.0. To configure the initial branch name
blackbox	Run actions/checkout@3d3c42e5aac5ba805825da76410c181273ba90b1	2026-10-03T22:20:36.3317381Z hint: to use in all of your new repositories, which will suppress this warning,
blackbox	Run actions/checkout@3d3c42e5aac5ba805825da76410c181273ba90b1	2026-10-03T22:20:36.3318222Z hint: call:
blackbox	Run actions/checkout@3d3c42e5aac5ba805825da76410c181273ba90b1	2026-10-03T22:20:36.3318657Z hint:
blackbox	Run actions/checkout@3d3c42e5aac5ba805825da76410c181273ba90b1	2026-10-03T22:20:36.3319244Z hint: 	git config --global init.defaultBranch <name>
blackbox	Run actions/checkout@3d3c42e5aac5ba805825da76410c181273ba90b1	2026-10-03T22:20:36.3319921Z hint:
blackbox	Run actions/checkout@3d3c42e5aac5ba805825da76410c181273ba90b1	2026-10-03T22:20:36.3320611Z hint: Names commonly chosen instead of 'master' are 'main', 'trunk' and
blackbox	Run actions/checkout@3d3c42e5aac5ba805825da76410c181273ba90b1	2026-10-03T22:20:36.3321663Z hint: 'development'. The just-created branch can be renamed via this command:
blackbox	Run actions/checkout@3d3c42e5aac5ba805825da76410c181273ba90b1	2026-10-03T22:20:36.3322845Z hint:
blackbox	Run actions/checkout@3d3c42e5aac5ba805825da76410c181273ba90b1	2026-10-03T22:20:36.3323307Z hint: 	git branch -m <name>
blackbox	Run actions/checkout@3d3c42e5aac5ba805825da76410c181273ba90b1	2026-10-03T22:20:36.3323972Z hint:
blackbox	Run actions/checkout@3d3c42e5aac5ba805825da76410c181273ba90b1	2026-10-03T22:20:36.3325146Z hint: Disable this message with "git config set advice.defaultBranchName false"
blackbox	Run actions/checkout@3d3c42e5aac5ba805825da76410c181273ba90b1	2026-10-03T22:20:36.3327017Z Initialized empty Git repository in /home/runner/work/weir-tests/weir-tests/.git/
blackbox	Run actions/checkout@3d3c42e5aac5ba805825da76410c181273ba90b1	2026-10-03T22:20:36.3332605Z [command]/usr/bin/git remote add origin https://github.com/batchstream/weir-tests
blackbox	Run actions/checkout@3d3c42e5aac5ba805825da76410c181273ba90b1	2026-10-03T22:20:36.3596607Z ##[endgroup]
blackbox	Run actions/checkout@3d3c42e5aac5ba805825da76410c181273ba90b1	2026-10-03T22:20:36.3598048Z ##[group]Disabling automatic garbage collection
blackbox	Run actions/checkout@3d3c42e5aac5ba805825da76410c181273ba90b1	2026-10-03T22:20:36.3599364Z [command]/usr/bin/git config --local gc.auto 0
blackbox	Run actions/checkout@3d3c42e5aac5ba805825da76410c181273ba90b1	2026-10-03T22:20:36.3697063Z ##[endgroup]
blackbox	Run actions/checkout@3d3c42e5aac5ba805825da76410c181273ba90b1	2026-10-03T22:20:36.3698254Z ##[group]Setting up auth
blackbox	Run actions/checkout@3d3c42e5aac5ba805825da76410c181273ba90b1	2026-10-03T22:20:36.3699090Z Removing SSH command configuration
blackbox	Run actions/checkout@3d3c42e5aac5ba805825da76410c181273ba90b1	2026-10-03T22:20:36.3701712Z [command]/usr/bin/git config --local --name-only --get-regexp core\.sshCommand
blackbox	Run actions/checkout@3d3c42e5aac5ba805825da76410c181273ba90b1	2026-10-03T22:20:36.3730564Z [command]/usr/bin/git submodule foreach --recursive sh -c "git config --local --name-only --get-regexp 'core\.sshCommand' && git config --local --unset-all 'core.sshCommand' || :"
blackbox	Run actions/checkout@3d3c42e5aac5ba805825da76410c181273ba90b1	2026-10-03T22:20:36.4089873Z Removing HTTP extra header
blackbox	Run actions/checkout@3d3c42e5aac5ba805825da76410c181273ba90b1	2026-10-03T22:20:36.4093817Z [command]/usr/bin/git config --local --name-only --get-regexp http\.https\:\/\/github\.com\/\.extraheader
blackbox	Run actions/checkout@3d3c42e5aac5ba805825da76410c181273ba90b1	2026-10-03T22:20:36.4121871Z [command]/usr/bin/git submodule foreach --recursive sh -c "git config --local --name-only --get-regexp 'http\.https\:\/\/github\.com\/\.extraheader' && git config --local --unset-all 'http.https://github.com/.extraheader' || :"
blackbox	Run actions/checkout@3d3c42e5aac5ba805825da76410c181273ba90b1	2026-10-03T22:20:36.4288237Z Removing includeIf entries pointing to credentials config files
blackbox	Run actions/checkout@3d3c42e5aac5ba805825da76410c181273ba90b1	2026-10-03T22:20:36.4291899Z [command]/usr/bin/git config --local --name-only --get-regexp ^includeIf\.gitdir:
blackbox	Run actions/checkout@3d3c42e5aac5ba805825da76410c181273ba90b1	2026-10-03T22:20:36.4320094Z [command]/usr/bin/git submodule foreach --recursive git config --local --show-origin --name-only --get-regexp remote.origin.url
blackbox	Run actions/checkout@3d3c42e5aac5ba805825da76410c181273ba90b1	2026-10-03T22:20:36.4490017Z [command]/usr/bin/git config --file /home/runner/work/_temp/git-credentials-b73bd635-a49b-4e91-98b5-08fc77d85daa.config http.https://github.com/.extraheader AUTHORIZATION: basic ***
blackbox	Run actions/checkout@3d3c42e5aac5ba805825da76410c181273ba90b1	2026-10-03T22:20:36.4799534Z [command]/usr/bin/git config --local includeIf.gitdir:/home/runner/work/weir-tests/weir-tests/.git.path /home/runner/work/_temp/git-credentials-b73bd635-a49b-4e91-98b5-08fc77d85daa.config
blackbox	Run actions/checkout@3d3c42e5aac5ba805825da76410c181273ba90b1	2026-10-03T22:20:36.4899946Z [command]/usr/bin/git config --local includeIf.gitdir:/home/runner/work/weir-tests/weir-tests/.git/worktrees/*.path /home/runner/work/_temp/git-credentials-b73bd635-a49b-4e91-98b5-08fc77d85daa.config
blackbox	Run actions/checkout@3d3c42e5aac5ba805825da76410c181273ba90b1	2026-10-03T22:20:36.5100298Z [command]/usr/bin/git config --local includeIf.gitdir:/github/workspace/.git.path /github/runner_temp/git-credentials-b73bd635-a49b-4e91-98b5-08fc77d85daa.config
blackbox	Run actions/checkout@3d3c42e5aac5ba805825da76410c181273ba90b1	2026-10-03T22:20:36.5200840Z [command]/usr/bin/git config --local includeIf.gitdir:/github/workspace/.git/worktrees/*.path /github/runner_temp/git-credentials-b73bd635-a49b-4e91-98b5-08fc77d85daa.config
blackbox	Run actions/checkout@3d3c42e5aac5ba805825da76410c181273ba90b1	2026-10-03T22:20:36.5336742Z ##[endgroup]
blackbox	Run actions/checkout@3d3c42e5aac5ba805825da76410c181273ba90b1	2026-10-03T22:20:36.5337609Z ##[group]Fetching the repository
blackbox	Run actions/checkout@3d3c42e5aac5ba805825da76410c181273ba90b1	2026-10-03T22:20:36.5341298Z [command]/usr/bin/git -c protocol.version=2 fetch --no-tags --prune --no-recurse-submodules --depth=1 origin ecf3172b3d27bdc564af87388592cc68b553ac08
blackbox	Run actions/checkout@3d3c42e5aac5ba805825da76410c181273ba90b1	2026-10-03T22:20:37.6566654Z From https://github.com/batchstream/weir-tests
blackbox	Run actions/checkout@3d3c42e5aac5ba805825da76410c181273ba90b1	2026-10-03T22:20:37.6567283Z  * branch            ecf3172b3d27bdc564af87388592cc68b553ac08 -> FETCH_HEAD
blackbox	Run actions/checkout@3d3c42e5aac5ba805825da76410c181273ba90b1	2026-10-03T22:20:37.6574313Z [command]/usr/bin/git rev-parse --verify --quiet ecf3172b3d27bdc564af87388592cc68b553ac08^{object}
blackbox	Run actions/checkout@3d3c42e5aac5ba805825da76410c181273ba90b1	2026-10-03T22:20:37.6598836Z ecf3172b3d27bdc564af87388592cc68b553ac08
blackbox	Run actions/checkout@3d3c42e5aac5ba805825da76410c181273ba90b1	2026-10-03T22:20:37.6601950Z ##[endgroup]
blackbox	Run actions/checkout@3d3c42e5aac5ba805825da76410c181273ba90b1	2026-10-03T22:20:37.6602355Z ##[group]Determining the checkout info
blackbox	Run actions/checkout@3d3c42e5aac5ba805825da76410c181273ba90b1	2026-10-03T22:20:37.6657372Z ##[endgroup]
blackbox	Run actions/checkout@3d3c42e5aac5ba805825da76410c181273ba90b1	2026-10-03T22:20:37.6657743Z [command]/usr/bin/git sparse-checkout disable
blackbox	Run actions/checkout@3d3c42e5aac5ba805825da76410c181273ba90b1	2026-10-03T22:20:37.6716295Z [command]/usr/bin/git config --local --unset-all extensions.worktreeConfig
blackbox	Run actions/checkout@3d3c42e5aac5ba805825da76410c181273ba90b1	2026-10-03T22:20:37.7315231Z ##[group]Checking out the ref
blackbox	Run actions/checkout@3d3c42e5aac5ba805825da76410c181273ba90b1	2026-10-03T22:20:37.7319041Z [command]/usr/bin/git checkout --progress --force ecf3172b3d27bdc564af87388592cc68b553ac08
blackbox	Run actions/checkout@3d3c42e5aac5ba805825da76410c181273ba90b1	2026-10-03T22:20:37.8511295Z Note: switching to 'ecf3172b3d27bdc564af87388592cc68b553ac08'.
blackbox	Run actions/checkout@3d3c42e5aac5ba805825da76410c181273ba90b1	2026-10-03T22:20:37.8511624Z 
blackbox	Run actions/checkout@3d3c42e5aac5ba805825da76410c181273ba90b1	2026-10-03T22:20:37.8511778Z You are in 'detached HEAD' state. You can look around, make experimental
blackbox	Run actions/checkout@3d3c42e5aac5ba805825da76410c181273ba90b1	2026-10-03T22:20:37.8512123Z changes and commit them, and you can discard any commits you make in this
blackbox	Run actions/checkout@3d3c42e5aac5ba805825da76410c181273ba90b1	2026-10-03T22:20:37.8512486Z state without impacting any branches by switching back to a branch.
blackbox	Run actions/checkout@3d3c42e5aac5ba805825da76410c181273ba90b1	2026-10-03T22:20:37.8512655Z 
blackbox	Run actions/checkout@3d3c42e5aac5ba805825da76410c181273ba90b1	2026-10-03T22:20:37.8512792Z If you want to create a new branch to retain commits you create, you may
blackbox	Run actions/checkout@3d3c42e5aac5ba805825da76410c181273ba90b1	2026-10-03T22:20:37.8513128Z do so (now or later) by using -c with the switch command. Example:
blackbox	Run actions/checkout@3d3c42e5aac5ba805825da76410c181273ba90b1	2026-10-03T22:20:37.8513298Z 
blackbox	Run actions/checkout@3d3c42e5aac5ba805825da76410c181273ba90b1	2026-10-03T22:20:37.8513384Z   git switch -c <new-branch-name>
blackbox	Run actions/checkout@3d3c42e5aac5ba805825da76410c181273ba90b1	2026-10-03T22:20:37.8513567Z 
blackbox	Run actions/checkout@3d3c42e5aac5ba805825da76410c181273ba90b1	2026-10-03T22:20:37.8513999Z Or undo this operation with:
blackbox	Run actions/checkout@3d3c42e5aac5ba805825da76410c181273ba90b1	2026-10-03T22:20:37.8514182Z 
blackbox	Run actions/checkout@3d3c42e5aac5ba805825da76410c181273ba90b1	2026-10-03T22:20:37.8514281Z   git switch -
blackbox	Run actions/checkout@3d3c42e5aac5ba805825da76410c181273ba90b1	2026-10-03T22:20:37.8514871Z 
blackbox	Run actions/checkout@3d3c42e5aac5ba805825da76410c181273ba90b1	2026-10-03T22:20:37.8515140Z Turn off this advice by setting config variable advice.detachedHead to false
blackbox	Run actions/checkout@3d3c42e5aac5ba805825da76410c181273ba90b1	2026-10-03T22:20:37.8515403Z 
blackbox	Run actions/checkout@3d3c42e5aac5ba805825da76410c181273ba90b1	2026-10-03T22:20:37.8515915Z HEAD is now at ecf3172 🐛 fix: decode heterogeneous MongoDB command statistics
blackbox	Run actions/checkout@3d3c42e5aac5ba805825da76410c181273ba90b1	2026-10-03T22:20:37.8536058Z ##[endgroup]
blackbox	Run actions/checkout@3d3c42e5aac5ba805825da76410c181273ba90b1	2026-10-03T22:20:37.8654230Z [command]/usr/bin/git log -1 --format=%H
blackbox	Run actions/checkout@3d3c42e5aac5ba805825da76410c181273ba90b1	2026-10-03T22:20:37.8680550Z ecf3172b3d27bdc564af87388592cc68b553ac08
blackbox	Run actions/checkout@3d3c42e5aac5ba805825da76410c181273ba90b1	2026-10-03T22:20:37.8688482Z ##[group]Removing auth
blackbox	Run actions/checkout@3d3c42e5aac5ba805825da76410c181273ba90b1	2026-10-03T22:20:37.8688836Z Removing SSH command configuration
blackbox	Run actions/checkout@3d3c42e5aac5ba805825da76410c181273ba90b1	2026-10-03T22:20:37.8691546Z [command]/usr/bin/git config --local --name-only --get-regexp core\.sshCommand
blackbox	Run actions/checkout@3d3c42e5aac5ba805825da76410c181273ba90b1	2026-10-03T22:20:37.8720254Z [command]/usr/bin/git submodule foreach --recursive sh -c "git config --local --name-only --get-regexp 'core\.sshCommand' && git config --local --unset-all 'core.sshCommand' || :"
blackbox	Run actions/checkout@3d3c42e5aac5ba805825da76410c181273ba90b1	2026-10-03T22:20:37.8892981Z Removing HTTP extra header
blackbox	Run actions/checkout@3d3c42e5aac5ba805825da76410c181273ba90b1	2026-10-03T22:20:37.8895510Z [command]/usr/bin/git config --local --name-only --get-regexp http\.https\:\/\/github\.com\/\.extraheader
blackbox	Run actions/checkout@3d3c42e5aac5ba805825da76410c181273ba90b1	2026-10-03T22:20:37.8925766Z [command]/usr/bin/git submodule foreach --recursive sh -c "git config --local --name-only --get-regexp 'http\.https\:\/\/github\.com\/\.extraheader' && git config --local --unset-all 'http.https://github.com/.extraheader' || :"
blackbox	Run actions/checkout@3d3c42e5aac5ba805825da76410c181273ba90b1	2026-10-03T22:20:37.9100403Z Removing includeIf entries pointing to credentials config files
blackbox	Run actions/checkout@3d3c42e5aac5ba805825da76410c181273ba90b1	2026-10-03T22:20:37.9109328Z [command]/usr/bin/git config --local --name-only --get-regexp ^includeIf\.gitdir:
blackbox	Run actions/checkout@3d3c42e5aac5ba805825da76410c181273ba90b1	2026-10-03T22:20:37.9141792Z includeif.gitdir:/home/runner/work/weir-tests/weir-tests/.git.path
blackbox	Run actions/checkout@3d3c42e5aac5ba805825da76410c181273ba90b1	2026-10-03T22:20:37.9142402Z includeif.gitdir:/home/runner/work/weir-tests/weir-tests/.git/worktrees/*.path
blackbox	Run actions/checkout@3d3c42e5aac5ba805825da76410c181273ba90b1	2026-10-03T22:20:37.9142898Z includeif.gitdir:/github/workspace/.git.path
blackbox	Run actions/checkout@3d3c42e5aac5ba805825da76410c181273ba90b1	2026-10-03T22:20:37.9143311Z includeif.gitdir:/github/workspace/.git/worktrees/*.path
blackbox	Run actions/checkout@3d3c42e5aac5ba805825da76410c181273ba90b1	2026-10-03T22:20:37.9149580Z [command]/usr/bin/git config --local --get-all includeif.gitdir:/home/runner/work/weir-tests/weir-tests/.git.path
blackbox	Run actions/checkout@3d3c42e5aac5ba805825da76410c181273ba90b1	2026-10-03T22:20:37.9172411Z /home/runner/work/_temp/git-credentials-b73bd635-a49b-4e91-98b5-08fc77d85daa.config
blackbox	Run actions/checkout@3d3c42e5aac5ba805825da76410c181273ba90b1	2026-10-03T22:20:37.9179024Z [command]/usr/bin/git config --local --unset includeif.gitdir:/home/runner/work/weir-tests/weir-tests/.git.path \/home\/runner\/work\/_temp\/git\-credentials\-b73bd635\-a49b\-4e91\-98b5\-08fc77d85daa\.config
blackbox	Run actions/checkout@3d3c42e5aac5ba805825da76410c181273ba90b1	2026-10-03T22:20:37.9732412Z [command]/usr/bin/git config --local --get-all includeif.gitdir:/home/runner/work/weir-tests/weir-tests/.git/worktrees/*.path
blackbox	Run actions/checkout@3d3c42e5aac5ba805825da76410c181273ba90b1	2026-10-03T22:20:37.9758221Z /home/runner/work/_temp/git-credentials-b73bd635-a49b-4e91-98b5-08fc77d85daa.config
blackbox	Run actions/checkout@3d3c42e5aac5ba805825da76410c181273ba90b1	2026-10-03T22:20:37.9766077Z [command]/usr/bin/git config --local --unset includeif.gitdir:/home/runner/work/weir-tests/weir-tests/.git/worktrees/*.path \/home\/runner\/work\/_temp\/git\-credentials\-b73bd635\-a49b\-4e91\-98b5\-08fc77d85daa\.config
blackbox	Run actions/checkout@3d3c42e5aac5ba805825da76410c181273ba90b1	2026-10-03T22:20:38.0318955Z [command]/usr/bin/git config --local --get-all includeif.gitdir:/github/workspace/.git.path
blackbox	Run actions/checkout@3d3c42e5aac5ba805825da76410c181273ba90b1	2026-10-03T22:20:38.0344224Z /github/runner_temp/git-credentials-b73bd635-a49b-4e91-98b5-08fc77d85daa.config
blackbox	Run actions/checkout@3d3c42e5aac5ba805825da76410c181273ba90b1	2026-10-03T22:20:38.0349127Z [command]/usr/bin/git config --local --unset includeif.gitdir:/github/workspace/.git.path \/github\/runner_temp\/git\-credentials\-b73bd635\-a49b\-4e91\-98b5\-08fc77d85daa\.config
blackbox	Run actions/checkout@3d3c42e5aac5ba805825da76410c181273ba90b1	2026-10-03T22:20:38.1581218Z [command]/usr/bin/git config --local --get-all includeif.gitdir:/github/workspace/.git/worktrees/*.path
blackbox	Run actions/checkout@3d3c42e5aac5ba805825da76410c181273ba90b1	2026-10-03T22:20:38.1618760Z /github/runner_temp/git-credentials-b73bd635-a49b-4e91-98b5-08fc77d85daa.config
blackbox	Run actions/checkout@3d3c42e5aac5ba805825da76410c181273ba90b1	2026-10-03T22:20:38.1624627Z [command]/usr/bin/git config --local --unset includeif.gitdir:/github/workspace/.git/worktrees/*.path \/github\/runner_temp\/git\-credentials\-b73bd635\-a49b\-4e91\-98b5\-08fc77d85daa\.config
blackbox	Run actions/checkout@3d3c42e5aac5ba805825da76410c181273ba90b1	2026-10-03T22:20:38.2218242Z [command]/usr/bin/git submodule foreach --recursive git config --local --show-origin --name-only --get-regexp remote.origin.url
blackbox	Run actions/checkout@3d3c42e5aac5ba805825da76410c181273ba90b1	2026-10-03T22:20:38.2388171Z Removing credentials config '/home/runner/work/_temp/git-credentials-b73bd635-a49b-4e91-98b5-08fc77d85daa.config'
blackbox	Run actions/checkout@3d3c42e5aac5ba805825da76410c181273ba90b1	2026-10-03T22:20:38.2395909Z ##[endgroup]
blackbox	Run actions/setup-go@924ae3a1cded613372ab5595356fb5720e22ba16	﻿2026-10-03T22:20:38.2565526Z ##[group]Run actions/setup-go@924ae3a1cded613372ab5595356fb5720e22ba16
blackbox	Run actions/setup-go@924ae3a1cded613372ab5595356fb5720e22ba16	2026-10-03T22:20:38.2565728Z with:
blackbox	Run actions/setup-go@924ae3a1cded613372ab5595356fb5720e22ba16	2026-10-03T22:20:38.2565842Z   go-version-file: go.mod
blackbox	Run actions/setup-go@924ae3a1cded613372ab5595356fb5720e22ba16	2026-10-03T22:20:38.2565965Z   check-latest: false
blackbox	Run actions/setup-go@924ae3a1cded613372ab5595356fb5720e22ba16	2026-10-03T22:20:38.2567173Z   token: ***
blackbox	Run actions/setup-go@924ae3a1cded613372ab5595356fb5720e22ba16	2026-10-03T22:20:38.2567278Z   cache: true
blackbox	Run actions/setup-go@924ae3a1cded613372ab5595356fb5720e22ba16	2026-10-03T22:20:38.2567379Z env:
blackbox	Run actions/setup-go@924ae3a1cded613372ab5595356fb5720e22ba16	2026-10-03T22:20:38.2567478Z   GOENV: off
blackbox	Run actions/setup-go@924ae3a1cded613372ab5595356fb5720e22ba16	2026-10-03T22:20:38.2567576Z   GOWORK: off
blackbox	Run actions/setup-go@924ae3a1cded613372ab5595356fb5720e22ba16	2026-10-03T22:20:38.2567679Z   GOTOOLCHAIN: local
blackbox	Run actions/setup-go@924ae3a1cded613372ab5595356fb5720e22ba16	2026-10-03T22:20:38.2567803Z   GOFLAGS: -mod=readonly
blackbox	Run actions/setup-go@924ae3a1cded613372ab5595356fb5720e22ba16	2026-10-03T22:20:38.2567930Z   PYTHONDONTWRITEBYTECODE: 1
blackbox	Run actions/setup-go@924ae3a1cded613372ab5595356fb5720e22ba16	2026-10-03T22:20:38.2568057Z ##[endgroup]
blackbox	Run actions/setup-go@924ae3a1cded613372ab5595356fb5720e22ba16	2026-10-03T22:20:38.3371060Z Setup go version spec 1.27.1
blackbox	Run actions/setup-go@924ae3a1cded613372ab5595356fb5720e22ba16	2026-10-03T22:20:38.3378248Z Attempting to download 1.27.1...
blackbox	Run actions/setup-go@924ae3a1cded613372ab5595356fb5720e22ba16	2026-10-03T22:20:39.1163292Z matching 1.27.1...
blackbox	Run actions/setup-go@924ae3a1cded613372ab5595356fb5720e22ba16	2026-10-03T22:20:39.1180687Z Acquiring 1.27.1 from https://github.com/actions/go-versions/releases/download/1.27.1-33583469715/go-1.27.1-linux-x64.tar.gz
blackbox	Run actions/setup-go@924ae3a1cded613372ab5595356fb5720e22ba16	2026-10-03T22:20:39.5393572Z Extracting Go...
blackbox	Run actions/setup-go@924ae3a1cded613372ab5595356fb5720e22ba16	2026-10-03T22:20:39.5465721Z [command]/usr/bin/tar xz --warning=no-unknown-keyword --overwrite -C /home/runner/work/_temp/55c6a980-f8ed-466f-8221-a9956150236e -f /home/runner/work/_temp/9b29b890-dac5-4328-baec-5938f3121cdc
blackbox	Run actions/setup-go@924ae3a1cded613372ab5595356fb5720e22ba16	2026-10-03T22:20:40.8242087Z Successfully extracted go to /home/runner/work/_temp/55c6a980-f8ed-466f-8221-a9956150236e
blackbox	Run actions/setup-go@924ae3a1cded613372ab5595356fb5720e22ba16	2026-10-03T22:20:40.8242530Z Adding to the cache ...
blackbox	Run actions/setup-go@924ae3a1cded613372ab5595356fb5720e22ba16	2026-10-03T22:20:45.7594536Z Successfully cached go to /opt/hostedtoolcache/go/1.27.1/x64
blackbox	Run actions/setup-go@924ae3a1cded613372ab5595356fb5720e22ba16	2026-10-03T22:20:45.7596495Z Added go to the path
blackbox	Run actions/setup-go@924ae3a1cded613372ab5595356fb5720e22ba16	2026-10-03T22:20:45.7598467Z Successfully set up Go version 1.27.1
blackbox	Run actions/setup-go@924ae3a1cded613372ab5595356fb5720e22ba16	2026-10-03T22:20:45.7749560Z [command]/opt/hostedtoolcache/go/1.27.1/x64/bin/go env GOMODCACHE
blackbox	Run actions/setup-go@924ae3a1cded613372ab5595356fb5720e22ba16	2026-10-03T22:20:45.7776374Z [command]/opt/hostedtoolcache/go/1.27.1/x64/bin/go env GOCACHE
blackbox	Run actions/setup-go@924ae3a1cded613372ab5595356fb5720e22ba16	2026-10-03T22:20:45.7803340Z /home/runner/go/pkg/mod
blackbox	Run actions/setup-go@924ae3a1cded613372ab5595356fb5720e22ba16	2026-10-03T22:20:45.7813706Z /home/runner/.cache/go-build
blackbox	Run actions/setup-go@924ae3a1cded613372ab5595356fb5720e22ba16	2026-10-03T22:20:45.9010207Z Cache hit for: setup-go-Linux-x64-ubuntu24-go-1.27.1-f3893fbf0ff2b6e2efba8903234513786674983d753d1815a9a1fcf84a06448a
blackbox	Run actions/setup-go@924ae3a1cded613372ab5595356fb5720e22ba16	2026-10-03T22:20:47.0594559Z Received 125829120 of 252007507 (49.9%), 119.9 MBs/sec
blackbox	Run actions/setup-go@924ae3a1cded613372ab5595356fb5720e22ba16	2026-10-03T22:20:47.9310659Z Received 252007507 of 252007507 (100.0%), 128.4 MBs/sec
blackbox	Run actions/setup-go@924ae3a1cded613372ab5595356fb5720e22ba16	2026-10-03T22:20:47.9311748Z Cache Size: ~240 MB (252007507 B)
blackbox	Run actions/setup-go@924ae3a1cded613372ab5595356fb5720e22ba16	2026-10-03T22:20:47.9333437Z [command]/usr/bin/tar -xf /home/runner/work/_temp/e32d17c0-8431-4797-8951-2d0e4f3d4e57/cache.tzst -P -C /home/runner/work/weir-tests/weir-tests --use-compress-program unzstd
blackbox	Run actions/setup-go@924ae3a1cded613372ab5595356fb5720e22ba16	2026-10-03T22:20:49.3879873Z Cache restored successfully
blackbox	Run actions/setup-go@924ae3a1cded613372ab5595356fb5720e22ba16	2026-10-03T22:20:49.4321370Z Cache restored from key: setup-go-Linux-x64-ubuntu24-go-1.27.1-f3893fbf0ff2b6e2efba8903234513786674983d753d1815a9a1fcf84a06448a
blackbox	Run actions/setup-go@924ae3a1cded613372ab5595356fb5720e22ba16	2026-10-03T22:20:49.4343787Z go version go1.27.1 linux/amd64
blackbox	Run actions/setup-go@924ae3a1cded613372ab5595356fb5720e22ba16	2026-10-03T22:20:49.4343943Z 
blackbox	Run actions/setup-go@924ae3a1cded613372ab5595356fb5720e22ba16	2026-10-03T22:20:49.4344148Z ##[group]go env
blackbox	Run actions/setup-go@924ae3a1cded613372ab5595356fb5720e22ba16	2026-10-03T22:20:49.4470790Z AR='ar'
blackbox	Run actions/setup-go@924ae3a1cded613372ab5595356fb5720e22ba16	2026-10-03T22:20:49.4471018Z CC='gcc'
blackbox	Run actions/setup-go@924ae3a1cded613372ab5595356fb5720e22ba16	2026-10-03T22:20:49.4471195Z CGO_CFLAGS='-O2 -g'
blackbox	Run actions/setup-go@924ae3a1cded613372ab5595356fb5720e22ba16	2026-10-03T22:20:49.4471385Z CGO_CPPFLAGS=''
blackbox	Run actions/setup-go@924ae3a1cded613372ab5595356fb5720e22ba16	2026-10-03T22:20:49.4471548Z CGO_CXXFLAGS='-O2 -g'
blackbox	Run actions/setup-go@924ae3a1cded613372ab5595356fb5720e22ba16	2026-10-03T22:20:49.4471750Z CGO_ENABLED='1'
blackbox	Run actions/setup-go@924ae3a1cded613372ab5595356fb5720e22ba16	2026-10-03T22:20:49.4471939Z CGO_FFLAGS='-O2 -g'
blackbox	Run actions/setup-go@924ae3a1cded613372ab5595356fb5720e22ba16	2026-10-03T22:20:49.4472091Z CGO_LDFLAGS='-O2 -g'
blackbox	Run actions/setup-go@924ae3a1cded613372ab5595356fb5720e22ba16	2026-10-03T22:20:49.4472239Z CXX='g++'
blackbox	Run actions/setup-go@924ae3a1cded613372ab5595356fb5720e22ba16	2026-10-03T22:20:49.4472346Z GCCGO='gccgo'
blackbox	Run actions/setup-go@924ae3a1cded613372ab5595356fb5720e22ba16	2026-10-03T22:20:49.4472459Z GO111MODULE=''
blackbox	Run actions/setup-go@924ae3a1cded613372ab5595356fb5720e22ba16	2026-10-03T22:20:49.4472567Z GOAMD64='v1'
blackbox	Run actions/setup-go@924ae3a1cded613372ab5595356fb5720e22ba16	2026-10-03T22:20:49.4472676Z GOARCH='amd64'
blackbox	Run actions/setup-go@924ae3a1cded613372ab5595356fb5720e22ba16	2026-10-03T22:20:49.4472791Z GOAUTH='netrc'
blackbox	Run actions/setup-go@924ae3a1cded613372ab5595356fb5720e22ba16	2026-10-03T22:20:49.4472907Z GOBIN='/home/runner/go/bin'
blackbox	Run actions/setup-go@924ae3a1cded613372ab5595356fb5720e22ba16	2026-10-03T22:20:49.4473060Z GOCACHE='/home/runner/.cache/go-build'
blackbox	Run actions/setup-go@924ae3a1cded613372ab5595356fb5720e22ba16	2026-10-03T22:20:49.4473211Z GOCACHEPROG=''
blackbox	Run actions/setup-go@924ae3a1cded613372ab5595356fb5720e22ba16	2026-10-03T22:20:49.4473319Z GODEBUG=''
blackbox	Run actions/setup-go@924ae3a1cded613372ab5595356fb5720e22ba16	2026-10-03T22:20:49.4473420Z GOENV=''
blackbox	Run actions/setup-go@924ae3a1cded613372ab5595356fb5720e22ba16	2026-10-03T22:20:49.4473550Z GOEXE=''
blackbox	Run actions/setup-go@924ae3a1cded613372ab5595356fb5720e22ba16	2026-10-03T22:20:49.4473649Z GOEXPERIMENT=''
blackbox	Run actions/setup-go@924ae3a1cded613372ab5595356fb5720e22ba16	2026-10-03T22:20:49.4473762Z GOFIPS140='off'
blackbox	Run actions/setup-go@924ae3a1cded613372ab5595356fb5720e22ba16	2026-10-03T22:20:49.4473888Z GOFLAGS='-mod=readonly'
blackbox	Run actions/setup-go@924ae3a1cded613372ab5595356fb5720e22ba16	2026-10-03T22:20:49.4474255Z GOGCCFLAGS='-fPIC -m64 -pthread -Wl,--no-gc-sections -fmessage-length=0 -ffile-prefix-map=/tmp/go-build1606755136=/tmp/go-build -gno-record-gcc-switches'
blackbox	Run actions/setup-go@924ae3a1cded613372ab5595356fb5720e22ba16	2026-10-03T22:20:49.4474762Z GOHOSTARCH='amd64'
blackbox	Run actions/setup-go@924ae3a1cded613372ab5595356fb5720e22ba16	2026-10-03T22:20:49.4475091Z GOHOSTOS='linux'
blackbox	Run actions/setup-go@924ae3a1cded613372ab5595356fb5720e22ba16	2026-10-03T22:20:49.4475204Z GOINSECURE=''
blackbox	Run actions/setup-go@924ae3a1cded613372ab5595356fb5720e22ba16	2026-10-03T22:20:49.4475351Z GOMOD='/home/runner/work/weir-tests/weir-tests/go.mod'
blackbox	Run actions/setup-go@924ae3a1cded613372ab5595356fb5720e22ba16	2026-10-03T22:20:49.4475539Z GOMODCACHE='/home/runner/go/pkg/mod'
blackbox	Run actions/setup-go@924ae3a1cded613372ab5595356fb5720e22ba16	2026-10-03T22:20:49.4475682Z GONOPROXY=''
blackbox	Run actions/setup-go@924ae3a1cded613372ab5595356fb5720e22ba16	2026-10-03T22:20:49.4475789Z GONOSUMDB=''
blackbox	Run actions/setup-go@924ae3a1cded613372ab5595356fb5720e22ba16	2026-10-03T22:20:49.4475890Z GOOS='linux'
blackbox	Run actions/setup-go@924ae3a1cded613372ab5595356fb5720e22ba16	2026-10-03T22:20:49.4476000Z GOPACKAGESDRIVER=''
blackbox	Run actions/setup-go@924ae3a1cded613372ab5595356fb5720e22ba16	2026-10-03T22:20:49.4476122Z GOPATH='/home/runner/go'
blackbox	Run actions/setup-go@924ae3a1cded613372ab5595356fb5720e22ba16	2026-10-03T22:20:49.4476252Z GOPRIVATE=''
blackbox	Run actions/setup-go@924ae3a1cded613372ab5595356fb5720e22ba16	2026-10-03T22:20:49.4476404Z GOPROXY='https://proxy.golang.org,direct'
blackbox	Run actions/setup-go@924ae3a1cded613372ab5595356fb5720e22ba16	2026-10-03T22:20:49.4476588Z GOROOT='/opt/hostedtoolcache/go/1.27.1/x64'
blackbox	Run actions/setup-go@924ae3a1cded613372ab5595356fb5720e22ba16	2026-10-03T22:20:49.4476747Z GOSUMDB='sum.golang.org'
blackbox	Run actions/setup-go@924ae3a1cded613372ab5595356fb5720e22ba16	2026-10-03T22:20:49.4476874Z GOTELEMETRY='local'
blackbox	Run actions/setup-go@924ae3a1cded613372ab5595356fb5720e22ba16	2026-10-03T22:20:49.4477026Z GOTELEMETRYDIR='/home/runner/.config/go/telemetry'
blackbox	Run actions/setup-go@924ae3a1cded613372ab5595356fb5720e22ba16	2026-10-03T22:20:49.4477211Z GOTMPDIR=''
blackbox	Run actions/setup-go@924ae3a1cded613372ab5595356fb5720e22ba16	2026-10-03T22:20:49.4477319Z GOTOOLCHAIN='local'
blackbox	Run actions/setup-go@924ae3a1cded613372ab5595356fb5720e22ba16	2026-10-03T22:20:49.4477494Z GOTOOLDIR='/opt/hostedtoolcache/go/1.27.1/x64/pkg/tool/linux_amd64'
blackbox	Run actions/setup-go@924ae3a1cded613372ab5595356fb5720e22ba16	2026-10-03T22:20:49.4477688Z GOVCS=''
blackbox	Run actions/setup-go@924ae3a1cded613372ab5595356fb5720e22ba16	2026-10-03T22:20:49.4477794Z GOVERSION='go1.27.1'
blackbox	Run actions/setup-go@924ae3a1cded613372ab5595356fb5720e22ba16	2026-10-03T22:20:49.4477911Z GOWORK='off'
blackbox	Run actions/setup-go@924ae3a1cded613372ab5595356fb5720e22ba16	2026-10-03T22:20:49.4478049Z PKG_CONFIG='pkg-config'
blackbox	Run actions/setup-go@924ae3a1cded613372ab5595356fb5720e22ba16	2026-10-03T22:20:49.4478129Z 
blackbox	Run actions/setup-go@924ae3a1cded613372ab5595356fb5720e22ba16	2026-10-03T22:20:49.4478323Z ##[endgroup]
blackbox	Prepare locked public tools and local images	﻿2026-10-03T22:20:49.4649368Z ##[group]Run python3 scripts/download_modules.py
blackbox	Prepare locked public tools and local images	2026-10-03T22:20:49.4649629Z [36;1mpython3 scripts/download_modules.py[0m
blackbox	Prepare locked public tools and local images	2026-10-03T22:20:49.4649806Z [36;1mpython3 scripts/prepare_weir.py[0m
blackbox	Prepare locked public tools and local images	2026-10-03T22:20:49.4649966Z [36;1mpython3 scripts/prepare_images.py[0m
blackbox	Prepare locked public tools and local images	2026-10-03T22:20:49.5226396Z shell: /usr/bin/bash --noprofile --norc -e -o pipefail {0}
blackbox	Prepare locked public tools and local images	2026-10-03T22:20:49.5226627Z env:
blackbox	Prepare locked public tools and local images	2026-10-03T22:20:49.5226750Z   GOENV: off
blackbox	Prepare locked public tools and local images	2026-10-03T22:20:49.5226857Z   GOWORK: off
blackbox	Prepare locked public tools and local images	2026-10-03T22:20:49.5227173Z   GOTOOLCHAIN: local
blackbox	Prepare locked public tools and local images	2026-10-03T22:20:49.5227296Z   GOFLAGS: -mod=readonly
blackbox	Prepare locked public tools and local images	2026-10-03T22:20:49.5227430Z   PYTHONDONTWRITEBYTECODE: 1
blackbox	Prepare locked public tools and local images	2026-10-03T22:20:49.5227566Z ##[endgroup]
blackbox	Prepare locked public tools and local images	2026-10-03T22:20:52.7907159Z all modules verified
blackbox	Prepare locked public tools and local images	2026-10-03T22:21:09.5952942Z /home/runner/work/weir-tests/weir-tests/.tools/weir
blackbox	Prepare locked public tools and local images	2026-10-03T22:21:10.0696110Z docker.io/library/mongo@sha256:d0d926f94df099bff534b7ee5b5986458131a22489dfff8664509af0c1e2ca9c: Pulling from library/mongo
blackbox	Prepare locked public tools and local images	2026-10-03T22:21:10.2314296Z a60ef8ec184e: Pulling fs layer
blackbox	Prepare locked public tools and local images	2026-10-03T22:21:10.2314930Z c4a88db82a6d: Pulling fs layer
blackbox	Prepare locked public tools and local images	2026-10-03T22:21:10.2315179Z f97373a3dd33: Pulling fs layer
blackbox	Prepare locked public tools and local images	2026-10-03T22:21:10.2315433Z 59898ec81c6b: Pulling fs layer
blackbox	Prepare locked public tools and local images	2026-10-03T22:21:10.2315664Z 2252b895f5de: Pulling fs layer
blackbox	Prepare locked public tools and local images	2026-10-03T22:21:10.2315893Z 08f85ec03d22: Pulling fs layer
blackbox	Prepare locked public tools and local images	2026-10-03T22:21:10.2316132Z cfbbec1d5328: Pulling fs layer
blackbox	Prepare locked public tools and local images	2026-10-03T22:21:10.2316356Z eedb5e3e5b38: Pulling fs layer
blackbox	Prepare locked public tools and local images	2026-10-03T22:21:10.2316576Z 2252b895f5de: Waiting
blackbox	Prepare locked public tools and local images	2026-10-03T22:21:10.2316790Z 08f85ec03d22: Waiting
blackbox	Prepare locked public tools and local images	2026-10-03T22:21:10.2316988Z 59898ec81c6b: Waiting
blackbox	Prepare locked public tools and local images	2026-10-03T22:21:10.2317184Z cfbbec1d5328: Waiting
blackbox	Prepare locked public tools and local images	2026-10-03T22:21:10.2317391Z eedb5e3e5b38: Waiting
blackbox	Prepare locked public tools and local images	2026-10-03T22:21:12.4136462Z c4a88db82a6d: Download complete
blackbox	Prepare locked public tools and local images	2026-10-03T22:21:12.4989450Z f97373a3dd33: Verifying Checksum
blackbox	Prepare locked public tools and local images	2026-10-03T22:21:12.4989773Z f97373a3dd33: Download complete
blackbox	Prepare locked public tools and local images	2026-10-03T22:21:12.5600567Z a60ef8ec184e: Verifying Checksum
blackbox	Prepare locked public tools and local images	2026-10-03T22:21:12.5600956Z a60ef8ec184e: Download complete
blackbox	Prepare locked public tools and local images	2026-10-03T22:21:12.6067328Z 59898ec81c6b: Verifying Checksum
blackbox	Prepare locked public tools and local images	2026-10-03T22:21:12.6067764Z 59898ec81c6b: Download complete
blackbox	Prepare locked public tools and local images	2026-10-03T22:21:12.6373892Z 2252b895f5de: Verifying Checksum
blackbox	Prepare locked public tools and local images	2026-10-03T22:21:12.6374344Z 2252b895f5de: Download complete
blackbox	Prepare locked public tools and local images	2026-10-03T22:21:12.7045685Z 08f85ec03d22: Verifying Checksum
blackbox	Prepare locked public tools and local images	2026-10-03T22:21:12.7980012Z eedb5e3e5b38: Verifying Checksum
blackbox	Prepare locked public tools and local images	2026-10-03T22:21:12.7980784Z eedb5e3e5b38: Download complete
blackbox	Prepare locked public tools and local images	2026-10-03T22:21:13.2776146Z a60ef8ec184e: Pull complete
blackbox	Prepare locked public tools and local images	2026-10-03T22:21:13.6437233Z cfbbec1d5328: Verifying Checksum
blackbox	Prepare locked public tools and local images	2026-10-03T22:21:13.6437579Z cfbbec1d5328: Download complete
blackbox	Prepare locked public tools and local images	2026-10-03T22:21:17.0311029Z c4a88db82a6d: Pull complete
blackbox	Prepare locked public tools and local images	2026-10-03T22:21:17.1861265Z f97373a3dd33: Pull complete
blackbox	Prepare locked public tools and local images	2026-10-03T22:21:17.2453880Z 59898ec81c6b: Pull complete
blackbox	Prepare locked public tools and local images	2026-10-03T22:21:17.2568232Z 2252b895f5de: Pull complete
blackbox	Prepare locked public tools and local images	2026-10-03T22:21:17.2641202Z 08f85ec03d22: Pull complete
blackbox	Prepare locked public tools and local images	2026-10-03T22:21:24.2513564Z cfbbec1d5328: Pull complete
blackbox	Prepare locked public tools and local images	2026-10-03T22:21:24.2776525Z eedb5e3e5b38: Pull complete
blackbox	Prepare locked public tools and local images	2026-10-03T22:21:24.2804257Z Digest: sha256:d0d926f94df099bff534b7ee5b5986458131a22489dfff8664509af0c1e2ca9c
blackbox	Prepare locked public tools and local images	2026-10-03T22:21:24.2811866Z Status: Downloaded newer image for mongo@sha256:d0d926f94df099bff534b7ee5b5986458131a22489dfff8664509af0c1e2ca9c
blackbox	Prepare locked public tools and local images	2026-10-03T22:21:24.2819094Z docker.io/library/mongo@sha256:d0d926f94df099bff534b7ee5b5986458131a22489dfff8664509af0c1e2ca9c
blackbox	Prepare locked public tools and local images	2026-10-03T22:21:24.8398481Z docker.elastic.co/elasticsearch/elasticsearch@sha256:e98f9c3b09beb2fbb9eaf667d602df3f0e00bd3644138b8458dc17ba1a675595: Pulling from elasticsearch/elasticsearch
blackbox	Prepare locked public tools and local images	2026-10-03T22:21:25.2067288Z 2c22c1bb1ce1: Pulling fs layer
blackbox	Prepare locked public tools and local images	2026-10-03T22:21:25.2067655Z 2796a25b8094: Pulling fs layer
blackbox	Prepare locked public tools and local images	2026-10-03T22:21:25.2067871Z 714e5b673049: Pulling fs layer
blackbox	Prepare locked public tools and local images	2026-10-03T22:21:25.2068094Z bd9ddc54bea9: Pulling fs layer
blackbox	Prepare locked public tools and local images	2026-10-03T22:21:25.2068327Z 2d68f716f01a: Pulling fs layer
blackbox	Prepare locked public tools and local images	2026-10-03T22:21:25.2068545Z c52e3a203c20: Pulling fs layer
blackbox	Prepare locked public tools and local images	2026-10-03T22:21:25.2068766Z 9b415d76a9c6: Pulling fs layer
blackbox	Prepare locked public tools and local images	2026-10-03T22:21:25.2068991Z d527cffe3ef6: Pulling fs layer
blackbox	Prepare locked public tools and local images	2026-10-03T22:21:25.2069218Z b8cda4b5aaf3: Pulling fs layer
blackbox	Prepare locked public tools and local images	2026-10-03T22:21:25.2069793Z 32c1c18d2ea5: Pulling fs layer
blackbox	Prepare locked public tools and local images	2026-10-03T22:21:25.2069940Z c52e3a203c20: Waiting
blackbox	Prepare locked public tools and local images	2026-10-03T22:21:25.2070066Z 9b415d76a9c6: Waiting
blackbox	Prepare locked public tools and local images	2026-10-03T22:21:25.2070190Z d527cffe3ef6: Waiting
blackbox	Prepare locked public tools and local images	2026-10-03T22:21:25.2070312Z b8cda4b5aaf3: Waiting
blackbox	Prepare locked public tools and local images	2026-10-03T22:21:25.2070437Z 32c1c18d2ea5: Waiting
blackbox	Prepare locked public tools and local images	2026-10-03T22:21:25.2070558Z bd9ddc54bea9: Waiting
blackbox	Prepare locked public tools and local images	2026-10-03T22:21:25.2070679Z 2d68f716f01a: Waiting
blackbox	Prepare locked public tools and local images	2026-10-03T22:21:25.6133733Z 714e5b673049: Verifying Checksum
blackbox	Prepare locked public tools and local images	2026-10-03T22:21:25.6134780Z 714e5b673049: Download complete
blackbox	Prepare locked public tools and local images	2026-10-03T22:21:25.8478341Z 2796a25b8094: Verifying Checksum
blackbox	Prepare locked public tools and local images	2026-10-03T22:21:25.8478743Z 2796a25b8094: Download complete
blackbox	Prepare locked public tools and local images	2026-10-03T22:21:25.8822871Z bd9ddc54bea9: Download complete
blackbox	Prepare locked public tools and local images	2026-10-03T22:21:26.3830464Z 2c22c1bb1ce1: Verifying Checksum
blackbox	Prepare locked public tools and local images	2026-10-03T22:21:26.3830820Z 2c22c1bb1ce1: Download complete
blackbox	Prepare locked public tools and local images	2026-10-03T22:21:26.4782466Z c52e3a203c20: Verifying Checksum
blackbox	Prepare locked public tools and local images	2026-10-03T22:21:26.4790563Z c52e3a203c20: Download complete
blackbox	Prepare locked public tools and local images	2026-10-03T22:21:26.8651137Z 9b415d76a9c6: Verifying Checksum
blackbox	Prepare locked public tools and local images	2026-10-03T22:21:26.8651747Z 9b415d76a9c6: Download complete
blackbox	Prepare locked public tools and local images	2026-10-03T22:21:26.8737871Z d527cffe3ef6: Verifying Checksum
blackbox	Prepare locked public tools and local images	2026-10-03T22:21:26.8740335Z d527cffe3ef6: Download complete
blackbox	Prepare locked public tools and local images	2026-10-03T22:21:27.1018721Z 2c22c1bb1ce1: Pull complete
blackbox	Prepare locked public tools and local images	2026-10-03T22:21:27.1449733Z 32c1c18d2ea5: Verifying Checksum
blackbox	Prepare locked public tools and local images	2026-10-03T22:21:27.1450126Z 32c1c18d2ea5: Download complete
blackbox	Prepare locked public tools and local images	2026-10-03T22:21:27.2789283Z b8cda4b5aaf3: Download complete
blackbox	Prepare locked public tools and local images	2026-10-03T22:21:27.4497444Z 2796a25b8094: Pull complete
blackbox	Prepare locked public tools and local images	2026-10-03T22:21:28.1657969Z 714e5b673049: Pull complete
blackbox	Prepare locked public tools and local images	2026-10-03T22:21:28.2076165Z bd9ddc54bea9: Pull complete
blackbox	Prepare locked public tools and local images	2026-10-03T22:21:42.1100613Z 2d68f716f01a: Verifying Checksum
blackbox	Prepare locked public tools and local images	2026-10-03T22:21:42.1101196Z 2d68f716f01a: Download complete
blackbox	Prepare locked public tools and local images	2026-10-03T22:21:52.0290421Z 2d68f716f01a: Pull complete
blackbox	Prepare locked public tools and local images	2026-10-03T22:21:52.0452752Z c52e3a203c20: Pull complete
blackbox	Prepare locked public tools and local images	2026-10-03T22:21:52.0534647Z 9b415d76a9c6: Pull complete
blackbox	Prepare locked public tools and local images	2026-10-03T22:21:52.0684876Z d527cffe3ef6: Pull complete
blackbox	Prepare locked public tools and local images	2026-10-03T22:21:52.0750464Z b8cda4b5aaf3: Pull complete
blackbox	Prepare locked public tools and local images	2026-10-03T22:21:52.0825341Z 32c1c18d2ea5: Pull complete
blackbox	Prepare locked public tools and local images	2026-10-03T22:21:52.0851414Z Digest: sha256:e98f9c3b09beb2fbb9eaf667d602df3f0e00bd3644138b8458dc17ba1a675595
blackbox	Prepare locked public tools and local images	2026-10-03T22:21:52.0856827Z Status: Downloaded newer image for docker.elastic.co/elasticsearch/elasticsearch@sha256:e98f9c3b09beb2fbb9eaf667d602df3f0e00bd3644138b8458dc17ba1a675595
blackbox	Prepare locked public tools and local images	2026-10-03T22:21:52.0862610Z docker.elastic.co/elasticsearch/elasticsearch@sha256:e98f9c3b09beb2fbb9eaf667d602df3f0e00bd3644138b8458dc17ba1a675595
blackbox	Real multi-node integration	﻿2026-10-03T22:21:52.1151678Z ##[group]Run mkdir -p results/local
blackbox	Real multi-node integration	2026-10-03T22:21:52.1151900Z [36;1mmkdir -p results/local[0m
blackbox	Real multi-node integration	2026-10-03T22:21:52.1152262Z [36;1mWEIR_TEST_BINARY="$PWD/.tools/weir" go test -race -tags=integration -count=1 -timeout=10m -v ./tests/integration 2>&1 | tee results/local/integration.log[0m
blackbox	Real multi-node integration	2026-10-03T22:21:52.1205116Z shell: /usr/bin/bash --noprofile --norc -e -o pipefail {0}
blackbox	Real multi-node integration	2026-10-03T22:21:52.1205322Z env:
blackbox	Real multi-node integration	2026-10-03T22:21:52.1205453Z   GOENV: off
blackbox	Real multi-node integration	2026-10-03T22:21:52.1205564Z   GOWORK: off
blackbox	Real multi-node integration	2026-10-03T22:21:52.1205679Z   GOTOOLCHAIN: local
blackbox	Real multi-node integration	2026-10-03T22:21:52.1205803Z   GOFLAGS: -mod=readonly
blackbox	Real multi-node integration	2026-10-03T22:21:52.1205943Z   PYTHONDONTWRITEBYTECODE: 1
blackbox	Real multi-node integration	2026-10-03T22:21:52.1206079Z   GOPROXY: off
blackbox	Real multi-node integration	2026-10-03T22:21:52.1206186Z   GOSUMDB: off
blackbox	Real multi-node integration	2026-10-03T22:21:52.1206297Z ##[endgroup]
blackbox	Real multi-node integration	2026-10-03T22:21:53.7486146Z === RUN   TestIndependentSingleRequestClients
blackbox	Real multi-node integration	2026-10-03T22:22:17.9507171Z     single_benchmark_test.go:44: single-request fixture artifacts: /tmp/weir-tests-2685950643
blackbox	Real multi-node integration	2026-10-03T22:22:17.9507961Z === RUN   TestIndependentSingleRequestClients/mongo
blackbox	Real multi-node integration	2026-10-03T22:22:30.8580732Z single-request backend=mongo processes=2 workers=2 round=1 direct=7324.1 weir=3204.7 DB-CPU direct=74.5% weir=46.6%
blackbox	Real multi-node integration	2026-10-03T22:22:43.7442819Z single-request backend=mongo processes=2 workers=4 round=1 direct=9954.4 weir=4413.4 DB-CPU direct=99.6% weir=60.0%
blackbox	Real multi-node integration	2026-10-03T22:22:43.7467497Z === RUN   TestIndependentSingleRequestClients/search
blackbox	Real multi-node integration	2026-10-03T22:22:57.4383398Z single-request backend=search processes=2 workers=2 round=1 direct=873.8 weir=1031.4 DB-CPU direct=101.1% weir=99.4%
blackbox	Real multi-node integration	2026-10-03T22:23:10.5273158Z single-request backend=search processes=2 workers=4 round=1 direct=4607.2 weir=1751.6 DB-CPU direct=100.9% weir=100.6%
blackbox	Real multi-node integration	2026-10-03T22:23:13.4781157Z --- PASS: TestIndependentSingleRequestClients (79.73s)
blackbox	Real multi-node integration	2026-10-03T22:23:13.4781744Z     --- PASS: TestIndependentSingleRequestClients/mongo (25.80s)
blackbox	Real multi-node integration	2026-10-03T22:23:13.4782253Z     --- PASS: TestIndependentSingleRequestClients/search (26.82s)
blackbox	Real multi-node integration	2026-10-03T22:23:13.4782887Z === RUN   TestSystemIntegration
blackbox	Real multi-node integration	2026-10-03T22:23:25.6746405Z     system_test.go:53: fixture artifacts: /tmp/weir-tests-1696980595
blackbox	Real multi-node integration	2026-10-03T22:23:25.9687521Z === RUN   TestSystemIntegration/native_reset_and_write_change_evidence
blackbox	Real multi-node integration	2026-10-03T22:23:26.1238661Z     system_test.go:81: repeated 1/64-record reset succeeds; native Mongo matched-but-unmodified timed writes are rejected; real 32-record bulk changes persist
blackbox	Real multi-node integration	2026-10-03T22:23:26.1264171Z === RUN   TestSystemIntegration/mongo_lifecycle
blackbox	Real multi-node integration	2026-10-03T22:23:26.1507908Z     system_test.go:86: Create/preconditions/Replace/Put/AtomicTransform/Read/Delete, typed Read/Mutate sequence, Native, and direct database persistence verified
blackbox	Real multi-node integration	2026-10-03T22:23:26.1575100Z     system_test.go:87: all finite Scan pages resumed on alternating owners without omissions/duplicates; failed consumer received no checkpoint
blackbox	Real multi-node integration	2026-10-03T22:23:26.2483602Z     system_test.go:88: 48 independent unary SDK mutations across two same-Store targets, ordered results including precondition/missing, duplicate URI execution order, and SDK/server late-invalid preflight verified
blackbox	Real multi-node integration	2026-10-03T22:23:26.5670035Z     system_test.go:89: 513 distinct native documents Put and Read in one physical adapter batch per unary call; every value independently persisted and reverse-order results verified
blackbox	Real multi-node integration	2026-10-03T22:23:26.5676110Z === RUN   TestSystemIntegration/search_lifecycle
blackbox	Real multi-node integration	2026-10-03T22:23:26.7511360Z     system_test.go:86: Create/preconditions/Replace/Put/AtomicTransform/Read/Delete, typed Read/Mutate sequence, Native, and direct database persistence verified
blackbox	Real multi-node integration	2026-10-03T22:23:26.8453645Z     system_test.go:87: all finite Scan pages resumed on alternating owners without omissions/duplicates; failed consumer received no checkpoint
blackbox	Real multi-node integration	2026-10-03T22:23:27.2824920Z     system_test.go:88: 48 independent unary SDK mutations across two same-Store targets, ordered results including precondition/missing, duplicate URI execution order, and SDK/server late-invalid preflight verified
blackbox	Real multi-node integration	2026-10-03T22:23:28.0941774Z     system_test.go:89: 513 distinct native documents Put and Read in one physical adapter batch per unary call; every value independently persisted and reverse-order results verified
blackbox	Real multi-node integration	2026-10-03T22:23:28.1265251Z === RUN   TestSystemIntegration/any_node_discovery_and_no_relay
blackbox	Real multi-node integration	2026-10-03T22:23:28.3362686Z === RUN   TestSystemIntegration/cancellation
blackbox	Real multi-node integration	2026-10-03T22:23:28.3372565Z === RUN   TestSystemIntegration/owner_withdrawal_restart_and_seed_loss
blackbox	Real multi-node integration	2026-10-03T22:23:28.5857882Z     system_test.go:105: graceful owner withdrawal converged; existing and recreated SDK clients read persisted data; restarted owner recovered; losing the seed did not interrupt direct business reads
blackbox	Real multi-node integration	2026-10-03T22:23:31.3477389Z --- PASS: TestSystemIntegration (17.87s)
blackbox	Real multi-node integration	2026-10-03T22:23:31.3477878Z     --- PASS: TestSystemIntegration/native_reset_and_write_change_evidence (0.16s)
blackbox	Real multi-node integration	2026-10-03T22:23:31.3478188Z     --- PASS: TestSystemIntegration/mongo_lifecycle (0.44s)
blackbox	Real multi-node integration	2026-10-03T22:23:31.3478446Z     --- PASS: TestSystemIntegration/search_lifecycle (1.56s)
blackbox	Real multi-node integration	2026-10-03T22:23:31.3478846Z     --- PASS: TestSystemIntegration/any_node_discovery_and_no_relay (0.21s)
blackbox	Real multi-node integration	2026-10-03T22:23:31.3479107Z     --- PASS: TestSystemIntegration/cancellation (0.00s)
blackbox	Real multi-node integration	2026-10-03T22:23:31.3479471Z     --- PASS: TestSystemIntegration/owner_withdrawal_restart_and_seed_loss (0.25s)
blackbox	Real multi-node integration	2026-10-03T22:23:31.3479682Z PASS
blackbox	Real multi-node integration	2026-10-03T22:23:32.3521599Z ok  	github.com/batchstream/weir-tests/tests/integration	98.613s
blackbox	Verified comparison smoke	﻿2026-10-03T22:23:32.3747856Z ##[group]Run go run ./cmd/weir-lab -mode fixed -weir .tools/weir -operations 128 -warmup 32 -records 64 -rounds 2 -output results/local/smoke
blackbox	Verified comparison smoke	2026-10-03T22:23:32.3748375Z [36;1mgo run ./cmd/weir-lab -mode fixed -weir .tools/weir -operations 128 -warmup 32 -records 64 -rounds 2 -output results/local/smoke[0m
blackbox	Verified comparison smoke	2026-10-03T22:23:32.3803198Z shell: /usr/bin/bash --noprofile --norc -e -o pipefail {0}
blackbox	Verified comparison smoke	2026-10-03T22:23:32.3803382Z env:
blackbox	Verified comparison smoke	2026-10-03T22:23:32.3803489Z   GOENV: off
blackbox	Verified comparison smoke	2026-10-03T22:23:32.3803597Z   GOWORK: off
blackbox	Verified comparison smoke	2026-10-03T22:23:32.3803851Z   GOTOOLCHAIN: local
blackbox	Verified comparison smoke	2026-10-03T22:23:32.3803973Z   GOFLAGS: -mod=readonly
blackbox	Verified comparison smoke	2026-10-03T22:23:32.3804107Z   PYTHONDONTWRITEBYTECODE: 1
blackbox	Verified comparison smoke	2026-10-03T22:23:32.3804238Z   GOPROXY: off
blackbox	Verified comparison smoke	2026-10-03T22:23:32.3804345Z   GOSUMDB: off
blackbox	Verified comparison smoke	2026-10-03T22:23:32.3804585Z ##[endgroup]
blackbox	Verified comparison smoke	2026-10-03T22:23:55.4369372Z Owned fixture logs: /tmp/weir-tests-3059417296
blackbox	Verified comparison smoke	2026-10-03T22:23:55.9189599Z mongo direct=11331.6 ops/s weir=6128.3 ops/s ratio=0.541
blackbox	Verified comparison smoke	2026-10-03T22:24:01.1262457Z search direct=1211.1 ops/s weir=1180.9 ops/s ratio=0.975
blackbox	Separate opt-in server CPU diagnostic	﻿2026-10-03T22:24:03.7500553Z ##[group]Run python3 scripts/profile_weir.py --offline
blackbox	Separate opt-in server CPU diagnostic	2026-10-03T22:24:03.7500816Z [36;1mpython3 scripts/profile_weir.py --offline[0m
blackbox	Separate opt-in server CPU diagnostic	2026-10-03T22:24:03.7556813Z shell: /usr/bin/bash --noprofile --norc -e -o pipefail {0}
blackbox	Separate opt-in server CPU diagnostic	2026-10-03T22:24:03.7557010Z env:
blackbox	Separate opt-in server CPU diagnostic	2026-10-03T22:24:03.7557129Z   GOENV: off
blackbox	Separate opt-in server CPU diagnostic	2026-10-03T22:24:03.7557245Z   GOWORK: off
blackbox	Separate opt-in server CPU diagnostic	2026-10-03T22:24:03.7557357Z   GOTOOLCHAIN: local
blackbox	Separate opt-in server CPU diagnostic	2026-10-03T22:24:03.7557482Z   GOFLAGS: -mod=readonly
blackbox	Separate opt-in server CPU diagnostic	2026-10-03T22:24:03.7557663Z   PYTHONDONTWRITEBYTECODE: 1
blackbox	Separate opt-in server CPU diagnostic	2026-10-03T22:24:03.7557798Z   GOPROXY: off
blackbox	Separate opt-in server CPU diagnostic	2026-10-03T22:24:03.7557908Z   GOSUMDB: off
blackbox	Separate opt-in server CPU diagnostic	2026-10-03T22:24:03.7558017Z ##[endgroup]
blackbox	Separate opt-in server CPU diagnostic	2026-10-03T22:24:04.3285498Z all modules verified
blackbox	Separate opt-in server CPU diagnostic	2026-10-03T22:25:09.1458766Z File: weir-profile-node
blackbox	Separate opt-in server CPU diagnostic	2026-10-03T22:25:09.1459124Z Build ID: 9c6253949284bc306b0c88afee9533d6ef6204dc
blackbox	Separate opt-in server CPU diagnostic	2026-10-03T22:25:09.1459404Z Type: cpu
blackbox	Separate opt-in server CPU diagnostic	2026-10-03T22:25:09.1459592Z Time: 2026-10-03 22:24:12 UTC
blackbox	Separate opt-in server CPU diagnostic	2026-10-03T22:25:09.1459832Z Duration: 54.19s, Total samples = 33.34s (61.52%)
blackbox	Separate opt-in server CPU diagnostic	2026-10-03T22:25:09.1462079Z Showing nodes accounting for 15.70s, 47.09% of 33.34s total
blackbox	Separate opt-in server CPU diagnostic	2026-10-03T22:25:09.1462274Z Dropped 969 nodes (cum <= 0.17s)
blackbox	Separate opt-in server CPU diagnostic	2026-10-03T22:25:09.1462428Z Showing top 35 nodes out of 328
blackbox	Separate opt-in server CPU diagnostic	2026-10-03T22:25:09.1462615Z       flat  flat%   sum%        cum   cum%
blackbox	Separate opt-in server CPU diagnostic	2026-10-03T22:25:09.1462890Z      6.51s 19.53% 19.53%      6.51s 19.53%  internal/runtime/syscall/linux.Syscall6
blackbox	Separate opt-in server CPU diagnostic	2026-10-03T22:25:09.1463179Z      0.76s  2.28% 21.81%      1.16s  3.48%  runtime.tryDeferToSpanScan
blackbox	Separate opt-in server CPU diagnostic	2026-10-03T22:25:09.1463431Z      0.64s  1.92% 23.73%      0.76s  2.28%  runtime.step
blackbox	Separate opt-in server CPU diagnostic	2026-10-03T22:25:09.1463661Z      0.56s  1.68% 25.40%      1.46s  4.38%  runtime.pcvalue
blackbox	Separate opt-in server CPU diagnostic	2026-10-03T22:25:09.1463884Z      0.48s  1.44% 26.84%      0.48s  1.44%  runtime.futex
blackbox	Separate opt-in server CPU diagnostic	2026-10-03T22:25:09.1464098Z      0.39s  1.17% 28.01%      0.57s  1.71%  runtime.lock2
blackbox	Separate opt-in server CPU diagnostic	2026-10-03T22:25:09.1464317Z      0.37s  1.11% 29.12%      0.45s  1.35%  runtime.unlock2
blackbox	Separate opt-in server CPU diagnostic	2026-10-03T22:25:09.1464716Z      0.35s  1.05% 30.17%      0.35s  1.05%  time.runtimeNow
blackbox	Separate opt-in server CPU diagnostic	2026-10-03T22:25:09.1464952Z      0.33s  0.99% 31.16%      0.33s  0.99%  runtime.nanotime
blackbox	Separate opt-in server CPU diagnostic	2026-10-03T22:25:09.1465194Z      0.33s  0.99% 32.15%      0.33s  0.99%  runtime.procyieldAsm
blackbox	Separate opt-in server CPU diagnostic	2026-10-03T22:25:09.1465438Z      0.29s  0.87% 33.02%      1.14s  3.42%  runtime.scanObject
blackbox	Separate opt-in server CPU diagnostic	2026-10-03T22:25:09.1465675Z      0.28s  0.84% 33.86%      3.07s  9.21%  runtime.mallocgc
blackbox	Separate opt-in server CPU diagnostic	2026-10-03T22:25:09.1465910Z      0.26s  0.78% 34.64%      1.52s  4.56%  runtime.adjustframe
blackbox	Separate opt-in server CPU diagnostic	2026-10-03T22:25:09.1466166Z      0.26s  0.78% 35.42%      0.27s  0.81%  runtime.adjustpointers
blackbox	Separate opt-in server CPU diagnostic	2026-10-03T22:25:09.1466418Z      0.26s  0.78% 36.20%      0.34s  1.02%  runtime.gcmarknewobject
blackbox	Separate opt-in server CPU diagnostic	2026-10-03T22:25:09.1466678Z      0.26s  0.78% 36.98%      0.26s  0.78%  runtime.memclrNoHeapPointers
blackbox	Separate opt-in server CPU diagnostic	2026-10-03T22:25:09.1466922Z      0.24s  0.72% 37.70%      0.24s  0.72%  runtime.memmove
blackbox	Separate opt-in server CPU diagnostic	2026-10-03T22:25:09.1467165Z      0.23s  0.69% 38.39%      0.27s  0.81%  runtime.typePointers.next
blackbox	Separate opt-in server CPU diagnostic	2026-10-03T22:25:09.1467438Z      0.21s  0.63% 39.02%      0.83s  2.49%  runtime.(*unwinder).resolveInternal
blackbox	Separate opt-in server CPU diagnostic	2026-10-03T22:25:09.1467733Z      0.21s  0.63% 39.65%      1.15s  3.45%  runtime.mallocgcSmallScanNoHeaderSC5
blackbox	Separate opt-in server CPU diagnostic	2026-10-03T22:25:09.1468003Z      0.21s  0.63% 40.28%      0.37s  1.11%  runtime.scanObjectsSmall
blackbox	Separate opt-in server CPU diagnostic	2026-10-03T22:25:09.1468250Z      0.20s   0.6% 40.88%      0.27s  0.81%  runtime.casgstatus
blackbox	Separate opt-in server CPU diagnostic	2026-10-03T22:25:09.1468477Z      0.19s  0.57% 41.45%      0.19s  0.57%  runtime.madvise
blackbox	Separate opt-in server CPU diagnostic	2026-10-03T22:25:09.1468742Z      0.19s  0.57% 42.02%      0.38s  1.14%  runtime.mallocgcSmallScanNoHeaderSC2
blackbox	Separate opt-in server CPU diagnostic	2026-10-03T22:25:09.1469258Z      0.18s  0.54% 42.56%      0.21s  0.63%  runtime.heapArenaOf (inline)
blackbox	Separate opt-in server CPU diagnostic	2026-10-03T22:25:09.1469522Z      0.17s  0.51% 43.07%      0.17s  0.51%  runtime.(*moduledata).textAddr
blackbox	Separate opt-in server CPU diagnostic	2026-10-03T22:25:09.1469798Z      0.17s  0.51% 43.58%      0.17s  0.51%  runtime.spanClass.sizeclass (inline)
blackbox	Separate opt-in server CPU diagnostic	2026-10-03T22:25:09.1470153Z      0.16s  0.48% 44.06%      7.72s 23.16%  go.mongodb.org/mongo-driver/v2/x/mongo/driver.Operation.Execute
blackbox	Separate opt-in server CPU diagnostic	2026-10-03T22:25:09.1470477Z      0.16s  0.48% 44.54%      0.17s  0.51%  runtime.findfunc
blackbox	Separate opt-in server CPU diagnostic	2026-10-03T22:25:09.1470866Z      0.16s  0.48% 45.02%      0.23s  0.69%  runtime.mallocgcTinySC2
blackbox	Separate opt-in server CPU diagnostic	2026-10-03T22:25:09.1471128Z      0.15s  0.45% 45.47%      1.05s  3.15%  runtime.(*stkframe).getStackMap
blackbox	Separate opt-in server CPU diagnostic	2026-10-03T22:25:09.1471399Z      0.14s  0.42% 45.89%      0.24s  0.72%  internal/sync.(*Mutex).Unlock
blackbox	Separate opt-in server CPU diagnostic	2026-10-03T22:25:09.1471653Z      0.14s  0.42% 46.31%      0.25s  0.75%  runtime.findObject
blackbox	Separate opt-in server CPU diagnostic	2026-10-03T22:25:09.1471909Z      0.13s  0.39% 46.70%      0.25s  0.75%  regexp.(*Regexp).doOnePass
blackbox	Separate opt-in server CPU diagnostic	2026-10-03T22:25:09.1472206Z      0.13s  0.39% 47.09%      1.53s  4.59%  runtime.mallocgcSmallScanSlowPath
blackbox	Separate opt-in server CPU diagnostic	2026-10-03T22:25:09.1472357Z 
blackbox	Separate opt-in server CPU diagnostic	2026-10-03T22:25:09.1472420Z File: weir-profile-node
blackbox	Separate opt-in server CPU diagnostic	2026-10-03T22:25:09.1472589Z Build ID: 9c6253949284bc306b0c88afee9533d6ef6204dc
blackbox	Separate opt-in server CPU diagnostic	2026-10-03T22:25:09.1472766Z Type: delay
blackbox	Separate opt-in server CPU diagnostic	2026-10-03T22:25:09.1472889Z Time: 2026-10-03 22:25:06 UTC
blackbox	Separate opt-in server CPU diagnostic	2026-10-03T22:25:09.1473068Z Showing nodes accounting for 21.08s, 99.91% of 21.10s total
blackbox	Separate opt-in server CPU diagnostic	2026-10-03T22:25:09.1473262Z Dropped 346 nodes (cum <= 0.11s)
blackbox	Separate opt-in server CPU diagnostic	2026-10-03T22:25:09.1473420Z Showing top 35 nodes out of 98
blackbox	Separate opt-in server CPU diagnostic	2026-10-03T22:25:09.1473601Z       flat  flat%   sum%        cum   cum%
blackbox	Separate opt-in server CPU diagnostic	2026-10-03T22:25:09.1473863Z     18.82s 89.18% 89.18%     18.83s 89.23%  sync.(*Mutex).Unlock (partial-inline)
blackbox	Separate opt-in server CPU diagnostic	2026-10-03T22:25:09.1474163Z      1.86s  8.80% 97.98%      1.86s  8.80%  runtime.unlock (partial-inline)
blackbox	Separate opt-in server CPU diagnostic	2026-10-03T22:25:09.1474733Z      0.41s  1.93% 99.91%      0.41s  1.93%  internal/sync.(*HashTrieMap[go.shape.interface {},go.shape.interface {}]).Swap
blackbox	Separate opt-in server CPU diagnostic	2026-10-03T22:25:09.1475123Z          0     0% 99.91%      0.12s  0.57%  _.goready.func1
blackbox	Separate opt-in server CPU diagnostic	2026-10-03T22:25:09.1475544Z          0     0% 99.91%      6.56s 31.07%  github.com/batchstream/weir-protocol/api/weir/v1._StoreService_Read_Handler
blackbox	Separate opt-in server CPU diagnostic	2026-10-03T22:25:09.1476060Z          0     0% 99.91%      6.51s 30.87%  github.com/batchstream/weir-protocol/api/weir/v1._StoreService_Read_Handler.func1
blackbox	Separate opt-in server CPU diagnostic	2026-10-03T22:25:09.1476564Z          0     0% 99.91%      3.87s 18.33%  github.com/batchstream/weir/internal/backend/mongodb.(*Adapter).Execute
blackbox	Separate opt-in server CPU diagnostic	2026-10-03T22:25:09.1477056Z          0     0% 99.91%      0.25s  1.17%  github.com/batchstream/weir/internal/backend/mongodb.(*Adapter).closeRecordCursor
blackbox	Separate opt-in server CPU diagnostic	2026-10-03T22:25:09.1477608Z          0     0% 99.91%      0.23s  1.11%  github.com/batchstream/weir/internal/backend/mongodb.(*Adapter).closeRecordCursorState
blackbox	Separate opt-in server CPU diagnostic	2026-10-03T22:25:09.1478187Z          0     0% 99.91%      0.23s  1.11%  github.com/batchstream/weir/internal/backend/mongodb.(*Adapter).closeRecordCursorState.func1
blackbox	Separate opt-in server CPU diagnostic	2026-10-03T22:25:09.1478711Z          0     0% 99.91%      3.72s 17.61%  github.com/batchstream/weir/internal/backend/mongodb.(*Adapter).executeReads
blackbox	Separate opt-in server CPU diagnostic	2026-10-03T22:25:09.1479231Z          0     0% 99.91%      0.23s  1.11%  github.com/batchstream/weir/internal/backend/mongodb.(*Adapter).executeReads.deferwrap1
blackbox	Separate opt-in server CPU diagnostic	2026-10-03T22:25:09.1479736Z          0     0% 99.91%      3.87s 18.33%  github.com/batchstream/weir/internal/backend/mongodb.(*Adapter).executeRecords
blackbox	Separate opt-in server CPU diagnostic	2026-10-03T22:25:09.1480381Z          0     0% 99.91%      0.15s  0.72%  github.com/batchstream/weir/internal/backend/mongodb.(*Adapter).qualifyRecordBatch
blackbox	Separate opt-in server CPU diagnostic	2026-10-03T22:25:09.1480907Z          0     0% 99.91%      0.15s  0.72%  github.com/batchstream/weir/internal/backend/mongodb.(*Adapter).qualifyTarget
blackbox	Separate opt-in server CPU diagnostic	2026-10-03T22:25:09.1481915Z          0     0% 99.91%      0.15s  0.72%  github.com/batchstream/weir/internal/backend/targetcache.(*Cache[go.shape.struct { github.com/batchstream/weir/internal/backend/mongodb.database string; github.com/batchstream/weir/internal/backend/mongodb.collection string },go.shape.struct {}]).Acquire
blackbox	Separate opt-in server CPU diagnostic	2026-10-03T22:25:09.1482842Z          0     0% 99.91%      1.75s  8.31%  github.com/batchstream/weir/internal/execution.(*ResultBudget).Reserve
blackbox	Separate opt-in server CPU diagnostic	2026-10-03T22:25:09.1483258Z          0     0% 99.91%      6.51s 30.87%  github.com/batchstream/weir/internal/server.(*Server).Read
blackbox	Separate opt-in server CPU diagnostic	2026-10-03T22:25:09.1483668Z          0     0% 99.91%      4.84s 22.92%  github.com/batchstream/weir/internal/server.(*Server).submitBatch
blackbox	Separate opt-in server CPU diagnostic	2026-10-03T22:25:09.1484099Z          0     0% 99.91%      0.46s  2.17%  github.com/batchstream/weir/internal/server.(*responseCodec).Marshal
blackbox	Separate opt-in server CPU diagnostic	2026-10-03T22:25:09.1485172Z          0     0% 99.91%      1.75s  8.31%  github.com/batchstream/weir/internal/server.(*rpcState).finish
blackbox	Separate opt-in server CPU diagnostic	2026-10-03T22:25:09.1485824Z          0     0% 99.91%      1.06s  5.03%  github.com/batchstream/weir/internal/server.(*rpcState).finishLocked
blackbox	Separate opt-in server CPU diagnostic	2026-10-03T22:25:09.1486508Z          0     0% 99.91%      1.76s  8.35%  github.com/batchstream/weir/internal/server.(*transportStats).HandleRPC
blackbox	Separate opt-in server CPU diagnostic	2026-10-03T22:25:09.1487203Z          0     0% 99.91%      1.77s  8.38%  github.com/batchstream/weir/internal/server.transportStats.HandleRPC
blackbox	Separate opt-in server CPU diagnostic	2026-10-03T22:25:09.1487805Z          0     0% 99.91%      6.54s 31.00%  github.com/batchstream/weir/internal/server.unaryRPC
blackbox	Separate opt-in server CPU diagnostic	2026-10-03T22:25:09.1488434Z          0     0% 99.91%      4.84s 22.92%  github.com/batchstream/weir/internal/store.(*Runtime).SubmitBatch
blackbox	Separate opt-in server CPU diagnostic	2026-10-03T22:25:09.1489101Z          0     0% 99.91%      5.30s 25.12%  github.com/batchstream/weir/internal/store.(*Runtime).execute
blackbox	Separate opt-in server CPU diagnostic	2026-10-03T22:25:09.1489742Z          0     0% 99.91%      3.87s 18.34%  github.com/batchstream/weir/internal/store.(*Runtime).executeBatch
blackbox	Separate opt-in server CPU diagnostic	2026-10-03T22:25:09.1490499Z          0     0% 99.91%      4.64s 21.97%  github.com/batchstream/weir/internal/store.(*Runtime).loop
blackbox	Separate opt-in server CPU diagnostic	2026-10-03T22:25:09.1491199Z          0     0% 99.91%      5.14s 24.37%  github.com/batchstream/weir/internal/store.(*Runtime).loop.gowrap2
blackbox	Separate opt-in server CPU diagnostic	2026-10-03T22:25:09.1491855Z          0     0% 99.91%      5.30s 25.12%  github.com/batchstream/weir/internal/store.(*Runtime).runBatch
blackbox	Separate opt-in server CPU diagnostic	2026-10-03T22:25:09.1492280Z          0     0% 99.91%      1.06s  5.03%  github.com/batchstream/weir/internal/store.(*Ticket).Ack
blackbox	Separate opt-in server CPU diagnostic	2026-10-03T22:25:09.1492698Z          0     0% 99.91%      1.65s  7.84%  github.com/batchstream/weir/internal/store.(*Ticket).WaitBatch
blackbox	Separate opt-in server CPU diagnostic	2026-10-03T22:25:09.1493144Z          0     0% 99.91%      1.75s  8.31%  github.com/batchstream/weir/internal/store.(*Ticket).retainResults
blackbox	Separate opt-in server CPU diagnostic	2026-10-03T22:25:09.1493598Z          0     0% 99.91%      1.75s  8.30%  github.com/batchstream/weir/internal/store.(*Ticket).retainResults-fm
blackbox	Separate opt-in server CPU diagnostic	2026-10-03T22:25:09.1493799Z 
blackbox	Preserve results and owned fixture receipts	﻿2026-10-03T22:25:09.1598508Z ##[group]Run actions/upload-artifact@ea165f8d65b6e75b540449e92b4886f43607fa02
blackbox	Preserve results and owned fixture receipts	2026-10-03T22:25:09.1598746Z with:
blackbox	Preserve results and owned fixture receipts	2026-10-03T22:25:09.1598913Z   name: system-evidence-7048776d09566a25a9f6cfe102eee07089f203c4
blackbox	Preserve results and owned fixture receipts	2026-10-03T22:25:09.1599408Z   path: results/local/
blackbox	Preserve results and owned fixture receipts	/tmp/weir-tests-*/manifest.json
blackbox	Preserve results and owned fixture receipts	/tmp/weir-tests-*/cleanup.json
blackbox	Preserve results and owned fixture receipts	/tmp/weir-tests-*/*config.json
blackbox	Preserve results and owned fixture receipts	/tmp/weir-tests-*/*routes.json
blackbox	Preserve results and owned fixture receipts	/tmp/weir-tests-*/*process.log
blackbox	Preserve results and owned fixture receipts	/tmp/weir-tests-*/docker-engine.json
blackbox	Preserve results and owned fixture receipts	
blackbox	Preserve results and owned fixture receipts	2026-10-03T22:25:09.1599855Z   retention-days: 14
blackbox	Preserve results and owned fixture receipts	2026-10-03T22:25:09.1599985Z   if-no-files-found: warn
blackbox	Preserve results and owned fixture receipts	2026-10-03T22:25:09.1600118Z   compression-level: 6
blackbox	Preserve results and owned fixture receipts	2026-10-03T22:25:09.1600241Z   overwrite: false
blackbox	Preserve results and owned fixture receipts	2026-10-03T22:25:09.1600364Z   include-hidden-files: false
blackbox	Preserve results and owned fixture receipts	2026-10-03T22:25:09.1600497Z env:
blackbox	Preserve results and owned fixture receipts	2026-10-03T22:25:09.1600600Z   GOENV: off
blackbox	Preserve results and owned fixture receipts	2026-10-03T22:25:09.1600705Z   GOWORK: off
blackbox	Preserve results and owned fixture receipts	2026-10-03T22:25:09.1600813Z   GOTOOLCHAIN: local
blackbox	Preserve results and owned fixture receipts	2026-10-03T22:25:09.1600938Z   GOFLAGS: -mod=readonly
blackbox	Preserve results and owned fixture receipts	2026-10-03T22:25:09.1601074Z   PYTHONDONTWRITEBYTECODE: 1
blackbox	Preserve results and owned fixture receipts	2026-10-03T22:25:09.1601224Z ##[endgroup]
blackbox	Preserve results and owned fixture receipts	2026-10-03T22:25:09.2715545Z (node:9919) [DEP0040] DeprecationWarning: The `punycode` module is deprecated. Please use a userland alternative instead.
blackbox	Preserve results and owned fixture receipts	2026-10-03T22:25:09.2716007Z (Use `node --trace-deprecation ...` to show where the warning was created)
blackbox	Preserve results and owned fixture receipts	2026-10-03T22:25:09.2843143Z Multiple search paths detected. Calculating the least common ancestor of all paths
blackbox	Preserve results and owned fixture receipts	2026-10-03T22:25:09.2844051Z The least common ancestor is /. This will be the root directory of the artifact
blackbox	Preserve results and owned fixture receipts	2026-10-03T22:25:09.2844586Z With the provided path, there will be 46 files uploaded
blackbox	Preserve results and owned fixture receipts	2026-10-03T22:25:09.2845069Z Artifact name is valid!
blackbox	Preserve results and owned fixture receipts	2026-10-03T22:25:09.2845332Z Root directory input is valid!
blackbox	Preserve results and owned fixture receipts	2026-10-03T22:25:09.5871658Z Beginning upload of artifact content to blob storage
blackbox	Preserve results and owned fixture receipts	2026-10-03T22:25:09.6327815Z (node:9919) [DEP0169] DeprecationWarning: `url.parse()` behavior is not standardized and prone to errors that have security implications. Use the WHATWG URL API instead. CVEs are not issued for `url.parse()` vulnerabilities.
blackbox	Preserve results and owned fixture receipts	2026-10-03T22:25:09.9432486Z Uploaded bytes 224086
blackbox	Preserve results and owned fixture receipts	2026-10-03T22:25:09.9881656Z Finished uploading artifact content to blob storage!
blackbox	Preserve results and owned fixture receipts	2026-10-03T22:25:09.9882149Z SHA256 digest of uploaded artifact zip is 8574c4176693a7e45df441c160ee316bd0c528c75674234401c5d5bbb67e7dab
blackbox	Preserve results and owned fixture receipts	2026-10-03T22:25:09.9884656Z Finalizing artifact upload
blackbox	Preserve results and owned fixture receipts	2026-10-03T22:25:10.2068229Z Artifact system-evidence-7048776d09566a25a9f6cfe102eee07089f203c4.zip successfully finalized. Artifact ID 11287215116
blackbox	Preserve results and owned fixture receipts	2026-10-03T22:25:10.2069119Z Artifact system-evidence-7048776d09566a25a9f6cfe102eee07089f203c4 has been successfully uploaded! Final size is 224086 bytes. Artifact ID is 11287215116
blackbox	Preserve results and owned fixture receipts	2026-10-03T22:25:10.2073252Z Artifact download URL: https://github.com/batchstream/weir-tests/actions/runs/37158104910/artifacts/11287215116
blackbox	Post Run actions/setup-go@924ae3a1cded613372ab5595356fb5720e22ba16	﻿2026-10-03T22:25:10.2212444Z Post job cleanup.
blackbox	Post Run actions/setup-go@924ae3a1cded613372ab5595356fb5720e22ba16	2026-10-03T22:25:10.3012967Z [command]/opt/hostedtoolcache/go/1.27.1/x64/bin/go env GOMODCACHE
blackbox	Post Run actions/setup-go@924ae3a1cded613372ab5595356fb5720e22ba16	2026-10-03T22:25:10.3044886Z [command]/opt/hostedtoolcache/go/1.27.1/x64/bin/go env GOCACHE
blackbox	Post Run actions/setup-go@924ae3a1cded613372ab5595356fb5720e22ba16	2026-10-03T22:25:10.3072210Z /home/runner/go/pkg/mod
blackbox	Post Run actions/setup-go@924ae3a1cded613372ab5595356fb5720e22ba16	2026-10-03T22:25:10.3085181Z /home/runner/.cache/go-build
blackbox	Post Run actions/setup-go@924ae3a1cded613372ab5595356fb5720e22ba16	2026-10-03T22:25:10.3088251Z Cache hit occurred on the primary key setup-go-Linux-x64-ubuntu24-go-1.27.1-f3893fbf0ff2b6e2efba8903234513786674983d753d1815a9a1fcf84a06448a, not saving cache.
blackbox	Post Run actions/checkout@3d3c42e5aac5ba805825da76410c181273ba90b1	﻿2026-10-03T22:25:10.3236683Z Post job cleanup.
blackbox	Post Run actions/checkout@3d3c42e5aac5ba805825da76410c181273ba90b1	2026-10-03T22:25:10.3799075Z [command]/usr/bin/git version
blackbox	Post Run actions/checkout@3d3c42e5aac5ba805825da76410c181273ba90b1	2026-10-03T22:25:10.3840461Z git version 2.55.0
blackbox	Post Run actions/checkout@3d3c42e5aac5ba805825da76410c181273ba90b1	2026-10-03T22:25:10.3863975Z Temporarily overriding HOME='/home/runner/work/_temp/4440a527-bebf-48a3-929c-4a6a78a8fe16' before making global git config changes
blackbox	Post Run actions/checkout@3d3c42e5aac5ba805825da76410c181273ba90b1	2026-10-03T22:25:10.3864852Z Adding repository directory to the temporary git global config as a safe directory
blackbox	Post Run actions/checkout@3d3c42e5aac5ba805825da76410c181273ba90b1	2026-10-03T22:25:10.3868272Z [command]/usr/bin/git config --global --add safe.directory /home/runner/work/weir-tests/weir-tests
blackbox	Post Run actions/checkout@3d3c42e5aac5ba805825da76410c181273ba90b1	2026-10-03T22:25:10.3897207Z Removing SSH command configuration
blackbox	Post Run actions/checkout@3d3c42e5aac5ba805825da76410c181273ba90b1	2026-10-03T22:25:10.3901664Z [command]/usr/bin/git config --local --name-only --get-regexp core\.sshCommand
blackbox	Post Run actions/checkout@3d3c42e5aac5ba805825da76410c181273ba90b1	2026-10-03T22:25:10.3931344Z [command]/usr/bin/git submodule foreach --recursive sh -c "git config --local --name-only --get-regexp 'core\.sshCommand' && git config --local --unset-all 'core.sshCommand' || :"
blackbox	Post Run actions/checkout@3d3c42e5aac5ba805825da76410c181273ba90b1	2026-10-03T22:25:10.4134499Z Removing HTTP extra header
blackbox	Post Run actions/checkout@3d3c42e5aac5ba805825da76410c181273ba90b1	2026-10-03T22:25:10.4138869Z [command]/usr/bin/git config --local --name-only --get-regexp http\.https\:\/\/github\.com\/\.extraheader
blackbox	Post Run actions/checkout@3d3c42e5aac5ba805825da76410c181273ba90b1	2026-10-03T22:25:10.4172840Z [command]/usr/bin/git submodule foreach --recursive sh -c "git config --local --name-only --get-regexp 'http\.https\:\/\/github\.com\/\.extraheader' && git config --local --unset-all 'http.https://github.com/.extraheader' || :"
blackbox	Post Run actions/checkout@3d3c42e5aac5ba805825da76410c181273ba90b1	2026-10-03T22:25:10.4429564Z Removing includeIf entries pointing to credentials config files
blackbox	Post Run actions/checkout@3d3c42e5aac5ba805825da76410c181273ba90b1	2026-10-03T22:25:10.4436246Z [command]/usr/bin/git config --local --name-only --get-regexp ^includeIf\.gitdir:
blackbox	Post Run actions/checkout@3d3c42e5aac5ba805825da76410c181273ba90b1	2026-10-03T22:25:10.4478133Z [command]/usr/bin/git submodule foreach --recursive git config --local --show-origin --name-only --get-regexp remote.origin.url
blackbox	Complete job	﻿2026-10-03T22:25:10.4783888Z Cleaning up orphan processes
blackbox	Complete job	2026-10-03T22:25:10.5010690Z ##[warning]Node.js 20 is deprecated. The following actions target Node.js 20 but are being forced to run on Node.js 24: actions/upload-artifact@ea165f8d65b6e75b540449e92b4886f43607fa02. For more information see: https://github.blog/changelog/2025-09-19-deprecation-of-node-20-on-github-actions-runners/
