database-full-load (0)	Set up job	﻿2026-10-04T00:10:02.7971630Z Current runner version: '2.337.0'
database-full-load (0)	Set up job	2026-10-04T00:10:02.7996039Z ##[group]Runner Image Provisioner
database-full-load (0)	Set up job	2026-10-04T00:10:02.7996899Z Hosted Compute Agent
database-full-load (0)	Set up job	2026-10-04T00:10:02.7997937Z Version: 20260901.588
database-full-load (0)	Set up job	2026-10-04T00:10:02.7998593Z Commit: f88ec8081b781fac6c440065ac7ff9e710ce3d0b
database-full-load (0)	Set up job	2026-10-04T00:10:02.7999281Z Build Date: 2026-09-01T19:56:44Z
database-full-load (0)	Set up job	2026-10-04T00:10:02.7999998Z Worker ID: {915d3eca-a323-41fd-8e84-ccf3d00e8cc7}
database-full-load (0)	Set up job	2026-10-04T00:10:02.8000701Z Azure Region: northcentralus
database-full-load (0)	Set up job	2026-10-04T00:10:02.8001291Z ##[endgroup]
database-full-load (0)	Set up job	2026-10-04T00:10:02.8002629Z ##[group]Operating System
database-full-load (0)	Set up job	2026-10-04T00:10:02.8003217Z Ubuntu
database-full-load (0)	Set up job	2026-10-04T00:10:02.8003745Z 24.04.5
database-full-load (0)	Set up job	2026-10-04T00:10:02.8004238Z LTS
database-full-load (0)	Set up job	2026-10-04T00:10:02.8004780Z ##[endgroup]
database-full-load (0)	Set up job	2026-10-04T00:10:02.8005348Z ##[group]Runner Image
database-full-load (0)	Set up job	2026-10-04T00:10:02.8005921Z Image: ubuntu-24.04
database-full-load (0)	Set up job	2026-10-04T00:10:02.8006475Z Version: 20260927.320.1
database-full-load (0)	Set up job	2026-10-04T00:10:02.8007712Z Included Software: https://github.com/actions/runner-images/blob/ubuntu24/20260927.320/images/ubuntu/Ubuntu2404-Readme.md
database-full-load (0)	Set up job	2026-10-04T00:10:02.8009827Z Image Release: https://github.com/actions/runner-images/releases/tag/ubuntu24%2F20260927.320
database-full-load (0)	Set up job	2026-10-04T00:10:02.8010737Z ##[endgroup]
database-full-load (0)	Set up job	2026-10-04T00:10:02.8011804Z ##[group]GITHUB_TOKEN Permissions
database-full-load (0)	Set up job	2026-10-04T00:10:02.8014033Z Contents: read
database-full-load (0)	Set up job	2026-10-04T00:10:02.8014710Z Metadata: read
database-full-load (0)	Set up job	2026-10-04T00:10:02.8015247Z ##[endgroup]
database-full-load (0)	Set up job	2026-10-04T00:10:02.8018279Z Secret source: Actions
database-full-load (0)	Set up job	2026-10-04T00:10:02.8019300Z Cache mode: write
database-full-load (0)	Set up job	2026-10-04T00:10:02.8020197Z Prepare workflow directory
database-full-load (0)	Set up job	2026-10-04T00:10:02.8406024Z Prepare all required actions
database-full-load (0)	Set up job	2026-10-04T00:10:02.8454855Z Getting action download info
database-full-load (0)	Set up job	2026-10-04T00:10:03.0971524Z Download action repository 'actions/checkout@3d3c42e5aac5ba805825da76410c181273ba90b1' (SHA:3d3c42e5aac5ba805825da76410c181273ba90b1)
database-full-load (0)	Set up job	2026-10-04T00:10:03.2152997Z Download action repository 'actions/setup-go@924ae3a1cded613372ab5595356fb5720e22ba16' (SHA:924ae3a1cded613372ab5595356fb5720e22ba16)
database-full-load (0)	Set up job	2026-10-04T00:10:03.5739798Z Download action repository 'actions/upload-artifact@ea165f8d65b6e75b540449e92b4886f43607fa02' (SHA:ea165f8d65b6e75b540449e92b4886f43607fa02)
database-full-load (0)	Set up job	2026-10-04T00:10:03.8263161Z Complete job name: database-full-load (0)
database-full-load (0)	Run actions/checkout@3d3c42e5aac5ba805825da76410c181273ba90b1	﻿2026-10-04T00:10:03.9095835Z ##[group]Run actions/checkout@3d3c42e5aac5ba805825da76410c181273ba90b1
database-full-load (0)	Run actions/checkout@3d3c42e5aac5ba805825da76410c181273ba90b1	2026-10-04T00:10:03.9097931Z with:
database-full-load (0)	Run actions/checkout@3d3c42e5aac5ba805825da76410c181273ba90b1	2026-10-04T00:10:03.9098945Z   ref: e790aa77629f0e4862159cbe8e3f0497df888314
database-full-load (0)	Run actions/checkout@3d3c42e5aac5ba805825da76410c181273ba90b1	2026-10-04T00:10:03.9100276Z   persist-credentials: false
database-full-load (0)	Run actions/checkout@3d3c42e5aac5ba805825da76410c181273ba90b1	2026-10-04T00:10:03.9101413Z   repository: batchstream/weir-tests
database-full-load (0)	Run actions/checkout@3d3c42e5aac5ba805825da76410c181273ba90b1	2026-10-04T00:10:03.9110024Z   token: ***
database-full-load (0)	Run actions/checkout@3d3c42e5aac5ba805825da76410c181273ba90b1	2026-10-04T00:10:03.9110967Z   ssh-strict: true
database-full-load (0)	Run actions/checkout@3d3c42e5aac5ba805825da76410c181273ba90b1	2026-10-04T00:10:03.9111878Z   ssh-user: git
database-full-load (0)	Run actions/checkout@3d3c42e5aac5ba805825da76410c181273ba90b1	2026-10-04T00:10:03.9112809Z   clean: true
database-full-load (0)	Run actions/checkout@3d3c42e5aac5ba805825da76410c181273ba90b1	2026-10-04T00:10:03.9113758Z   sparse-checkout-cone-mode: true
database-full-load (0)	Run actions/checkout@3d3c42e5aac5ba805825da76410c181273ba90b1	2026-10-04T00:10:03.9114898Z   fetch-depth: 1
database-full-load (0)	Run actions/checkout@3d3c42e5aac5ba805825da76410c181273ba90b1	2026-10-04T00:10:03.9115835Z   fetch-tags: false
database-full-load (0)	Run actions/checkout@3d3c42e5aac5ba805825da76410c181273ba90b1	2026-10-04T00:10:03.9116784Z   show-progress: true
database-full-load (0)	Run actions/checkout@3d3c42e5aac5ba805825da76410c181273ba90b1	2026-10-04T00:10:03.9117964Z   lfs: false
database-full-load (0)	Run actions/checkout@3d3c42e5aac5ba805825da76410c181273ba90b1	2026-10-04T00:10:03.9118927Z   submodules: false
database-full-load (0)	Run actions/checkout@3d3c42e5aac5ba805825da76410c181273ba90b1	2026-10-04T00:10:03.9119935Z   set-safe-directory: true
database-full-load (0)	Run actions/checkout@3d3c42e5aac5ba805825da76410c181273ba90b1	2026-10-04T00:10:03.9121090Z   allow-unsafe-pr-checkout: false
database-full-load (0)	Run actions/checkout@3d3c42e5aac5ba805825da76410c181273ba90b1	2026-10-04T00:10:03.9122454Z env:
database-full-load (0)	Run actions/checkout@3d3c42e5aac5ba805825da76410c181273ba90b1	2026-10-04T00:10:03.9123326Z   GOENV: off
database-full-load (0)	Run actions/checkout@3d3c42e5aac5ba805825da76410c181273ba90b1	2026-10-04T00:10:03.9124216Z   GOWORK: off
database-full-load (0)	Run actions/checkout@3d3c42e5aac5ba805825da76410c181273ba90b1	2026-10-04T00:10:03.9125273Z   GOTOOLCHAIN: local
database-full-load (0)	Run actions/checkout@3d3c42e5aac5ba805825da76410c181273ba90b1	2026-10-04T00:10:03.9126275Z   GOFLAGS: -mod=readonly
database-full-load (0)	Run actions/checkout@3d3c42e5aac5ba805825da76410c181273ba90b1	2026-10-04T00:10:03.9127383Z   PYTHONDONTWRITEBYTECODE: 1
database-full-load (0)	Run actions/checkout@3d3c42e5aac5ba805825da76410c181273ba90b1	2026-10-04T00:10:03.9128479Z ##[endgroup]
database-full-load (0)	Run actions/checkout@3d3c42e5aac5ba805825da76410c181273ba90b1	2026-10-04T00:10:04.0161973Z Syncing repository: batchstream/weir-tests
database-full-load (0)	Run actions/checkout@3d3c42e5aac5ba805825da76410c181273ba90b1	2026-10-04T00:10:04.0165016Z ##[group]Getting Git version info
database-full-load (0)	Run actions/checkout@3d3c42e5aac5ba805825da76410c181273ba90b1	2026-10-04T00:10:04.0166657Z Working directory is '/home/runner/work/weir-tests/weir-tests'
database-full-load (0)	Run actions/checkout@3d3c42e5aac5ba805825da76410c181273ba90b1	2026-10-04T00:10:04.0169318Z [command]/usr/bin/git version
database-full-load (0)	Run actions/checkout@3d3c42e5aac5ba805825da76410c181273ba90b1	2026-10-04T00:10:04.0215234Z git version 2.55.0
database-full-load (0)	Run actions/checkout@3d3c42e5aac5ba805825da76410c181273ba90b1	2026-10-04T00:10:04.0235659Z ##[endgroup]
database-full-load (0)	Run actions/checkout@3d3c42e5aac5ba805825da76410c181273ba90b1	2026-10-04T00:10:04.0247686Z Temporarily overriding HOME='/home/runner/work/_temp/fa21a78f-13a6-4c94-9659-c3faf6662788' before making global git config changes
database-full-load (0)	Run actions/checkout@3d3c42e5aac5ba805825da76410c181273ba90b1	2026-10-04T00:10:04.0252163Z Adding repository directory to the temporary git global config as a safe directory
database-full-load (0)	Run actions/checkout@3d3c42e5aac5ba805825da76410c181273ba90b1	2026-10-04T00:10:04.0257128Z [command]/usr/bin/git config --global --add safe.directory /home/runner/work/weir-tests/weir-tests
database-full-load (0)	Run actions/checkout@3d3c42e5aac5ba805825da76410c181273ba90b1	2026-10-04T00:10:04.0309351Z Deleting the contents of '/home/runner/work/weir-tests/weir-tests'
database-full-load (0)	Run actions/checkout@3d3c42e5aac5ba805825da76410c181273ba90b1	2026-10-04T00:10:04.0312472Z ##[group]Determining repository object format
database-full-load (0)	Run actions/checkout@3d3c42e5aac5ba805825da76410c181273ba90b1	2026-10-04T00:10:04.0314896Z ##[endgroup]
database-full-load (0)	Run actions/checkout@3d3c42e5aac5ba805825da76410c181273ba90b1	2026-10-04T00:10:04.0316668Z ##[group]Initializing the repository
database-full-load (0)	Run actions/checkout@3d3c42e5aac5ba805825da76410c181273ba90b1	2026-10-04T00:10:04.0318737Z [command]/usr/bin/git init /home/runner/work/weir-tests/weir-tests
database-full-load (0)	Run actions/checkout@3d3c42e5aac5ba805825da76410c181273ba90b1	2026-10-04T00:10:04.0438770Z hint: Using 'master' as the name for the initial branch. This default branch name
database-full-load (0)	Run actions/checkout@3d3c42e5aac5ba805825da76410c181273ba90b1	2026-10-04T00:10:04.0441597Z hint: will change to "main" in Git 3.0. To configure the initial branch name
database-full-load (0)	Run actions/checkout@3d3c42e5aac5ba805825da76410c181273ba90b1	2026-10-04T00:10:04.0444039Z hint: to use in all of your new repositories, which will suppress this warning,
database-full-load (0)	Run actions/checkout@3d3c42e5aac5ba805825da76410c181273ba90b1	2026-10-04T00:10:04.0445743Z hint: call:
database-full-load (0)	Run actions/checkout@3d3c42e5aac5ba805825da76410c181273ba90b1	2026-10-04T00:10:04.0446897Z hint:
database-full-load (0)	Run actions/checkout@3d3c42e5aac5ba805825da76410c181273ba90b1	2026-10-04T00:10:04.0448554Z hint: 	git config --global init.defaultBranch <name>
database-full-load (0)	Run actions/checkout@3d3c42e5aac5ba805825da76410c181273ba90b1	2026-10-04T00:10:04.0450037Z hint:
database-full-load (0)	Run actions/checkout@3d3c42e5aac5ba805825da76410c181273ba90b1	2026-10-04T00:10:04.0451278Z hint: Names commonly chosen instead of 'master' are 'main', 'trunk' and
database-full-load (0)	Run actions/checkout@3d3c42e5aac5ba805825da76410c181273ba90b1	2026-10-04T00:10:04.0453174Z hint: 'development'. The just-created branch can be renamed via this command:
database-full-load (0)	Run actions/checkout@3d3c42e5aac5ba805825da76410c181273ba90b1	2026-10-04T00:10:04.0454719Z hint:
database-full-load (0)	Run actions/checkout@3d3c42e5aac5ba805825da76410c181273ba90b1	2026-10-04T00:10:04.0456149Z hint: 	git branch -m <name>
database-full-load (0)	Run actions/checkout@3d3c42e5aac5ba805825da76410c181273ba90b1	2026-10-04T00:10:04.0457611Z hint:
database-full-load (0)	Run actions/checkout@3d3c42e5aac5ba805825da76410c181273ba90b1	2026-10-04T00:10:04.0459468Z hint: Disable this message with "git config set advice.defaultBranchName false"
database-full-load (0)	Run actions/checkout@3d3c42e5aac5ba805825da76410c181273ba90b1	2026-10-04T00:10:04.0462524Z Initialized empty Git repository in /home/runner/work/weir-tests/weir-tests/.git/
database-full-load (0)	Run actions/checkout@3d3c42e5aac5ba805825da76410c181273ba90b1	2026-10-04T00:10:04.0467788Z [command]/usr/bin/git remote add origin https://github.com/batchstream/weir-tests
database-full-load (0)	Run actions/checkout@3d3c42e5aac5ba805825da76410c181273ba90b1	2026-10-04T00:10:04.0506648Z ##[endgroup]
database-full-load (0)	Run actions/checkout@3d3c42e5aac5ba805825da76410c181273ba90b1	2026-10-04T00:10:04.0509167Z ##[group]Disabling automatic garbage collection
database-full-load (0)	Run actions/checkout@3d3c42e5aac5ba805825da76410c181273ba90b1	2026-10-04T00:10:04.0511348Z [command]/usr/bin/git config --local gc.auto 0
database-full-load (0)	Run actions/checkout@3d3c42e5aac5ba805825da76410c181273ba90b1	2026-10-04T00:10:04.0560573Z ##[endgroup]
database-full-load (0)	Run actions/checkout@3d3c42e5aac5ba805825da76410c181273ba90b1	2026-10-04T00:10:04.0563031Z ##[group]Setting up auth
database-full-load (0)	Run actions/checkout@3d3c42e5aac5ba805825da76410c181273ba90b1	2026-10-04T00:10:04.0564932Z Removing SSH command configuration
database-full-load (0)	Run actions/checkout@3d3c42e5aac5ba805825da76410c181273ba90b1	2026-10-04T00:10:04.0578001Z [command]/usr/bin/git config --local --name-only --get-regexp core\.sshCommand
database-full-load (0)	Run actions/checkout@3d3c42e5aac5ba805825da76410c181273ba90b1	2026-10-04T00:10:04.0591891Z [command]/usr/bin/git submodule foreach --recursive sh -c "git config --local --name-only --get-regexp 'core\.sshCommand' && git config --local --unset-all 'core.sshCommand' || :"
database-full-load (0)	Run actions/checkout@3d3c42e5aac5ba805825da76410c181273ba90b1	2026-10-04T00:10:04.0942620Z Removing HTTP extra header
database-full-load (0)	Run actions/checkout@3d3c42e5aac5ba805825da76410c181273ba90b1	2026-10-04T00:10:04.0946783Z [command]/usr/bin/git config --local --name-only --get-regexp http\.https\:\/\/github\.com\/\.extraheader
database-full-load (0)	Run actions/checkout@3d3c42e5aac5ba805825da76410c181273ba90b1	2026-10-04T00:10:04.0979870Z [command]/usr/bin/git submodule foreach --recursive sh -c "git config --local --name-only --get-regexp 'http\.https\:\/\/github\.com\/\.extraheader' && git config --local --unset-all 'http.https://github.com/.extraheader' || :"
database-full-load (0)	Run actions/checkout@3d3c42e5aac5ba805825da76410c181273ba90b1	2026-10-04T00:10:04.1173794Z Removing includeIf entries pointing to credentials config files
database-full-load (0)	Run actions/checkout@3d3c42e5aac5ba805825da76410c181273ba90b1	2026-10-04T00:10:04.1179195Z [command]/usr/bin/git config --local --name-only --get-regexp ^includeIf\.gitdir:
database-full-load (0)	Run actions/checkout@3d3c42e5aac5ba805825da76410c181273ba90b1	2026-10-04T00:10:04.1210718Z [command]/usr/bin/git submodule foreach --recursive git config --local --show-origin --name-only --get-regexp remote.origin.url
database-full-load (0)	Run actions/checkout@3d3c42e5aac5ba805825da76410c181273ba90b1	2026-10-04T00:10:04.1402940Z [command]/usr/bin/git config --file /home/runner/work/_temp/git-credentials-8dcd4e60-45b6-4779-a0f9-c49e21711e27.config http.https://github.com/.extraheader AUTHORIZATION: basic ***
database-full-load (0)	Run actions/checkout@3d3c42e5aac5ba805825da76410c181273ba90b1	2026-10-04T00:10:04.1437434Z [command]/usr/bin/git config --local includeIf.gitdir:/home/runner/work/weir-tests/weir-tests/.git.path /home/runner/work/_temp/git-credentials-8dcd4e60-45b6-4779-a0f9-c49e21711e27.config
database-full-load (0)	Run actions/checkout@3d3c42e5aac5ba805825da76410c181273ba90b1	2026-10-04T00:10:04.1468775Z [command]/usr/bin/git config --local includeIf.gitdir:/home/runner/work/weir-tests/weir-tests/.git/worktrees/*.path /home/runner/work/_temp/git-credentials-8dcd4e60-45b6-4779-a0f9-c49e21711e27.config
database-full-load (0)	Run actions/checkout@3d3c42e5aac5ba805825da76410c181273ba90b1	2026-10-04T00:10:04.1505263Z [command]/usr/bin/git config --local includeIf.gitdir:/github/workspace/.git.path /github/runner_temp/git-credentials-8dcd4e60-45b6-4779-a0f9-c49e21711e27.config
database-full-load (0)	Run actions/checkout@3d3c42e5aac5ba805825da76410c181273ba90b1	2026-10-04T00:10:04.1537891Z [command]/usr/bin/git config --local includeIf.gitdir:/github/workspace/.git/worktrees/*.path /github/runner_temp/git-credentials-8dcd4e60-45b6-4779-a0f9-c49e21711e27.config
database-full-load (0)	Run actions/checkout@3d3c42e5aac5ba805825da76410c181273ba90b1	2026-10-04T00:10:04.1565186Z ##[endgroup]
database-full-load (0)	Run actions/checkout@3d3c42e5aac5ba805825da76410c181273ba90b1	2026-10-04T00:10:04.1567828Z ##[group]Fetching the repository
database-full-load (0)	Run actions/checkout@3d3c42e5aac5ba805825da76410c181273ba90b1	2026-10-04T00:10:04.1572073Z [command]/usr/bin/git -c protocol.version=2 fetch --no-tags --prune --no-recurse-submodules --depth=1 origin e790aa77629f0e4862159cbe8e3f0497df888314
database-full-load (0)	Run actions/checkout@3d3c42e5aac5ba805825da76410c181273ba90b1	2026-10-04T00:10:05.0702520Z From https://github.com/batchstream/weir-tests
database-full-load (0)	Run actions/checkout@3d3c42e5aac5ba805825da76410c181273ba90b1	2026-10-04T00:10:05.0703728Z  * branch            e790aa77629f0e4862159cbe8e3f0497df888314 -> FETCH_HEAD
database-full-load (0)	Run actions/checkout@3d3c42e5aac5ba805825da76410c181273ba90b1	2026-10-04T00:10:05.0712240Z [command]/usr/bin/git rev-parse --verify --quiet e790aa77629f0e4862159cbe8e3f0497df888314^{object}
database-full-load (0)	Run actions/checkout@3d3c42e5aac5ba805825da76410c181273ba90b1	2026-10-04T00:10:05.0735621Z e790aa77629f0e4862159cbe8e3f0497df888314
database-full-load (0)	Run actions/checkout@3d3c42e5aac5ba805825da76410c181273ba90b1	2026-10-04T00:10:05.0738815Z ##[endgroup]
database-full-load (0)	Run actions/checkout@3d3c42e5aac5ba805825da76410c181273ba90b1	2026-10-04T00:10:05.0739867Z ##[group]Determining the checkout info
database-full-load (0)	Run actions/checkout@3d3c42e5aac5ba805825da76410c181273ba90b1	2026-10-04T00:10:05.0740998Z ##[endgroup]
database-full-load (0)	Run actions/checkout@3d3c42e5aac5ba805825da76410c181273ba90b1	2026-10-04T00:10:05.0744675Z [command]/usr/bin/git sparse-checkout disable
database-full-load (0)	Run actions/checkout@3d3c42e5aac5ba805825da76410c181273ba90b1	2026-10-04T00:10:05.0795641Z [command]/usr/bin/git config --local --unset-all extensions.worktreeConfig
database-full-load (0)	Run actions/checkout@3d3c42e5aac5ba805825da76410c181273ba90b1	2026-10-04T00:10:05.0825203Z ##[group]Checking out the ref
database-full-load (0)	Run actions/checkout@3d3c42e5aac5ba805825da76410c181273ba90b1	2026-10-04T00:10:05.0829483Z [command]/usr/bin/git checkout --progress --force e790aa77629f0e4862159cbe8e3f0497df888314
database-full-load (0)	Run actions/checkout@3d3c42e5aac5ba805825da76410c181273ba90b1	2026-10-04T00:10:05.1924507Z Note: switching to 'e790aa77629f0e4862159cbe8e3f0497df888314'.
database-full-load (0)	Run actions/checkout@3d3c42e5aac5ba805825da76410c181273ba90b1	2026-10-04T00:10:05.1925268Z 
database-full-load (0)	Run actions/checkout@3d3c42e5aac5ba805825da76410c181273ba90b1	2026-10-04T00:10:05.1926124Z You are in 'detached HEAD' state. You can look around, make experimental
database-full-load (0)	Run actions/checkout@3d3c42e5aac5ba805825da76410c181273ba90b1	2026-10-04T00:10:05.1927786Z changes and commit them, and you can discard any commits you make in this
database-full-load (0)	Run actions/checkout@3d3c42e5aac5ba805825da76410c181273ba90b1	2026-10-04T00:10:05.1929543Z state without impacting any branches by switching back to a branch.
database-full-load (0)	Run actions/checkout@3d3c42e5aac5ba805825da76410c181273ba90b1	2026-10-04T00:10:05.1930546Z 
database-full-load (0)	Run actions/checkout@3d3c42e5aac5ba805825da76410c181273ba90b1	2026-10-04T00:10:05.1931491Z If you want to create a new branch to retain commits you create, you may
database-full-load (0)	Run actions/checkout@3d3c42e5aac5ba805825da76410c181273ba90b1	2026-10-04T00:10:05.1932690Z do so (now or later) by using -c with the switch command. Example:
database-full-load (0)	Run actions/checkout@3d3c42e5aac5ba805825da76410c181273ba90b1	2026-10-04T00:10:05.1933350Z 
database-full-load (0)	Run actions/checkout@3d3c42e5aac5ba805825da76410c181273ba90b1	2026-10-04T00:10:05.1934051Z   git switch -c <new-branch-name>
database-full-load (0)	Run actions/checkout@3d3c42e5aac5ba805825da76410c181273ba90b1	2026-10-04T00:10:05.1934834Z 
database-full-load (0)	Run actions/checkout@3d3c42e5aac5ba805825da76410c181273ba90b1	2026-10-04T00:10:05.1935490Z Or undo this operation with:
database-full-load (0)	Run actions/checkout@3d3c42e5aac5ba805825da76410c181273ba90b1	2026-10-04T00:10:05.1936032Z 
database-full-load (0)	Run actions/checkout@3d3c42e5aac5ba805825da76410c181273ba90b1	2026-10-04T00:10:05.1936756Z   git switch -
database-full-load (0)	Run actions/checkout@3d3c42e5aac5ba805825da76410c181273ba90b1	2026-10-04T00:10:05.1937735Z 
database-full-load (0)	Run actions/checkout@3d3c42e5aac5ba805825da76410c181273ba90b1	2026-10-04T00:10:05.1938347Z Turn off this advice by setting config variable advice.detachedHead to false
database-full-load (0)	Run actions/checkout@3d3c42e5aac5ba805825da76410c181273ba90b1	2026-10-04T00:10:05.1939083Z 
database-full-load (0)	Run actions/checkout@3d3c42e5aac5ba805825da76410c181273ba90b1	2026-10-04T00:10:05.1939954Z HEAD is now at e790aa7 📌 chore: pin Weir with explicit backend request deadlines
database-full-load (0)	Run actions/checkout@3d3c42e5aac5ba805825da76410c181273ba90b1	2026-10-04T00:10:05.1947403Z ##[endgroup]
database-full-load (0)	Run actions/checkout@3d3c42e5aac5ba805825da76410c181273ba90b1	2026-10-04T00:10:05.1991578Z [command]/usr/bin/git log -1 --format=%H
database-full-load (0)	Run actions/checkout@3d3c42e5aac5ba805825da76410c181273ba90b1	2026-10-04T00:10:05.2015789Z e790aa77629f0e4862159cbe8e3f0497df888314
database-full-load (0)	Run actions/checkout@3d3c42e5aac5ba805825da76410c181273ba90b1	2026-10-04T00:10:05.2024537Z ##[group]Removing auth
database-full-load (0)	Run actions/checkout@3d3c42e5aac5ba805825da76410c181273ba90b1	2026-10-04T00:10:05.2025596Z Removing SSH command configuration
database-full-load (0)	Run actions/checkout@3d3c42e5aac5ba805825da76410c181273ba90b1	2026-10-04T00:10:05.2029070Z [command]/usr/bin/git config --local --name-only --get-regexp core\.sshCommand
database-full-load (0)	Run actions/checkout@3d3c42e5aac5ba805825da76410c181273ba90b1	2026-10-04T00:10:05.2057952Z [command]/usr/bin/git submodule foreach --recursive sh -c "git config --local --name-only --get-regexp 'core\.sshCommand' && git config --local --unset-all 'core.sshCommand' || :"
database-full-load (0)	Run actions/checkout@3d3c42e5aac5ba805825da76410c181273ba90b1	2026-10-04T00:10:05.2241267Z Removing HTTP extra header
database-full-load (0)	Run actions/checkout@3d3c42e5aac5ba805825da76410c181273ba90b1	2026-10-04T00:10:05.2243655Z [command]/usr/bin/git config --local --name-only --get-regexp http\.https\:\/\/github\.com\/\.extraheader
database-full-load (0)	Run actions/checkout@3d3c42e5aac5ba805825da76410c181273ba90b1	2026-10-04T00:10:05.2275036Z [command]/usr/bin/git submodule foreach --recursive sh -c "git config --local --name-only --get-regexp 'http\.https\:\/\/github\.com\/\.extraheader' && git config --local --unset-all 'http.https://github.com/.extraheader' || :"
database-full-load (0)	Run actions/checkout@3d3c42e5aac5ba805825da76410c181273ba90b1	2026-10-04T00:10:05.2454200Z Removing includeIf entries pointing to credentials config files
database-full-load (0)	Run actions/checkout@3d3c42e5aac5ba805825da76410c181273ba90b1	2026-10-04T00:10:05.2456409Z [command]/usr/bin/git config --local --name-only --get-regexp ^includeIf\.gitdir:
database-full-load (0)	Run actions/checkout@3d3c42e5aac5ba805825da76410c181273ba90b1	2026-10-04T00:10:05.2481490Z includeif.gitdir:/home/runner/work/weir-tests/weir-tests/.git.path
database-full-load (0)	Run actions/checkout@3d3c42e5aac5ba805825da76410c181273ba90b1	2026-10-04T00:10:05.2482817Z includeif.gitdir:/home/runner/work/weir-tests/weir-tests/.git/worktrees/*.path
database-full-load (0)	Run actions/checkout@3d3c42e5aac5ba805825da76410c181273ba90b1	2026-10-04T00:10:05.2483830Z includeif.gitdir:/github/workspace/.git.path
database-full-load (0)	Run actions/checkout@3d3c42e5aac5ba805825da76410c181273ba90b1	2026-10-04T00:10:05.2484540Z includeif.gitdir:/github/workspace/.git/worktrees/*.path
database-full-load (0)	Run actions/checkout@3d3c42e5aac5ba805825da76410c181273ba90b1	2026-10-04T00:10:05.2489283Z [command]/usr/bin/git config --local --get-all includeif.gitdir:/home/runner/work/weir-tests/weir-tests/.git.path
database-full-load (0)	Run actions/checkout@3d3c42e5aac5ba805825da76410c181273ba90b1	2026-10-04T00:10:05.2509799Z /home/runner/work/_temp/git-credentials-8dcd4e60-45b6-4779-a0f9-c49e21711e27.config
database-full-load (0)	Run actions/checkout@3d3c42e5aac5ba805825da76410c181273ba90b1	2026-10-04T00:10:05.2518355Z [command]/usr/bin/git config --local --unset includeif.gitdir:/home/runner/work/weir-tests/weir-tests/.git.path \/home\/runner\/work\/_temp\/git\-credentials\-8dcd4e60\-45b6\-4779\-a0f9\-c49e21711e27\.config
database-full-load (0)	Run actions/checkout@3d3c42e5aac5ba805825da76410c181273ba90b1	2026-10-04T00:10:05.2552443Z [command]/usr/bin/git config --local --get-all includeif.gitdir:/home/runner/work/weir-tests/weir-tests/.git/worktrees/*.path
database-full-load (0)	Run actions/checkout@3d3c42e5aac5ba805825da76410c181273ba90b1	2026-10-04T00:10:05.2573427Z /home/runner/work/_temp/git-credentials-8dcd4e60-45b6-4779-a0f9-c49e21711e27.config
database-full-load (0)	Run actions/checkout@3d3c42e5aac5ba805825da76410c181273ba90b1	2026-10-04T00:10:05.2580213Z [command]/usr/bin/git config --local --unset includeif.gitdir:/home/runner/work/weir-tests/weir-tests/.git/worktrees/*.path \/home\/runner\/work\/_temp\/git\-credentials\-8dcd4e60\-45b6\-4779\-a0f9\-c49e21711e27\.config
database-full-load (0)	Run actions/checkout@3d3c42e5aac5ba805825da76410c181273ba90b1	2026-10-04T00:10:05.2614235Z [command]/usr/bin/git config --local --get-all includeif.gitdir:/github/workspace/.git.path
database-full-load (0)	Run actions/checkout@3d3c42e5aac5ba805825da76410c181273ba90b1	2026-10-04T00:10:05.2633694Z /github/runner_temp/git-credentials-8dcd4e60-45b6-4779-a0f9-c49e21711e27.config
database-full-load (0)	Run actions/checkout@3d3c42e5aac5ba805825da76410c181273ba90b1	2026-10-04T00:10:05.2639790Z [command]/usr/bin/git config --local --unset includeif.gitdir:/github/workspace/.git.path \/github\/runner_temp\/git\-credentials\-8dcd4e60\-45b6\-4779\-a0f9\-c49e21711e27\.config
database-full-load (0)	Run actions/checkout@3d3c42e5aac5ba805825da76410c181273ba90b1	2026-10-04T00:10:05.2731749Z [command]/usr/bin/git config --local --get-all includeif.gitdir:/github/workspace/.git/worktrees/*.path
database-full-load (0)	Run actions/checkout@3d3c42e5aac5ba805825da76410c181273ba90b1	2026-10-04T00:10:05.2752584Z /github/runner_temp/git-credentials-8dcd4e60-45b6-4779-a0f9-c49e21711e27.config
database-full-load (0)	Run actions/checkout@3d3c42e5aac5ba805825da76410c181273ba90b1	2026-10-04T00:10:05.2759136Z [command]/usr/bin/git config --local --unset includeif.gitdir:/github/workspace/.git/worktrees/*.path \/github\/runner_temp\/git\-credentials\-8dcd4e60\-45b6\-4779\-a0f9\-c49e21711e27\.config
database-full-load (0)	Run actions/checkout@3d3c42e5aac5ba805825da76410c181273ba90b1	2026-10-04T00:10:05.2790462Z [command]/usr/bin/git submodule foreach --recursive git config --local --show-origin --name-only --get-regexp remote.origin.url
database-full-load (0)	Run actions/checkout@3d3c42e5aac5ba805825da76410c181273ba90b1	2026-10-04T00:10:05.2968370Z Removing credentials config '/home/runner/work/_temp/git-credentials-8dcd4e60-45b6-4779-a0f9-c49e21711e27.config'
database-full-load (0)	Run actions/checkout@3d3c42e5aac5ba805825da76410c181273ba90b1	2026-10-04T00:10:05.2979769Z ##[endgroup]
database-full-load (0)	Run actions/setup-go@924ae3a1cded613372ab5595356fb5720e22ba16	﻿2026-10-04T00:10:05.3203278Z ##[group]Run actions/setup-go@924ae3a1cded613372ab5595356fb5720e22ba16
database-full-load (0)	Run actions/setup-go@924ae3a1cded613372ab5595356fb5720e22ba16	2026-10-04T00:10:05.3203821Z with:
database-full-load (0)	Run actions/setup-go@924ae3a1cded613372ab5595356fb5720e22ba16	2026-10-04T00:10:05.3204201Z   go-version-file: go.mod
database-full-load (0)	Run actions/setup-go@924ae3a1cded613372ab5595356fb5720e22ba16	2026-10-04T00:10:05.3204582Z   check-latest: false
database-full-load (0)	Run actions/setup-go@924ae3a1cded613372ab5595356fb5720e22ba16	2026-10-04T00:10:05.3207010Z   token: ***
database-full-load (0)	Run actions/setup-go@924ae3a1cded613372ab5595356fb5720e22ba16	2026-10-04T00:10:05.3207659Z   cache: true
database-full-load (0)	Run actions/setup-go@924ae3a1cded613372ab5595356fb5720e22ba16	2026-10-04T00:10:05.3208024Z env:
database-full-load (0)	Run actions/setup-go@924ae3a1cded613372ab5595356fb5720e22ba16	2026-10-04T00:10:05.3208368Z   GOENV: off
database-full-load (0)	Run actions/setup-go@924ae3a1cded613372ab5595356fb5720e22ba16	2026-10-04T00:10:05.3208695Z   GOWORK: off
database-full-load (0)	Run actions/setup-go@924ae3a1cded613372ab5595356fb5720e22ba16	2026-10-04T00:10:05.3209023Z   GOTOOLCHAIN: local
database-full-load (0)	Run actions/setup-go@924ae3a1cded613372ab5595356fb5720e22ba16	2026-10-04T00:10:05.3209430Z   GOFLAGS: -mod=readonly
database-full-load (0)	Run actions/setup-go@924ae3a1cded613372ab5595356fb5720e22ba16	2026-10-04T00:10:05.3209878Z   PYTHONDONTWRITEBYTECODE: 1
database-full-load (0)	Run actions/setup-go@924ae3a1cded613372ab5595356fb5720e22ba16	2026-10-04T00:10:05.3210268Z ##[endgroup]
database-full-load (0)	Run actions/setup-go@924ae3a1cded613372ab5595356fb5720e22ba16	2026-10-04T00:10:05.4399634Z Setup go version spec 1.27.1
database-full-load (0)	Run actions/setup-go@924ae3a1cded613372ab5595356fb5720e22ba16	2026-10-04T00:10:05.4410520Z Attempting to download 1.27.1...
database-full-load (0)	Run actions/setup-go@924ae3a1cded613372ab5595356fb5720e22ba16	2026-10-04T00:10:06.0368470Z matching 1.27.1...
database-full-load (0)	Run actions/setup-go@924ae3a1cded613372ab5595356fb5720e22ba16	2026-10-04T00:10:06.0395507Z Acquiring 1.27.1 from https://github.com/actions/go-versions/releases/download/1.27.1-33583469715/go-1.27.1-linux-x64.tar.gz
database-full-load (0)	Run actions/setup-go@924ae3a1cded613372ab5595356fb5720e22ba16	2026-10-04T00:10:06.4308085Z Extracting Go...
database-full-load (0)	Run actions/setup-go@924ae3a1cded613372ab5595356fb5720e22ba16	2026-10-04T00:10:06.4401979Z [command]/usr/bin/tar xz --warning=no-unknown-keyword --overwrite -C /home/runner/work/_temp/bb235271-ba3a-4871-ae29-22293e3e8d33 -f /home/runner/work/_temp/57445a93-c3f5-4872-8c54-fa4a48e6cb65
database-full-load (0)	Run actions/setup-go@924ae3a1cded613372ab5595356fb5720e22ba16	2026-10-04T00:10:08.1189813Z Successfully extracted go to /home/runner/work/_temp/bb235271-ba3a-4871-ae29-22293e3e8d33
database-full-load (0)	Run actions/setup-go@924ae3a1cded613372ab5595356fb5720e22ba16	2026-10-04T00:10:08.1190427Z Adding to the cache ...
database-full-load (0)	Run actions/setup-go@924ae3a1cded613372ab5595356fb5720e22ba16	2026-10-04T00:10:12.5151046Z Successfully cached go to /opt/hostedtoolcache/go/1.27.1/x64
database-full-load (0)	Run actions/setup-go@924ae3a1cded613372ab5595356fb5720e22ba16	2026-10-04T00:10:12.5152949Z Added go to the path
database-full-load (0)	Run actions/setup-go@924ae3a1cded613372ab5595356fb5720e22ba16	2026-10-04T00:10:12.5154994Z Successfully set up Go version 1.27.1
database-full-load (0)	Run actions/setup-go@924ae3a1cded613372ab5595356fb5720e22ba16	2026-10-04T00:10:12.5354769Z [command]/opt/hostedtoolcache/go/1.27.1/x64/bin/go env GOMODCACHE
database-full-load (0)	Run actions/setup-go@924ae3a1cded613372ab5595356fb5720e22ba16	2026-10-04T00:10:12.5383527Z [command]/opt/hostedtoolcache/go/1.27.1/x64/bin/go env GOCACHE
database-full-load (0)	Run actions/setup-go@924ae3a1cded613372ab5595356fb5720e22ba16	2026-10-04T00:10:12.5411065Z /home/runner/go/pkg/mod
database-full-load (0)	Run actions/setup-go@924ae3a1cded613372ab5595356fb5720e22ba16	2026-10-04T00:10:12.5427925Z /home/runner/.cache/go-build
database-full-load (0)	Run actions/setup-go@924ae3a1cded613372ab5595356fb5720e22ba16	2026-10-04T00:10:12.6699800Z Cache hit for: setup-go-Linux-x64-ubuntu24-go-1.27.1-f3893fbf0ff2b6e2efba8903234513786674983d753d1815a9a1fcf84a06448a
database-full-load (0)	Run actions/setup-go@924ae3a1cded613372ab5595356fb5720e22ba16	2026-10-04T00:10:13.7924290Z Received 184549376 of 252007507 (73.2%), 175.8 MBs/sec
database-full-load (0)	Run actions/setup-go@924ae3a1cded613372ab5595356fb5720e22ba16	2026-10-04T00:10:13.9914169Z Received 252007507 of 252007507 (100.0%), 200.4 MBs/sec
database-full-load (0)	Run actions/setup-go@924ae3a1cded613372ab5595356fb5720e22ba16	2026-10-04T00:10:13.9915255Z Cache Size: ~240 MB (252007507 B)
database-full-load (0)	Run actions/setup-go@924ae3a1cded613372ab5595356fb5720e22ba16	2026-10-04T00:10:13.9944337Z [command]/usr/bin/tar -xf /home/runner/work/_temp/c0b1a66e-3295-4157-8cac-5cf53dc9ca0b/cache.tzst -P -C /home/runner/work/weir-tests/weir-tests --use-compress-program unzstd
database-full-load (0)	Run actions/setup-go@924ae3a1cded613372ab5595356fb5720e22ba16	2026-10-04T00:10:15.3988979Z Cache restored successfully
database-full-load (0)	Run actions/setup-go@924ae3a1cded613372ab5595356fb5720e22ba16	2026-10-04T00:10:15.4086984Z Cache restored from key: setup-go-Linux-x64-ubuntu24-go-1.27.1-f3893fbf0ff2b6e2efba8903234513786674983d753d1815a9a1fcf84a06448a
database-full-load (0)	Run actions/setup-go@924ae3a1cded613372ab5595356fb5720e22ba16	2026-10-04T00:10:15.4118360Z go version go1.27.1 linux/amd64
database-full-load (0)	Run actions/setup-go@924ae3a1cded613372ab5595356fb5720e22ba16	2026-10-04T00:10:15.4118682Z 
database-full-load (0)	Run actions/setup-go@924ae3a1cded613372ab5595356fb5720e22ba16	2026-10-04T00:10:15.4119170Z ##[group]go env
database-full-load (0)	Run actions/setup-go@924ae3a1cded613372ab5595356fb5720e22ba16	2026-10-04T00:10:15.5606058Z AR='ar'
database-full-load (0)	Run actions/setup-go@924ae3a1cded613372ab5595356fb5720e22ba16	2026-10-04T00:10:15.5606765Z CC='gcc'
database-full-load (0)	Run actions/setup-go@924ae3a1cded613372ab5595356fb5720e22ba16	2026-10-04T00:10:15.5607342Z CGO_CFLAGS='-O2 -g'
database-full-load (0)	Run actions/setup-go@924ae3a1cded613372ab5595356fb5720e22ba16	2026-10-04T00:10:15.5607700Z CGO_CPPFLAGS=''
database-full-load (0)	Run actions/setup-go@924ae3a1cded613372ab5595356fb5720e22ba16	2026-10-04T00:10:15.5608114Z CGO_CXXFLAGS='-O2 -g'
database-full-load (0)	Run actions/setup-go@924ae3a1cded613372ab5595356fb5720e22ba16	2026-10-04T00:10:15.5608452Z CGO_ENABLED='1'
database-full-load (0)	Run actions/setup-go@924ae3a1cded613372ab5595356fb5720e22ba16	2026-10-04T00:10:15.5608810Z CGO_FFLAGS='-O2 -g'
database-full-load (0)	Run actions/setup-go@924ae3a1cded613372ab5595356fb5720e22ba16	2026-10-04T00:10:15.5609141Z CGO_LDFLAGS='-O2 -g'
database-full-load (0)	Run actions/setup-go@924ae3a1cded613372ab5595356fb5720e22ba16	2026-10-04T00:10:15.5609479Z CXX='g++'
database-full-load (0)	Run actions/setup-go@924ae3a1cded613372ab5595356fb5720e22ba16	2026-10-04T00:10:15.5609800Z GCCGO='gccgo'
database-full-load (0)	Run actions/setup-go@924ae3a1cded613372ab5595356fb5720e22ba16	2026-10-04T00:10:15.5610109Z GO111MODULE=''
database-full-load (0)	Run actions/setup-go@924ae3a1cded613372ab5595356fb5720e22ba16	2026-10-04T00:10:15.5610406Z GOAMD64='v1'
database-full-load (0)	Run actions/setup-go@924ae3a1cded613372ab5595356fb5720e22ba16	2026-10-04T00:10:15.5611218Z GOARCH='amd64'
database-full-load (0)	Run actions/setup-go@924ae3a1cded613372ab5595356fb5720e22ba16	2026-10-04T00:10:15.5611562Z GOAUTH='netrc'
database-full-load (0)	Run actions/setup-go@924ae3a1cded613372ab5595356fb5720e22ba16	2026-10-04T00:10:15.5611905Z GOBIN='/home/runner/go/bin'
database-full-load (0)	Run actions/setup-go@924ae3a1cded613372ab5595356fb5720e22ba16	2026-10-04T00:10:15.5612286Z GOCACHE='/home/runner/.cache/go-build'
database-full-load (0)	Run actions/setup-go@924ae3a1cded613372ab5595356fb5720e22ba16	2026-10-04T00:10:15.5612652Z GOCACHEPROG=''
database-full-load (0)	Run actions/setup-go@924ae3a1cded613372ab5595356fb5720e22ba16	2026-10-04T00:10:15.5613006Z GODEBUG=''
database-full-load (0)	Run actions/setup-go@924ae3a1cded613372ab5595356fb5720e22ba16	2026-10-04T00:10:15.5613298Z GOENV=''
database-full-load (0)	Run actions/setup-go@924ae3a1cded613372ab5595356fb5720e22ba16	2026-10-04T00:10:15.5613617Z GOEXE=''
database-full-load (0)	Run actions/setup-go@924ae3a1cded613372ab5595356fb5720e22ba16	2026-10-04T00:10:15.5613911Z GOEXPERIMENT=''
database-full-load (0)	Run actions/setup-go@924ae3a1cded613372ab5595356fb5720e22ba16	2026-10-04T00:10:15.5614230Z GOFIPS140='off'
database-full-load (0)	Run actions/setup-go@924ae3a1cded613372ab5595356fb5720e22ba16	2026-10-04T00:10:15.5614580Z GOFLAGS='-mod=readonly'
database-full-load (0)	Run actions/setup-go@924ae3a1cded613372ab5595356fb5720e22ba16	2026-10-04T00:10:15.5615413Z GOGCCFLAGS='-fPIC -m64 -pthread -Wl,--no-gc-sections -fmessage-length=0 -ffile-prefix-map=/tmp/go-build3022915583=/tmp/go-build -gno-record-gcc-switches'
database-full-load (0)	Run actions/setup-go@924ae3a1cded613372ab5595356fb5720e22ba16	2026-10-04T00:10:15.5616173Z GOHOSTARCH='amd64'
database-full-load (0)	Run actions/setup-go@924ae3a1cded613372ab5595356fb5720e22ba16	2026-10-04T00:10:15.5616753Z GOHOSTOS='linux'
database-full-load (0)	Run actions/setup-go@924ae3a1cded613372ab5595356fb5720e22ba16	2026-10-04T00:10:15.5617042Z GOINSECURE=''
database-full-load (0)	Run actions/setup-go@924ae3a1cded613372ab5595356fb5720e22ba16	2026-10-04T00:10:15.5617746Z GOMOD='/home/runner/work/weir-tests/weir-tests/go.mod'
database-full-load (0)	Run actions/setup-go@924ae3a1cded613372ab5595356fb5720e22ba16	2026-10-04T00:10:15.5618205Z GOMODCACHE='/home/runner/go/pkg/mod'
database-full-load (0)	Run actions/setup-go@924ae3a1cded613372ab5595356fb5720e22ba16	2026-10-04T00:10:15.5618608Z GONOPROXY=''
database-full-load (0)	Run actions/setup-go@924ae3a1cded613372ab5595356fb5720e22ba16	2026-10-04T00:10:15.5618896Z GONOSUMDB=''
database-full-load (0)	Run actions/setup-go@924ae3a1cded613372ab5595356fb5720e22ba16	2026-10-04T00:10:15.5619159Z GOOS='linux'
database-full-load (0)	Run actions/setup-go@924ae3a1cded613372ab5595356fb5720e22ba16	2026-10-04T00:10:15.5619475Z GOPACKAGESDRIVER=''
database-full-load (0)	Run actions/setup-go@924ae3a1cded613372ab5595356fb5720e22ba16	2026-10-04T00:10:15.5619853Z GOPATH='/home/runner/go'
database-full-load (0)	Run actions/setup-go@924ae3a1cded613372ab5595356fb5720e22ba16	2026-10-04T00:10:15.5620208Z GOPRIVATE=''
database-full-load (0)	Run actions/setup-go@924ae3a1cded613372ab5595356fb5720e22ba16	2026-10-04T00:10:15.5620565Z GOPROXY='https://proxy.golang.org,direct'
database-full-load (0)	Run actions/setup-go@924ae3a1cded613372ab5595356fb5720e22ba16	2026-10-04T00:10:15.5620956Z GOROOT='/opt/hostedtoolcache/go/1.27.1/x64'
database-full-load (0)	Run actions/setup-go@924ae3a1cded613372ab5595356fb5720e22ba16	2026-10-04T00:10:15.5621489Z GOSUMDB='sum.golang.org'
database-full-load (0)	Run actions/setup-go@924ae3a1cded613372ab5595356fb5720e22ba16	2026-10-04T00:10:15.5621831Z GOTELEMETRY='local'
database-full-load (0)	Run actions/setup-go@924ae3a1cded613372ab5595356fb5720e22ba16	2026-10-04T00:10:15.5622214Z GOTELEMETRYDIR='/home/runner/.config/go/telemetry'
database-full-load (0)	Run actions/setup-go@924ae3a1cded613372ab5595356fb5720e22ba16	2026-10-04T00:10:15.5622594Z GOTMPDIR=''
database-full-load (0)	Run actions/setup-go@924ae3a1cded613372ab5595356fb5720e22ba16	2026-10-04T00:10:15.5622918Z GOTOOLCHAIN='local'
database-full-load (0)	Run actions/setup-go@924ae3a1cded613372ab5595356fb5720e22ba16	2026-10-04T00:10:15.5623415Z GOTOOLDIR='/opt/hostedtoolcache/go/1.27.1/x64/pkg/tool/linux_amd64'
database-full-load (0)	Run actions/setup-go@924ae3a1cded613372ab5595356fb5720e22ba16	2026-10-04T00:10:15.5623850Z GOVCS=''
database-full-load (0)	Run actions/setup-go@924ae3a1cded613372ab5595356fb5720e22ba16	2026-10-04T00:10:15.5624183Z GOVERSION='go1.27.1'
database-full-load (0)	Run actions/setup-go@924ae3a1cded613372ab5595356fb5720e22ba16	2026-10-04T00:10:15.5624550Z GOWORK='off'
database-full-load (0)	Run actions/setup-go@924ae3a1cded613372ab5595356fb5720e22ba16	2026-10-04T00:10:15.5624874Z PKG_CONFIG='pkg-config'
database-full-load (0)	Run actions/setup-go@924ae3a1cded613372ab5595356fb5720e22ba16	2026-10-04T00:10:15.5625121Z 
database-full-load (0)	Run actions/setup-go@924ae3a1cded613372ab5595356fb5720e22ba16	2026-10-04T00:10:15.5625573Z ##[endgroup]
database-full-load (0)	Prepare immutable tools and owned database images	﻿2026-10-04T00:10:15.5783781Z ##[group]Run python3 scripts/download_modules.py
database-full-load (0)	Prepare immutable tools and owned database images	2026-10-04T00:10:15.5784510Z [36;1mpython3 scripts/download_modules.py[0m
database-full-load (0)	Prepare immutable tools and owned database images	2026-10-04T00:10:15.5784997Z [36;1mpython3 scripts/prepare_weir.py[0m
database-full-load (0)	Prepare immutable tools and owned database images	2026-10-04T00:10:15.5785366Z [36;1mpython3 scripts/prepare_images.py[0m
database-full-load (0)	Prepare immutable tools and owned database images	2026-10-04T00:10:15.5996350Z shell: /usr/bin/bash --noprofile --norc -e -o pipefail {0}
database-full-load (0)	Prepare immutable tools and owned database images	2026-10-04T00:10:15.5996985Z env:
database-full-load (0)	Prepare immutable tools and owned database images	2026-10-04T00:10:15.5997531Z   GOENV: off
database-full-load (0)	Prepare immutable tools and owned database images	2026-10-04T00:10:15.5998088Z   GOWORK: off
database-full-load (0)	Prepare immutable tools and owned database images	2026-10-04T00:10:15.5998395Z   GOTOOLCHAIN: local
database-full-load (0)	Prepare immutable tools and owned database images	2026-10-04T00:10:15.5998715Z   GOFLAGS: -mod=readonly
database-full-load (0)	Prepare immutable tools and owned database images	2026-10-04T00:10:15.5999106Z   PYTHONDONTWRITEBYTECODE: 1
database-full-load (0)	Prepare immutable tools and owned database images	2026-10-04T00:10:15.5999470Z ##[endgroup]
database-full-load (0)	Prepare immutable tools and owned database images	2026-10-04T00:10:18.6766141Z all modules verified
database-full-load (0)	Prepare immutable tools and owned database images	2026-10-04T00:10:41.4170857Z /home/runner/work/weir-tests/weir-tests/.tools/weir
database-full-load (0)	Prepare immutable tools and owned database images	2026-10-04T00:10:41.8641296Z docker.io/library/mongo@sha256:d0d926f94df099bff534b7ee5b5986458131a22489dfff8664509af0c1e2ca9c: Pulling from library/mongo
database-full-load (0)	Prepare immutable tools and owned database images	2026-10-04T00:10:42.0020614Z a60ef8ec184e: Pulling fs layer
database-full-load (0)	Prepare immutable tools and owned database images	2026-10-04T00:10:42.0022027Z c4a88db82a6d: Pulling fs layer
database-full-load (0)	Prepare immutable tools and owned database images	2026-10-04T00:10:42.0022639Z f97373a3dd33: Pulling fs layer
database-full-load (0)	Prepare immutable tools and owned database images	2026-10-04T00:10:42.0023218Z 59898ec81c6b: Pulling fs layer
database-full-load (0)	Prepare immutable tools and owned database images	2026-10-04T00:10:42.0023754Z 2252b895f5de: Pulling fs layer
database-full-load (0)	Prepare immutable tools and owned database images	2026-10-04T00:10:42.0024348Z 08f85ec03d22: Pulling fs layer
database-full-load (0)	Prepare immutable tools and owned database images	2026-10-04T00:10:42.0025066Z cfbbec1d5328: Pulling fs layer
database-full-load (0)	Prepare immutable tools and owned database images	2026-10-04T00:10:42.0025699Z eedb5e3e5b38: Pulling fs layer
database-full-load (0)	Prepare immutable tools and owned database images	2026-10-04T00:10:42.0026227Z 59898ec81c6b: Waiting
database-full-load (0)	Prepare immutable tools and owned database images	2026-10-04T00:10:42.0026804Z 08f85ec03d22: Waiting
database-full-load (0)	Prepare immutable tools and owned database images	2026-10-04T00:10:42.0027493Z 2252b895f5de: Waiting
database-full-load (0)	Prepare immutable tools and owned database images	2026-10-04T00:10:42.0027816Z cfbbec1d5328: Waiting
database-full-load (0)	Prepare immutable tools and owned database images	2026-10-04T00:10:42.0028183Z eedb5e3e5b38: Waiting
database-full-load (0)	Prepare immutable tools and owned database images	2026-10-04T00:10:42.0892049Z c4a88db82a6d: Download complete
database-full-load (0)	Prepare immutable tools and owned database images	2026-10-04T00:10:42.1125093Z f97373a3dd33: Verifying Checksum
database-full-load (0)	Prepare immutable tools and owned database images	2026-10-04T00:10:42.1126077Z f97373a3dd33: Download complete
database-full-load (0)	Prepare immutable tools and owned database images	2026-10-04T00:10:42.1728832Z 59898ec81c6b: Verifying Checksum
database-full-load (0)	Prepare immutable tools and owned database images	2026-10-04T00:10:42.1730190Z 59898ec81c6b: Download complete
database-full-load (0)	Prepare immutable tools and owned database images	2026-10-04T00:10:42.1795596Z a60ef8ec184e: Verifying Checksum
database-full-load (0)	Prepare immutable tools and owned database images	2026-10-04T00:10:42.1797142Z a60ef8ec184e: Download complete
database-full-load (0)	Prepare immutable tools and owned database images	2026-10-04T00:10:42.1965434Z 2252b895f5de: Verifying Checksum
database-full-load (0)	Prepare immutable tools and owned database images	2026-10-04T00:10:42.1966296Z 2252b895f5de: Download complete
database-full-load (0)	Prepare immutable tools and owned database images	2026-10-04T00:10:42.2669154Z 08f85ec03d22: Verifying Checksum
database-full-load (0)	Prepare immutable tools and owned database images	2026-10-04T00:10:42.2669949Z 08f85ec03d22: Download complete
database-full-load (0)	Prepare immutable tools and owned database images	2026-10-04T00:10:42.2799477Z eedb5e3e5b38: Verifying Checksum
database-full-load (0)	Prepare immutable tools and owned database images	2026-10-04T00:10:42.2800516Z eedb5e3e5b38: Download complete
database-full-load (0)	Prepare immutable tools and owned database images	2026-10-04T00:10:43.0330940Z cfbbec1d5328: Verifying Checksum
database-full-load (0)	Prepare immutable tools and owned database images	2026-10-04T00:10:43.0331446Z cfbbec1d5328: Download complete
database-full-load (0)	Prepare immutable tools and owned database images	2026-10-04T00:10:43.1261899Z a60ef8ec184e: Pull complete
database-full-load (0)	Prepare immutable tools and owned database images	2026-10-04T00:10:48.2879949Z c4a88db82a6d: Pull complete
database-full-load (0)	Prepare immutable tools and owned database images	2026-10-04T00:10:48.4872687Z f97373a3dd33: Pull complete
database-full-load (0)	Prepare immutable tools and owned database images	2026-10-04T00:10:48.5374249Z 59898ec81c6b: Pull complete
database-full-load (0)	Prepare immutable tools and owned database images	2026-10-04T00:10:48.5460398Z 2252b895f5de: Pull complete
database-full-load (0)	Prepare immutable tools and owned database images	2026-10-04T00:10:48.5548037Z 08f85ec03d22: Pull complete
database-full-load (0)	Prepare immutable tools and owned database images	2026-10-04T00:10:56.9235703Z cfbbec1d5328: Pull complete
database-full-load (0)	Prepare immutable tools and owned database images	2026-10-04T00:10:56.9350257Z eedb5e3e5b38: Pull complete
database-full-load (0)	Prepare immutable tools and owned database images	2026-10-04T00:10:56.9397703Z Digest: sha256:d0d926f94df099bff534b7ee5b5986458131a22489dfff8664509af0c1e2ca9c
database-full-load (0)	Prepare immutable tools and owned database images	2026-10-04T00:10:56.9405542Z Status: Downloaded newer image for mongo@sha256:d0d926f94df099bff534b7ee5b5986458131a22489dfff8664509af0c1e2ca9c
database-full-load (0)	Prepare immutable tools and owned database images	2026-10-04T00:10:56.9418105Z docker.io/library/mongo@sha256:d0d926f94df099bff534b7ee5b5986458131a22489dfff8664509af0c1e2ca9c
database-full-load (0)	Prepare immutable tools and owned database images	2026-10-04T00:10:57.5917949Z docker.elastic.co/elasticsearch/elasticsearch@sha256:e98f9c3b09beb2fbb9eaf667d602df3f0e00bd3644138b8458dc17ba1a675595: Pulling from elasticsearch/elasticsearch
database-full-load (0)	Prepare immutable tools and owned database images	2026-10-04T00:10:57.7561806Z 2c22c1bb1ce1: Pulling fs layer
database-full-load (0)	Prepare immutable tools and owned database images	2026-10-04T00:10:57.7562669Z 2796a25b8094: Pulling fs layer
database-full-load (0)	Prepare immutable tools and owned database images	2026-10-04T00:10:57.7563079Z 714e5b673049: Pulling fs layer
database-full-load (0)	Prepare immutable tools and owned database images	2026-10-04T00:10:57.7565039Z bd9ddc54bea9: Pulling fs layer
database-full-load (0)	Prepare immutable tools and owned database images	2026-10-04T00:10:57.7565610Z 2d68f716f01a: Pulling fs layer
database-full-load (0)	Prepare immutable tools and owned database images	2026-10-04T00:10:57.7566076Z c52e3a203c20: Pulling fs layer
database-full-load (0)	Prepare immutable tools and owned database images	2026-10-04T00:10:57.7566593Z 9b415d76a9c6: Pulling fs layer
database-full-load (0)	Prepare immutable tools and owned database images	2026-10-04T00:10:57.7567002Z d527cffe3ef6: Pulling fs layer
database-full-load (0)	Prepare immutable tools and owned database images	2026-10-04T00:10:57.7568067Z b8cda4b5aaf3: Pulling fs layer
database-full-load (0)	Prepare immutable tools and owned database images	2026-10-04T00:10:57.7568643Z 32c1c18d2ea5: Pulling fs layer
database-full-load (0)	Prepare immutable tools and owned database images	2026-10-04T00:10:57.7569100Z bd9ddc54bea9: Waiting
database-full-load (0)	Prepare immutable tools and owned database images	2026-10-04T00:10:57.7569536Z 2d68f716f01a: Waiting
database-full-load (0)	Prepare immutable tools and owned database images	2026-10-04T00:10:57.7569930Z c52e3a203c20: Waiting
database-full-load (0)	Prepare immutable tools and owned database images	2026-10-04T00:10:57.7570437Z 9b415d76a9c6: Waiting
database-full-load (0)	Prepare immutable tools and owned database images	2026-10-04T00:10:57.7570845Z d527cffe3ef6: Waiting
database-full-load (0)	Prepare immutable tools and owned database images	2026-10-04T00:10:57.7571311Z b8cda4b5aaf3: Waiting
database-full-load (0)	Prepare immutable tools and owned database images	2026-10-04T00:10:57.7571799Z 32c1c18d2ea5: Waiting
database-full-load (0)	Prepare immutable tools and owned database images	2026-10-04T00:10:58.1048158Z 2796a25b8094: Verifying Checksum
database-full-load (0)	Prepare immutable tools and owned database images	2026-10-04T00:10:58.1048950Z 2796a25b8094: Download complete
database-full-load (0)	Prepare immutable tools and owned database images	2026-10-04T00:10:58.1167613Z 714e5b673049: Verifying Checksum
database-full-load (0)	Prepare immutable tools and owned database images	2026-10-04T00:10:58.1168537Z 714e5b673049: Download complete
database-full-load (0)	Prepare immutable tools and owned database images	2026-10-04T00:10:58.3001937Z bd9ddc54bea9: Verifying Checksum
database-full-load (0)	Prepare immutable tools and owned database images	2026-10-04T00:10:58.3002997Z bd9ddc54bea9: Download complete
database-full-load (0)	Prepare immutable tools and owned database images	2026-10-04T00:10:58.4394462Z c52e3a203c20: Download complete
database-full-load (0)	Prepare immutable tools and owned database images	2026-10-04T00:10:58.5784432Z 9b415d76a9c6: Verifying Checksum
database-full-load (0)	Prepare immutable tools and owned database images	2026-10-04T00:10:58.5788021Z 9b415d76a9c6: Download complete
database-full-load (0)	Prepare immutable tools and owned database images	2026-10-04T00:10:58.9834741Z d527cffe3ef6: Verifying Checksum
database-full-load (0)	Prepare immutable tools and owned database images	2026-10-04T00:10:58.9835492Z d527cffe3ef6: Download complete
database-full-load (0)	Prepare immutable tools and owned database images	2026-10-04T00:10:59.3301913Z b8cda4b5aaf3: Verifying Checksum
database-full-load (0)	Prepare immutable tools and owned database images	2026-10-04T00:10:59.3302899Z b8cda4b5aaf3: Download complete
database-full-load (0)	Prepare immutable tools and owned database images	2026-10-04T00:10:59.4679921Z 2c22c1bb1ce1: Verifying Checksum
database-full-load (0)	Prepare immutable tools and owned database images	2026-10-04T00:10:59.4680847Z 2c22c1bb1ce1: Download complete
database-full-load (0)	Prepare immutable tools and owned database images	2026-10-04T00:10:59.4919318Z 32c1c18d2ea5: Verifying Checksum
database-full-load (0)	Prepare immutable tools and owned database images	2026-10-04T00:10:59.4920002Z 32c1c18d2ea5: Download complete
database-full-load (0)	Prepare immutable tools and owned database images	2026-10-04T00:11:00.3520169Z 2c22c1bb1ce1: Pull complete
database-full-load (0)	Prepare immutable tools and owned database images	2026-10-04T00:11:02.3008474Z 2796a25b8094: Pull complete
database-full-load (0)	Prepare immutable tools and owned database images	2026-10-04T00:11:02.5447589Z 714e5b673049: Pull complete
database-full-load (0)	Prepare immutable tools and owned database images	2026-10-04T00:11:02.5854383Z bd9ddc54bea9: Pull complete
database-full-load (0)	Prepare immutable tools and owned database images	2026-10-04T00:11:08.7235194Z 2d68f716f01a: Verifying Checksum
database-full-load (0)	Prepare immutable tools and owned database images	2026-10-04T00:11:08.7236381Z 2d68f716f01a: Download complete
database-full-load (0)	Prepare immutable tools and owned database images	2026-10-04T00:11:20.7266700Z 2d68f716f01a: Pull complete
database-full-load (0)	Prepare immutable tools and owned database images	2026-10-04T00:11:20.7396015Z c52e3a203c20: Pull complete
database-full-load (0)	Prepare immutable tools and owned database images	2026-10-04T00:11:20.7492259Z 9b415d76a9c6: Pull complete
database-full-load (0)	Prepare immutable tools and owned database images	2026-10-04T00:11:20.7663060Z d527cffe3ef6: Pull complete
database-full-load (0)	Prepare immutable tools and owned database images	2026-10-04T00:11:20.7769715Z b8cda4b5aaf3: Pull complete
database-full-load (0)	Prepare immutable tools and owned database images	2026-10-04T00:11:20.7875155Z 32c1c18d2ea5: Pull complete
database-full-load (0)	Prepare immutable tools and owned database images	2026-10-04T00:11:20.7919131Z Digest: sha256:e98f9c3b09beb2fbb9eaf667d602df3f0e00bd3644138b8458dc17ba1a675595
database-full-load (0)	Prepare immutable tools and owned database images	2026-10-04T00:11:20.7927785Z Status: Downloaded newer image for docker.elastic.co/elasticsearch/elasticsearch@sha256:e98f9c3b09beb2fbb9eaf667d602df3f0e00bd3644138b8458dc17ba1a675595
database-full-load (0)	Prepare immutable tools and owned database images	2026-10-04T00:11:20.7939323Z docker.elastic.co/elasticsearch/elasticsearch@sha256:e98f9c3b09beb2fbb9eaf667d602df3f0e00bd3644138b8458dc17ba1a675595
database-full-load (0)	Independent single-request native and SDK clients	﻿2026-10-04T00:11:20.8193369Z ##[group]Run mkdir -p results/local
database-full-load (0)	Independent single-request native and SDK clients	2026-10-04T00:11:20.8193892Z [36;1mmkdir -p results/local[0m
database-full-load (0)	Independent single-request native and SDK clients	2026-10-04T00:11:20.8194398Z [36;1mgo build -o .tools/weir-lab ./cmd/weir-lab[0m
database-full-load (0)	Independent single-request native and SDK clients	2026-10-04T00:11:20.8194888Z [36;1mIFS=',' read -r -a batch_limits <<< "$BACKEND_BATCH_LIMITS"[0m
database-full-load (0)	Independent single-request native and SDK clients	2026-10-04T00:11:20.8195382Z [36;1mfor backend_limit in "${batch_limits[@]}"; do[0m
database-full-load (0)	Independent single-request native and SDK clients	2026-10-04T00:11:20.8195785Z [36;1m  export BACKEND_BATCH_LIMIT="$backend_limit"[0m
database-full-load (0)	Independent single-request native and SDK clients	2026-10-04T00:11:20.8196304Z [36;1m  export MEASUREMENT_OUTPUT="results/local/saturation-batch-$backend_limit"[0m
database-full-load (0)	Independent single-request native and SDK clients	2026-10-04T00:11:20.8196999Z [36;1m  export MEASUREMENT_RECEIPT="results/local/measurement-batch-$backend_limit.receipt.json"[0m
database-full-load (0)	Independent single-request native and SDK clients	2026-10-04T00:11:20.8197704Z [36;1m  python3 - <<'PY'[0m
database-full-load (0)	Independent single-request native and SDK clients	2026-10-04T00:11:20.8198081Z [36;1mimport hashlib, json, os, pathlib, subprocess[0m
database-full-load (0)	Independent single-request native and SDK clients	2026-10-04T00:11:20.8198497Z [36;1mbinary = pathlib.Path('.tools/weir-lab')[0m
database-full-load (0)	Independent single-request native and SDK clients	2026-10-04T00:11:20.8200132Z [36;1mcommand = [str(binary), '-mode', 'saturation', '-weir', '.tools/weir', '-backend', 'all', '-database-cpus', os.environ['DATABASE_CPUS'], '-store-concurrency', '32', '-backend-batch-limit', os.environ['BACKEND_BATCH_LIMIT'], '-client-processes', '4', '-concurrency-levels', os.environ['CLIENT_LEVELS'], '-batch-sizes', '1', '-records', '2048', '-payload-bytes', '1024', '-write-percent', os.environ['WRITE_PERCENT'], '-rounds', '3', '-warmup-duration', '10s', '-duration', '20s', '-output', os.environ['MEASUREMENT_OUTPUT']][0m
database-full-load (0)	Independent single-request native and SDK clients	2026-10-04T00:11:20.8203432Z [36;1mreceipt = {'client_operation_timeout': '10s', 'weir_backend_timeout': '10s', 'host_memory_bytes': int(next(line for line in pathlib.Path('/proc/meminfo').read_text().splitlines() if line.startswith('MemTotal:')).split()[1]) * 1024, 'source': subprocess.check_output(['git', 'rev-parse', 'HEAD'], text=True).strip(), 'source_dirty': bool(subprocess.check_output(['git', 'status', '--porcelain'])), 'client_binary_sha256': hashlib.sha256(binary.read_bytes()).hexdigest(), 'client_build': subprocess.check_output(['go', 'version', '-m', str(binary)], text=True), 'versions': json.loads(pathlib.Path('versions.json').read_text()), 'command': command}[0m
database-full-load (0)	Independent single-request native and SDK clients	2026-10-04T00:11:20.8205483Z [36;1mif receipt['source_dirty']:[0m
database-full-load (0)	Independent single-request native and SDK clients	2026-10-04T00:11:20.8205956Z [36;1m    raise SystemExit('measurement requires a clean source checkout')[0m
database-full-load (0)	Independent single-request native and SDK clients	2026-10-04T00:11:20.8206578Z [36;1mpathlib.Path(os.environ['MEASUREMENT_RECEIPT']).write_text(json.dumps(receipt, indent=2) + '\n')[0m
database-full-load (0)	Independent single-request native and SDK clients	2026-10-04T00:11:20.8207121Z [36;1mPY[0m
database-full-load (0)	Independent single-request native and SDK clients	2026-10-04T00:11:20.8208827Z [36;1m  .tools/weir-lab -mode saturation -weir .tools/weir -backend all -database-cpus "$DATABASE_CPUS" -store-concurrency 32 -backend-batch-limit "$BACKEND_BATCH_LIMIT" -client-processes 4 -concurrency-levels "$CLIENT_LEVELS" -batch-sizes 1 -records 2048 -payload-bytes 1024 -write-percent "$WRITE_PERCENT" -rounds 3 -warmup-duration 10s -duration 20s -output "$MEASUREMENT_OUTPUT" 2>&1 | tee "results/local/saturation-batch-$backend_limit.log"[0m
database-full-load (0)	Independent single-request native and SDK clients	2026-10-04T00:11:20.8210332Z [36;1mdone[0m
database-full-load (0)	Independent single-request native and SDK clients	2026-10-04T00:11:20.8210642Z [36;1mgit diff --exit-code[0m
database-full-load (0)	Independent single-request native and SDK clients	2026-10-04T00:11:20.8251086Z shell: /usr/bin/bash --noprofile --norc -e -o pipefail {0}
database-full-load (0)	Independent single-request native and SDK clients	2026-10-04T00:11:20.8251519Z env:
database-full-load (0)	Independent single-request native and SDK clients	2026-10-04T00:11:20.8252240Z   GOENV: off
database-full-load (0)	Independent single-request native and SDK clients	2026-10-04T00:11:20.8252587Z   GOWORK: off
database-full-load (0)	Independent single-request native and SDK clients	2026-10-04T00:11:20.8252897Z   GOTOOLCHAIN: local
database-full-load (0)	Independent single-request native and SDK clients	2026-10-04T00:11:20.8253252Z   GOFLAGS: -mod=readonly
database-full-load (0)	Independent single-request native and SDK clients	2026-10-04T00:11:20.8253585Z   PYTHONDONTWRITEBYTECODE: 1
database-full-load (0)	Independent single-request native and SDK clients	2026-10-04T00:11:20.8253977Z   GOPROXY: off
database-full-load (0)	Independent single-request native and SDK clients	2026-10-04T00:11:20.8254286Z   GOSUMDB: off
database-full-load (0)	Independent single-request native and SDK clients	2026-10-04T00:11:20.8254561Z   WRITE_PERCENT: 0
database-full-load (0)	Independent single-request native and SDK clients	2026-10-04T00:11:20.8254886Z   DATABASE_CPUS: 1
database-full-load (0)	Independent single-request native and SDK clients	2026-10-04T00:11:20.8255188Z   CLIENT_LEVELS: 8,32,128,512
database-full-load (0)	Independent single-request native and SDK clients	2026-10-04T00:11:20.8255563Z   BACKEND_BATCH_LIMITS: 32
database-full-load (0)	Independent single-request native and SDK clients	2026-10-04T00:11:20.8255900Z ##[endgroup]
database-full-load (0)	Independent single-request native and SDK clients	2026-10-04T00:11:58.4531143Z Owned fixture logs: /tmp/weir-tests-3219868020
database-full-load (0)	Independent single-request native and SDK clients	2026-10-04T00:12:59.6852941Z single-request backend=mongo processes=4 workers=8 round=1 direct=9190.8 weir=4446.5 DB-CPU direct=99.9% weir=69.2%
database-full-load (0)	Independent single-request native and SDK clients	2026-10-04T00:14:00.7748171Z single-request backend=mongo processes=4 workers=8 round=2 direct=9234.9 weir=4845.3 DB-CPU direct=99.8% weir=76.5%
database-full-load (0)	Independent single-request native and SDK clients	2026-10-04T00:15:01.8876860Z single-request backend=mongo processes=4 workers=8 round=3 direct=9249.2 weir=4841.2 DB-CPU direct=99.9% weir=76.7%
database-full-load (0)	Independent single-request native and SDK clients	2026-10-04T00:16:03.0329163Z single-request backend=mongo processes=4 workers=32 round=1 direct=11576.0 weir=7706.4 DB-CPU direct=100.1% weir=80.0%
database-full-load (0)	Independent single-request native and SDK clients	2026-10-04T00:17:04.1776101Z single-request backend=mongo processes=4 workers=32 round=2 direct=11383.5 weir=7666.9 DB-CPU direct=100.1% weir=79.8%
database-full-load (0)	Independent single-request native and SDK clients	2026-10-04T00:18:05.2768035Z single-request backend=mongo processes=4 workers=32 round=3 direct=11634.4 weir=7722.9 DB-CPU direct=100.2% weir=79.8%
database-full-load (0)	Independent single-request native and SDK clients	2026-10-04T00:19:06.4093692Z single-request backend=mongo processes=4 workers=128 round=1 direct=11248.1 weir=12575.5 DB-CPU direct=100.1% weir=63.2%
database-full-load (0)	Independent single-request native and SDK clients	2026-10-04T00:20:07.5539903Z single-request backend=mongo processes=4 workers=128 round=2 direct=11927.5 weir=12898.8 DB-CPU direct=100.1% weir=62.7%
database-full-load (0)	Independent single-request native and SDK clients	2026-10-04T00:21:08.7091227Z single-request backend=mongo processes=4 workers=128 round=3 direct=11496.4 weir=12475.9 DB-CPU direct=100.2% weir=62.4%
database-full-load (0)	Independent single-request native and SDK clients	2026-10-04T00:22:09.9578396Z single-request backend=mongo processes=4 workers=512 round=1 direct=10311.8 weir=18094.2 DB-CPU direct=100.2% weir=41.4%
database-full-load (0)	Independent single-request native and SDK clients	2026-10-04T00:23:11.2653973Z single-request backend=mongo processes=4 workers=512 round=2 direct=10391.7 weir=18214.6 DB-CPU direct=100.3% weir=41.7%
database-full-load (0)	Independent single-request native and SDK clients	2026-10-04T00:24:12.5594270Z single-request backend=mongo processes=4 workers=512 round=3 direct=10704.4 weir=18042.4 DB-CPU direct=100.2% weir=41.1%
database-full-load (0)	Independent single-request native and SDK clients	2026-10-04T00:24:12.5974013Z # Database saturation comparison
database-full-load (0)	Independent single-request native and SDK clients	2026-10-04T00:24:12.5974458Z 
database-full-load (0)	Independent single-request native and SDK clients	2026-10-04T00:24:12.5974761Z Backend **mongo**. Started 2026-10-04T00:11:58.479640123Z.
database-full-load (0)	Independent single-request native and SDK clients	2026-10-04T00:24:12.5975353Z 
database-full-load (0)	Independent single-request native and SDK clients	2026-10-04T00:24:12.5977867Z independent OS client processes send one record per native call or unary SDK RPC; native FindOne/ReplaceOne or single-ID mget/PUT; no client aggregation; worker-owned disjoint IDs; common phase barriers and unchanged pools across warmup and measurement; alternating AB/BA; latency is each business request including validation, queueing and any server aggregation; independent persisted postflight; sustained database CPU requires >=5 intervals, >=80% measurement coverage, mean CPU>=threshold and CPU>=threshold during >=80% measurement duration in every round, plus <=10% next-level throughput gain.
database-full-load (0)	Independent single-request native and SDK clients	2026-10-04T00:24:12.5980908Z 
database-full-load (0)	Independent single-request native and SDK clients	2026-10-04T00:24:12.5981555Z Warmup 10s and measurement 20s per path/stage, 3 paired rounds, requested writes 0%.
database-full-load (0)	Independent single-request native and SDK clients	2026-10-04T00:24:12.5982202Z 
database-full-load (0)	Independent single-request native and SDK clients	2026-10-04T00:24:12.5983090Z Complete business-request budget for both paths: 10s.
database-full-load (0)	Independent single-request native and SDK clients	2026-10-04T00:24:12.5983477Z 
database-full-load (0)	Independent single-request native and SDK clients	2026-10-04T00:24:12.5983882Z Configured Weir Store backend budget: 10s; the active caller deadline also applies.
database-full-load (0)	Independent single-request native and SDK clients	2026-10-04T00:24:12.5984534Z 
database-full-load (0)	Independent single-request native and SDK clients	2026-10-04T00:24:12.5985767Z 4 independent OS client processes. Each worker sends one business request containing one record, waits for its acknowledged result, and validates it. p50/p95/p99 describe individual requests; histograms are pooled rather than averaging process quantiles.
database-full-load (0)	Independent single-request native and SDK clients	2026-10-04T00:24:12.5986735Z 
database-full-load (0)	Independent single-request native and SDK clients	2026-10-04T00:24:12.5987451Z | Batch | Workers | Round | Path | Read | Write | Success | Errors/unknown | Ops/s | p95 call ms | DB CPU budget % | Full CPU time % | Sampling coverage % | Verified |
database-full-load (0)	Independent single-request native and SDK clients	2026-10-04T00:24:12.5988272Z | ---: | ---: | ---: | --- | ---: | ---: | ---: | ---: | ---: | ---: | ---: | ---: | ---: | --- |
database-full-load (0)	Independent single-request native and SDK clients	2026-10-04T00:24:12.5988878Z | 1 | 8 | 1 | direct | 183822 | 0 | 183822 | 0 | 9190.8 | 1.151 | 99.9 | 95.2 | 95.2 | true |
database-full-load (0)	Independent single-request native and SDK clients	2026-10-04T00:24:12.5989421Z | 1 | 8 | 1 | weir | 88939 | 0 | 88939 | 0 | 4446.5 | 3.583 | 69.2 | 0.0 | 95.3 | true |
database-full-load (0)	Independent single-request native and SDK clients	2026-10-04T00:24:12.5989973Z | 1 | 8 | 2 | direct | 184707 | 0 | 184707 | 0 | 9234.9 | 1.279 | 99.8 | 94.8 | 94.8 | true |
database-full-load (0)	Independent single-request native and SDK clients	2026-10-04T00:24:12.5990615Z | 1 | 8 | 2 | weir | 96912 | 0 | 96912 | 0 | 4845.3 | 3.071 | 76.5 | 0.0 | 95.4 | true |
database-full-load (0)	Independent single-request native and SDK clients	2026-10-04T00:24:12.5991206Z | 1 | 8 | 3 | direct | 184991 | 0 | 184991 | 0 | 9249.2 | 1.279 | 99.9 | 95.3 | 95.3 | true |
database-full-load (0)	Independent single-request native and SDK clients	2026-10-04T00:24:12.5992110Z | 1 | 8 | 3 | weir | 96831 | 0 | 96831 | 0 | 4841.2 | 3.071 | 76.7 | 0.0 | 95.5 | true |
database-full-load (0)	Independent single-request native and SDK clients	2026-10-04T00:24:12.5992802Z | 1 | 32 | 1 | direct | 231981 | 0 | 231981 | 0 | 11576.0 | 5.631 | 100.1 | 96.1 | 96.1 | true |
database-full-load (0)	Independent single-request native and SDK clients	2026-10-04T00:24:12.5993471Z | 1 | 32 | 1 | weir | 154146 | 0 | 154146 | 0 | 7706.4 | 8.191 | 80.0 | 0.0 | 95.7 | true |
database-full-load (0)	Independent single-request native and SDK clients	2026-10-04T00:24:12.5994132Z | 1 | 32 | 2 | direct | 227696 | 0 | 227696 | 0 | 11383.5 | 5.631 | 100.1 | 96.2 | 96.2 | true |
database-full-load (0)	Independent single-request native and SDK clients	2026-10-04T00:24:12.5994664Z | 1 | 32 | 2 | weir | 153373 | 0 | 153373 | 0 | 7666.9 | 8.191 | 79.8 | 0.0 | 95.7 | true |
database-full-load (0)	Independent single-request native and SDK clients	2026-10-04T00:24:12.5995352Z | 1 | 32 | 3 | direct | 232706 | 0 | 232706 | 0 | 11634.4 | 5.631 | 100.2 | 97.1 | 97.1 | true |
database-full-load (0)	Independent single-request native and SDK clients	2026-10-04T00:24:12.5996041Z | 1 | 32 | 3 | weir | 154481 | 0 | 154481 | 0 | 7722.9 | 8.191 | 79.8 | 0.0 | 95.8 | true |
database-full-load (0)	Independent single-request native and SDK clients	2026-10-04T00:24:12.5996678Z | 1 | 128 | 1 | direct | 225032 | 0 | 225032 | 0 | 11248.1 | 49.151 | 100.1 | 95.4 | 95.4 | true |
database-full-load (0)	Independent single-request native and SDK clients	2026-10-04T00:24:12.5997666Z | 1 | 128 | 1 | weir | 251558 | 0 | 251558 | 0 | 12575.5 | 20.479 | 63.2 | 0.0 | 95.5 | true |
database-full-load (0)	Independent single-request native and SDK clients	2026-10-04T00:24:12.5998341Z | 1 | 128 | 2 | direct | 238646 | 0 | 238646 | 0 | 11927.5 | 49.151 | 100.1 | 96.5 | 96.5 | true |
database-full-load (0)	Independent single-request native and SDK clients	2026-10-04T00:24:12.5999045Z | 1 | 128 | 2 | weir | 258096 | 0 | 258096 | 0 | 12898.8 | 20.479 | 62.7 | 0.0 | 95.4 | true |
database-full-load (0)	Independent single-request native and SDK clients	2026-10-04T00:24:12.5999847Z | 1 | 128 | 3 | direct | 230002 | 0 | 230002 | 0 | 11496.4 | 49.151 | 100.2 | 95.1 | 95.1 | true |
database-full-load (0)	Independent single-request native and SDK clients	2026-10-04T00:24:12.6000554Z | 1 | 128 | 3 | weir | 249571 | 0 | 249571 | 0 | 12475.9 | 20.479 | 62.4 | 0.0 | 95.7 | true |
database-full-load (0)	Independent single-request native and SDK clients	2026-10-04T00:24:12.6001324Z | 1 | 512 | 1 | direct | 207009 | 0 | 207009 | 0 | 10311.8 | 98.303 | 100.2 | 99.5 | 99.5 | true |
database-full-load (0)	Independent single-request native and SDK clients	2026-10-04T00:24:12.6002035Z | 1 | 512 | 1 | weir | 362122 | 0 | 362122 | 0 | 18094.2 | 53.247 | 41.4 | 0.0 | 95.4 | true |
database-full-load (0)	Independent single-request native and SDK clients	2026-10-04T00:24:12.6003099Z | 1 | 512 | 2 | direct | 208502 | 0 | 208502 | 0 | 10391.7 | 106.495 | 100.3 | 99.6 | 99.6 | true |
database-full-load (0)	Independent single-request native and SDK clients	2026-10-04T00:24:12.6003886Z | 1 | 512 | 2 | weir | 364484 | 0 | 364484 | 0 | 18214.6 | 53.247 | 41.7 | 0.0 | 95.4 | true |
database-full-load (0)	Independent single-request native and SDK clients	2026-10-04T00:24:12.6004658Z | 1 | 512 | 3 | direct | 214914 | 0 | 214914 | 0 | 10704.4 | 98.303 | 100.2 | 98.5 | 98.5 | true |
database-full-load (0)	Independent single-request native and SDK clients	2026-10-04T00:24:12.6005434Z | 1 | 512 | 3 | weir | 361176 | 0 | 361176 | 0 | 18042.4 | 53.247 | 41.1 | 0.0 | 95.3 | true |
database-full-load (0)	Independent single-request native and SDK clients	2026-10-04T00:24:12.6005902Z 
database-full-load (0)	Independent single-request native and SDK clients	2026-10-04T00:24:12.6006443Z Measured Weir adapter and unary RPC evidence (warmup, reset and postflight excluded):
database-full-load (0)	Independent single-request native and SDK clients	2026-10-04T00:24:12.6007876Z 
database-full-load (0)	Independent single-request native and SDK clients	2026-10-04T00:24:12.6008416Z | Batch | Workers | Round | Adapter invocations | Mean adapter batch | Read/Mutate RPCs | Queue mean ms | Adapter mean ms | Rejections | Backend concurrency limit |
database-full-load (0)	Independent single-request native and SDK clients	2026-10-04T00:24:12.6009283Z | ---: | ---: | ---: | ---: | ---: | --- | ---: | ---: | ---: | ---: |
database-full-load (0)	Independent single-request native and SDK clients	2026-10-04T00:24:12.6009870Z | 1 | 8 | 1 | 79461 | 1.119 | 88939/0 | 0.021 | 0.761 | 0 | 32.000 |
database-full-load (0)	Independent single-request native and SDK clients	2026-10-04T00:24:12.6010385Z | 1 | 8 | 2 | 86020 | 1.127 | 96912/0 | 0.020 | 0.714 | 0 | 32.000 |
database-full-load (0)	Independent single-request native and SDK clients	2026-10-04T00:24:12.6011309Z | 1 | 8 | 3 | 85996 | 1.126 | 96831/0 | 0.020 | 0.713 | 0 | 32.000 |
database-full-load (0)	Independent single-request native and SDK clients	2026-10-04T00:24:12.6011865Z | 1 | 32 | 1 | 87821 | 1.755 | 154146/0 | 0.110 | 1.345 | 0 | 32.000 |
database-full-load (0)	Independent single-request native and SDK clients	2026-10-04T00:24:12.6012320Z | 1 | 32 | 2 | 88087 | 1.741 | 153373/0 | 0.107 | 1.353 | 0 | 32.000 |
database-full-load (0)	Independent single-request native and SDK clients	2026-10-04T00:24:12.6012838Z | 1 | 32 | 3 | 87341 | 1.769 | 154481/0 | 0.109 | 1.337 | 0 | 32.000 |
database-full-load (0)	Independent single-request native and SDK clients	2026-10-04T00:24:12.6013343Z | 1 | 128 | 1 | 61732 | 4.075 | 251558/0 | 0.436 | 2.316 | 0 | 32.000 |
database-full-load (0)	Independent single-request native and SDK clients	2026-10-04T00:24:12.6013854Z | 1 | 128 | 2 | 61261 | 4.213 | 258096/0 | 0.438 | 2.299 | 0 | 32.000 |
database-full-load (0)	Independent single-request native and SDK clients	2026-10-04T00:24:12.6014395Z | 1 | 128 | 3 | 60768 | 4.107 | 249571/0 | 0.440 | 2.350 | 0 | 32.000 |
database-full-load (0)	Independent single-request native and SDK clients	2026-10-04T00:24:12.6014843Z | 1 | 512 | 1 | 29818 | 12.144 | 362122/0 | 1.906 | 4.783 | 0 | 32.000 |
database-full-load (0)	Independent single-request native and SDK clients	2026-10-04T00:24:12.6015425Z | 1 | 512 | 2 | 30543 | 11.933 | 364484/0 | 1.902 | 4.717 | 0 | 32.000 |
database-full-load (0)	Independent single-request native and SDK clients	2026-10-04T00:24:12.6015946Z | 1 | 512 | 3 | 29887 | 12.085 | 361176/0 | 1.916 | 4.796 | 0 | 32.000 |
database-full-load (0)	Independent single-request native and SDK clients	2026-10-04T00:24:12.6016206Z 
database-full-load (0)	Independent single-request native and SDK clients	2026-10-04T00:24:12.6017664Z **Batch 1: database-full-load throughput comparison unavailable.** both paths must independently demonstrate sustained database CPU saturation and a verified next-level throughput plateau; increase concurrency or isolate client/Weir resources; I/O/network-bound saturation needs additional device/link capacity evidence.
database-full-load (0)	Independent single-request native and SDK clients	2026-10-04T00:24:12.6018811Z 
database-full-load (0)	Independent single-request native and SDK clients	2026-10-04T00:24:12.6019583Z Best verified business QPS within this ladder: direct 11557.4 (128 workers), Weir 18117.1 (512 workers), observed change +56.76%. This is a measured business-throughput comparison, not a maximum-database-capacity claim.
database-full-load (0)	Independent single-request native and SDK clients	2026-10-04T00:24:12.6020581Z 
database-full-load (0)	Independent single-request native and SDK clients	2026-10-04T00:24:12.6020990Z Observed single-request business performance at matched client concurrency (independent of the database-capacity qualification):
database-full-load (0)	Independent single-request native and SDK clients	2026-10-04T00:24:12.6021528Z 
database-full-load (0)	Independent single-request native and SDK clients	2026-10-04T00:24:12.6021827Z | Workers | Direct QPS | Weir QPS | Change | Direct p50/p95/p99 ms | Weir p50/p95/p99 ms |
database-full-load (0)	Independent single-request native and SDK clients	2026-10-04T00:24:12.6022349Z | ---: | ---: | ---: | ---: | --- | --- |
database-full-load (0)	Independent single-request native and SDK clients	2026-10-04T00:24:12.6022796Z | 8 | 9225.0 | 4711.0 | -48.93% | 0.511 / 1.279 / 3.071 | 1.535 / 3.327 / 4.607 |
database-full-load (0)	Independent single-request native and SDK clients	2026-10-04T00:24:12.6023323Z | 32 | 11531.3 | 7698.7 | -33.24% | 1.535 / 5.631 / 40.959 | 3.839 / 8.191 / 10.239 |
database-full-load (0)	Independent single-request native and SDK clients	2026-10-04T00:24:12.6023834Z | 128 | 11557.4 | 12650.1 | +9.45% | 6.143 / 49.151 / 57.343 | 10.239 / 20.479 / 26.623 |
database-full-load (0)	Independent single-request native and SDK clients	2026-10-04T00:24:12.6024369Z | 512 | 10469.3 | 18117.1 | +73.05% | 45.055 / 98.303 / 131.071 | 26.623 / 53.247 / 73.727 |
database-full-load (0)	Independent single-request native and SDK clients	2026-10-04T00:24:12.6024686Z 
database-full-load (0)	Independent single-request native and SDK clients	2026-10-04T00:24:12.6025605Z These QPS and latency observations apply to this hardware and measured concurrency range. A business-throughput improvement can exist without demonstrating the maximum database capacity. An underfull database or missing next-level plateau keeps the database-capacity comparison unavailable.
database-full-load (0)	Independent single-request native and SDK clients	2026-10-04T00:24:12.6026619Z 
database-full-load (0)	Independent single-request native and SDK clients	2026-10-04T00:24:12.6028857Z Aggregation evidence: the JSON records one business request per record, Read/Mutate RPC counts, adapter invocation counts, average adapter batch and its cumulative histogram, and RPCs per adapter invocation. An adapter invocation is not necessarily one physical database wire command. MongoDB physical find/update/bulkWrite/getMore/killCursors deltas come from owned serverStatus at timed boundaries; missing counters remain unavailable. Elasticsearch has no equivalent physical HTTP-command counter. Every child PID, configured native pool limit, final revision ranges, exit result and sampled CPU/RSS is retained; coordinator sampling CPU is excluded from business-client CPU.
database-full-load (0)	Independent single-request native and SDK clients	2026-10-04T00:24:12.6030918Z 
database-full-load (0)	Independent single-request native and SDK clients	2026-10-04T00:24:12.6035673Z The JSON retains before/after raw public Weir metrics and their observed deltas, every resource sample, monitor failures, raw cumulative database/container I/O and network counters, CPU quota/host core denominator, and client/Weir cumulative CPU. Docker CPU uses cumulative Engine usage and read timestamps across each entire sampling interval, never CLI instantaneous percentages. Both interval endpoints must succeed; missing intervals reduce full-run coverage. Samples include monitoring traffic and background database work. Native ps CPU has platform-dependent clock resolution. Native databases share the host CPU budget with the client and Weir. Disk/network utilization or capacity is not inferred from byte counters. A plateau without sustained database CPU saturation is not a database-full-load result. Startup/discovery/reset/postflight and warmup are excluded from throughput; all in-flight completion and validation is included.
database-full-load (0)	Independent single-request native and SDK clients	2026-10-04T00:25:17.4623556Z single-request backend=search processes=4 workers=8 round=1 direct=3766.1 weir=4647.3 DB-CPU direct=100.0% weir=77.9%
database-full-load (0)	Independent single-request native and SDK clients	2026-10-04T00:26:19.6679216Z single-request backend=search processes=4 workers=8 round=2 direct=8299.6 weir=4656.3 DB-CPU direct=99.8% weir=76.5%
database-full-load (0)	Independent single-request native and SDK clients	2026-10-04T00:27:21.5620833Z single-request backend=search processes=4 workers=8 round=3 direct=8467.3 weir=4623.6 DB-CPU direct=99.6% weir=75.6%
database-full-load (0)	Independent single-request native and SDK clients	2026-10-04T00:28:23.4010814Z single-request backend=search processes=4 workers=32 round=1 direct=10320.0 weir=7230.5 DB-CPU direct=99.8% weir=76.5%
database-full-load (0)	Independent single-request native and SDK clients	2026-10-04T00:29:25.2732934Z single-request backend=search processes=4 workers=32 round=2 direct=10340.5 weir=7395.8 DB-CPU direct=99.6% weir=78.9%
database-full-load (0)	Independent single-request native and SDK clients	2026-10-04T00:30:27.1763484Z single-request backend=search processes=4 workers=32 round=3 direct=10440.3 weir=7470.5 DB-CPU direct=99.7% weir=77.8%
database-full-load (0)	Independent single-request native and SDK clients	2026-10-04T00:31:28.9638241Z single-request backend=search processes=4 workers=128 round=1 direct=11076.9 weir=11193.7 DB-CPU direct=99.9% weir=66.7%
database-full-load (0)	Independent single-request native and SDK clients	2026-10-04T00:32:30.5828123Z single-request backend=search processes=4 workers=128 round=2 direct=11059.9 weir=11312.0 DB-CPU direct=99.9% weir=65.9%
database-full-load (0)	Independent single-request native and SDK clients	2026-10-04T00:33:32.3036848Z single-request backend=search processes=4 workers=128 round=3 direct=11143.0 weir=11259.1 DB-CPU direct=99.9% weir=65.3%
database-full-load (0)	Independent single-request native and SDK clients	2026-10-04T00:34:34.0105673Z single-request backend=search processes=4 workers=512 round=1 direct=10096.9 weir=15433.4 DB-CPU direct=99.9% weir=50.3%
database-full-load (0)	Independent single-request native and SDK clients	2026-10-04T00:35:35.7145377Z single-request backend=search processes=4 workers=512 round=2 direct=10647.6 weir=15426.8 DB-CPU direct=99.9% weir=50.8%
database-full-load (0)	Independent single-request native and SDK clients	2026-10-04T00:36:37.4006035Z single-request backend=search processes=4 workers=512 round=3 direct=10352.2 weir=15426.9 DB-CPU direct=99.8% weir=50.2%
database-full-load (0)	Independent single-request native and SDK clients	2026-10-04T00:36:37.4324400Z # Database saturation comparison
database-full-load (0)	Independent single-request native and SDK clients	2026-10-04T00:36:37.4324982Z 
database-full-load (0)	Independent single-request native and SDK clients	2026-10-04T00:36:37.4332312Z Backend **search**. Started 2026-10-04T00:24:12.956347172Z.
database-full-load (0)	Independent single-request native and SDK clients	2026-10-04T00:36:37.4332837Z 
database-full-load (0)	Independent single-request native and SDK clients	2026-10-04T00:36:37.4334967Z independent OS client processes send one record per native call or unary SDK RPC; native FindOne/ReplaceOne or single-ID mget/PUT; no client aggregation; worker-owned disjoint IDs; common phase barriers and unchanged pools across warmup and measurement; alternating AB/BA; latency is each business request including validation, queueing and any server aggregation; independent persisted postflight; sustained database CPU requires >=5 intervals, >=80% measurement coverage, mean CPU>=threshold and CPU>=threshold during >=80% measurement duration in every round, plus <=10% next-level throughput gain.
database-full-load (0)	Independent single-request native and SDK clients	2026-10-04T00:36:37.4339541Z 
database-full-load (0)	Independent single-request native and SDK clients	2026-10-04T00:36:37.4339931Z Warmup 10s and measurement 20s per path/stage, 3 paired rounds, requested writes 0%.
database-full-load (0)	Independent single-request native and SDK clients	2026-10-04T00:36:37.4340479Z 
database-full-load (0)	Independent single-request native and SDK clients	2026-10-04T00:36:37.4340708Z Complete business-request budget for both paths: 10s.
database-full-load (0)	Independent single-request native and SDK clients	2026-10-04T00:36:37.4341071Z 
database-full-load (0)	Independent single-request native and SDK clients	2026-10-04T00:36:37.4341453Z Configured Weir Store backend budget: 10s; the active caller deadline also applies.
database-full-load (0)	Independent single-request native and SDK clients	2026-10-04T00:36:37.4341831Z 
database-full-load (0)	Independent single-request native and SDK clients	2026-10-04T00:36:37.4342681Z 4 independent OS client processes. Each worker sends one business request containing one record, waits for its acknowledged result, and validates it. p50/p95/p99 describe individual requests; histograms are pooled rather than averaging process quantiles.
database-full-load (0)	Independent single-request native and SDK clients	2026-10-04T00:36:37.4343558Z 
database-full-load (0)	Independent single-request native and SDK clients	2026-10-04T00:36:37.4344106Z | Batch | Workers | Round | Path | Read | Write | Success | Errors/unknown | Ops/s | p95 call ms | DB CPU budget % | Full CPU time % | Sampling coverage % | Verified |
database-full-load (0)	Independent single-request native and SDK clients	2026-10-04T00:36:37.4344934Z | ---: | ---: | ---: | --- | ---: | ---: | ---: | ---: | ---: | ---: | ---: | ---: | ---: | --- |
database-full-load (0)	Independent single-request native and SDK clients	2026-10-04T00:36:37.4345497Z | 1 | 8 | 1 | direct | 75325 | 0 | 75325 | 0 | 3766.1 | 2.559 | 100.0 | 96.7 | 96.7 | true |
database-full-load (0)	Independent single-request native and SDK clients	2026-10-04T00:36:37.4346067Z | 1 | 8 | 1 | weir | 92952 | 0 | 92952 | 0 | 4647.3 | 3.071 | 77.9 | 0.0 | 95.1 | true |
database-full-load (0)	Independent single-request native and SDK clients	2026-10-04T00:36:37.4346594Z | 1 | 8 | 2 | direct | 165998 | 0 | 165998 | 0 | 8299.6 | 1.279 | 99.8 | 99.8 | 99.8 | true |
database-full-load (0)	Independent single-request native and SDK clients	2026-10-04T00:36:37.4347113Z | 1 | 8 | 2 | weir | 93131 | 0 | 93131 | 0 | 4656.3 | 3.071 | 76.5 | 0.0 | 95.5 | true |
database-full-load (0)	Independent single-request native and SDK clients	2026-10-04T00:36:37.4347866Z | 1 | 8 | 3 | direct | 169552 | 0 | 169552 | 0 | 8467.3 | 1.279 | 99.6 | 99.5 | 99.5 | true |
database-full-load (0)	Independent single-request native and SDK clients	2026-10-04T00:36:37.4348373Z | 1 | 8 | 3 | weir | 92477 | 0 | 92477 | 0 | 4623.6 | 3.071 | 75.6 | 0.0 | 95.6 | true |
database-full-load (0)	Independent single-request native and SDK clients	2026-10-04T00:36:37.4348937Z | 1 | 32 | 1 | direct | 206410 | 0 | 206410 | 0 | 10320.0 | 5.119 | 99.8 | 95.2 | 95.2 | true |
database-full-load (0)	Independent single-request native and SDK clients	2026-10-04T00:36:37.4349471Z | 1 | 32 | 1 | weir | 144631 | 0 | 144631 | 0 | 7230.5 | 9.215 | 76.5 | 0.0 | 96.0 | true |
database-full-load (0)	Independent single-request native and SDK clients	2026-10-04T00:36:37.4350498Z | 1 | 32 | 2 | direct | 206834 | 0 | 206834 | 0 | 10340.5 | 5.119 | 99.6 | 100.0 | 100.0 | true |
database-full-load (0)	Independent single-request native and SDK clients	2026-10-04T00:36:37.4351097Z | 1 | 32 | 2 | weir | 147935 | 0 | 147935 | 0 | 7395.8 | 8.191 | 78.9 | 0.0 | 95.3 | true |
database-full-load (0)	Independent single-request native and SDK clients	2026-10-04T00:36:37.4351714Z | 1 | 32 | 3 | direct | 208824 | 0 | 208824 | 0 | 10440.3 | 5.119 | 99.7 | 95.0 | 95.0 | true |
database-full-load (0)	Independent single-request native and SDK clients	2026-10-04T00:36:37.4352312Z | 1 | 32 | 3 | weir | 149442 | 0 | 149442 | 0 | 7470.5 | 8.191 | 77.8 | 0.0 | 95.8 | true |
database-full-load (0)	Independent single-request native and SDK clients	2026-10-04T00:36:37.4352848Z | 1 | 128 | 1 | direct | 221665 | 0 | 221665 | 0 | 11076.9 | 45.055 | 99.9 | 97.4 | 97.4 | true |
database-full-load (0)	Independent single-request native and SDK clients	2026-10-04T00:36:37.4353431Z | 1 | 128 | 1 | weir | 223941 | 0 | 223941 | 0 | 11193.7 | 22.527 | 66.7 | 0.0 | 96.1 | true |
database-full-load (0)	Independent single-request native and SDK clients	2026-10-04T00:36:37.4353969Z | 1 | 128 | 2 | direct | 221262 | 0 | 221262 | 0 | 11059.9 | 45.055 | 99.9 | 97.0 | 97.0 | true |
database-full-load (0)	Independent single-request native and SDK clients	2026-10-04T00:36:37.4354535Z | 1 | 128 | 2 | weir | 226307 | 0 | 226307 | 0 | 11312.0 | 20.479 | 65.9 | 0.0 | 96.0 | true |
database-full-load (0)	Independent single-request native and SDK clients	2026-10-04T00:36:37.4355086Z | 1 | 128 | 3 | direct | 222915 | 0 | 222915 | 0 | 11143.0 | 45.055 | 99.9 | 98.3 | 98.3 | true |
database-full-load (0)	Independent single-request native and SDK clients	2026-10-04T00:36:37.4355617Z | 1 | 128 | 3 | weir | 225265 | 0 | 225265 | 0 | 11259.1 | 22.527 | 65.3 | 0.0 | 95.5 | true |
database-full-load (0)	Independent single-request native and SDK clients	2026-10-04T00:36:37.4356217Z | 1 | 512 | 1 | direct | 202522 | 0 | 202522 | 0 | 10096.9 | 90.111 | 99.9 | 98.5 | 98.5 | true |
database-full-load (0)	Independent single-request native and SDK clients	2026-10-04T00:36:37.4356743Z | 1 | 512 | 1 | weir | 308937 | 0 | 308937 | 0 | 15433.4 | 61.439 | 50.3 | 0.0 | 95.6 | true |
database-full-load (0)	Independent single-request native and SDK clients	2026-10-04T00:36:37.4357407Z | 1 | 512 | 2 | direct | 213195 | 0 | 213195 | 0 | 10647.6 | 90.111 | 99.9 | 98.9 | 98.9 | true |
database-full-load (0)	Independent single-request native and SDK clients	2026-10-04T00:36:37.4358003Z | 1 | 512 | 2 | weir | 308825 | 0 | 308825 | 0 | 15426.8 | 61.439 | 50.8 | 0.0 | 96.0 | true |
database-full-load (0)	Independent single-request native and SDK clients	2026-10-04T00:36:37.4358521Z | 1 | 512 | 3 | direct | 207640 | 0 | 207640 | 0 | 10352.2 | 90.111 | 99.8 | 98.5 | 98.5 | true |
database-full-load (0)	Independent single-request native and SDK clients	2026-10-04T00:36:37.4359195Z | 1 | 512 | 3 | weir | 308662 | 0 | 308662 | 0 | 15426.9 | 61.439 | 50.2 | 0.0 | 96.0 | true |
database-full-load (0)	Independent single-request native and SDK clients	2026-10-04T00:36:37.4359518Z 
database-full-load (0)	Independent single-request native and SDK clients	2026-10-04T00:36:37.4359825Z Measured Weir adapter and unary RPC evidence (warmup, reset and postflight excluded):
database-full-load (0)	Independent single-request native and SDK clients	2026-10-04T00:36:37.4360138Z 
database-full-load (0)	Independent single-request native and SDK clients	2026-10-04T00:36:37.4360674Z | Batch | Workers | Round | Adapter invocations | Mean adapter batch | Read/Mutate RPCs | Queue mean ms | Adapter mean ms | Rejections | Backend concurrency limit |
database-full-load (0)	Independent single-request native and SDK clients	2026-10-04T00:36:37.4361394Z | ---: | ---: | ---: | ---: | ---: | --- | ---: | ---: | ---: | ---: |
database-full-load (0)	Independent single-request native and SDK clients	2026-10-04T00:36:37.4361854Z | 1 | 8 | 1 | 84011 | 1.106 | 92952/0 | 0.017 | 0.871 | 0 | 32.000 |
database-full-load (0)	Independent single-request native and SDK clients	2026-10-04T00:36:37.4362353Z | 1 | 8 | 2 | 83999 | 1.109 | 93131/0 | 0.017 | 0.876 | 0 | 32.000 |
database-full-load (0)	Independent single-request native and SDK clients	2026-10-04T00:36:37.4362793Z | 1 | 8 | 3 | 83493 | 1.108 | 92477/0 | 0.017 | 0.868 | 0 | 32.000 |
database-full-load (0)	Independent single-request native and SDK clients	2026-10-04T00:36:37.4363238Z | 1 | 32 | 1 | 90855 | 1.592 | 144631/0 | 0.093 | 1.838 | 0 | 32.000 |
database-full-load (0)	Independent single-request native and SDK clients	2026-10-04T00:36:37.4363712Z | 1 | 32 | 2 | 92664 | 1.596 | 147935/0 | 0.091 | 1.856 | 0 | 32.000 |
database-full-load (0)	Independent single-request native and SDK clients	2026-10-04T00:36:37.4364157Z | 1 | 32 | 3 | 94293 | 1.585 | 149442/0 | 0.091 | 1.795 | 0 | 32.000 |
database-full-load (0)	Independent single-request native and SDK clients	2026-10-04T00:36:37.4364609Z | 1 | 128 | 1 | 64060 | 3.496 | 223941/0 | 0.462 | 3.592 | 0 | 32.000 |
database-full-load (0)	Independent single-request native and SDK clients	2026-10-04T00:36:37.4365054Z | 1 | 128 | 2 | 65713 | 3.444 | 226307/0 | 0.440 | 3.532 | 0 | 32.000 |
database-full-load (0)	Independent single-request native and SDK clients	2026-10-04T00:36:37.4365535Z | 1 | 128 | 3 | 64796 | 3.477 | 225265/0 | 0.430 | 3.530 | 0 | 32.000 |
database-full-load (0)	Independent single-request native and SDK clients	2026-10-04T00:36:37.4365970Z | 1 | 512 | 1 | 31825 | 9.707 | 308937/0 | 1.865 | 7.707 | 0 | 32.000 |
database-full-load (0)	Independent single-request native and SDK clients	2026-10-04T00:36:37.4366426Z | 1 | 512 | 2 | 31038 | 9.950 | 308825/0 | 1.959 | 7.721 | 0 | 32.000 |
database-full-load (0)	Independent single-request native and SDK clients	2026-10-04T00:36:37.4366902Z | 1 | 512 | 3 | 30905 | 9.987 | 308662/0 | 2.007 | 7.567 | 0 | 32.000 |
database-full-load (0)	Independent single-request native and SDK clients	2026-10-04T00:36:37.4367134Z 
database-full-load (0)	Independent single-request native and SDK clients	2026-10-04T00:36:37.4368487Z **Batch 1: database-full-load throughput comparison unavailable.** both paths must independently demonstrate sustained database CPU saturation and a verified next-level throughput plateau; increase concurrency or isolate client/Weir resources; I/O/network-bound saturation needs additional device/link capacity evidence.
database-full-load (0)	Independent single-request native and SDK clients	2026-10-04T00:36:37.4370117Z 
database-full-load (0)	Independent single-request native and SDK clients	2026-10-04T00:36:37.4371094Z Best verified business QPS within this ladder: direct 11093.3 (128 workers), Weir 15429.1 (512 workers), observed change +39.08%. This is a measured business-throughput comparison, not a maximum-database-capacity claim.
database-full-load (0)	Independent single-request native and SDK clients	2026-10-04T00:36:37.4372229Z 
database-full-load (0)	Independent single-request native and SDK clients	2026-10-04T00:36:37.4372892Z Observed single-request business performance at matched client concurrency (independent of the database-capacity qualification):
database-full-load (0)	Independent single-request native and SDK clients	2026-10-04T00:36:37.4373671Z 
database-full-load (0)	Independent single-request native and SDK clients	2026-10-04T00:36:37.4374136Z | Workers | Direct QPS | Weir QPS | Change | Direct p50/p95/p99 ms | Weir p50/p95/p99 ms |
database-full-load (0)	Independent single-request native and SDK clients	2026-10-04T00:36:37.4374908Z | ---: | ---: | ---: | ---: | --- | --- |
database-full-load (0)	Independent single-request native and SDK clients	2026-10-04T00:36:37.4375616Z | 8 | 6845.0 | 4642.4 | -32.18% | 0.703 / 1.663 / 24.575 | 1.663 / 3.071 / 4.607 |
database-full-load (0)	Independent single-request native and SDK clients	2026-10-04T00:36:37.4376351Z | 32 | 10366.9 | 7365.6 | -28.95% | 2.047 / 5.119 / 36.863 | 4.095 / 8.191 / 11.263 |
database-full-load (0)	Independent single-request native and SDK clients	2026-10-04T00:36:37.4377139Z | 128 | 11093.3 | 11254.9 | +1.46% | 7.679 / 45.055 / 49.151 | 11.263 / 22.527 / 26.623 |
database-full-load (0)	Independent single-request native and SDK clients	2026-10-04T00:36:37.4378177Z | 512 | 10365.4 | 15429.1 | +48.85% | 49.151 / 90.111 / 106.495 | 32.767 / 61.439 / 81.919 |
database-full-load (0)	Independent single-request native and SDK clients	2026-10-04T00:36:37.4378583Z 
database-full-load (0)	Independent single-request native and SDK clients	2026-10-04T00:36:37.4380709Z These QPS and latency observations apply to this hardware and measured concurrency range. A business-throughput improvement can exist without demonstrating the maximum database capacity. An underfull database or missing next-level plateau keeps the database-capacity comparison unavailable.
database-full-load (0)	Independent single-request native and SDK clients	2026-10-04T00:36:37.4382202Z 
database-full-load (0)	Independent single-request native and SDK clients	2026-10-04T00:36:37.4385437Z Aggregation evidence: the JSON records one business request per record, Read/Mutate RPC counts, adapter invocation counts, average adapter batch and its cumulative histogram, and RPCs per adapter invocation. An adapter invocation is not necessarily one physical database wire command. MongoDB physical find/update/bulkWrite/getMore/killCursors deltas come from owned serverStatus at timed boundaries; missing counters remain unavailable. Elasticsearch has no equivalent physical HTTP-command counter. Every child PID, configured native pool limit, final revision ranges, exit result and sampled CPU/RSS is retained; coordinator sampling CPU is excluded from business-client CPU.
database-full-load (0)	Independent single-request native and SDK clients	2026-10-04T00:36:37.4389034Z 
database-full-load (0)	Independent single-request native and SDK clients	2026-10-04T00:36:37.4393426Z The JSON retains before/after raw public Weir metrics and their observed deltas, every resource sample, monitor failures, raw cumulative database/container I/O and network counters, CPU quota/host core denominator, and client/Weir cumulative CPU. Docker CPU uses cumulative Engine usage and read timestamps across each entire sampling interval, never CLI instantaneous percentages. Both interval endpoints must succeed; missing intervals reduce full-run coverage. Samples include monitoring traffic and background database work. Native ps CPU has platform-dependent clock resolution. Native databases share the host CPU budget with the client and Weir. Disk/network utilization or capacity is not inferred from byte counters. A plateau without sustained database CPU saturation is not a database-full-load result. Startup/discovery/reset/postflight and warmup are excluded from throughput; all in-flight completion and validation is included.
database-full-load (0)	Preserve raw resource samples, workload validation and cleanup	﻿2026-10-04T00:36:40.4598910Z ##[group]Run actions/upload-artifact@ea165f8d65b6e75b540449e92b4886f43607fa02
database-full-load (0)	Preserve raw resource samples, workload validation and cleanup	2026-10-04T00:36:40.4599413Z with:
database-full-load (0)	Preserve raw resource samples, workload validation and cleanup	2026-10-04T00:36:40.4599942Z   name: saturation-evidence-writes-0-e790aa77629f0e4862159cbe8e3f0497df888314
database-full-load (0)	Preserve raw resource samples, workload validation and cleanup	2026-10-04T00:36:40.4600951Z   path: results/local/
database-full-load (0)	Preserve raw resource samples, workload validation and cleanup	/tmp/weir-tests-*/manifest.json
database-full-load (0)	Preserve raw resource samples, workload validation and cleanup	/tmp/weir-tests-*/cleanup.json
database-full-load (0)	Preserve raw resource samples, workload validation and cleanup	/tmp/weir-tests-*/*config.json
database-full-load (0)	Preserve raw resource samples, workload validation and cleanup	/tmp/weir-tests-*/*routes.json
database-full-load (0)	Preserve raw resource samples, workload validation and cleanup	/tmp/weir-tests-*/*process.log
database-full-load (0)	Preserve raw resource samples, workload validation and cleanup	/tmp/weir-tests-*/docker-engine.json
database-full-load (0)	Preserve raw resource samples, workload validation and cleanup	
database-full-load (0)	Preserve raw resource samples, workload validation and cleanup	2026-10-04T00:36:40.4601783Z   retention-days: 14
database-full-load (0)	Preserve raw resource samples, workload validation and cleanup	2026-10-04T00:36:40.4602151Z   if-no-files-found: warn
database-full-load (0)	Preserve raw resource samples, workload validation and cleanup	2026-10-04T00:36:40.4602472Z   compression-level: 6
database-full-load (0)	Preserve raw resource samples, workload validation and cleanup	2026-10-04T00:36:40.4602830Z   overwrite: false
database-full-load (0)	Preserve raw resource samples, workload validation and cleanup	2026-10-04T00:36:40.4603179Z   include-hidden-files: false
database-full-load (0)	Preserve raw resource samples, workload validation and cleanup	2026-10-04T00:36:40.4603558Z env:
database-full-load (0)	Preserve raw resource samples, workload validation and cleanup	2026-10-04T00:36:40.4603833Z   GOENV: off
database-full-load (0)	Preserve raw resource samples, workload validation and cleanup	2026-10-04T00:36:40.4604102Z   GOWORK: off
database-full-load (0)	Preserve raw resource samples, workload validation and cleanup	2026-10-04T00:36:40.4604432Z   GOTOOLCHAIN: local
database-full-load (0)	Preserve raw resource samples, workload validation and cleanup	2026-10-04T00:36:40.4604802Z   GOFLAGS: -mod=readonly
database-full-load (0)	Preserve raw resource samples, workload validation and cleanup	2026-10-04T00:36:40.4605144Z   PYTHONDONTWRITEBYTECODE: 1
database-full-load (0)	Preserve raw resource samples, workload validation and cleanup	2026-10-04T00:36:40.4605574Z ##[endgroup]
database-full-load (0)	Preserve raw resource samples, workload validation and cleanup	2026-10-04T00:36:40.6221128Z (node:15497) [DEP0040] DeprecationWarning: The `punycode` module is deprecated. Please use a userland alternative instead.
database-full-load (0)	Preserve raw resource samples, workload validation and cleanup	2026-10-04T00:36:40.6222079Z (Use `node --trace-deprecation ...` to show where the warning was created)
database-full-load (0)	Preserve raw resource samples, workload validation and cleanup	2026-10-04T00:36:40.6323928Z Multiple search paths detected. Calculating the least common ancestor of all paths
database-full-load (0)	Preserve raw resource samples, workload validation and cleanup	2026-10-04T00:36:40.6325822Z The least common ancestor is /. This will be the root directory of the artifact
database-full-load (0)	Preserve raw resource samples, workload validation and cleanup	2026-10-04T00:36:40.6326632Z With the provided path, there will be 12 files uploaded
database-full-load (0)	Preserve raw resource samples, workload validation and cleanup	2026-10-04T00:36:40.6332588Z Artifact name is valid!
database-full-load (0)	Preserve raw resource samples, workload validation and cleanup	2026-10-04T00:36:40.6333393Z Root directory input is valid!
database-full-load (0)	Preserve raw resource samples, workload validation and cleanup	2026-10-04T00:36:40.8988426Z Beginning upload of artifact content to blob storage
database-full-load (0)	Preserve raw resource samples, workload validation and cleanup	2026-10-04T00:36:41.0252662Z (node:15497) [DEP0169] DeprecationWarning: `url.parse()` behavior is not standardized and prone to errors that have security implications. Use the WHATWG URL API instead. CVEs are not issued for `url.parse()` vulnerabilities.
database-full-load (0)	Preserve raw resource samples, workload validation and cleanup	2026-10-04T00:36:41.3027748Z Uploaded bytes 772380
database-full-load (0)	Preserve raw resource samples, workload validation and cleanup	2026-10-04T00:36:41.3404545Z Finished uploading artifact content to blob storage!
database-full-load (0)	Preserve raw resource samples, workload validation and cleanup	2026-10-04T00:36:41.3405414Z SHA256 digest of uploaded artifact zip is b3a97d3b6452d99c5fc20a80d1895b3f74fe5277a0d489cbd0a44065a1174f09
database-full-load (0)	Preserve raw resource samples, workload validation and cleanup	2026-10-04T00:36:41.3407377Z Finalizing artifact upload
database-full-load (0)	Preserve raw resource samples, workload validation and cleanup	2026-10-04T00:36:41.5616883Z Artifact saturation-evidence-writes-0-e790aa77629f0e4862159cbe8e3f0497df888314.zip successfully finalized. Artifact ID 11289531910
database-full-load (0)	Preserve raw resource samples, workload validation and cleanup	2026-10-04T00:36:41.5618491Z Artifact saturation-evidence-writes-0-e790aa77629f0e4862159cbe8e3f0497df888314 has been successfully uploaded! Final size is 772380 bytes. Artifact ID is 11289531910
database-full-load (0)	Preserve raw resource samples, workload validation and cleanup	2026-10-04T00:36:41.5623637Z Artifact download URL: https://github.com/batchstream/weir-tests/actions/runs/37164089012/artifacts/11289531910
database-full-load (0)	Post Run actions/setup-go@924ae3a1cded613372ab5595356fb5720e22ba16	﻿2026-10-04T00:36:41.5776414Z Post job cleanup.
database-full-load (0)	Post Run actions/setup-go@924ae3a1cded613372ab5595356fb5720e22ba16	2026-10-04T00:36:41.6999098Z [command]/opt/hostedtoolcache/go/1.27.1/x64/bin/go env GOMODCACHE
database-full-load (0)	Post Run actions/setup-go@924ae3a1cded613372ab5595356fb5720e22ba16	2026-10-04T00:36:41.7048140Z [command]/opt/hostedtoolcache/go/1.27.1/x64/bin/go env GOCACHE
database-full-load (0)	Post Run actions/setup-go@924ae3a1cded613372ab5595356fb5720e22ba16	2026-10-04T00:36:41.7086010Z /home/runner/go/pkg/mod
database-full-load (0)	Post Run actions/setup-go@924ae3a1cded613372ab5595356fb5720e22ba16	2026-10-04T00:36:41.7117073Z /home/runner/.cache/go-build
database-full-load (0)	Post Run actions/setup-go@924ae3a1cded613372ab5595356fb5720e22ba16	2026-10-04T00:36:41.7125078Z Cache hit occurred on the primary key setup-go-Linux-x64-ubuntu24-go-1.27.1-f3893fbf0ff2b6e2efba8903234513786674983d753d1815a9a1fcf84a06448a, not saving cache.
database-full-load (0)	Post Run actions/checkout@3d3c42e5aac5ba805825da76410c181273ba90b1	﻿2026-10-04T00:36:41.7296297Z Post job cleanup.
database-full-load (0)	Post Run actions/checkout@3d3c42e5aac5ba805825da76410c181273ba90b1	2026-10-04T00:36:41.8108310Z [command]/usr/bin/git version
database-full-load (0)	Post Run actions/checkout@3d3c42e5aac5ba805825da76410c181273ba90b1	2026-10-04T00:36:41.8153480Z git version 2.55.0
database-full-load (0)	Post Run actions/checkout@3d3c42e5aac5ba805825da76410c181273ba90b1	2026-10-04T00:36:41.8202439Z Temporarily overriding HOME='/home/runner/work/_temp/2226b89a-41a9-4e19-8573-2dbd11818ac1' before making global git config changes
database-full-load (0)	Post Run actions/checkout@3d3c42e5aac5ba805825da76410c181273ba90b1	2026-10-04T00:36:41.8203754Z Adding repository directory to the temporary git global config as a safe directory
database-full-load (0)	Post Run actions/checkout@3d3c42e5aac5ba805825da76410c181273ba90b1	2026-10-04T00:36:41.8209887Z [command]/usr/bin/git config --global --add safe.directory /home/runner/work/weir-tests/weir-tests
database-full-load (0)	Post Run actions/checkout@3d3c42e5aac5ba805825da76410c181273ba90b1	2026-10-04T00:36:41.8242382Z Removing SSH command configuration
database-full-load (0)	Post Run actions/checkout@3d3c42e5aac5ba805825da76410c181273ba90b1	2026-10-04T00:36:41.8249249Z [command]/usr/bin/git config --local --name-only --get-regexp core\.sshCommand
database-full-load (0)	Post Run actions/checkout@3d3c42e5aac5ba805825da76410c181273ba90b1	2026-10-04T00:36:41.8281369Z [command]/usr/bin/git submodule foreach --recursive sh -c "git config --local --name-only --get-regexp 'core\.sshCommand' && git config --local --unset-all 'core.sshCommand' || :"
database-full-load (0)	Post Run actions/checkout@3d3c42e5aac5ba805825da76410c181273ba90b1	2026-10-04T00:36:41.8497089Z Removing HTTP extra header
database-full-load (0)	Post Run actions/checkout@3d3c42e5aac5ba805825da76410c181273ba90b1	2026-10-04T00:36:41.8503462Z [command]/usr/bin/git config --local --name-only --get-regexp http\.https\:\/\/github\.com\/\.extraheader
database-full-load (0)	Post Run actions/checkout@3d3c42e5aac5ba805825da76410c181273ba90b1	2026-10-04T00:36:41.8535994Z [command]/usr/bin/git submodule foreach --recursive sh -c "git config --local --name-only --get-regexp 'http\.https\:\/\/github\.com\/\.extraheader' && git config --local --unset-all 'http.https://github.com/.extraheader' || :"
database-full-load (0)	Post Run actions/checkout@3d3c42e5aac5ba805825da76410c181273ba90b1	2026-10-04T00:36:41.8732827Z Removing includeIf entries pointing to credentials config files
database-full-load (0)	Post Run actions/checkout@3d3c42e5aac5ba805825da76410c181273ba90b1	2026-10-04T00:36:41.8741410Z [command]/usr/bin/git config --local --name-only --get-regexp ^includeIf\.gitdir:
database-full-load (0)	Post Run actions/checkout@3d3c42e5aac5ba805825da76410c181273ba90b1	2026-10-04T00:36:41.8775706Z [command]/usr/bin/git submodule foreach --recursive git config --local --show-origin --name-only --get-regexp remote.origin.url
database-full-load (0)	Complete job	﻿2026-10-04T00:36:41.9125167Z Cleaning up orphan processes
database-full-load (0)	Complete job	2026-10-04T00:36:41.9444562Z ##[warning]Node.js 20 is deprecated. The following actions target Node.js 20 but are being forced to run on Node.js 24: actions/upload-artifact@ea165f8d65b6e75b540449e92b4886f43607fa02. For more information see: https://github.blog/changelog/2025-09-19-deprecation-of-node-20-on-github-actions-runners/
