database-full-load (100)	Set up job	﻿2026-10-03T22:56:49.9360835Z Current runner version: '2.337.0'
database-full-load (100)	Set up job	2026-10-03T22:56:49.9378608Z ##[group]Runner Image Provisioner
database-full-load (100)	Set up job	2026-10-03T22:56:49.9379167Z Hosted Compute Agent
database-full-load (100)	Set up job	2026-10-03T22:56:49.9379502Z Version: 20260901.588
database-full-load (100)	Set up job	2026-10-03T22:56:49.9379930Z Commit: f88ec8081b781fac6c440065ac7ff9e710ce3d0b
database-full-load (100)	Set up job	2026-10-03T22:56:49.9380395Z Build Date: 2026-09-01T19:56:44Z
database-full-load (100)	Set up job	2026-10-03T22:56:49.9380860Z Worker ID: {4ab308eb-fe64-476b-8a4a-13157de2c263}
database-full-load (100)	Set up job	2026-10-03T22:56:49.9381282Z Azure Region: centralus
database-full-load (100)	Set up job	2026-10-03T22:56:49.9381623Z ##[endgroup]
database-full-load (100)	Set up job	2026-10-03T22:56:49.9382517Z ##[group]Operating System
database-full-load (100)	Set up job	2026-10-03T22:56:49.9382879Z Ubuntu
database-full-load (100)	Set up job	2026-10-03T22:56:49.9383222Z 24.04.5
database-full-load (100)	Set up job	2026-10-03T22:56:49.9383546Z LTS
database-full-load (100)	Set up job	2026-10-03T22:56:49.9383856Z ##[endgroup]
database-full-load (100)	Set up job	2026-10-03T22:56:49.9384401Z ##[group]Runner Image
database-full-load (100)	Set up job	2026-10-03T22:56:49.9384794Z Image: ubuntu-24.04
database-full-load (100)	Set up job	2026-10-03T22:56:49.9385185Z Version: 20260927.320.1
database-full-load (100)	Set up job	2026-10-03T22:56:49.9385801Z Included Software: https://github.com/actions/runner-images/blob/ubuntu24/20260927.320/images/ubuntu/Ubuntu2404-Readme.md
database-full-load (100)	Set up job	2026-10-03T22:56:49.9387093Z Image Release: https://github.com/actions/runner-images/releases/tag/ubuntu24%2F20260927.320
database-full-load (100)	Set up job	2026-10-03T22:56:49.9387649Z ##[endgroup]
database-full-load (100)	Set up job	2026-10-03T22:56:49.9388342Z ##[group]GITHUB_TOKEN Permissions
database-full-load (100)	Set up job	2026-10-03T22:56:49.9389677Z Contents: read
database-full-load (100)	Set up job	2026-10-03T22:56:49.9390060Z Metadata: read
database-full-load (100)	Set up job	2026-10-03T22:56:49.9390432Z ##[endgroup]
database-full-load (100)	Set up job	2026-10-03T22:56:49.9391713Z Secret source: Actions
database-full-load (100)	Set up job	2026-10-03T22:56:49.9392297Z Cache mode: write
database-full-load (100)	Set up job	2026-10-03T22:56:49.9392869Z Prepare workflow directory
database-full-load (100)	Set up job	2026-10-03T22:56:49.9652226Z Prepare all required actions
database-full-load (100)	Set up job	2026-10-03T22:56:49.9683902Z Getting action download info
database-full-load (100)	Set up job	2026-10-03T22:56:50.2322237Z Download action repository 'actions/checkout@3d3c42e5aac5ba805825da76410c181273ba90b1' (SHA:3d3c42e5aac5ba805825da76410c181273ba90b1)
database-full-load (100)	Set up job	2026-10-03T22:56:50.3032397Z Download action repository 'actions/setup-go@924ae3a1cded613372ab5595356fb5720e22ba16' (SHA:924ae3a1cded613372ab5595356fb5720e22ba16)
database-full-load (100)	Set up job	2026-10-03T22:56:50.7998215Z Download action repository 'actions/upload-artifact@ea165f8d65b6e75b540449e92b4886f43607fa02' (SHA:ea165f8d65b6e75b540449e92b4886f43607fa02)
database-full-load (100)	Set up job	2026-10-03T22:56:50.9892618Z Complete job name: database-full-load (100)
database-full-load (100)	Run actions/checkout@3d3c42e5aac5ba805825da76410c181273ba90b1	﻿2026-10-03T22:56:51.0339723Z ##[group]Run actions/checkout@3d3c42e5aac5ba805825da76410c181273ba90b1
database-full-load (100)	Run actions/checkout@3d3c42e5aac5ba805825da76410c181273ba90b1	2026-10-03T22:56:51.0340258Z with:
database-full-load (100)	Run actions/checkout@3d3c42e5aac5ba805825da76410c181273ba90b1	2026-10-03T22:56:51.0340519Z   ref: 03fcec1bbb3806a41eca2aa39b4ff702a4b59331
database-full-load (100)	Run actions/checkout@3d3c42e5aac5ba805825da76410c181273ba90b1	2026-10-03T22:56:51.0340851Z   persist-credentials: false
database-full-load (100)	Run actions/checkout@3d3c42e5aac5ba805825da76410c181273ba90b1	2026-10-03T22:56:51.0341141Z   repository: batchstream/weir-tests
database-full-load (100)	Run actions/checkout@3d3c42e5aac5ba805825da76410c181273ba90b1	2026-10-03T22:56:51.0343111Z   token: ***
database-full-load (100)	Run actions/checkout@3d3c42e5aac5ba805825da76410c181273ba90b1	2026-10-03T22:56:51.0343341Z   ssh-strict: true
database-full-load (100)	Run actions/checkout@3d3c42e5aac5ba805825da76410c181273ba90b1	2026-10-03T22:56:51.0343578Z   ssh-user: git
database-full-load (100)	Run actions/checkout@3d3c42e5aac5ba805825da76410c181273ba90b1	2026-10-03T22:56:51.0343809Z   clean: true
database-full-load (100)	Run actions/checkout@3d3c42e5aac5ba805825da76410c181273ba90b1	2026-10-03T22:56:51.0344329Z   sparse-checkout-cone-mode: true
database-full-load (100)	Run actions/checkout@3d3c42e5aac5ba805825da76410c181273ba90b1	2026-10-03T22:56:51.0344615Z   fetch-depth: 1
database-full-load (100)	Run actions/checkout@3d3c42e5aac5ba805825da76410c181273ba90b1	2026-10-03T22:56:51.0344849Z   fetch-tags: false
database-full-load (100)	Run actions/checkout@3d3c42e5aac5ba805825da76410c181273ba90b1	2026-10-03T22:56:51.0345099Z   show-progress: true
database-full-load (100)	Run actions/checkout@3d3c42e5aac5ba805825da76410c181273ba90b1	2026-10-03T22:56:51.0345384Z   lfs: false
database-full-load (100)	Run actions/checkout@3d3c42e5aac5ba805825da76410c181273ba90b1	2026-10-03T22:56:51.0345612Z   submodules: false
database-full-load (100)	Run actions/checkout@3d3c42e5aac5ba805825da76410c181273ba90b1	2026-10-03T22:56:51.0345857Z   set-safe-directory: true
database-full-load (100)	Run actions/checkout@3d3c42e5aac5ba805825da76410c181273ba90b1	2026-10-03T22:56:51.0346145Z   allow-unsafe-pr-checkout: false
database-full-load (100)	Run actions/checkout@3d3c42e5aac5ba805825da76410c181273ba90b1	2026-10-03T22:56:51.0346522Z env:
database-full-load (100)	Run actions/checkout@3d3c42e5aac5ba805825da76410c181273ba90b1	2026-10-03T22:56:51.0346742Z   GOENV: off
database-full-load (100)	Run actions/checkout@3d3c42e5aac5ba805825da76410c181273ba90b1	2026-10-03T22:56:51.0346961Z   GOWORK: off
database-full-load (100)	Run actions/checkout@3d3c42e5aac5ba805825da76410c181273ba90b1	2026-10-03T22:56:51.0347213Z   GOTOOLCHAIN: local
database-full-load (100)	Run actions/checkout@3d3c42e5aac5ba805825da76410c181273ba90b1	2026-10-03T22:56:51.0347476Z   GOFLAGS: -mod=readonly
database-full-load (100)	Run actions/checkout@3d3c42e5aac5ba805825da76410c181273ba90b1	2026-10-03T22:56:51.0347738Z   PYTHONDONTWRITEBYTECODE: 1
database-full-load (100)	Run actions/checkout@3d3c42e5aac5ba805825da76410c181273ba90b1	2026-10-03T22:56:51.0348005Z ##[endgroup]
database-full-load (100)	Run actions/checkout@3d3c42e5aac5ba805825da76410c181273ba90b1	2026-10-03T22:56:51.0995458Z Syncing repository: batchstream/weir-tests
database-full-load (100)	Run actions/checkout@3d3c42e5aac5ba805825da76410c181273ba90b1	2026-10-03T22:56:51.0997024Z ##[group]Getting Git version info
database-full-load (100)	Run actions/checkout@3d3c42e5aac5ba805825da76410c181273ba90b1	2026-10-03T22:56:51.0997634Z Working directory is '/home/runner/work/weir-tests/weir-tests'
database-full-load (100)	Run actions/checkout@3d3c42e5aac5ba805825da76410c181273ba90b1	2026-10-03T22:56:51.0998572Z [command]/usr/bin/git version
database-full-load (100)	Run actions/checkout@3d3c42e5aac5ba805825da76410c181273ba90b1	2026-10-03T22:56:51.1049066Z git version 2.55.0
database-full-load (100)	Run actions/checkout@3d3c42e5aac5ba805825da76410c181273ba90b1	2026-10-03T22:56:51.1094195Z ##[endgroup]
database-full-load (100)	Run actions/checkout@3d3c42e5aac5ba805825da76410c181273ba90b1	2026-10-03T22:56:51.1104522Z Temporarily overriding HOME='/home/runner/work/_temp/0af5d275-accb-4aaf-9910-33162c1ee44c' before making global git config changes
database-full-load (100)	Run actions/checkout@3d3c42e5aac5ba805825da76410c181273ba90b1	2026-10-03T22:56:51.1105752Z Adding repository directory to the temporary git global config as a safe directory
database-full-load (100)	Run actions/checkout@3d3c42e5aac5ba805825da76410c181273ba90b1	2026-10-03T22:56:51.1108192Z [command]/usr/bin/git config --global --add safe.directory /home/runner/work/weir-tests/weir-tests
database-full-load (100)	Run actions/checkout@3d3c42e5aac5ba805825da76410c181273ba90b1	2026-10-03T22:56:51.1152100Z Deleting the contents of '/home/runner/work/weir-tests/weir-tests'
database-full-load (100)	Run actions/checkout@3d3c42e5aac5ba805825da76410c181273ba90b1	2026-10-03T22:56:51.1155013Z ##[group]Determining repository object format
database-full-load (100)	Run actions/checkout@3d3c42e5aac5ba805825da76410c181273ba90b1	2026-10-03T22:56:51.1156310Z ##[endgroup]
database-full-load (100)	Run actions/checkout@3d3c42e5aac5ba805825da76410c181273ba90b1	2026-10-03T22:56:51.1156924Z ##[group]Initializing the repository
database-full-load (100)	Run actions/checkout@3d3c42e5aac5ba805825da76410c181273ba90b1	2026-10-03T22:56:51.1160069Z [command]/usr/bin/git init /home/runner/work/weir-tests/weir-tests
database-full-load (100)	Run actions/checkout@3d3c42e5aac5ba805825da76410c181273ba90b1	2026-10-03T22:56:51.1427385Z hint: Using 'master' as the name for the initial branch. This default branch name
database-full-load (100)	Run actions/checkout@3d3c42e5aac5ba805825da76410c181273ba90b1	2026-10-03T22:56:51.1428415Z hint: will change to "main" in Git 3.0. To configure the initial branch name
database-full-load (100)	Run actions/checkout@3d3c42e5aac5ba805825da76410c181273ba90b1	2026-10-03T22:56:51.1428913Z hint: to use in all of your new repositories, which will suppress this warning,
database-full-load (100)	Run actions/checkout@3d3c42e5aac5ba805825da76410c181273ba90b1	2026-10-03T22:56:51.1429307Z hint: call:
database-full-load (100)	Run actions/checkout@3d3c42e5aac5ba805825da76410c181273ba90b1	2026-10-03T22:56:51.1429530Z hint:
database-full-load (100)	Run actions/checkout@3d3c42e5aac5ba805825da76410c181273ba90b1	2026-10-03T22:56:51.1429875Z hint: 	git config --global init.defaultBranch <name>
database-full-load (100)	Run actions/checkout@3d3c42e5aac5ba805825da76410c181273ba90b1	2026-10-03T22:56:51.1430262Z hint:
database-full-load (100)	Run actions/checkout@3d3c42e5aac5ba805825da76410c181273ba90b1	2026-10-03T22:56:51.1430570Z hint: Names commonly chosen instead of 'master' are 'main', 'trunk' and
database-full-load (100)	Run actions/checkout@3d3c42e5aac5ba805825da76410c181273ba90b1	2026-10-03T22:56:51.1431087Z hint: 'development'. The just-created branch can be renamed via this command:
database-full-load (100)	Run actions/checkout@3d3c42e5aac5ba805825da76410c181273ba90b1	2026-10-03T22:56:51.1431566Z hint:
database-full-load (100)	Run actions/checkout@3d3c42e5aac5ba805825da76410c181273ba90b1	2026-10-03T22:56:51.1431796Z hint: 	git branch -m <name>
database-full-load (100)	Run actions/checkout@3d3c42e5aac5ba805825da76410c181273ba90b1	2026-10-03T22:56:51.1432048Z hint:
database-full-load (100)	Run actions/checkout@3d3c42e5aac5ba805825da76410c181273ba90b1	2026-10-03T22:56:51.1432382Z hint: Disable this message with "git config set advice.defaultBranchName false"
database-full-load (100)	Run actions/checkout@3d3c42e5aac5ba805825da76410c181273ba90b1	2026-10-03T22:56:51.1433279Z Initialized empty Git repository in /home/runner/work/weir-tests/weir-tests/.git/
database-full-load (100)	Run actions/checkout@3d3c42e5aac5ba805825da76410c181273ba90b1	2026-10-03T22:56:51.1435485Z [command]/usr/bin/git remote add origin https://github.com/batchstream/weir-tests
database-full-load (100)	Run actions/checkout@3d3c42e5aac5ba805825da76410c181273ba90b1	2026-10-03T22:56:51.1488143Z ##[endgroup]
database-full-load (100)	Run actions/checkout@3d3c42e5aac5ba805825da76410c181273ba90b1	2026-10-03T22:56:51.1488800Z ##[group]Disabling automatic garbage collection
database-full-load (100)	Run actions/checkout@3d3c42e5aac5ba805825da76410c181273ba90b1	2026-10-03T22:56:51.1490012Z [command]/usr/bin/git config --local gc.auto 0
database-full-load (100)	Run actions/checkout@3d3c42e5aac5ba805825da76410c181273ba90b1	2026-10-03T22:56:51.1519506Z ##[endgroup]
database-full-load (100)	Run actions/checkout@3d3c42e5aac5ba805825da76410c181273ba90b1	2026-10-03T22:56:51.1520135Z ##[group]Setting up auth
database-full-load (100)	Run actions/checkout@3d3c42e5aac5ba805825da76410c181273ba90b1	2026-10-03T22:56:51.1520495Z Removing SSH command configuration
database-full-load (100)	Run actions/checkout@3d3c42e5aac5ba805825da76410c181273ba90b1	2026-10-03T22:56:51.1523473Z [command]/usr/bin/git config --local --name-only --get-regexp core\.sshCommand
database-full-load (100)	Run actions/checkout@3d3c42e5aac5ba805825da76410c181273ba90b1	2026-10-03T22:56:51.1553695Z [command]/usr/bin/git submodule foreach --recursive sh -c "git config --local --name-only --get-regexp 'core\.sshCommand' && git config --local --unset-all 'core.sshCommand' || :"
database-full-load (100)	Run actions/checkout@3d3c42e5aac5ba805825da76410c181273ba90b1	2026-10-03T22:56:51.1849929Z Removing HTTP extra header
database-full-load (100)	Run actions/checkout@3d3c42e5aac5ba805825da76410c181273ba90b1	2026-10-03T22:56:51.1853377Z [command]/usr/bin/git config --local --name-only --get-regexp http\.https\:\/\/github\.com\/\.extraheader
database-full-load (100)	Run actions/checkout@3d3c42e5aac5ba805825da76410c181273ba90b1	2026-10-03T22:56:51.1881211Z [command]/usr/bin/git submodule foreach --recursive sh -c "git config --local --name-only --get-regexp 'http\.https\:\/\/github\.com\/\.extraheader' && git config --local --unset-all 'http.https://github.com/.extraheader' || :"
database-full-load (100)	Run actions/checkout@3d3c42e5aac5ba805825da76410c181273ba90b1	2026-10-03T22:56:51.2045478Z Removing includeIf entries pointing to credentials config files
database-full-load (100)	Run actions/checkout@3d3c42e5aac5ba805825da76410c181273ba90b1	2026-10-03T22:56:51.2048847Z [command]/usr/bin/git config --local --name-only --get-regexp ^includeIf\.gitdir:
database-full-load (100)	Run actions/checkout@3d3c42e5aac5ba805825da76410c181273ba90b1	2026-10-03T22:56:51.2076103Z [command]/usr/bin/git submodule foreach --recursive git config --local --show-origin --name-only --get-regexp remote.origin.url
database-full-load (100)	Run actions/checkout@3d3c42e5aac5ba805825da76410c181273ba90b1	2026-10-03T22:56:51.2250257Z [command]/usr/bin/git config --file /home/runner/work/_temp/git-credentials-44f61ef4-5ed7-4d81-909d-4cd6ead66310.config http.https://github.com/.extraheader AUTHORIZATION: basic ***
database-full-load (100)	Run actions/checkout@3d3c42e5aac5ba805825da76410c181273ba90b1	2026-10-03T22:56:51.2281548Z [command]/usr/bin/git config --local includeIf.gitdir:/home/runner/work/weir-tests/weir-tests/.git.path /home/runner/work/_temp/git-credentials-44f61ef4-5ed7-4d81-909d-4cd6ead66310.config
database-full-load (100)	Run actions/checkout@3d3c42e5aac5ba805825da76410c181273ba90b1	2026-10-03T22:56:51.2310352Z [command]/usr/bin/git config --local includeIf.gitdir:/home/runner/work/weir-tests/weir-tests/.git/worktrees/*.path /home/runner/work/_temp/git-credentials-44f61ef4-5ed7-4d81-909d-4cd6ead66310.config
database-full-load (100)	Run actions/checkout@3d3c42e5aac5ba805825da76410c181273ba90b1	2026-10-03T22:56:51.2341452Z [command]/usr/bin/git config --local includeIf.gitdir:/github/workspace/.git.path /github/runner_temp/git-credentials-44f61ef4-5ed7-4d81-909d-4cd6ead66310.config
database-full-load (100)	Run actions/checkout@3d3c42e5aac5ba805825da76410c181273ba90b1	2026-10-03T22:56:51.2370601Z [command]/usr/bin/git config --local includeIf.gitdir:/github/workspace/.git/worktrees/*.path /github/runner_temp/git-credentials-44f61ef4-5ed7-4d81-909d-4cd6ead66310.config
database-full-load (100)	Run actions/checkout@3d3c42e5aac5ba805825da76410c181273ba90b1	2026-10-03T22:56:51.2396205Z ##[endgroup]
database-full-load (100)	Run actions/checkout@3d3c42e5aac5ba805825da76410c181273ba90b1	2026-10-03T22:56:51.2396645Z ##[group]Fetching the repository
database-full-load (100)	Run actions/checkout@3d3c42e5aac5ba805825da76410c181273ba90b1	2026-10-03T22:56:51.2400262Z [command]/usr/bin/git -c protocol.version=2 fetch --no-tags --prune --no-recurse-submodules --depth=1 origin 03fcec1bbb3806a41eca2aa39b4ff702a4b59331
database-full-load (100)	Run actions/checkout@3d3c42e5aac5ba805825da76410c181273ba90b1	2026-10-03T22:56:52.0774996Z From https://github.com/batchstream/weir-tests
database-full-load (100)	Run actions/checkout@3d3c42e5aac5ba805825da76410c181273ba90b1	2026-10-03T22:56:52.0776472Z  * branch            03fcec1bbb3806a41eca2aa39b4ff702a4b59331 -> FETCH_HEAD
database-full-load (100)	Run actions/checkout@3d3c42e5aac5ba805825da76410c181273ba90b1	2026-10-03T22:56:52.0783660Z [command]/usr/bin/git rev-parse --verify --quiet 03fcec1bbb3806a41eca2aa39b4ff702a4b59331^{object}
database-full-load (100)	Run actions/checkout@3d3c42e5aac5ba805825da76410c181273ba90b1	2026-10-03T22:56:52.0807904Z 03fcec1bbb3806a41eca2aa39b4ff702a4b59331
database-full-load (100)	Run actions/checkout@3d3c42e5aac5ba805825da76410c181273ba90b1	2026-10-03T22:56:52.0811595Z ##[endgroup]
database-full-load (100)	Run actions/checkout@3d3c42e5aac5ba805825da76410c181273ba90b1	2026-10-03T22:56:52.0812510Z ##[group]Determining the checkout info
database-full-load (100)	Run actions/checkout@3d3c42e5aac5ba805825da76410c181273ba90b1	2026-10-03T22:56:52.0813513Z ##[endgroup]
database-full-load (100)	Run actions/checkout@3d3c42e5aac5ba805825da76410c181273ba90b1	2026-10-03T22:56:52.0814456Z [command]/usr/bin/git sparse-checkout disable
database-full-load (100)	Run actions/checkout@3d3c42e5aac5ba805825da76410c181273ba90b1	2026-10-03T22:56:52.0855702Z [command]/usr/bin/git config --local --unset-all extensions.worktreeConfig
database-full-load (100)	Run actions/checkout@3d3c42e5aac5ba805825da76410c181273ba90b1	2026-10-03T22:56:52.0882122Z ##[group]Checking out the ref
database-full-load (100)	Run actions/checkout@3d3c42e5aac5ba805825da76410c181273ba90b1	2026-10-03T22:56:52.0884430Z [command]/usr/bin/git checkout --progress --force 03fcec1bbb3806a41eca2aa39b4ff702a4b59331
database-full-load (100)	Run actions/checkout@3d3c42e5aac5ba805825da76410c181273ba90b1	2026-10-03T22:56:52.1715207Z Note: switching to '03fcec1bbb3806a41eca2aa39b4ff702a4b59331'.
database-full-load (100)	Run actions/checkout@3d3c42e5aac5ba805825da76410c181273ba90b1	2026-10-03T22:56:52.1716297Z 
database-full-load (100)	Run actions/checkout@3d3c42e5aac5ba805825da76410c181273ba90b1	2026-10-03T22:56:52.1717049Z You are in 'detached HEAD' state. You can look around, make experimental
database-full-load (100)	Run actions/checkout@3d3c42e5aac5ba805825da76410c181273ba90b1	2026-10-03T22:56:52.1719010Z changes and commit them, and you can discard any commits you make in this
database-full-load (100)	Run actions/checkout@3d3c42e5aac5ba805825da76410c181273ba90b1	2026-10-03T22:56:52.1721000Z state without impacting any branches by switching back to a branch.
database-full-load (100)	Run actions/checkout@3d3c42e5aac5ba805825da76410c181273ba90b1	2026-10-03T22:56:52.1722163Z 
database-full-load (100)	Run actions/checkout@3d3c42e5aac5ba805825da76410c181273ba90b1	2026-10-03T22:56:52.1722944Z If you want to create a new branch to retain commits you create, you may
database-full-load (100)	Run actions/checkout@3d3c42e5aac5ba805825da76410c181273ba90b1	2026-10-03T22:56:52.1724942Z do so (now or later) by using -c with the switch command. Example:
database-full-load (100)	Run actions/checkout@3d3c42e5aac5ba805825da76410c181273ba90b1	2026-10-03T22:56:52.1725997Z 
database-full-load (100)	Run actions/checkout@3d3c42e5aac5ba805825da76410c181273ba90b1	2026-10-03T22:56:52.1726470Z   git switch -c <new-branch-name>
database-full-load (100)	Run actions/checkout@3d3c42e5aac5ba805825da76410c181273ba90b1	2026-10-03T22:56:52.1727280Z 
database-full-load (100)	Run actions/checkout@3d3c42e5aac5ba805825da76410c181273ba90b1	2026-10-03T22:56:52.1727749Z Or undo this operation with:
database-full-load (100)	Run actions/checkout@3d3c42e5aac5ba805825da76410c181273ba90b1	2026-10-03T22:56:52.1728438Z 
database-full-load (100)	Run actions/checkout@3d3c42e5aac5ba805825da76410c181273ba90b1	2026-10-03T22:56:52.1728858Z   git switch -
database-full-load (100)	Run actions/checkout@3d3c42e5aac5ba805825da76410c181273ba90b1	2026-10-03T22:56:52.1729665Z 
database-full-load (100)	Run actions/checkout@3d3c42e5aac5ba805825da76410c181273ba90b1	2026-10-03T22:56:52.1730584Z Turn off this advice by setting config variable advice.detachedHead to false
database-full-load (100)	Run actions/checkout@3d3c42e5aac5ba805825da76410c181273ba90b1	2026-10-03T22:56:52.1731832Z 
database-full-load (100)	Run actions/checkout@3d3c42e5aac5ba805825da76410c181273ba90b1	2026-10-03T22:56:52.1733094Z HEAD is now at 03fcec1 🐛 fix: bound database monitoring without discarding CPU evidence
database-full-load (100)	Run actions/checkout@3d3c42e5aac5ba805825da76410c181273ba90b1	2026-10-03T22:56:52.1740425Z ##[endgroup]
database-full-load (100)	Run actions/checkout@3d3c42e5aac5ba805825da76410c181273ba90b1	2026-10-03T22:56:52.1781643Z [command]/usr/bin/git log -1 --format=%H
database-full-load (100)	Run actions/checkout@3d3c42e5aac5ba805825da76410c181273ba90b1	2026-10-03T22:56:52.1806331Z 03fcec1bbb3806a41eca2aa39b4ff702a4b59331
database-full-load (100)	Run actions/checkout@3d3c42e5aac5ba805825da76410c181273ba90b1	2026-10-03T22:56:52.1816755Z ##[group]Removing auth
database-full-load (100)	Run actions/checkout@3d3c42e5aac5ba805825da76410c181273ba90b1	2026-10-03T22:56:52.1817647Z Removing SSH command configuration
database-full-load (100)	Run actions/checkout@3d3c42e5aac5ba805825da76410c181273ba90b1	2026-10-03T22:56:52.1818902Z [command]/usr/bin/git config --local --name-only --get-regexp core\.sshCommand
database-full-load (100)	Run actions/checkout@3d3c42e5aac5ba805825da76410c181273ba90b1	2026-10-03T22:56:52.1848532Z [command]/usr/bin/git submodule foreach --recursive sh -c "git config --local --name-only --get-regexp 'core\.sshCommand' && git config --local --unset-all 'core.sshCommand' || :"
database-full-load (100)	Run actions/checkout@3d3c42e5aac5ba805825da76410c181273ba90b1	2026-10-03T22:56:52.2022283Z Removing HTTP extra header
database-full-load (100)	Run actions/checkout@3d3c42e5aac5ba805825da76410c181273ba90b1	2026-10-03T22:56:52.2024339Z [command]/usr/bin/git config --local --name-only --get-regexp http\.https\:\/\/github\.com\/\.extraheader
database-full-load (100)	Run actions/checkout@3d3c42e5aac5ba805825da76410c181273ba90b1	2026-10-03T22:56:52.2056967Z [command]/usr/bin/git submodule foreach --recursive sh -c "git config --local --name-only --get-regexp 'http\.https\:\/\/github\.com\/\.extraheader' && git config --local --unset-all 'http.https://github.com/.extraheader' || :"
database-full-load (100)	Run actions/checkout@3d3c42e5aac5ba805825da76410c181273ba90b1	2026-10-03T22:56:52.2224736Z Removing includeIf entries pointing to credentials config files
database-full-load (100)	Run actions/checkout@3d3c42e5aac5ba805825da76410c181273ba90b1	2026-10-03T22:56:52.2226752Z [command]/usr/bin/git config --local --name-only --get-regexp ^includeIf\.gitdir:
database-full-load (100)	Run actions/checkout@3d3c42e5aac5ba805825da76410c181273ba90b1	2026-10-03T22:56:52.2251644Z includeif.gitdir:/home/runner/work/weir-tests/weir-tests/.git.path
database-full-load (100)	Run actions/checkout@3d3c42e5aac5ba805825da76410c181273ba90b1	2026-10-03T22:56:52.2253636Z includeif.gitdir:/home/runner/work/weir-tests/weir-tests/.git/worktrees/*.path
database-full-load (100)	Run actions/checkout@3d3c42e5aac5ba805825da76410c181273ba90b1	2026-10-03T22:56:52.2255515Z includeif.gitdir:/github/workspace/.git.path
database-full-load (100)	Run actions/checkout@3d3c42e5aac5ba805825da76410c181273ba90b1	2026-10-03T22:56:52.2256941Z includeif.gitdir:/github/workspace/.git/worktrees/*.path
database-full-load (100)	Run actions/checkout@3d3c42e5aac5ba805825da76410c181273ba90b1	2026-10-03T22:56:52.2260759Z [command]/usr/bin/git config --local --get-all includeif.gitdir:/home/runner/work/weir-tests/weir-tests/.git.path
database-full-load (100)	Run actions/checkout@3d3c42e5aac5ba805825da76410c181273ba90b1	2026-10-03T22:56:52.2281536Z /home/runner/work/_temp/git-credentials-44f61ef4-5ed7-4d81-909d-4cd6ead66310.config
database-full-load (100)	Run actions/checkout@3d3c42e5aac5ba805825da76410c181273ba90b1	2026-10-03T22:56:52.2288834Z [command]/usr/bin/git config --local --unset includeif.gitdir:/home/runner/work/weir-tests/weir-tests/.git.path \/home\/runner\/work\/_temp\/git\-credentials\-44f61ef4\-5ed7\-4d81\-909d\-4cd6ead66310\.config
database-full-load (100)	Run actions/checkout@3d3c42e5aac5ba805825da76410c181273ba90b1	2026-10-03T22:56:52.2318336Z [command]/usr/bin/git config --local --get-all includeif.gitdir:/home/runner/work/weir-tests/weir-tests/.git/worktrees/*.path
database-full-load (100)	Run actions/checkout@3d3c42e5aac5ba805825da76410c181273ba90b1	2026-10-03T22:56:52.2339602Z /home/runner/work/_temp/git-credentials-44f61ef4-5ed7-4d81-909d-4cd6ead66310.config
database-full-load (100)	Run actions/checkout@3d3c42e5aac5ba805825da76410c181273ba90b1	2026-10-03T22:56:52.2345394Z [command]/usr/bin/git config --local --unset includeif.gitdir:/home/runner/work/weir-tests/weir-tests/.git/worktrees/*.path \/home\/runner\/work\/_temp\/git\-credentials\-44f61ef4\-5ed7\-4d81\-909d\-4cd6ead66310\.config
database-full-load (100)	Run actions/checkout@3d3c42e5aac5ba805825da76410c181273ba90b1	2026-10-03T22:56:52.2376085Z [command]/usr/bin/git config --local --get-all includeif.gitdir:/github/workspace/.git.path
database-full-load (100)	Run actions/checkout@3d3c42e5aac5ba805825da76410c181273ba90b1	2026-10-03T22:56:52.2397233Z /github/runner_temp/git-credentials-44f61ef4-5ed7-4d81-909d-4cd6ead66310.config
database-full-load (100)	Run actions/checkout@3d3c42e5aac5ba805825da76410c181273ba90b1	2026-10-03T22:56:52.2403423Z [command]/usr/bin/git config --local --unset includeif.gitdir:/github/workspace/.git.path \/github\/runner_temp\/git\-credentials\-44f61ef4\-5ed7\-4d81\-909d\-4cd6ead66310\.config
database-full-load (100)	Run actions/checkout@3d3c42e5aac5ba805825da76410c181273ba90b1	2026-10-03T22:56:52.2435566Z [command]/usr/bin/git config --local --get-all includeif.gitdir:/github/workspace/.git/worktrees/*.path
database-full-load (100)	Run actions/checkout@3d3c42e5aac5ba805825da76410c181273ba90b1	2026-10-03T22:56:52.2457635Z /github/runner_temp/git-credentials-44f61ef4-5ed7-4d81-909d-4cd6ead66310.config
database-full-load (100)	Run actions/checkout@3d3c42e5aac5ba805825da76410c181273ba90b1	2026-10-03T22:56:52.2462651Z [command]/usr/bin/git config --local --unset includeif.gitdir:/github/workspace/.git/worktrees/*.path \/github\/runner_temp\/git\-credentials\-44f61ef4\-5ed7\-4d81\-909d\-4cd6ead66310\.config
database-full-load (100)	Run actions/checkout@3d3c42e5aac5ba805825da76410c181273ba90b1	2026-10-03T22:56:52.2490575Z [command]/usr/bin/git submodule foreach --recursive git config --local --show-origin --name-only --get-regexp remote.origin.url
database-full-load (100)	Run actions/checkout@3d3c42e5aac5ba805825da76410c181273ba90b1	2026-10-03T22:56:52.2658712Z Removing credentials config '/home/runner/work/_temp/git-credentials-44f61ef4-5ed7-4d81-909d-4cd6ead66310.config'
database-full-load (100)	Run actions/checkout@3d3c42e5aac5ba805825da76410c181273ba90b1	2026-10-03T22:56:52.2665261Z ##[endgroup]
database-full-load (100)	Run actions/setup-go@924ae3a1cded613372ab5595356fb5720e22ba16	﻿2026-10-03T22:56:52.2936657Z ##[group]Run actions/setup-go@924ae3a1cded613372ab5595356fb5720e22ba16
database-full-load (100)	Run actions/setup-go@924ae3a1cded613372ab5595356fb5720e22ba16	2026-10-03T22:56:52.2937622Z with:
database-full-load (100)	Run actions/setup-go@924ae3a1cded613372ab5595356fb5720e22ba16	2026-10-03T22:56:52.2938149Z   go-version-file: go.mod
database-full-load (100)	Run actions/setup-go@924ae3a1cded613372ab5595356fb5720e22ba16	2026-10-03T22:56:52.2938759Z   check-latest: false
database-full-load (100)	Run actions/setup-go@924ae3a1cded613372ab5595356fb5720e22ba16	2026-10-03T22:56:52.2943853Z   token: ***
database-full-load (100)	Run actions/setup-go@924ae3a1cded613372ab5595356fb5720e22ba16	2026-10-03T22:56:52.2944463Z   cache: true
database-full-load (100)	Run actions/setup-go@924ae3a1cded613372ab5595356fb5720e22ba16	2026-10-03T22:56:52.2944980Z env:
database-full-load (100)	Run actions/setup-go@924ae3a1cded613372ab5595356fb5720e22ba16	2026-10-03T22:56:52.2945469Z   GOENV: off
database-full-load (100)	Run actions/setup-go@924ae3a1cded613372ab5595356fb5720e22ba16	2026-10-03T22:56:52.2945989Z   GOWORK: off
database-full-load (100)	Run actions/setup-go@924ae3a1cded613372ab5595356fb5720e22ba16	2026-10-03T22:56:52.2946520Z   GOTOOLCHAIN: local
database-full-load (100)	Run actions/setup-go@924ae3a1cded613372ab5595356fb5720e22ba16	2026-10-03T22:56:52.2947101Z   GOFLAGS: -mod=readonly
database-full-load (100)	Run actions/setup-go@924ae3a1cded613372ab5595356fb5720e22ba16	2026-10-03T22:56:52.2947731Z   PYTHONDONTWRITEBYTECODE: 1
database-full-load (100)	Run actions/setup-go@924ae3a1cded613372ab5595356fb5720e22ba16	2026-10-03T22:56:52.2948365Z ##[endgroup]
database-full-load (100)	Run actions/setup-go@924ae3a1cded613372ab5595356fb5720e22ba16	2026-10-03T22:56:52.3709781Z Setup go version spec 1.27.1
database-full-load (100)	Run actions/setup-go@924ae3a1cded613372ab5595356fb5720e22ba16	2026-10-03T22:56:52.3716716Z Attempting to download 1.27.1...
database-full-load (100)	Run actions/setup-go@924ae3a1cded613372ab5595356fb5720e22ba16	2026-10-03T22:56:53.1523654Z matching 1.27.1...
database-full-load (100)	Run actions/setup-go@924ae3a1cded613372ab5595356fb5720e22ba16	2026-10-03T22:56:53.1540912Z Acquiring 1.27.1 from https://github.com/actions/go-versions/releases/download/1.27.1-33583469715/go-1.27.1-linux-x64.tar.gz
database-full-load (100)	Run actions/setup-go@924ae3a1cded613372ab5595356fb5720e22ba16	2026-10-03T22:56:53.8414858Z Extracting Go...
database-full-load (100)	Run actions/setup-go@924ae3a1cded613372ab5595356fb5720e22ba16	2026-10-03T22:56:53.8500874Z [command]/usr/bin/tar xz --warning=no-unknown-keyword --overwrite -C /home/runner/work/_temp/48831998-b57c-4010-a2c3-511a9ccdaed4 -f /home/runner/work/_temp/ba561b5e-9aa8-42f1-b846-a3f592b0a750
database-full-load (100)	Run actions/setup-go@924ae3a1cded613372ab5595356fb5720e22ba16	2026-10-03T22:56:55.1021337Z Successfully extracted go to /home/runner/work/_temp/48831998-b57c-4010-a2c3-511a9ccdaed4
database-full-load (100)	Run actions/setup-go@924ae3a1cded613372ab5595356fb5720e22ba16	2026-10-03T22:56:55.1021824Z Adding to the cache ...
database-full-load (100)	Run actions/setup-go@924ae3a1cded613372ab5595356fb5720e22ba16	2026-10-03T22:56:58.6826524Z Successfully cached go to /opt/hostedtoolcache/go/1.27.1/x64
database-full-load (100)	Run actions/setup-go@924ae3a1cded613372ab5595356fb5720e22ba16	2026-10-03T22:56:58.6828346Z Added go to the path
database-full-load (100)	Run actions/setup-go@924ae3a1cded613372ab5595356fb5720e22ba16	2026-10-03T22:56:58.6830261Z Successfully set up Go version 1.27.1
database-full-load (100)	Run actions/setup-go@924ae3a1cded613372ab5595356fb5720e22ba16	2026-10-03T22:56:58.6984896Z [command]/opt/hostedtoolcache/go/1.27.1/x64/bin/go env GOMODCACHE
database-full-load (100)	Run actions/setup-go@924ae3a1cded613372ab5595356fb5720e22ba16	2026-10-03T22:56:58.7012916Z [command]/opt/hostedtoolcache/go/1.27.1/x64/bin/go env GOCACHE
database-full-load (100)	Run actions/setup-go@924ae3a1cded613372ab5595356fb5720e22ba16	2026-10-03T22:56:58.7041434Z /home/runner/go/pkg/mod
database-full-load (100)	Run actions/setup-go@924ae3a1cded613372ab5595356fb5720e22ba16	2026-10-03T22:56:58.7054461Z /home/runner/.cache/go-build
database-full-load (100)	Run actions/setup-go@924ae3a1cded613372ab5595356fb5720e22ba16	2026-10-03T22:56:58.8690890Z Cache hit for: setup-go-Linux-x64-ubuntu24-go-1.27.1-f3893fbf0ff2b6e2efba8903234513786674983d753d1815a9a1fcf84a06448a
database-full-load (100)	Run actions/setup-go@924ae3a1cded613372ab5595356fb5720e22ba16	2026-10-03T22:57:00.0342259Z Received 125829120 of 252007507 (49.9%), 120.1 MBs/sec
database-full-load (100)	Run actions/setup-go@924ae3a1cded613372ab5595356fb5720e22ba16	2026-10-03T22:57:01.0339728Z Received 247813203 of 252007507 (98.3%), 118.2 MBs/sec
database-full-load (100)	Run actions/setup-go@924ae3a1cded613372ab5595356fb5720e22ba16	2026-10-03T22:57:01.1665248Z Received 252007507 of 252007507 (100.0%), 112.7 MBs/sec
database-full-load (100)	Run actions/setup-go@924ae3a1cded613372ab5595356fb5720e22ba16	2026-10-03T22:57:01.1665663Z Cache Size: ~240 MB (252007507 B)
database-full-load (100)	Run actions/setup-go@924ae3a1cded613372ab5595356fb5720e22ba16	2026-10-03T22:57:01.1687189Z [command]/usr/bin/tar -xf /home/runner/work/_temp/830580fa-b9ad-4e28-be3a-a6b8d50ab9cc/cache.tzst -P -C /home/runner/work/weir-tests/weir-tests --use-compress-program unzstd
database-full-load (100)	Run actions/setup-go@924ae3a1cded613372ab5595356fb5720e22ba16	2026-10-03T22:57:02.3511758Z Cache restored successfully
database-full-load (100)	Run actions/setup-go@924ae3a1cded613372ab5595356fb5720e22ba16	2026-10-03T22:57:02.3614193Z Cache restored from key: setup-go-Linux-x64-ubuntu24-go-1.27.1-f3893fbf0ff2b6e2efba8903234513786674983d753d1815a9a1fcf84a06448a
database-full-load (100)	Run actions/setup-go@924ae3a1cded613372ab5595356fb5720e22ba16	2026-10-03T22:57:02.3647182Z go version go1.27.1 linux/amd64
database-full-load (100)	Run actions/setup-go@924ae3a1cded613372ab5595356fb5720e22ba16	2026-10-03T22:57:02.3647372Z 
database-full-load (100)	Run actions/setup-go@924ae3a1cded613372ab5595356fb5720e22ba16	2026-10-03T22:57:02.3647606Z ##[group]go env
database-full-load (100)	Run actions/setup-go@924ae3a1cded613372ab5595356fb5720e22ba16	2026-10-03T22:57:02.3753087Z AR='ar'
database-full-load (100)	Run actions/setup-go@924ae3a1cded613372ab5595356fb5720e22ba16	2026-10-03T22:57:02.3753343Z CC='gcc'
database-full-load (100)	Run actions/setup-go@924ae3a1cded613372ab5595356fb5720e22ba16	2026-10-03T22:57:02.3753526Z CGO_CFLAGS='-O2 -g'
database-full-load (100)	Run actions/setup-go@924ae3a1cded613372ab5595356fb5720e22ba16	2026-10-03T22:57:02.3753721Z CGO_CPPFLAGS=''
database-full-load (100)	Run actions/setup-go@924ae3a1cded613372ab5595356fb5720e22ba16	2026-10-03T22:57:02.3754059Z CGO_CXXFLAGS='-O2 -g'
database-full-load (100)	Run actions/setup-go@924ae3a1cded613372ab5595356fb5720e22ba16	2026-10-03T22:57:02.3754377Z CGO_ENABLED='1'
database-full-load (100)	Run actions/setup-go@924ae3a1cded613372ab5595356fb5720e22ba16	2026-10-03T22:57:02.3754533Z CGO_FFLAGS='-O2 -g'
database-full-load (100)	Run actions/setup-go@924ae3a1cded613372ab5595356fb5720e22ba16	2026-10-03T22:57:02.3754732Z CGO_LDFLAGS='-O2 -g'
database-full-load (100)	Run actions/setup-go@924ae3a1cded613372ab5595356fb5720e22ba16	2026-10-03T22:57:02.3754855Z CXX='g++'
database-full-load (100)	Run actions/setup-go@924ae3a1cded613372ab5595356fb5720e22ba16	2026-10-03T22:57:02.3754992Z GCCGO='gccgo'
database-full-load (100)	Run actions/setup-go@924ae3a1cded613372ab5595356fb5720e22ba16	2026-10-03T22:57:02.3755106Z GO111MODULE=''
database-full-load (100)	Run actions/setup-go@924ae3a1cded613372ab5595356fb5720e22ba16	2026-10-03T22:57:02.3755218Z GOAMD64='v1'
database-full-load (100)	Run actions/setup-go@924ae3a1cded613372ab5595356fb5720e22ba16	2026-10-03T22:57:02.3755331Z GOARCH='amd64'
database-full-load (100)	Run actions/setup-go@924ae3a1cded613372ab5595356fb5720e22ba16	2026-10-03T22:57:02.3755472Z GOAUTH='netrc'
database-full-load (100)	Run actions/setup-go@924ae3a1cded613372ab5595356fb5720e22ba16	2026-10-03T22:57:02.3755595Z GOBIN='/home/runner/go/bin'
database-full-load (100)	Run actions/setup-go@924ae3a1cded613372ab5595356fb5720e22ba16	2026-10-03T22:57:02.3755753Z GOCACHE='/home/runner/.cache/go-build'
database-full-load (100)	Run actions/setup-go@924ae3a1cded613372ab5595356fb5720e22ba16	2026-10-03T22:57:02.3755905Z GOCACHEPROG=''
database-full-load (100)	Run actions/setup-go@924ae3a1cded613372ab5595356fb5720e22ba16	2026-10-03T22:57:02.3756020Z GODEBUG=''
database-full-load (100)	Run actions/setup-go@924ae3a1cded613372ab5595356fb5720e22ba16	2026-10-03T22:57:02.3756128Z GOENV=''
database-full-load (100)	Run actions/setup-go@924ae3a1cded613372ab5595356fb5720e22ba16	2026-10-03T22:57:02.3756230Z GOEXE=''
database-full-load (100)	Run actions/setup-go@924ae3a1cded613372ab5595356fb5720e22ba16	2026-10-03T22:57:02.3756347Z GOEXPERIMENT=''
database-full-load (100)	Run actions/setup-go@924ae3a1cded613372ab5595356fb5720e22ba16	2026-10-03T22:57:02.3756461Z GOFIPS140='off'
database-full-load (100)	Run actions/setup-go@924ae3a1cded613372ab5595356fb5720e22ba16	2026-10-03T22:57:02.3756582Z GOFLAGS='-mod=readonly'
database-full-load (100)	Run actions/setup-go@924ae3a1cded613372ab5595356fb5720e22ba16	2026-10-03T22:57:02.3756964Z GOGCCFLAGS='-fPIC -m64 -pthread -Wl,--no-gc-sections -fmessage-length=0 -ffile-prefix-map=/tmp/go-build3736178016=/tmp/go-build -gno-record-gcc-switches'
database-full-load (100)	Run actions/setup-go@924ae3a1cded613372ab5595356fb5720e22ba16	2026-10-03T22:57:02.3757549Z GOHOSTARCH='amd64'
database-full-load (100)	Run actions/setup-go@924ae3a1cded613372ab5595356fb5720e22ba16	2026-10-03T22:57:02.3757669Z GOHOSTOS='linux'
database-full-load (100)	Run actions/setup-go@924ae3a1cded613372ab5595356fb5720e22ba16	2026-10-03T22:57:02.3757787Z GOINSECURE=''
database-full-load (100)	Run actions/setup-go@924ae3a1cded613372ab5595356fb5720e22ba16	2026-10-03T22:57:02.3757972Z GOMOD='/home/runner/work/weir-tests/weir-tests/go.mod'
database-full-load (100)	Run actions/setup-go@924ae3a1cded613372ab5595356fb5720e22ba16	2026-10-03T22:57:02.3758164Z GOMODCACHE='/home/runner/go/pkg/mod'
database-full-load (100)	Run actions/setup-go@924ae3a1cded613372ab5595356fb5720e22ba16	2026-10-03T22:57:02.3758314Z GONOPROXY=''
database-full-load (100)	Run actions/setup-go@924ae3a1cded613372ab5595356fb5720e22ba16	2026-10-03T22:57:02.3758429Z GONOSUMDB=''
database-full-load (100)	Run actions/setup-go@924ae3a1cded613372ab5595356fb5720e22ba16	2026-10-03T22:57:02.3758536Z GOOS='linux'
database-full-load (100)	Run actions/setup-go@924ae3a1cded613372ab5595356fb5720e22ba16	2026-10-03T22:57:02.3758649Z GOPACKAGESDRIVER=''
database-full-load (100)	Run actions/setup-go@924ae3a1cded613372ab5595356fb5720e22ba16	2026-10-03T22:57:02.3758777Z GOPATH='/home/runner/go'
database-full-load (100)	Run actions/setup-go@924ae3a1cded613372ab5595356fb5720e22ba16	2026-10-03T22:57:02.3758919Z GOPRIVATE=''
database-full-load (100)	Run actions/setup-go@924ae3a1cded613372ab5595356fb5720e22ba16	2026-10-03T22:57:02.3759091Z GOPROXY='https://proxy.golang.org,direct'
database-full-load (100)	Run actions/setup-go@924ae3a1cded613372ab5595356fb5720e22ba16	2026-10-03T22:57:02.3759279Z GOROOT='/opt/hostedtoolcache/go/1.27.1/x64'
database-full-load (100)	Run actions/setup-go@924ae3a1cded613372ab5595356fb5720e22ba16	2026-10-03T22:57:02.3759449Z GOSUMDB='sum.golang.org'
database-full-load (100)	Run actions/setup-go@924ae3a1cded613372ab5595356fb5720e22ba16	2026-10-03T22:57:02.3759580Z GOTELEMETRY='local'
database-full-load (100)	Run actions/setup-go@924ae3a1cded613372ab5595356fb5720e22ba16	2026-10-03T22:57:02.3759735Z GOTELEMETRYDIR='/home/runner/.config/go/telemetry'
database-full-load (100)	Run actions/setup-go@924ae3a1cded613372ab5595356fb5720e22ba16	2026-10-03T22:57:02.3759903Z GOTMPDIR=''
database-full-load (100)	Run actions/setup-go@924ae3a1cded613372ab5595356fb5720e22ba16	2026-10-03T22:57:02.3760013Z GOTOOLCHAIN='local'
database-full-load (100)	Run actions/setup-go@924ae3a1cded613372ab5595356fb5720e22ba16	2026-10-03T22:57:02.3760194Z GOTOOLDIR='/opt/hostedtoolcache/go/1.27.1/x64/pkg/tool/linux_amd64'
database-full-load (100)	Run actions/setup-go@924ae3a1cded613372ab5595356fb5720e22ba16	2026-10-03T22:57:02.3760390Z GOVCS=''
database-full-load (100)	Run actions/setup-go@924ae3a1cded613372ab5595356fb5720e22ba16	2026-10-03T22:57:02.3760497Z GOVERSION='go1.27.1'
database-full-load (100)	Run actions/setup-go@924ae3a1cded613372ab5595356fb5720e22ba16	2026-10-03T22:57:02.3760616Z GOWORK='off'
database-full-load (100)	Run actions/setup-go@924ae3a1cded613372ab5595356fb5720e22ba16	2026-10-03T22:57:02.3760736Z PKG_CONFIG='pkg-config'
database-full-load (100)	Run actions/setup-go@924ae3a1cded613372ab5595356fb5720e22ba16	2026-10-03T22:57:02.3760818Z 
database-full-load (100)	Run actions/setup-go@924ae3a1cded613372ab5595356fb5720e22ba16	2026-10-03T22:57:02.3761032Z ##[endgroup]
database-full-load (100)	Prepare immutable tools and owned database images	﻿2026-10-03T22:57:02.4019721Z ##[group]Run python3 scripts/download_modules.py
database-full-load (100)	Prepare immutable tools and owned database images	2026-10-03T22:57:02.4020029Z [36;1mpython3 scripts/download_modules.py[0m
database-full-load (100)	Prepare immutable tools and owned database images	2026-10-03T22:57:02.4020214Z [36;1mpython3 scripts/prepare_weir.py[0m
database-full-load (100)	Prepare immutable tools and owned database images	2026-10-03T22:57:02.4020381Z [36;1mpython3 scripts/prepare_images.py[0m
database-full-load (100)	Prepare immutable tools and owned database images	2026-10-03T22:57:02.4258296Z shell: /usr/bin/bash --noprofile --norc -e -o pipefail {0}
database-full-load (100)	Prepare immutable tools and owned database images	2026-10-03T22:57:02.4258692Z env:
database-full-load (100)	Prepare immutable tools and owned database images	2026-10-03T22:57:02.4258810Z   GOENV: off
database-full-load (100)	Prepare immutable tools and owned database images	2026-10-03T22:57:02.4258921Z   GOWORK: off
database-full-load (100)	Prepare immutable tools and owned database images	2026-10-03T22:57:02.4259038Z   GOTOOLCHAIN: local
database-full-load (100)	Prepare immutable tools and owned database images	2026-10-03T22:57:02.4259164Z   GOFLAGS: -mod=readonly
database-full-load (100)	Prepare immutable tools and owned database images	2026-10-03T22:57:02.4259303Z   PYTHONDONTWRITEBYTECODE: 1
database-full-load (100)	Prepare immutable tools and owned database images	2026-10-03T22:57:02.4259446Z ##[endgroup]
database-full-load (100)	Prepare immutable tools and owned database images	2026-10-03T22:57:05.4349181Z all modules verified
database-full-load (100)	Prepare immutable tools and owned database images	2026-10-03T22:57:20.9753094Z /home/runner/work/weir-tests/weir-tests/.tools/weir
database-full-load (100)	Prepare immutable tools and owned database images	2026-10-03T22:57:21.4445620Z docker.io/library/mongo@sha256:d0d926f94df099bff534b7ee5b5986458131a22489dfff8664509af0c1e2ca9c: Pulling from library/mongo
database-full-load (100)	Prepare immutable tools and owned database images	2026-10-03T22:57:21.6028200Z a60ef8ec184e: Pulling fs layer
database-full-load (100)	Prepare immutable tools and owned database images	2026-10-03T22:57:21.6030018Z c4a88db82a6d: Pulling fs layer
database-full-load (100)	Prepare immutable tools and owned database images	2026-10-03T22:57:21.6030516Z f97373a3dd33: Pulling fs layer
database-full-load (100)	Prepare immutable tools and owned database images	2026-10-03T22:57:21.6030747Z 59898ec81c6b: Pulling fs layer
database-full-load (100)	Prepare immutable tools and owned database images	2026-10-03T22:57:21.6030960Z 2252b895f5de: Pulling fs layer
database-full-load (100)	Prepare immutable tools and owned database images	2026-10-03T22:57:21.6031293Z 08f85ec03d22: Pulling fs layer
database-full-load (100)	Prepare immutable tools and owned database images	2026-10-03T22:57:21.6031451Z cfbbec1d5328: Pulling fs layer
database-full-load (100)	Prepare immutable tools and owned database images	2026-10-03T22:57:21.6031607Z eedb5e3e5b38: Pulling fs layer
database-full-load (100)	Prepare immutable tools and owned database images	2026-10-03T22:57:21.6031741Z 08f85ec03d22: Waiting
database-full-load (100)	Prepare immutable tools and owned database images	2026-10-03T22:57:21.6031945Z cfbbec1d5328: Waiting
database-full-load (100)	Prepare immutable tools and owned database images	2026-10-03T22:57:21.6032094Z eedb5e3e5b38: Waiting
database-full-load (100)	Prepare immutable tools and owned database images	2026-10-03T22:57:21.6032216Z 59898ec81c6b: Waiting
database-full-load (100)	Prepare immutable tools and owned database images	2026-10-03T22:57:21.6032332Z 2252b895f5de: Waiting
database-full-load (100)	Prepare immutable tools and owned database images	2026-10-03T22:57:21.7315429Z c4a88db82a6d: Verifying Checksum
database-full-load (100)	Prepare immutable tools and owned database images	2026-10-03T22:57:21.7315814Z c4a88db82a6d: Download complete
database-full-load (100)	Prepare immutable tools and owned database images	2026-10-03T22:57:21.8602226Z f97373a3dd33: Download complete
database-full-load (100)	Prepare immutable tools and owned database images	2026-10-03T22:57:21.9039943Z a60ef8ec184e: Verifying Checksum
database-full-load (100)	Prepare immutable tools and owned database images	2026-10-03T22:57:21.9040410Z a60ef8ec184e: Download complete
database-full-load (100)	Prepare immutable tools and owned database images	2026-10-03T22:57:21.9323784Z 59898ec81c6b: Download complete
database-full-load (100)	Prepare immutable tools and owned database images	2026-10-03T22:57:21.9803001Z 2252b895f5de: Verifying Checksum
database-full-load (100)	Prepare immutable tools and owned database images	2026-10-03T22:57:21.9803376Z 2252b895f5de: Download complete
database-full-load (100)	Prepare immutable tools and owned database images	2026-10-03T22:57:22.0334545Z 08f85ec03d22: Download complete
database-full-load (100)	Prepare immutable tools and owned database images	2026-10-03T22:57:22.1356484Z eedb5e3e5b38: Download complete
database-full-load (100)	Prepare immutable tools and owned database images	2026-10-03T22:57:22.6482566Z a60ef8ec184e: Pull complete
database-full-load (100)	Prepare immutable tools and owned database images	2026-10-03T22:57:23.1533334Z cfbbec1d5328: Verifying Checksum
database-full-load (100)	Prepare immutable tools and owned database images	2026-10-03T22:57:23.1533666Z cfbbec1d5328: Download complete
database-full-load (100)	Prepare immutable tools and owned database images	2026-10-03T22:57:27.1380832Z c4a88db82a6d: Pull complete
database-full-load (100)	Prepare immutable tools and owned database images	2026-10-03T22:57:27.3060909Z f97373a3dd33: Pull complete
database-full-load (100)	Prepare immutable tools and owned database images	2026-10-03T22:57:27.3352391Z 59898ec81c6b: Pull complete
database-full-load (100)	Prepare immutable tools and owned database images	2026-10-03T22:57:27.3441756Z 2252b895f5de: Pull complete
database-full-load (100)	Prepare immutable tools and owned database images	2026-10-03T22:57:27.3499164Z 08f85ec03d22: Pull complete
database-full-load (100)	Prepare immutable tools and owned database images	2026-10-03T22:57:34.2649277Z cfbbec1d5328: Pull complete
database-full-load (100)	Prepare immutable tools and owned database images	2026-10-03T22:57:34.2780487Z eedb5e3e5b38: Pull complete
database-full-load (100)	Prepare immutable tools and owned database images	2026-10-03T22:57:34.2809130Z Digest: sha256:d0d926f94df099bff534b7ee5b5986458131a22489dfff8664509af0c1e2ca9c
database-full-load (100)	Prepare immutable tools and owned database images	2026-10-03T22:57:34.2814940Z Status: Downloaded newer image for mongo@sha256:d0d926f94df099bff534b7ee5b5986458131a22489dfff8664509af0c1e2ca9c
database-full-load (100)	Prepare immutable tools and owned database images	2026-10-03T22:57:34.2821635Z docker.io/library/mongo@sha256:d0d926f94df099bff534b7ee5b5986458131a22489dfff8664509af0c1e2ca9c
database-full-load (100)	Prepare immutable tools and owned database images	2026-10-03T22:57:34.8621060Z docker.elastic.co/elasticsearch/elasticsearch@sha256:e98f9c3b09beb2fbb9eaf667d602df3f0e00bd3644138b8458dc17ba1a675595: Pulling from elasticsearch/elasticsearch
database-full-load (100)	Prepare immutable tools and owned database images	2026-10-03T22:57:35.2209204Z 2c22c1bb1ce1: Pulling fs layer
database-full-load (100)	Prepare immutable tools and owned database images	2026-10-03T22:57:35.2209717Z 2796a25b8094: Pulling fs layer
database-full-load (100)	Prepare immutable tools and owned database images	2026-10-03T22:57:35.2209931Z 714e5b673049: Pulling fs layer
database-full-load (100)	Prepare immutable tools and owned database images	2026-10-03T22:57:35.2210146Z bd9ddc54bea9: Pulling fs layer
database-full-load (100)	Prepare immutable tools and owned database images	2026-10-03T22:57:35.2210384Z 2d68f716f01a: Pulling fs layer
database-full-load (100)	Prepare immutable tools and owned database images	2026-10-03T22:57:35.2210608Z c52e3a203c20: Pulling fs layer
database-full-load (100)	Prepare immutable tools and owned database images	2026-10-03T22:57:35.2210807Z 9b415d76a9c6: Pulling fs layer
database-full-load (100)	Prepare immutable tools and owned database images	2026-10-03T22:57:35.2211038Z d527cffe3ef6: Pulling fs layer
database-full-load (100)	Prepare immutable tools and owned database images	2026-10-03T22:57:35.2211277Z b8cda4b5aaf3: Pulling fs layer
database-full-load (100)	Prepare immutable tools and owned database images	2026-10-03T22:57:35.2211534Z 32c1c18d2ea5: Pulling fs layer
database-full-load (100)	Prepare immutable tools and owned database images	2026-10-03T22:57:35.2211731Z 9b415d76a9c6: Waiting
database-full-load (100)	Prepare immutable tools and owned database images	2026-10-03T22:57:35.2212309Z d527cffe3ef6: Waiting
database-full-load (100)	Prepare immutable tools and owned database images	2026-10-03T22:57:35.2212873Z b8cda4b5aaf3: Waiting
database-full-load (100)	Prepare immutable tools and owned database images	2026-10-03T22:57:35.2213046Z bd9ddc54bea9: Waiting
database-full-load (100)	Prepare immutable tools and owned database images	2026-10-03T22:57:35.2213172Z 32c1c18d2ea5: Waiting
database-full-load (100)	Prepare immutable tools and owned database images	2026-10-03T22:57:35.2213289Z 2d68f716f01a: Waiting
database-full-load (100)	Prepare immutable tools and owned database images	2026-10-03T22:57:35.2213487Z c52e3a203c20: Waiting
database-full-load (100)	Prepare immutable tools and owned database images	2026-10-03T22:57:35.6549745Z 714e5b673049: Verifying Checksum
database-full-load (100)	Prepare immutable tools and owned database images	2026-10-03T22:57:35.6550445Z 714e5b673049: Download complete
database-full-load (100)	Prepare immutable tools and owned database images	2026-10-03T22:57:35.7912407Z 2796a25b8094: Verifying Checksum
database-full-load (100)	Prepare immutable tools and owned database images	2026-10-03T22:57:35.7913049Z 2796a25b8094: Download complete
database-full-load (100)	Prepare immutable tools and owned database images	2026-10-03T22:57:35.8711621Z 2c22c1bb1ce1: Verifying Checksum
database-full-load (100)	Prepare immutable tools and owned database images	2026-10-03T22:57:35.8712104Z 2c22c1bb1ce1: Download complete
database-full-load (100)	Prepare immutable tools and owned database images	2026-10-03T22:57:35.9352555Z bd9ddc54bea9: Verifying Checksum
database-full-load (100)	Prepare immutable tools and owned database images	2026-10-03T22:57:35.9352902Z bd9ddc54bea9: Download complete
database-full-load (100)	Prepare immutable tools and owned database images	2026-10-03T22:57:36.2620551Z c52e3a203c20: Verifying Checksum
database-full-load (100)	Prepare immutable tools and owned database images	2026-10-03T22:57:36.2621063Z c52e3a203c20: Download complete
database-full-load (100)	Prepare immutable tools and owned database images	2026-10-03T22:57:36.2754386Z 9b415d76a9c6: Verifying Checksum
database-full-load (100)	Prepare immutable tools and owned database images	2026-10-03T22:57:36.2754827Z 9b415d76a9c6: Download complete
database-full-load (100)	Prepare immutable tools and owned database images	2026-10-03T22:57:36.5684167Z 2c22c1bb1ce1: Pull complete
database-full-load (100)	Prepare immutable tools and owned database images	2026-10-03T22:57:36.6368729Z b8cda4b5aaf3: Verifying Checksum
database-full-load (100)	Prepare immutable tools and owned database images	2026-10-03T22:57:36.6369090Z b8cda4b5aaf3: Download complete
database-full-load (100)	Prepare immutable tools and owned database images	2026-10-03T22:57:36.6489848Z d527cffe3ef6: Verifying Checksum
database-full-load (100)	Prepare immutable tools and owned database images	2026-10-03T22:57:36.6490191Z d527cffe3ef6: Download complete
database-full-load (100)	Prepare immutable tools and owned database images	2026-10-03T22:57:36.8668884Z 32c1c18d2ea5: Download complete
database-full-load (100)	Prepare immutable tools and owned database images	2026-10-03T22:57:37.5830326Z 2796a25b8094: Pull complete
database-full-load (100)	Prepare immutable tools and owned database images	2026-10-03T22:57:37.6115043Z 714e5b673049: Pull complete
database-full-load (100)	Prepare immutable tools and owned database images	2026-10-03T22:57:37.6194552Z bd9ddc54bea9: Pull complete
database-full-load (100)	Prepare immutable tools and owned database images	2026-10-03T22:57:47.1527477Z 2d68f716f01a: Verifying Checksum
database-full-load (100)	Prepare immutable tools and owned database images	2026-10-03T22:57:47.1527867Z 2d68f716f01a: Download complete
database-full-load (100)	Prepare immutable tools and owned database images	2026-10-03T22:57:57.0737150Z 2d68f716f01a: Pull complete
database-full-load (100)	Prepare immutable tools and owned database images	2026-10-03T22:57:57.0900589Z c52e3a203c20: Pull complete
database-full-load (100)	Prepare immutable tools and owned database images	2026-10-03T22:57:57.0978767Z 9b415d76a9c6: Pull complete
database-full-load (100)	Prepare immutable tools and owned database images	2026-10-03T22:57:57.1123197Z d527cffe3ef6: Pull complete
database-full-load (100)	Prepare immutable tools and owned database images	2026-10-03T22:57:57.1183861Z b8cda4b5aaf3: Pull complete
database-full-load (100)	Prepare immutable tools and owned database images	2026-10-03T22:57:57.1255849Z 32c1c18d2ea5: Pull complete
database-full-load (100)	Prepare immutable tools and owned database images	2026-10-03T22:57:57.1286656Z Digest: sha256:e98f9c3b09beb2fbb9eaf667d602df3f0e00bd3644138b8458dc17ba1a675595
database-full-load (100)	Prepare immutable tools and owned database images	2026-10-03T22:57:57.1292263Z Status: Downloaded newer image for docker.elastic.co/elasticsearch/elasticsearch@sha256:e98f9c3b09beb2fbb9eaf667d602df3f0e00bd3644138b8458dc17ba1a675595
database-full-load (100)	Prepare immutable tools and owned database images	2026-10-03T22:57:57.1298896Z docker.elastic.co/elasticsearch/elasticsearch@sha256:e98f9c3b09beb2fbb9eaf667d602df3f0e00bd3644138b8458dc17ba1a675595
database-full-load (100)	Independent single-request native and SDK clients	﻿2026-10-03T22:57:57.1687458Z ##[group]Run mkdir -p results/local
database-full-load (100)	Independent single-request native and SDK clients	2026-10-03T22:57:57.1687711Z [36;1mmkdir -p results/local[0m
database-full-load (100)	Independent single-request native and SDK clients	2026-10-03T22:57:57.1687884Z [36;1mgo build -o .tools/weir-lab ./cmd/weir-lab[0m
database-full-load (100)	Independent single-request native and SDK clients	2026-10-03T22:57:57.1688105Z [36;1mIFS=',' read -r -a batch_limits <<< "$BACKEND_BATCH_LIMITS"[0m
database-full-load (100)	Independent single-request native and SDK clients	2026-10-03T22:57:57.1688322Z [36;1mfor backend_limit in "${batch_limits[@]}"; do[0m
database-full-load (100)	Independent single-request native and SDK clients	2026-10-03T22:57:57.1688521Z [36;1m  export BACKEND_BATCH_LIMIT="$backend_limit"[0m
database-full-load (100)	Independent single-request native and SDK clients	2026-10-03T22:57:57.1688762Z [36;1m  export MEASUREMENT_OUTPUT="results/local/saturation-batch-$backend_limit"[0m
database-full-load (100)	Independent single-request native and SDK clients	2026-10-03T22:57:57.1689096Z [36;1m  export MEASUREMENT_RECEIPT="results/local/measurement-batch-$backend_limit.receipt.json"[0m
database-full-load (100)	Independent single-request native and SDK clients	2026-10-03T22:57:57.1689358Z [36;1m  python3 - <<'PY'[0m
database-full-load (100)	Independent single-request native and SDK clients	2026-10-03T22:57:57.1689524Z [36;1mimport hashlib, json, os, pathlib, subprocess[0m
database-full-load (100)	Independent single-request native and SDK clients	2026-10-03T22:57:57.1689714Z [36;1mbinary = pathlib.Path('.tools/weir-lab')[0m
database-full-load (100)	Independent single-request native and SDK clients	2026-10-03T22:57:57.1690653Z [36;1mcommand = [str(binary), '-mode', 'saturation', '-weir', '.tools/weir', '-backend', 'all', '-database-cpus', os.environ['DATABASE_CPUS'], '-store-concurrency', '32', '-backend-batch-limit', os.environ['BACKEND_BATCH_LIMIT'], '-client-processes', '4', '-concurrency-levels', os.environ['CLIENT_LEVELS'], '-batch-sizes', '1', '-records', '2048', '-payload-bytes', '1024', '-write-percent', os.environ['WRITE_PERCENT'], '-rounds', '3', '-warmup-duration', '10s', '-duration', '20s', '-output', os.environ['MEASUREMENT_OUTPUT']][0m
database-full-load (100)	Independent single-request native and SDK clients	2026-10-03T22:57:57.1692444Z [36;1mreceipt = {'host_memory_bytes': int(next(line for line in pathlib.Path('/proc/meminfo').read_text().splitlines() if line.startswith('MemTotal:')).split()[1]) * 1024, 'source': subprocess.check_output(['git', 'rev-parse', 'HEAD'], text=True).strip(), 'source_dirty': bool(subprocess.check_output(['git', 'status', '--porcelain'])), 'client_binary_sha256': hashlib.sha256(binary.read_bytes()).hexdigest(), 'client_build': subprocess.check_output(['go', 'version', '-m', str(binary)], text=True), 'versions': json.loads(pathlib.Path('versions.json').read_text()), 'command': command}[0m
database-full-load (100)	Independent single-request native and SDK clients	2026-10-03T22:57:57.1693610Z [36;1mif receipt['source_dirty']:[0m
database-full-load (100)	Independent single-request native and SDK clients	2026-10-03T22:57:57.1693823Z [36;1m    raise SystemExit('measurement requires a clean source checkout')[0m
database-full-load (100)	Independent single-request native and SDK clients	2026-10-03T22:57:57.1694305Z [36;1mpathlib.Path(os.environ['MEASUREMENT_RECEIPT']).write_text(json.dumps(receipt, indent=2) + '\n')[0m
database-full-load (100)	Independent single-request native and SDK clients	2026-10-03T22:57:57.1694559Z [36;1mPY[0m
database-full-load (100)	Independent single-request native and SDK clients	2026-10-03T22:57:57.1695369Z [36;1m  .tools/weir-lab -mode saturation -weir .tools/weir -backend all -database-cpus "$DATABASE_CPUS" -store-concurrency 32 -backend-batch-limit "$BACKEND_BATCH_LIMIT" -client-processes 4 -concurrency-levels "$CLIENT_LEVELS" -batch-sizes 1 -records 2048 -payload-bytes 1024 -write-percent "$WRITE_PERCENT" -rounds 3 -warmup-duration 10s -duration 20s -output "$MEASUREMENT_OUTPUT" 2>&1 | tee "results/local/saturation-batch-$backend_limit.log"[0m
database-full-load (100)	Independent single-request native and SDK clients	2026-10-03T22:57:57.1696209Z [36;1mdone[0m
database-full-load (100)	Independent single-request native and SDK clients	2026-10-03T22:57:57.1696330Z [36;1mgit diff --exit-code[0m
database-full-load (100)	Independent single-request native and SDK clients	2026-10-03T22:57:57.1749364Z shell: /usr/bin/bash --noprofile --norc -e -o pipefail {0}
database-full-load (100)	Independent single-request native and SDK clients	2026-10-03T22:57:57.1749554Z env:
database-full-load (100)	Independent single-request native and SDK clients	2026-10-03T22:57:57.1749665Z   GOENV: off
database-full-load (100)	Independent single-request native and SDK clients	2026-10-03T22:57:57.1749778Z   GOWORK: off
database-full-load (100)	Independent single-request native and SDK clients	2026-10-03T22:57:57.1749893Z   GOTOOLCHAIN: local
database-full-load (100)	Independent single-request native and SDK clients	2026-10-03T22:57:57.1750047Z   GOFLAGS: -mod=readonly
database-full-load (100)	Independent single-request native and SDK clients	2026-10-03T22:57:57.1750187Z   PYTHONDONTWRITEBYTECODE: 1
database-full-load (100)	Independent single-request native and SDK clients	2026-10-03T22:57:57.1750321Z   GOPROXY: off
database-full-load (100)	Independent single-request native and SDK clients	2026-10-03T22:57:57.1750433Z   GOSUMDB: off
database-full-load (100)	Independent single-request native and SDK clients	2026-10-03T22:57:57.1750546Z   WRITE_PERCENT: 100
database-full-load (100)	Independent single-request native and SDK clients	2026-10-03T22:57:57.1750665Z   DATABASE_CPUS: 1
database-full-load (100)	Independent single-request native and SDK clients	2026-10-03T22:57:57.1750785Z   CLIENT_LEVELS: 8,32,128,512
database-full-load (100)	Independent single-request native and SDK clients	2026-10-03T22:57:57.1750923Z   BACKEND_BATCH_LIMITS: 32
database-full-load (100)	Independent single-request native and SDK clients	2026-10-03T22:57:57.1751051Z ##[endgroup]
database-full-load (100)	Independent single-request native and SDK clients	2026-10-03T22:58:20.8816195Z Owned fixture logs: /tmp/weir-tests-4195585606
database-full-load (100)	Independent single-request native and SDK clients	2026-10-03T22:59:21.9822863Z single-request backend=mongo processes=4 workers=8 round=1 direct=5003.6 weir=3482.8 DB-CPU direct=98.1% weir=83.3%
database-full-load (100)	Independent single-request native and SDK clients	2026-10-03T23:00:23.0594289Z single-request backend=mongo processes=4 workers=8 round=2 direct=3997.9 weir=3395.9 DB-CPU direct=84.0% weir=81.0%
database-full-load (100)	Independent single-request native and SDK clients	2026-10-03T23:01:24.1380539Z single-request backend=mongo processes=4 workers=8 round=3 direct=4181.4 weir=3536.0 DB-CPU direct=94.2% weir=91.6%
database-full-load (100)	Independent single-request native and SDK clients	2026-10-03T23:02:25.2333507Z single-request backend=mongo processes=4 workers=32 round=1 direct=5252.5 weir=4915.4 DB-CPU direct=99.0% weir=99.0%
database-full-load (100)	Independent single-request native and SDK clients	2026-10-03T23:03:26.7427288Z single-request backend=mongo processes=4 workers=32 round=2 direct=5307.0 weir=4858.0 DB-CPU direct=98.4% weir=99.7%
database-full-load (100)	Independent single-request native and SDK clients	2026-10-03T23:04:27.9311565Z single-request backend=mongo processes=4 workers=32 round=3 direct=5167.3 weir=4578.6 DB-CPU direct=98.2% weir=98.9%
database-full-load (100)	Independent single-request native and SDK clients	2026-10-03T23:05:29.2333704Z single-request backend=mongo processes=4 workers=128 round=1 direct=5178.5 weir=7351.4 DB-CPU direct=99.5% weir=98.2%
database-full-load (100)	Independent single-request native and SDK clients	2026-10-03T23:06:30.8240262Z single-request backend=mongo processes=4 workers=128 round=2 direct=5251.2 weir=6994.3 DB-CPU direct=99.5% weir=97.5%
database-full-load (100)	Independent single-request native and SDK clients	2026-10-03T23:07:32.4369716Z single-request backend=mongo processes=4 workers=128 round=3 direct=4820.1 weir=6848.7 DB-CPU direct=99.7% weir=99.1%
database-full-load (100)	Independent single-request native and SDK clients	2026-10-03T23:08:34.3256301Z single-request backend=mongo processes=4 workers=512 round=1 direct=4155.0 weir=9626.9 DB-CPU direct=100.0% weir=98.4%
database-full-load (100)	Independent single-request native and SDK clients	2026-10-03T23:09:36.2335482Z single-request backend=mongo processes=4 workers=512 round=2 direct=3832.2 weir=8944.4 DB-CPU direct=100.0% weir=95.9%
database-full-load (100)	Independent single-request native and SDK clients	2026-10-03T23:10:38.1104511Z single-request backend=mongo processes=4 workers=512 round=3 direct=4058.3 weir=9303.8 DB-CPU direct=99.6% weir=99.0%
database-full-load (100)	Independent single-request native and SDK clients	2026-10-03T23:10:38.1371024Z # Database saturation comparison
database-full-load (100)	Independent single-request native and SDK clients	2026-10-03T23:10:38.1371308Z 
database-full-load (100)	Independent single-request native and SDK clients	2026-10-03T23:10:38.1371475Z Backend **mongo**. Started 2026-10-03T22:58:20.908894149Z.
database-full-load (100)	Independent single-request native and SDK clients	2026-10-03T23:10:38.1371733Z 
database-full-load (100)	Independent single-request native and SDK clients	2026-10-03T23:10:38.1373470Z independent OS client processes send one record per native call or unary SDK RPC; native FindOne/ReplaceOne or single-ID mget/PUT; no client aggregation; worker-owned disjoint IDs; common phase barriers and unchanged pools across warmup and measurement; alternating AB/BA; latency is each business request including validation, queueing and any server aggregation; independent persisted postflight; sustained database CPU requires >=5 intervals, >=80% measurement coverage, mean CPU>=threshold and CPU>=threshold during >=80% measurement duration in every round, plus <=10% next-level throughput gain.
database-full-load (100)	Independent single-request native and SDK clients	2026-10-03T23:10:38.1375638Z 
database-full-load (100)	Independent single-request native and SDK clients	2026-10-03T23:10:38.1375856Z Warmup 10s and measurement 20s per path/stage, 3 paired rounds, requested writes 100%.
database-full-load (100)	Independent single-request native and SDK clients	2026-10-03T23:10:38.1376127Z 
database-full-load (100)	Independent single-request native and SDK clients	2026-10-03T23:10:38.1376801Z 4 independent OS client processes. Each worker sends one business request containing one record, waits for its acknowledged result, and validates it. p50/p95/p99 describe individual requests; histograms are pooled rather than averaging process quantiles.
database-full-load (100)	Independent single-request native and SDK clients	2026-10-03T23:10:38.1377509Z 
database-full-load (100)	Independent single-request native and SDK clients	2026-10-03T23:10:38.1377910Z | Batch | Workers | Round | Path | Read | Write | Success | Errors/unknown | Ops/s | p95 call ms | DB CPU budget % | Full CPU time % | Sampling coverage % | Verified |
database-full-load (100)	Independent single-request native and SDK clients	2026-10-03T23:10:38.1378570Z | ---: | ---: | ---: | --- | ---: | ---: | ---: | ---: | ---: | ---: | ---: | ---: | ---: | --- |
database-full-load (100)	Independent single-request native and SDK clients	2026-10-03T23:10:38.1378986Z | 1 | 8 | 1 | direct | 0 | 100074 | 100074 | 0 | 5003.6 | 1.791 | 98.1 | 94.3 | 99.5 | true |
database-full-load (100)	Independent single-request native and SDK clients	2026-10-03T23:10:38.1379376Z | 1 | 8 | 1 | weir | 0 | 69662 | 69662 | 0 | 3482.8 | 3.839 | 83.3 | 36.9 | 94.8 | true |
database-full-load (100)	Independent single-request native and SDK clients	2026-10-03T23:10:38.1379747Z | 1 | 8 | 2 | direct | 0 | 79963 | 79963 | 0 | 3997.9 | 3.583 | 84.0 | 31.3 | 99.5 | true |
database-full-load (100)	Independent single-request native and SDK clients	2026-10-03T23:10:38.1380126Z | 1 | 8 | 2 | weir | 0 | 67927 | 67927 | 0 | 3395.9 | 4.095 | 81.0 | 37.1 | 94.8 | true |
database-full-load (100)	Independent single-request native and SDK clients	2026-10-03T23:10:38.1380493Z | 1 | 8 | 3 | direct | 0 | 83631 | 83631 | 0 | 4181.4 | 2.303 | 94.2 | 84.0 | 99.7 | true |
database-full-load (100)	Independent single-request native and SDK clients	2026-10-03T23:10:38.1380911Z | 1 | 8 | 3 | weir | 0 | 70729 | 70729 | 0 | 3536.0 | 3.327 | 91.6 | 78.9 | 94.8 | true |
database-full-load (100)	Independent single-request native and SDK clients	2026-10-03T23:10:38.1381307Z | 1 | 32 | 1 | direct | 0 | 105058 | 105058 | 0 | 5252.5 | 53.247 | 99.0 | 95.1 | 95.1 | true |
database-full-load (100)	Independent single-request native and SDK clients	2026-10-03T23:10:38.1381583Z | 1 | 32 | 1 | weir | 0 | 98323 | 98323 | 0 | 4915.4 | 20.479 | 99.0 | 90.7 | 96.2 | true |
database-full-load (100)	Independent single-request native and SDK clients	2026-10-03T23:10:38.1382053Z | 1 | 32 | 2 | direct | 0 | 106151 | 106151 | 0 | 5307.0 | 53.247 | 98.4 | 96.2 | 96.2 | true |
database-full-load (100)	Independent single-request native and SDK clients	2026-10-03T23:10:38.1382315Z | 1 | 32 | 2 | weir | 0 | 97169 | 97169 | 0 | 4858.0 | 20.479 | 99.7 | 96.1 | 96.1 | true |
database-full-load (100)	Independent single-request native and SDK clients	2026-10-03T23:10:38.1382573Z | 1 | 32 | 3 | direct | 0 | 103354 | 103354 | 0 | 5167.3 | 53.247 | 98.2 | 97.0 | 97.0 | true |
database-full-load (100)	Independent single-request native and SDK clients	2026-10-03T23:10:38.1382830Z | 1 | 32 | 3 | weir | 0 | 91586 | 91586 | 0 | 4578.6 | 20.479 | 98.9 | 96.3 | 96.3 | true |
database-full-load (100)	Independent single-request native and SDK clients	2026-10-03T23:10:38.1383090Z | 1 | 128 | 1 | direct | 0 | 103601 | 103601 | 0 | 5178.5 | 81.919 | 99.5 | 97.4 | 97.4 | true |
database-full-load (100)	Independent single-request native and SDK clients	2026-10-03T23:10:38.1383484Z | 1 | 128 | 1 | weir | 0 | 147183 | 147183 | 0 | 7351.4 | 57.343 | 98.2 | 97.0 | 97.0 | true |
database-full-load (100)	Independent single-request native and SDK clients	2026-10-03T23:10:38.1383892Z | 1 | 128 | 2 | direct | 0 | 105069 | 105069 | 0 | 5251.2 | 81.919 | 99.5 | 97.1 | 97.1 | true |
database-full-load (100)	Independent single-request native and SDK clients	2026-10-03T23:10:38.1384399Z | 1 | 128 | 2 | weir | 0 | 139934 | 139934 | 0 | 6994.3 | 73.727 | 97.5 | 91.2 | 96.4 | true |
database-full-load (100)	Independent single-request native and SDK clients	2026-10-03T23:10:38.1384718Z | 1 | 128 | 3 | direct | 0 | 96428 | 96428 | 0 | 4820.1 | 81.919 | 99.7 | 97.2 | 97.2 | true |
database-full-load (100)	Independent single-request native and SDK clients	2026-10-03T23:10:38.1384977Z | 1 | 128 | 3 | weir | 0 | 137058 | 137058 | 0 | 6848.7 | 61.439 | 99.1 | 96.9 | 96.9 | true |
database-full-load (100)	Independent single-request native and SDK clients	2026-10-03T23:10:38.1385236Z | 1 | 512 | 1 | direct | 0 | 83522 | 83522 | 0 | 4155.0 | 262.143 | 100.0 | 99.1 | 99.1 | true |
database-full-load (100)	Independent single-request native and SDK clients	2026-10-03T23:10:38.1385501Z | 1 | 512 | 1 | weir | 0 | 192647 | 192647 | 0 | 9626.9 | 122.879 | 98.4 | 97.0 | 97.0 | true |
database-full-load (100)	Independent single-request native and SDK clients	2026-10-03T23:10:38.1385766Z | 1 | 512 | 2 | direct | 0 | 77061 | 77061 | 0 | 3832.2 | 327.679 | 100.0 | 99.6 | 99.6 | true |
database-full-load (100)	Independent single-request native and SDK clients	2026-10-03T23:10:38.1386030Z | 1 | 512 | 2 | weir | 0 | 179467 | 179467 | 0 | 8944.4 | 147.455 | 95.9 | 91.2 | 96.5 | true |
database-full-load (100)	Independent single-request native and SDK clients	2026-10-03T23:10:38.1386291Z | 1 | 512 | 3 | direct | 0 | 81598 | 81598 | 0 | 4058.3 | 294.911 | 99.6 | 99.7 | 99.7 | true |
database-full-load (100)	Independent single-request native and SDK clients	2026-10-03T23:10:38.1386582Z | 1 | 512 | 3 | weir | 0 | 186258 | 186258 | 0 | 9303.8 | 122.879 | 99.0 | 97.2 | 97.2 | true |
database-full-load (100)	Independent single-request native and SDK clients	2026-10-03T23:10:38.1386867Z 
database-full-load (100)	Independent single-request native and SDK clients	2026-10-03T23:10:38.1387011Z Measured Weir adapter and unary RPC evidence (warmup, reset and postflight excluded):
database-full-load (100)	Independent single-request native and SDK clients	2026-10-03T23:10:38.1387188Z 
database-full-load (100)	Independent single-request native and SDK clients	2026-10-03T23:10:38.1387452Z | Batch | Workers | Round | Adapter invocations | Mean adapter batch | Read/Mutate RPCs | Queue mean ms | Adapter mean ms | Rejections | Backend concurrency limit |
database-full-load (100)	Independent single-request native and SDK clients	2026-10-03T23:10:38.1387837Z | ---: | ---: | ---: | ---: | ---: | --- | ---: | ---: | ---: | ---: |
database-full-load (100)	Independent single-request native and SDK clients	2026-10-03T23:10:38.1388043Z | 1 | 8 | 1 | 63897 | 1.090 | 0/69662 | 0.008 | 1.741 | 0 | 32.000 |
database-full-load (100)	Independent single-request native and SDK clients	2026-10-03T23:10:38.1388241Z | 1 | 8 | 2 | 61864 | 1.098 | 0/67927 | 0.009 | 1.798 | 0 | 32.000 |
database-full-load (100)	Independent single-request native and SDK clients	2026-10-03T23:10:38.1388434Z | 1 | 8 | 3 | 64708 | 1.093 | 0/70729 | 0.009 | 1.714 | 0 | 32.000 |
database-full-load (100)	Independent single-request native and SDK clients	2026-10-03T23:10:38.1388633Z | 1 | 32 | 1 | 74110 | 1.327 | 0/98323 | 0.044 | 4.558 | 0 | 32.000 |
database-full-load (100)	Independent single-request native and SDK clients	2026-10-03T23:10:38.1388831Z | 1 | 32 | 2 | 72987 | 1.331 | 0/97169 | 0.045 | 4.513 | 0 | 32.000 |
database-full-load (100)	Independent single-request native and SDK clients	2026-10-03T23:10:38.1389029Z | 1 | 32 | 3 | 68257 | 1.342 | 0/91586 | 0.047 | 5.067 | 0 | 32.000 |
database-full-load (100)	Independent single-request native and SDK clients	2026-10-03T23:10:38.1389232Z | 1 | 128 | 1 | 50784 | 2.898 | 0/147183 | 1.397 | 8.511 | 0 | 32.000 |
database-full-load (100)	Independent single-request native and SDK clients	2026-10-03T23:10:38.1389440Z | 1 | 128 | 2 | 47343 | 2.956 | 0/139934 | 1.576 | 9.322 | 0 | 32.000 |
database-full-load (100)	Independent single-request native and SDK clients	2026-10-03T23:10:38.1389640Z | 1 | 128 | 3 | 47103 | 2.910 | 0/137058 | 1.346 | 9.415 | 0 | 32.000 |
database-full-load (100)	Independent single-request native and SDK clients	2026-10-03T23:10:38.1389846Z | 1 | 512 | 1 | 18711 | 10.296 | 0/192647 | 6.580 | 24.293 | 0 | 32.000 |
database-full-load (100)	Independent single-request native and SDK clients	2026-10-03T23:10:38.1390059Z | 1 | 512 | 2 | 18601 | 9.648 | 0/179467 | 7.868 | 24.190 | 0 | 32.000 |
database-full-load (100)	Independent single-request native and SDK clients	2026-10-03T23:10:38.1390262Z | 1 | 512 | 3 | 18974 | 9.816 | 0/186258 | 6.877 | 23.938 | 0 | 32.000 |
database-full-load (100)	Independent single-request native and SDK clients	2026-10-03T23:10:38.1390387Z 
database-full-load (100)	Independent single-request native and SDK clients	2026-10-03T23:10:38.1390968Z **Batch 1: database-full-load throughput comparison unavailable.** both paths must independently demonstrate sustained database CPU saturation and a verified next-level throughput plateau; increase concurrency or isolate client/Weir resources; I/O/network-bound saturation needs additional device/link capacity evidence.
database-full-load (100)	Independent single-request native and SDK clients	2026-10-03T23:10:38.1391657Z 
database-full-load (100)	Independent single-request native and SDK clients	2026-10-03T23:10:38.1392032Z Best verified business QPS within this ladder: direct 5242.3 (32 workers), Weir 9291.4 (512 workers), observed change +77.24%. This is a measured business-throughput comparison, not a maximum-database-capacity claim.
database-full-load (100)	Independent single-request native and SDK clients	2026-10-03T23:10:38.1392415Z 
database-full-load (100)	Independent single-request native and SDK clients	2026-10-03T23:10:38.1392638Z Observed single-request business performance at matched client concurrency (independent of the database-capacity qualification):
database-full-load (100)	Independent single-request native and SDK clients	2026-10-03T23:10:38.1392899Z 
database-full-load (100)	Independent single-request native and SDK clients	2026-10-03T23:10:38.1393038Z | Workers | Direct QPS | Weir QPS | Change | Direct p50/p95/p99 ms | Weir p50/p95/p99 ms |
database-full-load (100)	Independent single-request native and SDK clients	2026-10-03T23:10:38.1393277Z | ---: | ---: | ---: | ---: | --- | --- |
database-full-load (100)	Independent single-request native and SDK clients	2026-10-03T23:10:38.1393480Z | 8 | 4394.3 | 3471.6 | -21.00% | 1.023 / 2.047 / 32.767 | 1.791 / 3.583 / 15.359 |
database-full-load (100)	Independent single-request native and SDK clients	2026-10-03T23:10:38.1393722Z | 32 | 5242.3 | 4784.0 | -8.74% | 2.559 / 53.247 / 73.727 | 4.607 / 20.479 / 57.343 |
database-full-load (100)	Independent single-request native and SDK clients	2026-10-03T23:10:38.1394221Z | 128 | 5083.3 | 7064.9 | +38.98% | 10.239 / 81.919 / 122.879 | 13.311 / 61.439 / 90.111 |
database-full-load (100)	Independent single-request native and SDK clients	2026-10-03T23:10:38.1394636Z | 512 | 4015.1 | 9291.4 | +131.41% | 106.495 / 294.911 / 491.519 | 40.959 / 122.879 / 393.215 |
database-full-load (100)	Independent single-request native and SDK clients	2026-10-03T23:10:38.1394867Z 
database-full-load (100)	Independent single-request native and SDK clients	2026-10-03T23:10:38.1395695Z These QPS and latency observations apply to this hardware and measured concurrency range. A business-throughput improvement can exist without demonstrating the maximum database capacity. An underfull database or missing next-level plateau keeps the database-capacity comparison unavailable.
database-full-load (100)	Independent single-request native and SDK clients	2026-10-03T23:10:38.1396549Z 
database-full-load (100)	Independent single-request native and SDK clients	2026-10-03T23:10:38.1398221Z Aggregation evidence: the JSON records one business request per record, Read/Mutate RPC counts, adapter invocation counts, average adapter batch and its cumulative histogram, and RPCs per adapter invocation. An adapter invocation is not necessarily one physical database wire command. MongoDB physical find/update/bulkWrite/getMore/killCursors deltas come from owned serverStatus at timed boundaries; missing counters remain unavailable. Elasticsearch has no equivalent physical HTTP-command counter. Every child PID, configured native pool limit, final revision ranges, exit result and sampled CPU/RSS is retained; coordinator sampling CPU is excluded from business-client CPU.
database-full-load (100)	Independent single-request native and SDK clients	2026-10-03T23:10:38.1399699Z 
database-full-load (100)	Independent single-request native and SDK clients	2026-10-03T23:10:38.1401586Z The JSON retains before/after raw public Weir metrics and their observed deltas, every resource sample, monitor failures, raw cumulative database/container I/O and network counters, CPU quota/host core denominator, and client/Weir cumulative CPU. Docker CPU uses cumulative Engine usage and read timestamps across each entire sampling interval, never CLI instantaneous percentages. Both interval endpoints must succeed; missing intervals reduce full-run coverage. Samples include monitoring traffic and background database work. Native ps CPU has platform-dependent clock resolution. Native databases share the host CPU budget with the client and Weir. Disk/network utilization or capacity is not inferred from byte counters. A plateau without sustained database CPU saturation is not a database-full-load result. Startup/discovery/reset/postflight and warmup are excluded from throughput; all in-flight completion and validation is included.
database-full-load (100)	Independent single-request native and SDK clients	2026-10-03T23:11:42.1832647Z single-request backend=search processes=4 workers=8 round=1 direct=1320.6 weir=1241.3 DB-CPU direct=82.0% weir=52.1%
database-full-load (100)	Independent single-request native and SDK clients	2026-10-03T23:12:43.7846908Z single-request backend=search processes=4 workers=8 round=2 direct=1939.8 weir=1654.5 DB-CPU direct=49.3% weir=53.2%
database-full-load (100)	Independent single-request native and SDK clients	2026-10-03T23:13:45.2032243Z single-request backend=search processes=4 workers=8 round=3 direct=1924.0 weir=1791.5 DB-CPU direct=43.6% weir=51.4%
database-full-load (100)	Independent single-request native and SDK clients	2026-10-03T23:14:46.5222973Z single-request backend=search processes=4 workers=32 round=1 direct=2101.4 weir=1803.6 DB-CPU direct=46.6% weir=53.5%
database-full-load (100)	Independent single-request native and SDK clients	2026-10-03T23:15:47.7823799Z single-request backend=search processes=4 workers=32 round=2 direct=1956.8 weir=1397.4 DB-CPU direct=42.4% weir=42.9%
database-full-load (100)	Independent single-request native and SDK clients	2026-10-03T23:16:19.0288335Z # Database saturation comparison
database-full-load (100)	Independent single-request native and SDK clients	2026-10-03T23:16:19.0288675Z 
database-full-load (100)	Independent single-request native and SDK clients	2026-10-03T23:16:19.0288826Z Backend **search**. Started 2026-10-03T23:10:38.51179695Z.
database-full-load (100)	Independent single-request native and SDK clients	2026-10-03T23:16:19.0289270Z 
database-full-load (100)	Independent single-request native and SDK clients	2026-10-03T23:16:19.0291099Z independent OS client processes send one record per native call or unary SDK RPC; native FindOne/ReplaceOne or single-ID mget/PUT; no client aggregation; worker-owned disjoint IDs; common phase barriers and unchanged pools across warmup and measurement; alternating AB/BA; latency is each business request including validation, queueing and any server aggregation; independent persisted postflight; sustained database CPU requires >=5 intervals, >=80% measurement coverage, mean CPU>=threshold and CPU>=threshold during >=80% measurement duration in every round, plus <=10% next-level throughput gain.
database-full-load (100)	Independent single-request native and SDK clients	2026-10-03T23:16:19.0292881Z 
database-full-load (100)	Independent single-request native and SDK clients	2026-10-03T23:16:19.0293117Z Warmup 10s and measurement 20s per path/stage, 3 paired rounds, requested writes 100%.
database-full-load (100)	Independent single-request native and SDK clients	2026-10-03T23:16:19.0293405Z 
database-full-load (100)	Independent single-request native and SDK clients	2026-10-03T23:16:19.0294278Z 4 independent OS client processes. Each worker sends one business request containing one record, waits for its acknowledged result, and validates it. p50/p95/p99 describe individual requests; histograms are pooled rather than averaging process quantiles.
database-full-load (100)	Independent single-request native and SDK clients	2026-10-03T23:16:19.0295106Z 
database-full-load (100)	Independent single-request native and SDK clients	2026-10-03T23:16:19.0295537Z | Batch | Workers | Round | Path | Read | Write | Success | Errors/unknown | Ops/s | p95 call ms | DB CPU budget % | Full CPU time % | Sampling coverage % | Verified |
database-full-load (100)	Independent single-request native and SDK clients	2026-10-03T23:16:19.0296193Z | ---: | ---: | ---: | --- | ---: | ---: | ---: | ---: | ---: | ---: | ---: | ---: | ---: | --- |
database-full-load (100)	Independent single-request native and SDK clients	2026-10-03T23:16:19.0296618Z | 1 | 8 | 1 | direct | 0 | 26418 | 26418 | 0 | 1320.6 | 16.383 | 82.0 | 52.3 | 99.2 | true |
database-full-load (100)	Independent single-request native and SDK clients	2026-10-03T23:16:19.0297037Z | 1 | 8 | 1 | weir | 0 | 24830 | 24830 | 0 | 1241.3 | 12.287 | 52.1 | 5.2 | 99.0 | true |
database-full-load (100)	Independent single-request native and SDK clients	2026-10-03T23:16:19.0297445Z | 1 | 8 | 2 | direct | 0 | 38803 | 38803 | 0 | 1939.8 | 4.607 | 49.3 | 0.0 | 99.3 | true |
database-full-load (100)	Independent single-request native and SDK clients	2026-10-03T23:16:19.0297859Z | 1 | 8 | 2 | weir | 0 | 33096 | 33096 | 0 | 1654.5 | 5.119 | 53.2 | 0.0 | 94.8 | true |
database-full-load (100)	Independent single-request native and SDK clients	2026-10-03T23:16:19.0298459Z | 1 | 8 | 3 | direct | 0 | 38487 | 38487 | 0 | 1924.0 | 4.607 | 43.6 | 0.0 | 98.8 | true |
database-full-load (100)	Independent single-request native and SDK clients	2026-10-03T23:16:19.0298860Z | 1 | 8 | 3 | weir | 0 | 35837 | 35837 | 0 | 1791.5 | 5.119 | 51.4 | 0.0 | 99.4 | true |
database-full-load (100)	Independent single-request native and SDK clients	2026-10-03T23:16:19.0299275Z | 1 | 32 | 1 | direct | 0 | 42056 | 42056 | 0 | 2101.4 | 18.431 | 46.6 | 0.0 | 98.8 | true |
database-full-load (100)	Independent single-request native and SDK clients	2026-10-03T23:16:19.0299690Z | 1 | 32 | 1 | weir | 0 | 36099 | 36099 | 0 | 1803.6 | 22.527 | 53.5 | 0.0 | 99.6 | true |
database-full-load (100)	Independent single-request native and SDK clients	2026-10-03T23:16:19.0300104Z | 1 | 32 | 2 | direct | 0 | 39164 | 39164 | 0 | 1956.8 | 18.431 | 42.4 | 0.0 | 98.7 | true |
database-full-load (100)	Independent single-request native and SDK clients	2026-10-03T23:16:19.0300508Z | 1 | 32 | 2 | weir | 0 | 27975 | 27975 | 0 | 1397.4 | 36.863 | 42.9 | 0.0 | 99.3 | true |
database-full-load (100)	Independent single-request native and SDK clients	2026-10-03T23:16:19.0300869Z | 1 | 32 | 3 |  | 0 | 0 | 0 | 0 | 0.0 | 0.000 | 0.0 | 0.0 | 0.0 | false |
database-full-load (100)	Independent single-request native and SDK clients	2026-10-03T23:16:19.0301229Z | 1 | 32 | 3 | weir | 0 | 16987 | 16978 | 9 | 835.0 | 106.495 | 24.8 | 0.0 | 97.0 | true |
database-full-load (100)	Independent single-request native and SDK clients	2026-10-03T23:16:19.0301475Z 
database-full-load (100)	Independent single-request native and SDK clients	2026-10-03T23:16:19.0301703Z Measured Weir adapter and unary RPC evidence (warmup, reset and postflight excluded):
database-full-load (100)	Independent single-request native and SDK clients	2026-10-03T23:16:19.0301994Z 
database-full-load (100)	Independent single-request native and SDK clients	2026-10-03T23:16:19.0302431Z | Batch | Workers | Round | Adapter invocations | Mean adapter batch | Read/Mutate RPCs | Queue mean ms | Adapter mean ms | Rejections | Backend concurrency limit |
database-full-load (100)	Independent single-request native and SDK clients	2026-10-03T23:16:19.0303051Z | ---: | ---: | ---: | ---: | ---: | --- | ---: | ---: | ---: | ---: |
database-full-load (100)	Independent single-request native and SDK clients	2026-10-03T23:16:19.0303384Z | 1 | 8 | 1 | 24795 | 1.001 | 0/24830 | 0.006 | 6.177 | 0 | 32.000 |
database-full-load (100)	Independent single-request native and SDK clients	2026-10-03T23:16:19.0303700Z | 1 | 8 | 2 | 33063 | 1.001 | 0/33096 | 0.006 | 4.565 | 0 | 32.000 |
database-full-load (100)	Independent single-request native and SDK clients	2026-10-03T23:16:19.0304114Z | 1 | 8 | 3 | 35796 | 1.001 | 0/35837 | 0.006 | 4.206 | 0 | 32.000 |
database-full-load (100)	Independent single-request native and SDK clients	2026-10-03T23:16:19.0304432Z | 1 | 32 | 1 | 36036 | 1.002 | 0/36099 | 0.008 | 17.479 | 0 | 32.000 |
database-full-load (100)	Independent single-request native and SDK clients	2026-10-03T23:16:19.0304752Z | 1 | 32 | 2 | 27903 | 1.003 | 0/27975 | 0.008 | 22.610 | 0 | 32.000 |
database-full-load (100)	Independent single-request native and SDK clients	2026-10-03T23:16:19.0305068Z | 1 | 32 | 3 | 16940 | 1.003 | 0/16987 | 0.007 | 34.321 | 0 | 32.000 |
database-full-load (100)	Independent single-request native and SDK clients	2026-10-03T23:16:19.0305268Z 
database-full-load (100)	Independent single-request native and SDK clients	2026-10-03T23:16:19.0307364Z Aggregation evidence: the JSON records one business request per record, Read/Mutate RPC counts, adapter invocation counts, average adapter batch and its cumulative histogram, and RPCs per adapter invocation. An adapter invocation is not necessarily one physical database wire command. MongoDB physical find/update/bulkWrite/getMore/killCursors deltas come from owned serverStatus at timed boundaries; missing counters remain unavailable. Elasticsearch has no equivalent physical HTTP-command counter. Every child PID, configured native pool limit, final revision ranges, exit result and sampled CPU/RSS is retained; coordinator sampling CPU is excluded from business-client CPU.
database-full-load (100)	Independent single-request native and SDK clients	2026-10-03T23:16:19.0311195Z 
database-full-load (100)	Independent single-request native and SDK clients	2026-10-03T23:16:19.0314212Z The JSON retains before/after raw public Weir metrics and their observed deltas, every resource sample, monitor failures, raw cumulative database/container I/O and network counters, CPU quota/host core denominator, and client/Weir cumulative CPU. Docker CPU uses cumulative Engine usage and read timestamps across each entire sampling interval, never CLI instantaneous percentages. Both interval endpoints must succeed; missing intervals reduce full-run coverage. Samples include monitoring traffic and background database work. Native ps CPU has platform-dependent clock resolution. Native databases share the host CPU budget with the client and Weir. Disk/network utilization or capacity is not inferred from byte counters. A plateau without sustained database CPU saturation is not a database-full-load result. Startup/discovery/reset/postflight and warmup are excluded from throughput; all in-flight completion and validation is included.
database-full-load (100)	Independent single-request native and SDK clients	2026-10-03T23:16:19.0316930Z 
database-full-load (100)	Independent single-request native and SDK clients	2026-10-03T23:16:19.0317223Z Incomplete: weir single-request stage failed: exit status 1 exit status 1 exit status 1 exit status 1 
database-full-load (100)	Independent single-request native and SDK clients	2026-10-03T23:16:23.7112296Z weir single-request stage failed: exit status 1
database-full-load (100)	Independent single-request native and SDK clients	2026-10-03T23:16:23.7124936Z exit status 1
database-full-load (100)	Independent single-request native and SDK clients	2026-10-03T23:16:23.7127346Z exit status 1
database-full-load (100)	Independent single-request native and SDK clients	2026-10-03T23:16:23.7127529Z exit status 1 
database-full-load (100)	Independent single-request native and SDK clients	2026-10-03T23:16:23.7127775Z saturation matrix workload failed or was incomplete
database-full-load (100)	Independent single-request native and SDK clients	2026-10-03T23:16:23.7147974Z ##[error]Process completed with exit code 1.
database-full-load (100)	Preserve raw resource samples, workload validation and cleanup	﻿2026-10-03T23:16:23.7215820Z ##[group]Run actions/upload-artifact@ea165f8d65b6e75b540449e92b4886f43607fa02
database-full-load (100)	Preserve raw resource samples, workload validation and cleanup	2026-10-03T23:16:23.7216065Z with:
database-full-load (100)	Preserve raw resource samples, workload validation and cleanup	2026-10-03T23:16:23.7216275Z   name: saturation-evidence-writes-100-03fcec1bbb3806a41eca2aa39b4ff702a4b59331
database-full-load (100)	Preserve raw resource samples, workload validation and cleanup	2026-10-03T23:16:23.7216831Z   path: results/local/
database-full-load (100)	Preserve raw resource samples, workload validation and cleanup	/tmp/weir-tests-*/manifest.json
database-full-load (100)	Preserve raw resource samples, workload validation and cleanup	/tmp/weir-tests-*/cleanup.json
database-full-load (100)	Preserve raw resource samples, workload validation and cleanup	/tmp/weir-tests-*/*config.json
database-full-load (100)	Preserve raw resource samples, workload validation and cleanup	/tmp/weir-tests-*/*routes.json
database-full-load (100)	Preserve raw resource samples, workload validation and cleanup	/tmp/weir-tests-*/*process.log
database-full-load (100)	Preserve raw resource samples, workload validation and cleanup	/tmp/weir-tests-*/docker-engine.json
database-full-load (100)	Preserve raw resource samples, workload validation and cleanup	
database-full-load (100)	Preserve raw resource samples, workload validation and cleanup	2026-10-03T23:16:23.7217290Z   retention-days: 14
database-full-load (100)	Preserve raw resource samples, workload validation and cleanup	2026-10-03T23:16:23.7217421Z   if-no-files-found: warn
database-full-load (100)	Preserve raw resource samples, workload validation and cleanup	2026-10-03T23:16:23.7217556Z   compression-level: 6
database-full-load (100)	Preserve raw resource samples, workload validation and cleanup	2026-10-03T23:16:23.7217678Z   overwrite: false
database-full-load (100)	Preserve raw resource samples, workload validation and cleanup	2026-10-03T23:16:23.7217801Z   include-hidden-files: false
database-full-load (100)	Preserve raw resource samples, workload validation and cleanup	2026-10-03T23:16:23.7217934Z env:
database-full-load (100)	Preserve raw resource samples, workload validation and cleanup	2026-10-03T23:16:23.7218052Z   GOENV: off
database-full-load (100)	Preserve raw resource samples, workload validation and cleanup	2026-10-03T23:16:23.7218160Z   GOWORK: off
database-full-load (100)	Preserve raw resource samples, workload validation and cleanup	2026-10-03T23:16:23.7218269Z   GOTOOLCHAIN: local
database-full-load (100)	Preserve raw resource samples, workload validation and cleanup	2026-10-03T23:16:23.7218396Z   GOFLAGS: -mod=readonly
database-full-load (100)	Preserve raw resource samples, workload validation and cleanup	2026-10-03T23:16:23.7218533Z   PYTHONDONTWRITEBYTECODE: 1
database-full-load (100)	Preserve raw resource samples, workload validation and cleanup	2026-10-03T23:16:23.7218697Z ##[endgroup]
database-full-load (100)	Preserve raw resource samples, workload validation and cleanup	2026-10-03T23:16:23.8500145Z (node:13403) [DEP0040] DeprecationWarning: The `punycode` module is deprecated. Please use a userland alternative instead.
database-full-load (100)	Preserve raw resource samples, workload validation and cleanup	2026-10-03T23:16:23.8500872Z (Use `node --trace-deprecation ...` to show where the warning was created)
database-full-load (100)	Preserve raw resource samples, workload validation and cleanup	2026-10-03T23:16:23.8595925Z Multiple search paths detected. Calculating the least common ancestor of all paths
database-full-load (100)	Preserve raw resource samples, workload validation and cleanup	2026-10-03T23:16:23.8597194Z The least common ancestor is /. This will be the root directory of the artifact
database-full-load (100)	Preserve raw resource samples, workload validation and cleanup	2026-10-03T23:16:23.8597652Z With the provided path, there will be 12 files uploaded
database-full-load (100)	Preserve raw resource samples, workload validation and cleanup	2026-10-03T23:16:23.8601463Z Artifact name is valid!
database-full-load (100)	Preserve raw resource samples, workload validation and cleanup	2026-10-03T23:16:23.8602310Z Root directory input is valid!
database-full-load (100)	Preserve raw resource samples, workload validation and cleanup	2026-10-03T23:16:24.1413416Z Beginning upload of artifact content to blob storage
database-full-load (100)	Preserve raw resource samples, workload validation and cleanup	2026-10-03T23:16:24.2131953Z (node:13403) [DEP0169] DeprecationWarning: `url.parse()` behavior is not standardized and prone to errors that have security implications. Use the WHATWG URL API instead. CVEs are not issued for `url.parse()` vulnerabilities.
database-full-load (100)	Preserve raw resource samples, workload validation and cleanup	2026-10-03T23:16:24.5669692Z Uploaded bytes 583263
database-full-load (100)	Preserve raw resource samples, workload validation and cleanup	2026-10-03T23:16:24.6156693Z Finished uploading artifact content to blob storage!
database-full-load (100)	Preserve raw resource samples, workload validation and cleanup	2026-10-03T23:16:24.6157321Z SHA256 digest of uploaded artifact zip is 56631eff296f9be92807da26aa525574a9d0c0da65ea9c5352e0a4eb1d458f85
database-full-load (100)	Preserve raw resource samples, workload validation and cleanup	2026-10-03T23:16:24.6158165Z Finalizing artifact upload
database-full-load (100)	Preserve raw resource samples, workload validation and cleanup	2026-10-03T23:16:24.8566795Z Artifact saturation-evidence-writes-100-03fcec1bbb3806a41eca2aa39b4ff702a4b59331.zip successfully finalized. Artifact ID 11287423088
database-full-load (100)	Preserve raw resource samples, workload validation and cleanup	2026-10-03T23:16:24.8567889Z Artifact saturation-evidence-writes-100-03fcec1bbb3806a41eca2aa39b4ff702a4b59331 has been successfully uploaded! Final size is 583263 bytes. Artifact ID is 11287423088
database-full-load (100)	Preserve raw resource samples, workload validation and cleanup	2026-10-03T23:16:24.8572185Z Artifact download URL: https://github.com/batchstream/weir-tests/actions/runs/37160128363/artifacts/11287423088
database-full-load (100)	Post Run actions/checkout@3d3c42e5aac5ba805825da76410c181273ba90b1	﻿2026-10-03T23:16:24.8740982Z Post job cleanup.
database-full-load (100)	Post Run actions/checkout@3d3c42e5aac5ba805825da76410c181273ba90b1	2026-10-03T23:16:24.9299243Z [command]/usr/bin/git version
database-full-load (100)	Post Run actions/checkout@3d3c42e5aac5ba805825da76410c181273ba90b1	2026-10-03T23:16:24.9334287Z git version 2.55.0
database-full-load (100)	Post Run actions/checkout@3d3c42e5aac5ba805825da76410c181273ba90b1	2026-10-03T23:16:24.9363814Z Temporarily overriding HOME='/home/runner/work/_temp/0a9ffa96-a6d7-4175-a5ea-457dc06f5b8b' before making global git config changes
database-full-load (100)	Post Run actions/checkout@3d3c42e5aac5ba805825da76410c181273ba90b1	2026-10-03T23:16:24.9364785Z Adding repository directory to the temporary git global config as a safe directory
database-full-load (100)	Post Run actions/checkout@3d3c42e5aac5ba805825da76410c181273ba90b1	2026-10-03T23:16:24.9367520Z [command]/usr/bin/git config --global --add safe.directory /home/runner/work/weir-tests/weir-tests
database-full-load (100)	Post Run actions/checkout@3d3c42e5aac5ba805825da76410c181273ba90b1	2026-10-03T23:16:24.9397396Z Removing SSH command configuration
database-full-load (100)	Post Run actions/checkout@3d3c42e5aac5ba805825da76410c181273ba90b1	2026-10-03T23:16:24.9401476Z [command]/usr/bin/git config --local --name-only --get-regexp core\.sshCommand
database-full-load (100)	Post Run actions/checkout@3d3c42e5aac5ba805825da76410c181273ba90b1	2026-10-03T23:16:24.9458160Z [command]/usr/bin/git submodule foreach --recursive sh -c "git config --local --name-only --get-regexp 'core\.sshCommand' && git config --local --unset-all 'core.sshCommand' || :"
database-full-load (100)	Post Run actions/checkout@3d3c42e5aac5ba805825da76410c181273ba90b1	2026-10-03T23:16:24.9659022Z Removing HTTP extra header
database-full-load (100)	Post Run actions/checkout@3d3c42e5aac5ba805825da76410c181273ba90b1	2026-10-03T23:16:24.9664685Z [command]/usr/bin/git config --local --name-only --get-regexp http\.https\:\/\/github\.com\/\.extraheader
database-full-load (100)	Post Run actions/checkout@3d3c42e5aac5ba805825da76410c181273ba90b1	2026-10-03T23:16:24.9696371Z [command]/usr/bin/git submodule foreach --recursive sh -c "git config --local --name-only --get-regexp 'http\.https\:\/\/github\.com\/\.extraheader' && git config --local --unset-all 'http.https://github.com/.extraheader' || :"
database-full-load (100)	Post Run actions/checkout@3d3c42e5aac5ba805825da76410c181273ba90b1	2026-10-03T23:16:24.9895018Z Removing includeIf entries pointing to credentials config files
database-full-load (100)	Post Run actions/checkout@3d3c42e5aac5ba805825da76410c181273ba90b1	2026-10-03T23:16:24.9900721Z [command]/usr/bin/git config --local --name-only --get-regexp ^includeIf\.gitdir:
database-full-load (100)	Post Run actions/checkout@3d3c42e5aac5ba805825da76410c181273ba90b1	2026-10-03T23:16:24.9932789Z [command]/usr/bin/git submodule foreach --recursive git config --local --show-origin --name-only --get-regexp remote.origin.url
database-full-load (100)	Complete job	﻿2026-10-03T23:16:25.0223127Z Cleaning up orphan processes
database-full-load (100)	Complete job	2026-10-03T23:16:25.0449713Z ##[warning]Node.js 20 is deprecated. The following actions target Node.js 20 but are being forced to run on Node.js 24: actions/upload-artifact@ea165f8d65b6e75b540449e92b4886f43607fa02. For more information see: https://github.blog/changelog/2025-09-19-deprecation-of-node-20-on-github-actions-runners/
