database-full-load (100)	Set up job	﻿2026-10-03T22:56:37.5103652Z Current runner version: '2.337.0'
database-full-load (100)	Set up job	2026-10-03T22:56:37.5124012Z ##[group]Runner Image Provisioner
database-full-load (100)	Set up job	2026-10-03T22:56:37.5124682Z Hosted Compute Agent
database-full-load (100)	Set up job	2026-10-03T22:56:37.5125247Z Version: 20260901.588
database-full-load (100)	Set up job	2026-10-03T22:56:37.5125800Z Commit: f88ec8081b781fac6c440065ac7ff9e710ce3d0b
database-full-load (100)	Set up job	2026-10-03T22:56:37.5126406Z Build Date: 2026-09-01T19:56:44Z
database-full-load (100)	Set up job	2026-10-03T22:56:37.5127108Z Worker ID: {1055915f-13a1-4238-96fe-63a058bbe57a}
database-full-load (100)	Set up job	2026-10-03T22:56:37.5127679Z Azure Region: eastus
database-full-load (100)	Set up job	2026-10-03T22:56:37.5128228Z ##[endgroup]
database-full-load (100)	Set up job	2026-10-03T22:56:37.5129587Z ##[group]Operating System
database-full-load (100)	Set up job	2026-10-03T22:56:37.5130182Z Ubuntu
database-full-load (100)	Set up job	2026-10-03T22:56:37.5130640Z 24.04.5
database-full-load (100)	Set up job	2026-10-03T22:56:37.5131047Z LTS
database-full-load (100)	Set up job	2026-10-03T22:56:37.5131523Z ##[endgroup]
database-full-load (100)	Set up job	2026-10-03T22:56:37.5132005Z ##[group]Runner Image
database-full-load (100)	Set up job	2026-10-03T22:56:37.5132517Z Image: ubuntu-24.04
database-full-load (100)	Set up job	2026-10-03T22:56:37.5133372Z Version: 20260927.320.1
database-full-load (100)	Set up job	2026-10-03T22:56:37.5134216Z Included Software: https://github.com/actions/runner-images/blob/ubuntu24/20260927.320/images/ubuntu/Ubuntu2404-Readme.md
database-full-load (100)	Set up job	2026-10-03T22:56:37.5135659Z Image Release: https://github.com/actions/runner-images/releases/tag/ubuntu24%2F20260927.320
database-full-load (100)	Set up job	2026-10-03T22:56:37.5136462Z ##[endgroup]
database-full-load (100)	Set up job	2026-10-03T22:56:37.5137655Z ##[group]GITHUB_TOKEN Permissions
database-full-load (100)	Set up job	2026-10-03T22:56:37.5139410Z Contents: read
database-full-load (100)	Set up job	2026-10-03T22:56:37.5139945Z Metadata: read
database-full-load (100)	Set up job	2026-10-03T22:56:37.5140479Z ##[endgroup]
database-full-load (100)	Set up job	2026-10-03T22:56:37.5142140Z Secret source: Actions
database-full-load (100)	Set up job	2026-10-03T22:56:37.5142865Z Cache mode: write
database-full-load (100)	Set up job	2026-10-03T22:56:37.5143902Z Prepare workflow directory
database-full-load (100)	Set up job	2026-10-03T22:56:37.5460090Z Prepare all required actions
database-full-load (100)	Set up job	2026-10-03T22:56:37.5498626Z Getting action download info
database-full-load (100)	Set up job	2026-10-03T22:56:37.7548708Z Download action repository 'actions/checkout@3d3c42e5aac5ba805825da76410c181273ba90b1' (SHA:3d3c42e5aac5ba805825da76410c181273ba90b1)
database-full-load (100)	Set up job	2026-10-03T22:56:37.8778626Z Download action repository 'actions/setup-go@924ae3a1cded613372ab5595356fb5720e22ba16' (SHA:924ae3a1cded613372ab5595356fb5720e22ba16)
database-full-load (100)	Set up job	2026-10-03T22:56:38.0759253Z Download action repository 'actions/upload-artifact@ea165f8d65b6e75b540449e92b4886f43607fa02' (SHA:ea165f8d65b6e75b540449e92b4886f43607fa02)
database-full-load (100)	Set up job	2026-10-03T22:56:38.3405323Z Complete job name: database-full-load (100)
database-full-load (100)	Run actions/checkout@3d3c42e5aac5ba805825da76410c181273ba90b1	﻿2026-10-03T22:56:38.4068366Z ##[group]Run actions/checkout@3d3c42e5aac5ba805825da76410c181273ba90b1
database-full-load (100)	Run actions/checkout@3d3c42e5aac5ba805825da76410c181273ba90b1	2026-10-03T22:56:38.4069519Z with:
database-full-load (100)	Run actions/checkout@3d3c42e5aac5ba805825da76410c181273ba90b1	2026-10-03T22:56:38.4069998Z   ref: 03fcec1bbb3806a41eca2aa39b4ff702a4b59331
database-full-load (100)	Run actions/checkout@3d3c42e5aac5ba805825da76410c181273ba90b1	2026-10-03T22:56:38.4070698Z   persist-credentials: false
database-full-load (100)	Run actions/checkout@3d3c42e5aac5ba805825da76410c181273ba90b1	2026-10-03T22:56:38.4071312Z   repository: batchstream/weir-tests
database-full-load (100)	Run actions/checkout@3d3c42e5aac5ba805825da76410c181273ba90b1	2026-10-03T22:56:38.4077820Z   token: ***
database-full-load (100)	Run actions/checkout@3d3c42e5aac5ba805825da76410c181273ba90b1	2026-10-03T22:56:38.4078255Z   ssh-strict: true
database-full-load (100)	Run actions/checkout@3d3c42e5aac5ba805825da76410c181273ba90b1	2026-10-03T22:56:38.4078703Z   ssh-user: git
database-full-load (100)	Run actions/checkout@3d3c42e5aac5ba805825da76410c181273ba90b1	2026-10-03T22:56:38.4079121Z   clean: true
database-full-load (100)	Run actions/checkout@3d3c42e5aac5ba805825da76410c181273ba90b1	2026-10-03T22:56:38.4079581Z   sparse-checkout-cone-mode: true
database-full-load (100)	Run actions/checkout@3d3c42e5aac5ba805825da76410c181273ba90b1	2026-10-03T22:56:38.4080177Z   fetch-depth: 1
database-full-load (100)	Run actions/checkout@3d3c42e5aac5ba805825da76410c181273ba90b1	2026-10-03T22:56:38.4080620Z   fetch-tags: false
database-full-load (100)	Run actions/checkout@3d3c42e5aac5ba805825da76410c181273ba90b1	2026-10-03T22:56:38.4081083Z   show-progress: true
database-full-load (100)	Run actions/checkout@3d3c42e5aac5ba805825da76410c181273ba90b1	2026-10-03T22:56:38.4081548Z   lfs: false
database-full-load (100)	Run actions/checkout@3d3c42e5aac5ba805825da76410c181273ba90b1	2026-10-03T22:56:38.4081997Z   submodules: false
database-full-load (100)	Run actions/checkout@3d3c42e5aac5ba805825da76410c181273ba90b1	2026-10-03T22:56:38.4082478Z   set-safe-directory: true
database-full-load (100)	Run actions/checkout@3d3c42e5aac5ba805825da76410c181273ba90b1	2026-10-03T22:56:38.4083060Z   allow-unsafe-pr-checkout: false
database-full-load (100)	Run actions/checkout@3d3c42e5aac5ba805825da76410c181273ba90b1	2026-10-03T22:56:38.4083871Z env:
database-full-load (100)	Run actions/checkout@3d3c42e5aac5ba805825da76410c181273ba90b1	2026-10-03T22:56:38.4084257Z   GOENV: off
database-full-load (100)	Run actions/checkout@3d3c42e5aac5ba805825da76410c181273ba90b1	2026-10-03T22:56:38.4084659Z   GOWORK: off
database-full-load (100)	Run actions/checkout@3d3c42e5aac5ba805825da76410c181273ba90b1	2026-10-03T22:56:38.4085116Z   GOTOOLCHAIN: local
database-full-load (100)	Run actions/checkout@3d3c42e5aac5ba805825da76410c181273ba90b1	2026-10-03T22:56:38.4085604Z   GOFLAGS: -mod=readonly
database-full-load (100)	Run actions/checkout@3d3c42e5aac5ba805825da76410c181273ba90b1	2026-10-03T22:56:38.4086130Z   PYTHONDONTWRITEBYTECODE: 1
database-full-load (100)	Run actions/checkout@3d3c42e5aac5ba805825da76410c181273ba90b1	2026-10-03T22:56:38.4086788Z ##[endgroup]
database-full-load (100)	Run actions/checkout@3d3c42e5aac5ba805825da76410c181273ba90b1	2026-10-03T22:56:38.4881160Z Syncing repository: batchstream/weir-tests
database-full-load (100)	Run actions/checkout@3d3c42e5aac5ba805825da76410c181273ba90b1	2026-10-03T22:56:38.4883701Z ##[group]Getting Git version info
database-full-load (100)	Run actions/checkout@3d3c42e5aac5ba805825da76410c181273ba90b1	2026-10-03T22:56:38.4884975Z Working directory is '/home/runner/work/weir-tests/weir-tests'
database-full-load (100)	Run actions/checkout@3d3c42e5aac5ba805825da76410c181273ba90b1	2026-10-03T22:56:38.4886959Z [command]/usr/bin/git version
database-full-load (100)	Run actions/checkout@3d3c42e5aac5ba805825da76410c181273ba90b1	2026-10-03T22:56:38.4997827Z git version 2.55.0
database-full-load (100)	Run actions/checkout@3d3c42e5aac5ba805825da76410c181273ba90b1	2026-10-03T22:56:38.5016219Z ##[endgroup]
database-full-load (100)	Run actions/checkout@3d3c42e5aac5ba805825da76410c181273ba90b1	2026-10-03T22:56:38.5029055Z Temporarily overriding HOME='/home/runner/work/_temp/a3cfcd48-a71d-46c8-8fd5-ba66d434b152' before making global git config changes
database-full-load (100)	Run actions/checkout@3d3c42e5aac5ba805825da76410c181273ba90b1	2026-10-03T22:56:38.5032181Z Adding repository directory to the temporary git global config as a safe directory
database-full-load (100)	Run actions/checkout@3d3c42e5aac5ba805825da76410c181273ba90b1	2026-10-03T22:56:38.5048431Z [command]/usr/bin/git config --global --add safe.directory /home/runner/work/weir-tests/weir-tests
database-full-load (100)	Run actions/checkout@3d3c42e5aac5ba805825da76410c181273ba90b1	2026-10-03T22:56:38.5092230Z Deleting the contents of '/home/runner/work/weir-tests/weir-tests'
database-full-load (100)	Run actions/checkout@3d3c42e5aac5ba805825da76410c181273ba90b1	2026-10-03T22:56:38.5101074Z ##[group]Determining repository object format
database-full-load (100)	Run actions/checkout@3d3c42e5aac5ba805825da76410c181273ba90b1	2026-10-03T22:56:38.5107842Z ##[endgroup]
database-full-load (100)	Run actions/checkout@3d3c42e5aac5ba805825da76410c181273ba90b1	2026-10-03T22:56:38.5112640Z ##[group]Initializing the repository
database-full-load (100)	Run actions/checkout@3d3c42e5aac5ba805825da76410c181273ba90b1	2026-10-03T22:56:38.5113769Z [command]/usr/bin/git init /home/runner/work/weir-tests/weir-tests
database-full-load (100)	Run actions/checkout@3d3c42e5aac5ba805825da76410c181273ba90b1	2026-10-03T22:56:38.5238199Z hint: Using 'master' as the name for the initial branch. This default branch name
database-full-load (100)	Run actions/checkout@3d3c42e5aac5ba805825da76410c181273ba90b1	2026-10-03T22:56:38.5240665Z hint: will change to "main" in Git 3.0. To configure the initial branch name
database-full-load (100)	Run actions/checkout@3d3c42e5aac5ba805825da76410c181273ba90b1	2026-10-03T22:56:38.5242634Z hint: to use in all of your new repositories, which will suppress this warning,
database-full-load (100)	Run actions/checkout@3d3c42e5aac5ba805825da76410c181273ba90b1	2026-10-03T22:56:38.5244298Z hint: call:
database-full-load (100)	Run actions/checkout@3d3c42e5aac5ba805825da76410c181273ba90b1	2026-10-03T22:56:38.5245050Z hint:
database-full-load (100)	Run actions/checkout@3d3c42e5aac5ba805825da76410c181273ba90b1	2026-10-03T22:56:38.5247108Z hint: 	git config --global init.defaultBranch <name>
database-full-load (100)	Run actions/checkout@3d3c42e5aac5ba805825da76410c181273ba90b1	2026-10-03T22:56:38.5248523Z hint:
database-full-load (100)	Run actions/checkout@3d3c42e5aac5ba805825da76410c181273ba90b1	2026-10-03T22:56:38.5250438Z hint: Names commonly chosen instead of 'master' are 'main', 'trunk' and
database-full-load (100)	Run actions/checkout@3d3c42e5aac5ba805825da76410c181273ba90b1	2026-10-03T22:56:38.5252769Z hint: 'development'. The just-created branch can be renamed via this command:
database-full-load (100)	Run actions/checkout@3d3c42e5aac5ba805825da76410c181273ba90b1	2026-10-03T22:56:38.5255535Z hint:
database-full-load (100)	Run actions/checkout@3d3c42e5aac5ba805825da76410c181273ba90b1	2026-10-03T22:56:38.5256447Z hint: 	git branch -m <name>
database-full-load (100)	Run actions/checkout@3d3c42e5aac5ba805825da76410c181273ba90b1	2026-10-03T22:56:38.5257560Z hint:
database-full-load (100)	Run actions/checkout@3d3c42e5aac5ba805825da76410c181273ba90b1	2026-10-03T22:56:38.5258872Z hint: Disable this message with "git config set advice.defaultBranchName false"
database-full-load (100)	Run actions/checkout@3d3c42e5aac5ba805825da76410c181273ba90b1	2026-10-03T22:56:38.5261770Z Initialized empty Git repository in /home/runner/work/weir-tests/weir-tests/.git/
database-full-load (100)	Run actions/checkout@3d3c42e5aac5ba805825da76410c181273ba90b1	2026-10-03T22:56:38.5265322Z [command]/usr/bin/git remote add origin https://github.com/batchstream/weir-tests
database-full-load (100)	Run actions/checkout@3d3c42e5aac5ba805825da76410c181273ba90b1	2026-10-03T22:56:38.5310799Z ##[endgroup]
database-full-load (100)	Run actions/checkout@3d3c42e5aac5ba805825da76410c181273ba90b1	2026-10-03T22:56:38.5312135Z ##[group]Disabling automatic garbage collection
database-full-load (100)	Run actions/checkout@3d3c42e5aac5ba805825da76410c181273ba90b1	2026-10-03T22:56:38.5313910Z [command]/usr/bin/git config --local gc.auto 0
database-full-load (100)	Run actions/checkout@3d3c42e5aac5ba805825da76410c181273ba90b1	2026-10-03T22:56:38.5351182Z ##[endgroup]
database-full-load (100)	Run actions/checkout@3d3c42e5aac5ba805825da76410c181273ba90b1	2026-10-03T22:56:38.5352748Z ##[group]Setting up auth
database-full-load (100)	Run actions/checkout@3d3c42e5aac5ba805825da76410c181273ba90b1	2026-10-03T22:56:38.5353858Z Removing SSH command configuration
database-full-load (100)	Run actions/checkout@3d3c42e5aac5ba805825da76410c181273ba90b1	2026-10-03T22:56:38.5356748Z [command]/usr/bin/git config --local --name-only --get-regexp core\.sshCommand
database-full-load (100)	Run actions/checkout@3d3c42e5aac5ba805825da76410c181273ba90b1	2026-10-03T22:56:38.5393641Z [command]/usr/bin/git submodule foreach --recursive sh -c "git config --local --name-only --get-regexp 'core\.sshCommand' && git config --local --unset-all 'core.sshCommand' || :"
database-full-load (100)	Run actions/checkout@3d3c42e5aac5ba805825da76410c181273ba90b1	2026-10-03T22:56:38.5757326Z Removing HTTP extra header
database-full-load (100)	Run actions/checkout@3d3c42e5aac5ba805825da76410c181273ba90b1	2026-10-03T22:56:38.5762905Z [command]/usr/bin/git config --local --name-only --get-regexp http\.https\:\/\/github\.com\/\.extraheader
database-full-load (100)	Run actions/checkout@3d3c42e5aac5ba805825da76410c181273ba90b1	2026-10-03T22:56:38.5795010Z [command]/usr/bin/git submodule foreach --recursive sh -c "git config --local --name-only --get-regexp 'http\.https\:\/\/github\.com\/\.extraheader' && git config --local --unset-all 'http.https://github.com/.extraheader' || :"
database-full-load (100)	Run actions/checkout@3d3c42e5aac5ba805825da76410c181273ba90b1	2026-10-03T22:56:38.5999519Z Removing includeIf entries pointing to credentials config files
database-full-load (100)	Run actions/checkout@3d3c42e5aac5ba805825da76410c181273ba90b1	2026-10-03T22:56:38.6004660Z [command]/usr/bin/git config --local --name-only --get-regexp ^includeIf\.gitdir:
database-full-load (100)	Run actions/checkout@3d3c42e5aac5ba805825da76410c181273ba90b1	2026-10-03T22:56:38.6035777Z [command]/usr/bin/git submodule foreach --recursive git config --local --show-origin --name-only --get-regexp remote.origin.url
database-full-load (100)	Run actions/checkout@3d3c42e5aac5ba805825da76410c181273ba90b1	2026-10-03T22:56:38.6226878Z [command]/usr/bin/git config --file /home/runner/work/_temp/git-credentials-ecc6abab-1dde-4048-b2ab-08d008216bbf.config http.https://github.com/.extraheader AUTHORIZATION: basic ***
database-full-load (100)	Run actions/checkout@3d3c42e5aac5ba805825da76410c181273ba90b1	2026-10-03T22:56:38.6261017Z [command]/usr/bin/git config --local includeIf.gitdir:/home/runner/work/weir-tests/weir-tests/.git.path /home/runner/work/_temp/git-credentials-ecc6abab-1dde-4048-b2ab-08d008216bbf.config
database-full-load (100)	Run actions/checkout@3d3c42e5aac5ba805825da76410c181273ba90b1	2026-10-03T22:56:38.6291025Z [command]/usr/bin/git config --local includeIf.gitdir:/home/runner/work/weir-tests/weir-tests/.git/worktrees/*.path /home/runner/work/_temp/git-credentials-ecc6abab-1dde-4048-b2ab-08d008216bbf.config
database-full-load (100)	Run actions/checkout@3d3c42e5aac5ba805825da76410c181273ba90b1	2026-10-03T22:56:38.6323103Z [command]/usr/bin/git config --local includeIf.gitdir:/github/workspace/.git.path /github/runner_temp/git-credentials-ecc6abab-1dde-4048-b2ab-08d008216bbf.config
database-full-load (100)	Run actions/checkout@3d3c42e5aac5ba805825da76410c181273ba90b1	2026-10-03T22:56:38.6352099Z [command]/usr/bin/git config --local includeIf.gitdir:/github/workspace/.git/worktrees/*.path /github/runner_temp/git-credentials-ecc6abab-1dde-4048-b2ab-08d008216bbf.config
database-full-load (100)	Run actions/checkout@3d3c42e5aac5ba805825da76410c181273ba90b1	2026-10-03T22:56:38.6379096Z ##[endgroup]
database-full-load (100)	Run actions/checkout@3d3c42e5aac5ba805825da76410c181273ba90b1	2026-10-03T22:56:38.6379899Z ##[group]Fetching the repository
database-full-load (100)	Run actions/checkout@3d3c42e5aac5ba805825da76410c181273ba90b1	2026-10-03T22:56:38.6384594Z [command]/usr/bin/git -c protocol.version=2 fetch --no-tags --prune --no-recurse-submodules --depth=1 origin 03fcec1bbb3806a41eca2aa39b4ff702a4b59331
database-full-load (100)	Run actions/checkout@3d3c42e5aac5ba805825da76410c181273ba90b1	2026-10-03T22:56:39.4639922Z From https://github.com/batchstream/weir-tests
database-full-load (100)	Run actions/checkout@3d3c42e5aac5ba805825da76410c181273ba90b1	2026-10-03T22:56:39.4641930Z  * branch            03fcec1bbb3806a41eca2aa39b4ff702a4b59331 -> FETCH_HEAD
database-full-load (100)	Run actions/checkout@3d3c42e5aac5ba805825da76410c181273ba90b1	2026-10-03T22:56:39.4645714Z [command]/usr/bin/git rev-parse --verify --quiet 03fcec1bbb3806a41eca2aa39b4ff702a4b59331^{object}
database-full-load (100)	Run actions/checkout@3d3c42e5aac5ba805825da76410c181273ba90b1	2026-10-03T22:56:39.4670970Z 03fcec1bbb3806a41eca2aa39b4ff702a4b59331
database-full-load (100)	Run actions/checkout@3d3c42e5aac5ba805825da76410c181273ba90b1	2026-10-03T22:56:39.4674938Z ##[endgroup]
database-full-load (100)	Run actions/checkout@3d3c42e5aac5ba805825da76410c181273ba90b1	2026-10-03T22:56:39.4675893Z ##[group]Determining the checkout info
database-full-load (100)	Run actions/checkout@3d3c42e5aac5ba805825da76410c181273ba90b1	2026-10-03T22:56:39.4676931Z ##[endgroup]
database-full-load (100)	Run actions/checkout@3d3c42e5aac5ba805825da76410c181273ba90b1	2026-10-03T22:56:39.4678901Z [command]/usr/bin/git sparse-checkout disable
database-full-load (100)	Run actions/checkout@3d3c42e5aac5ba805825da76410c181273ba90b1	2026-10-03T22:56:39.4726403Z [command]/usr/bin/git config --local --unset-all extensions.worktreeConfig
database-full-load (100)	Run actions/checkout@3d3c42e5aac5ba805825da76410c181273ba90b1	2026-10-03T22:56:39.4755655Z ##[group]Checking out the ref
database-full-load (100)	Run actions/checkout@3d3c42e5aac5ba805825da76410c181273ba90b1	2026-10-03T22:56:39.4758594Z [command]/usr/bin/git checkout --progress --force 03fcec1bbb3806a41eca2aa39b4ff702a4b59331
database-full-load (100)	Run actions/checkout@3d3c42e5aac5ba805825da76410c181273ba90b1	2026-10-03T22:56:39.5690685Z Note: switching to '03fcec1bbb3806a41eca2aa39b4ff702a4b59331'.
database-full-load (100)	Run actions/checkout@3d3c42e5aac5ba805825da76410c181273ba90b1	2026-10-03T22:56:39.5691280Z 
database-full-load (100)	Run actions/checkout@3d3c42e5aac5ba805825da76410c181273ba90b1	2026-10-03T22:56:39.5691659Z You are in 'detached HEAD' state. You can look around, make experimental
database-full-load (100)	Run actions/checkout@3d3c42e5aac5ba805825da76410c181273ba90b1	2026-10-03T22:56:39.5692498Z changes and commit them, and you can discard any commits you make in this
database-full-load (100)	Run actions/checkout@3d3c42e5aac5ba805825da76410c181273ba90b1	2026-10-03T22:56:39.5693309Z state without impacting any branches by switching back to a branch.
database-full-load (100)	Run actions/checkout@3d3c42e5aac5ba805825da76410c181273ba90b1	2026-10-03T22:56:39.5693784Z 
database-full-load (100)	Run actions/checkout@3d3c42e5aac5ba805825da76410c181273ba90b1	2026-10-03T22:56:39.5694270Z If you want to create a new branch to retain commits you create, you may
database-full-load (100)	Run actions/checkout@3d3c42e5aac5ba805825da76410c181273ba90b1	2026-10-03T22:56:39.5695576Z do so (now or later) by using -c with the switch command. Example:
database-full-load (100)	Run actions/checkout@3d3c42e5aac5ba805825da76410c181273ba90b1	2026-10-03T22:56:39.5696175Z 
database-full-load (100)	Run actions/checkout@3d3c42e5aac5ba805825da76410c181273ba90b1	2026-10-03T22:56:39.5696694Z   git switch -c <new-branch-name>
database-full-load (100)	Run actions/checkout@3d3c42e5aac5ba805825da76410c181273ba90b1	2026-10-03T22:56:39.5697255Z 
database-full-load (100)	Run actions/checkout@3d3c42e5aac5ba805825da76410c181273ba90b1	2026-10-03T22:56:39.5697762Z Or undo this operation with:
database-full-load (100)	Run actions/checkout@3d3c42e5aac5ba805825da76410c181273ba90b1	2026-10-03T22:56:39.5698300Z 
database-full-load (100)	Run actions/checkout@3d3c42e5aac5ba805825da76410c181273ba90b1	2026-10-03T22:56:39.5699067Z   git switch -
database-full-load (100)	Run actions/checkout@3d3c42e5aac5ba805825da76410c181273ba90b1	2026-10-03T22:56:39.5699955Z 
database-full-load (100)	Run actions/checkout@3d3c42e5aac5ba805825da76410c181273ba90b1	2026-10-03T22:56:39.5700466Z Turn off this advice by setting config variable advice.detachedHead to false
database-full-load (100)	Run actions/checkout@3d3c42e5aac5ba805825da76410c181273ba90b1	2026-10-03T22:56:39.5701043Z 
database-full-load (100)	Run actions/checkout@3d3c42e5aac5ba805825da76410c181273ba90b1	2026-10-03T22:56:39.5701863Z HEAD is now at 03fcec1 🐛 fix: bound database monitoring without discarding CPU evidence
database-full-load (100)	Run actions/checkout@3d3c42e5aac5ba805825da76410c181273ba90b1	2026-10-03T22:56:39.5716064Z ##[endgroup]
database-full-load (100)	Run actions/checkout@3d3c42e5aac5ba805825da76410c181273ba90b1	2026-10-03T22:56:39.5755282Z [command]/usr/bin/git log -1 --format=%H
database-full-load (100)	Run actions/checkout@3d3c42e5aac5ba805825da76410c181273ba90b1	2026-10-03T22:56:39.5779485Z 03fcec1bbb3806a41eca2aa39b4ff702a4b59331
database-full-load (100)	Run actions/checkout@3d3c42e5aac5ba805825da76410c181273ba90b1	2026-10-03T22:56:39.5790898Z ##[group]Removing auth
database-full-load (100)	Run actions/checkout@3d3c42e5aac5ba805825da76410c181273ba90b1	2026-10-03T22:56:39.5791859Z Removing SSH command configuration
database-full-load (100)	Run actions/checkout@3d3c42e5aac5ba805825da76410c181273ba90b1	2026-10-03T22:56:39.5792907Z [command]/usr/bin/git config --local --name-only --get-regexp core\.sshCommand
database-full-load (100)	Run actions/checkout@3d3c42e5aac5ba805825da76410c181273ba90b1	2026-10-03T22:56:39.5823493Z [command]/usr/bin/git submodule foreach --recursive sh -c "git config --local --name-only --get-regexp 'core\.sshCommand' && git config --local --unset-all 'core.sshCommand' || :"
database-full-load (100)	Run actions/checkout@3d3c42e5aac5ba805825da76410c181273ba90b1	2026-10-03T22:56:39.6015647Z Removing HTTP extra header
database-full-load (100)	Run actions/checkout@3d3c42e5aac5ba805825da76410c181273ba90b1	2026-10-03T22:56:39.6017668Z [command]/usr/bin/git config --local --name-only --get-regexp http\.https\:\/\/github\.com\/\.extraheader
database-full-load (100)	Run actions/checkout@3d3c42e5aac5ba805825da76410c181273ba90b1	2026-10-03T22:56:39.6054107Z [command]/usr/bin/git submodule foreach --recursive sh -c "git config --local --name-only --get-regexp 'http\.https\:\/\/github\.com\/\.extraheader' && git config --local --unset-all 'http.https://github.com/.extraheader' || :"
database-full-load (100)	Run actions/checkout@3d3c42e5aac5ba805825da76410c181273ba90b1	2026-10-03T22:56:39.6241521Z Removing includeIf entries pointing to credentials config files
database-full-load (100)	Run actions/checkout@3d3c42e5aac5ba805825da76410c181273ba90b1	2026-10-03T22:56:39.6243351Z [command]/usr/bin/git config --local --name-only --get-regexp ^includeIf\.gitdir:
database-full-load (100)	Run actions/checkout@3d3c42e5aac5ba805825da76410c181273ba90b1	2026-10-03T22:56:39.6269649Z includeif.gitdir:/home/runner/work/weir-tests/weir-tests/.git.path
database-full-load (100)	Run actions/checkout@3d3c42e5aac5ba805825da76410c181273ba90b1	2026-10-03T22:56:39.6270763Z includeif.gitdir:/home/runner/work/weir-tests/weir-tests/.git/worktrees/*.path
database-full-load (100)	Run actions/checkout@3d3c42e5aac5ba805825da76410c181273ba90b1	2026-10-03T22:56:39.6271912Z includeif.gitdir:/github/workspace/.git.path
database-full-load (100)	Run actions/checkout@3d3c42e5aac5ba805825da76410c181273ba90b1	2026-10-03T22:56:39.6272929Z includeif.gitdir:/github/workspace/.git/worktrees/*.path
database-full-load (100)	Run actions/checkout@3d3c42e5aac5ba805825da76410c181273ba90b1	2026-10-03T22:56:39.6277294Z [command]/usr/bin/git config --local --get-all includeif.gitdir:/home/runner/work/weir-tests/weir-tests/.git.path
database-full-load (100)	Run actions/checkout@3d3c42e5aac5ba805825da76410c181273ba90b1	2026-10-03T22:56:39.6299512Z /home/runner/work/_temp/git-credentials-ecc6abab-1dde-4048-b2ab-08d008216bbf.config
database-full-load (100)	Run actions/checkout@3d3c42e5aac5ba805825da76410c181273ba90b1	2026-10-03T22:56:39.6306639Z [command]/usr/bin/git config --local --unset includeif.gitdir:/home/runner/work/weir-tests/weir-tests/.git.path \/home\/runner\/work\/_temp\/git\-credentials\-ecc6abab\-1dde\-4048\-b2ab\-08d008216bbf\.config
database-full-load (100)	Run actions/checkout@3d3c42e5aac5ba805825da76410c181273ba90b1	2026-10-03T22:56:39.6361470Z [command]/usr/bin/git config --local --get-all includeif.gitdir:/home/runner/work/weir-tests/weir-tests/.git/worktrees/*.path
database-full-load (100)	Run actions/checkout@3d3c42e5aac5ba805825da76410c181273ba90b1	2026-10-03T22:56:39.6383546Z /home/runner/work/_temp/git-credentials-ecc6abab-1dde-4048-b2ab-08d008216bbf.config
database-full-load (100)	Run actions/checkout@3d3c42e5aac5ba805825da76410c181273ba90b1	2026-10-03T22:56:39.6390309Z [command]/usr/bin/git config --local --unset includeif.gitdir:/home/runner/work/weir-tests/weir-tests/.git/worktrees/*.path \/home\/runner\/work\/_temp\/git\-credentials\-ecc6abab\-1dde\-4048\-b2ab\-08d008216bbf\.config
database-full-load (100)	Run actions/checkout@3d3c42e5aac5ba805825da76410c181273ba90b1	2026-10-03T22:56:39.6422802Z [command]/usr/bin/git config --local --get-all includeif.gitdir:/github/workspace/.git.path
database-full-load (100)	Run actions/checkout@3d3c42e5aac5ba805825da76410c181273ba90b1	2026-10-03T22:56:39.6446290Z /github/runner_temp/git-credentials-ecc6abab-1dde-4048-b2ab-08d008216bbf.config
database-full-load (100)	Run actions/checkout@3d3c42e5aac5ba805825da76410c181273ba90b1	2026-10-03T22:56:39.6452222Z [command]/usr/bin/git config --local --unset includeif.gitdir:/github/workspace/.git.path \/github\/runner_temp\/git\-credentials\-ecc6abab\-1dde\-4048\-b2ab\-08d008216bbf\.config
database-full-load (100)	Run actions/checkout@3d3c42e5aac5ba805825da76410c181273ba90b1	2026-10-03T22:56:39.6486267Z [command]/usr/bin/git config --local --get-all includeif.gitdir:/github/workspace/.git/worktrees/*.path
database-full-load (100)	Run actions/checkout@3d3c42e5aac5ba805825da76410c181273ba90b1	2026-10-03T22:56:39.6508085Z /github/runner_temp/git-credentials-ecc6abab-1dde-4048-b2ab-08d008216bbf.config
database-full-load (100)	Run actions/checkout@3d3c42e5aac5ba805825da76410c181273ba90b1	2026-10-03T22:56:39.6513598Z [command]/usr/bin/git config --local --unset includeif.gitdir:/github/workspace/.git/worktrees/*.path \/github\/runner_temp\/git\-credentials\-ecc6abab\-1dde\-4048\-b2ab\-08d008216bbf\.config
database-full-load (100)	Run actions/checkout@3d3c42e5aac5ba805825da76410c181273ba90b1	2026-10-03T22:56:39.6543823Z [command]/usr/bin/git submodule foreach --recursive git config --local --show-origin --name-only --get-regexp remote.origin.url
database-full-load (100)	Run actions/checkout@3d3c42e5aac5ba805825da76410c181273ba90b1	2026-10-03T22:56:39.6726461Z Removing credentials config '/home/runner/work/_temp/git-credentials-ecc6abab-1dde-4048-b2ab-08d008216bbf.config'
database-full-load (100)	Run actions/checkout@3d3c42e5aac5ba805825da76410c181273ba90b1	2026-10-03T22:56:39.6735245Z ##[endgroup]
database-full-load (100)	Run actions/setup-go@924ae3a1cded613372ab5595356fb5720e22ba16	﻿2026-10-03T22:56:39.6966435Z ##[group]Run actions/setup-go@924ae3a1cded613372ab5595356fb5720e22ba16
database-full-load (100)	Run actions/setup-go@924ae3a1cded613372ab5595356fb5720e22ba16	2026-10-03T22:56:39.6967452Z with:
database-full-load (100)	Run actions/setup-go@924ae3a1cded613372ab5595356fb5720e22ba16	2026-10-03T22:56:39.6968108Z   go-version-file: go.mod
database-full-load (100)	Run actions/setup-go@924ae3a1cded613372ab5595356fb5720e22ba16	2026-10-03T22:56:39.6968794Z   check-latest: false
database-full-load (100)	Run actions/setup-go@924ae3a1cded613372ab5595356fb5720e22ba16	2026-10-03T22:56:39.6971389Z   token: ***
database-full-load (100)	Run actions/setup-go@924ae3a1cded613372ab5595356fb5720e22ba16	2026-10-03T22:56:39.6972021Z   cache: true
database-full-load (100)	Run actions/setup-go@924ae3a1cded613372ab5595356fb5720e22ba16	2026-10-03T22:56:39.6972658Z env:
database-full-load (100)	Run actions/setup-go@924ae3a1cded613372ab5595356fb5720e22ba16	2026-10-03T22:56:39.6973271Z   GOENV: off
database-full-load (100)	Run actions/setup-go@924ae3a1cded613372ab5595356fb5720e22ba16	2026-10-03T22:56:39.6973892Z   GOWORK: off
database-full-load (100)	Run actions/setup-go@924ae3a1cded613372ab5595356fb5720e22ba16	2026-10-03T22:56:39.6974520Z   GOTOOLCHAIN: local
database-full-load (100)	Run actions/setup-go@924ae3a1cded613372ab5595356fb5720e22ba16	2026-10-03T22:56:39.6975181Z   GOFLAGS: -mod=readonly
database-full-load (100)	Run actions/setup-go@924ae3a1cded613372ab5595356fb5720e22ba16	2026-10-03T22:56:39.6975870Z   PYTHONDONTWRITEBYTECODE: 1
database-full-load (100)	Run actions/setup-go@924ae3a1cded613372ab5595356fb5720e22ba16	2026-10-03T22:56:39.6976648Z ##[endgroup]
database-full-load (100)	Run actions/setup-go@924ae3a1cded613372ab5595356fb5720e22ba16	2026-10-03T22:56:39.7959168Z Setup go version spec 1.27.1
database-full-load (100)	Run actions/setup-go@924ae3a1cded613372ab5595356fb5720e22ba16	2026-10-03T22:56:39.7968240Z Attempting to download 1.27.1...
database-full-load (100)	Run actions/setup-go@924ae3a1cded613372ab5595356fb5720e22ba16	2026-10-03T22:56:40.2600240Z matching 1.27.1...
database-full-load (100)	Run actions/setup-go@924ae3a1cded613372ab5595356fb5720e22ba16	2026-10-03T22:56:40.2620675Z Acquiring 1.27.1 from https://github.com/actions/go-versions/releases/download/1.27.1-33583469715/go-1.27.1-linux-x64.tar.gz
database-full-load (100)	Run actions/setup-go@924ae3a1cded613372ab5595356fb5720e22ba16	2026-10-03T22:56:40.6907398Z Extracting Go...
database-full-load (100)	Run actions/setup-go@924ae3a1cded613372ab5595356fb5720e22ba16	2026-10-03T22:56:40.7008193Z [command]/usr/bin/tar xz --warning=no-unknown-keyword --overwrite -C /home/runner/work/_temp/42b2d829-5281-4389-99d7-0b3a97165208 -f /home/runner/work/_temp/38c5e0ee-f2f0-4435-946e-42db550ca865
database-full-load (100)	Run actions/setup-go@924ae3a1cded613372ab5595356fb5720e22ba16	2026-10-03T22:56:42.1425012Z Successfully extracted go to /home/runner/work/_temp/42b2d829-5281-4389-99d7-0b3a97165208
database-full-load (100)	Run actions/setup-go@924ae3a1cded613372ab5595356fb5720e22ba16	2026-10-03T22:56:42.1425508Z Adding to the cache ...
database-full-load (100)	Run actions/setup-go@924ae3a1cded613372ab5595356fb5720e22ba16	2026-10-03T22:56:46.5569884Z Successfully cached go to /opt/hostedtoolcache/go/1.27.1/x64
database-full-load (100)	Run actions/setup-go@924ae3a1cded613372ab5595356fb5720e22ba16	2026-10-03T22:56:46.5572067Z Added go to the path
database-full-load (100)	Run actions/setup-go@924ae3a1cded613372ab5595356fb5720e22ba16	2026-10-03T22:56:46.5574047Z Successfully set up Go version 1.27.1
database-full-load (100)	Run actions/setup-go@924ae3a1cded613372ab5595356fb5720e22ba16	2026-10-03T22:56:46.5759174Z [command]/opt/hostedtoolcache/go/1.27.1/x64/bin/go env GOMODCACHE
database-full-load (100)	Run actions/setup-go@924ae3a1cded613372ab5595356fb5720e22ba16	2026-10-03T22:56:46.5803105Z [command]/opt/hostedtoolcache/go/1.27.1/x64/bin/go env GOCACHE
database-full-load (100)	Run actions/setup-go@924ae3a1cded613372ab5595356fb5720e22ba16	2026-10-03T22:56:46.5820232Z /home/runner/go/pkg/mod
database-full-load (100)	Run actions/setup-go@924ae3a1cded613372ab5595356fb5720e22ba16	2026-10-03T22:56:46.5834071Z /home/runner/.cache/go-build
database-full-load (100)	Run actions/setup-go@924ae3a1cded613372ab5595356fb5720e22ba16	2026-10-03T22:56:46.6354159Z Cache hit for: setup-go-Linux-x64-ubuntu24-go-1.27.1-f3893fbf0ff2b6e2efba8903234513786674983d753d1815a9a1fcf84a06448a
database-full-load (100)	Run actions/setup-go@924ae3a1cded613372ab5595356fb5720e22ba16	2026-10-03T22:56:47.5078505Z Received 252007507 of 252007507 (100.0%), 286.8 MBs/sec
database-full-load (100)	Run actions/setup-go@924ae3a1cded613372ab5595356fb5720e22ba16	2026-10-03T22:56:47.5079878Z Cache Size: ~240 MB (252007507 B)
database-full-load (100)	Run actions/setup-go@924ae3a1cded613372ab5595356fb5720e22ba16	2026-10-03T22:56:47.5105432Z [command]/usr/bin/tar -xf /home/runner/work/_temp/24e0b020-4209-4ff6-8a5f-7f523050a3af/cache.tzst -P -C /home/runner/work/weir-tests/weir-tests --use-compress-program unzstd
database-full-load (100)	Run actions/setup-go@924ae3a1cded613372ab5595356fb5720e22ba16	2026-10-03T22:56:48.9079465Z Cache restored successfully
database-full-load (100)	Run actions/setup-go@924ae3a1cded613372ab5595356fb5720e22ba16	2026-10-03T22:56:48.9182205Z Cache restored from key: setup-go-Linux-x64-ubuntu24-go-1.27.1-f3893fbf0ff2b6e2efba8903234513786674983d753d1815a9a1fcf84a06448a
database-full-load (100)	Run actions/setup-go@924ae3a1cded613372ab5595356fb5720e22ba16	2026-10-03T22:56:48.9206764Z go version go1.27.1 linux/amd64
database-full-load (100)	Run actions/setup-go@924ae3a1cded613372ab5595356fb5720e22ba16	2026-10-03T22:56:48.9207011Z 
database-full-load (100)	Run actions/setup-go@924ae3a1cded613372ab5595356fb5720e22ba16	2026-10-03T22:56:48.9207355Z ##[group]go env
database-full-load (100)	Run actions/setup-go@924ae3a1cded613372ab5595356fb5720e22ba16	2026-10-03T22:56:48.9438902Z AR='ar'
database-full-load (100)	Run actions/setup-go@924ae3a1cded613372ab5595356fb5720e22ba16	2026-10-03T22:56:48.9439253Z CC='gcc'
database-full-load (100)	Run actions/setup-go@924ae3a1cded613372ab5595356fb5720e22ba16	2026-10-03T22:56:48.9439485Z CGO_CFLAGS='-O2 -g'
database-full-load (100)	Run actions/setup-go@924ae3a1cded613372ab5595356fb5720e22ba16	2026-10-03T22:56:48.9439768Z CGO_CPPFLAGS=''
database-full-load (100)	Run actions/setup-go@924ae3a1cded613372ab5595356fb5720e22ba16	2026-10-03T22:56:48.9440034Z CGO_CXXFLAGS='-O2 -g'
database-full-load (100)	Run actions/setup-go@924ae3a1cded613372ab5595356fb5720e22ba16	2026-10-03T22:56:48.9440315Z CGO_ENABLED='1'
database-full-load (100)	Run actions/setup-go@924ae3a1cded613372ab5595356fb5720e22ba16	2026-10-03T22:56:48.9440574Z CGO_FFLAGS='-O2 -g'
database-full-load (100)	Run actions/setup-go@924ae3a1cded613372ab5595356fb5720e22ba16	2026-10-03T22:56:48.9440920Z CGO_LDFLAGS='-O2 -g'
database-full-load (100)	Run actions/setup-go@924ae3a1cded613372ab5595356fb5720e22ba16	2026-10-03T22:56:48.9441190Z CXX='g++'
database-full-load (100)	Run actions/setup-go@924ae3a1cded613372ab5595356fb5720e22ba16	2026-10-03T22:56:48.9441414Z GCCGO='gccgo'
database-full-load (100)	Run actions/setup-go@924ae3a1cded613372ab5595356fb5720e22ba16	2026-10-03T22:56:48.9441644Z GO111MODULE=''
database-full-load (100)	Run actions/setup-go@924ae3a1cded613372ab5595356fb5720e22ba16	2026-10-03T22:56:48.9441872Z GOAMD64='v1'
database-full-load (100)	Run actions/setup-go@924ae3a1cded613372ab5595356fb5720e22ba16	2026-10-03T22:56:48.9442098Z GOARCH='amd64'
database-full-load (100)	Run actions/setup-go@924ae3a1cded613372ab5595356fb5720e22ba16	2026-10-03T22:56:48.9442329Z GOAUTH='netrc'
database-full-load (100)	Run actions/setup-go@924ae3a1cded613372ab5595356fb5720e22ba16	2026-10-03T22:56:48.9442565Z GOBIN='/home/runner/go/bin'
database-full-load (100)	Run actions/setup-go@924ae3a1cded613372ab5595356fb5720e22ba16	2026-10-03T22:56:48.9442887Z GOCACHE='/home/runner/.cache/go-build'
database-full-load (100)	Run actions/setup-go@924ae3a1cded613372ab5595356fb5720e22ba16	2026-10-03T22:56:48.9443200Z GOCACHEPROG=''
database-full-load (100)	Run actions/setup-go@924ae3a1cded613372ab5595356fb5720e22ba16	2026-10-03T22:56:48.9443432Z GODEBUG=''
database-full-load (100)	Run actions/setup-go@924ae3a1cded613372ab5595356fb5720e22ba16	2026-10-03T22:56:48.9443661Z GOENV=''
database-full-load (100)	Run actions/setup-go@924ae3a1cded613372ab5595356fb5720e22ba16	2026-10-03T22:56:48.9443871Z GOEXE=''
database-full-load (100)	Run actions/setup-go@924ae3a1cded613372ab5595356fb5720e22ba16	2026-10-03T22:56:48.9444101Z GOEXPERIMENT=''
database-full-load (100)	Run actions/setup-go@924ae3a1cded613372ab5595356fb5720e22ba16	2026-10-03T22:56:48.9444348Z GOFIPS140='off'
database-full-load (100)	Run actions/setup-go@924ae3a1cded613372ab5595356fb5720e22ba16	2026-10-03T22:56:48.9444590Z GOFLAGS='-mod=readonly'
database-full-load (100)	Run actions/setup-go@924ae3a1cded613372ab5595356fb5720e22ba16	2026-10-03T22:56:48.9445363Z GOGCCFLAGS='-fPIC -m64 -pthread -Wl,--no-gc-sections -fmessage-length=0 -ffile-prefix-map=/tmp/go-build4263041897=/tmp/go-build -gno-record-gcc-switches'
database-full-load (100)	Run actions/setup-go@924ae3a1cded613372ab5595356fb5720e22ba16	2026-10-03T22:56:48.9446108Z GOHOSTARCH='amd64'
database-full-load (100)	Run actions/setup-go@924ae3a1cded613372ab5595356fb5720e22ba16	2026-10-03T22:56:48.9446356Z GOHOSTOS='linux'
database-full-load (100)	Run actions/setup-go@924ae3a1cded613372ab5595356fb5720e22ba16	2026-10-03T22:56:48.9446758Z GOINSECURE=''
database-full-load (100)	Run actions/setup-go@924ae3a1cded613372ab5595356fb5720e22ba16	2026-10-03T22:56:48.9447417Z GOMOD='/home/runner/work/weir-tests/weir-tests/go.mod'
database-full-load (100)	Run actions/setup-go@924ae3a1cded613372ab5595356fb5720e22ba16	2026-10-03T22:56:48.9447849Z GOMODCACHE='/home/runner/go/pkg/mod'
database-full-load (100)	Run actions/setup-go@924ae3a1cded613372ab5595356fb5720e22ba16	2026-10-03T22:56:48.9448165Z GONOPROXY=''
database-full-load (100)	Run actions/setup-go@924ae3a1cded613372ab5595356fb5720e22ba16	2026-10-03T22:56:48.9448395Z GONOSUMDB=''
database-full-load (100)	Run actions/setup-go@924ae3a1cded613372ab5595356fb5720e22ba16	2026-10-03T22:56:48.9448615Z GOOS='linux'
database-full-load (100)	Run actions/setup-go@924ae3a1cded613372ab5595356fb5720e22ba16	2026-10-03T22:56:48.9448870Z GOPACKAGESDRIVER=''
database-full-load (100)	Run actions/setup-go@924ae3a1cded613372ab5595356fb5720e22ba16	2026-10-03T22:56:48.9449137Z GOPATH='/home/runner/go'
database-full-load (100)	Run actions/setup-go@924ae3a1cded613372ab5595356fb5720e22ba16	2026-10-03T22:56:48.9449401Z GOPRIVATE=''
database-full-load (100)	Run actions/setup-go@924ae3a1cded613372ab5595356fb5720e22ba16	2026-10-03T22:56:48.9450240Z GOPROXY='https://proxy.golang.org,direct'
database-full-load (100)	Run actions/setup-go@924ae3a1cded613372ab5595356fb5720e22ba16	2026-10-03T22:56:48.9450633Z GOROOT='/opt/hostedtoolcache/go/1.27.1/x64'
database-full-load (100)	Run actions/setup-go@924ae3a1cded613372ab5595356fb5720e22ba16	2026-10-03T22:56:48.9450980Z GOSUMDB='sum.golang.org'
database-full-load (100)	Run actions/setup-go@924ae3a1cded613372ab5595356fb5720e22ba16	2026-10-03T22:56:48.9451251Z GOTELEMETRY='local'
database-full-load (100)	Run actions/setup-go@924ae3a1cded613372ab5595356fb5720e22ba16	2026-10-03T22:56:48.9451572Z GOTELEMETRYDIR='/home/runner/.config/go/telemetry'
database-full-load (100)	Run actions/setup-go@924ae3a1cded613372ab5595356fb5720e22ba16	2026-10-03T22:56:48.9451927Z GOTMPDIR=''
database-full-load (100)	Run actions/setup-go@924ae3a1cded613372ab5595356fb5720e22ba16	2026-10-03T22:56:48.9452161Z GOTOOLCHAIN='local'
database-full-load (100)	Run actions/setup-go@924ae3a1cded613372ab5595356fb5720e22ba16	2026-10-03T22:56:48.9452541Z GOTOOLDIR='/opt/hostedtoolcache/go/1.27.1/x64/pkg/tool/linux_amd64'
database-full-load (100)	Run actions/setup-go@924ae3a1cded613372ab5595356fb5720e22ba16	2026-10-03T22:56:48.9452946Z GOVCS=''
database-full-load (100)	Run actions/setup-go@924ae3a1cded613372ab5595356fb5720e22ba16	2026-10-03T22:56:48.9453171Z GOVERSION='go1.27.1'
database-full-load (100)	Run actions/setup-go@924ae3a1cded613372ab5595356fb5720e22ba16	2026-10-03T22:56:48.9453444Z GOWORK='off'
database-full-load (100)	Run actions/setup-go@924ae3a1cded613372ab5595356fb5720e22ba16	2026-10-03T22:56:48.9453734Z PKG_CONFIG='pkg-config'
database-full-load (100)	Run actions/setup-go@924ae3a1cded613372ab5595356fb5720e22ba16	2026-10-03T22:56:48.9453899Z 
database-full-load (100)	Run actions/setup-go@924ae3a1cded613372ab5595356fb5720e22ba16	2026-10-03T22:56:48.9454238Z ##[endgroup]
database-full-load (100)	Prepare immutable tools and owned database images	﻿2026-10-03T22:56:48.9927123Z ##[group]Run python3 scripts/download_modules.py
database-full-load (100)	Prepare immutable tools and owned database images	2026-10-03T22:56:48.9927520Z [36;1mpython3 scripts/download_modules.py[0m
database-full-load (100)	Prepare immutable tools and owned database images	2026-10-03T22:56:48.9927805Z [36;1mpython3 scripts/prepare_weir.py[0m
database-full-load (100)	Prepare immutable tools and owned database images	2026-10-03T22:56:48.9928066Z [36;1mpython3 scripts/prepare_images.py[0m
database-full-load (100)	Prepare immutable tools and owned database images	2026-10-03T22:56:49.1099327Z shell: /usr/bin/bash --noprofile --norc -e -o pipefail {0}
database-full-load (100)	Prepare immutable tools and owned database images	2026-10-03T22:56:49.1099652Z env:
database-full-load (100)	Prepare immutable tools and owned database images	2026-10-03T22:56:49.1099835Z   GOENV: off
database-full-load (100)	Prepare immutable tools and owned database images	2026-10-03T22:56:49.1100006Z   GOWORK: off
database-full-load (100)	Prepare immutable tools and owned database images	2026-10-03T22:56:49.1100179Z   GOTOOLCHAIN: local
database-full-load (100)	Prepare immutable tools and owned database images	2026-10-03T22:56:49.1100584Z   GOFLAGS: -mod=readonly
database-full-load (100)	Prepare immutable tools and owned database images	2026-10-03T22:56:49.1100797Z   PYTHONDONTWRITEBYTECODE: 1
database-full-load (100)	Prepare immutable tools and owned database images	2026-10-03T22:56:49.1100999Z ##[endgroup]
database-full-load (100)	Prepare immutable tools and owned database images	2026-10-03T22:56:51.3745351Z all modules verified
database-full-load (100)	Prepare immutable tools and owned database images	2026-10-03T22:57:10.0411630Z /home/runner/work/weir-tests/weir-tests/.tools/weir
database-full-load (100)	Prepare immutable tools and owned database images	2026-10-03T22:57:12.1712177Z docker.io/library/mongo@sha256:d0d926f94df099bff534b7ee5b5986458131a22489dfff8664509af0c1e2ca9c: Pulling from library/mongo
database-full-load (100)	Prepare immutable tools and owned database images	2026-10-03T22:57:12.2785342Z a60ef8ec184e: Pulling fs layer
database-full-load (100)	Prepare immutable tools and owned database images	2026-10-03T22:57:12.2786169Z c4a88db82a6d: Pulling fs layer
database-full-load (100)	Prepare immutable tools and owned database images	2026-10-03T22:57:12.2787081Z f97373a3dd33: Pulling fs layer
database-full-load (100)	Prepare immutable tools and owned database images	2026-10-03T22:57:12.2787597Z 59898ec81c6b: Pulling fs layer
database-full-load (100)	Prepare immutable tools and owned database images	2026-10-03T22:57:12.2788011Z 2252b895f5de: Pulling fs layer
database-full-load (100)	Prepare immutable tools and owned database images	2026-10-03T22:57:12.2788346Z 08f85ec03d22: Pulling fs layer
database-full-load (100)	Prepare immutable tools and owned database images	2026-10-03T22:57:12.2788656Z cfbbec1d5328: Pulling fs layer
database-full-load (100)	Prepare immutable tools and owned database images	2026-10-03T22:57:12.2788947Z eedb5e3e5b38: Pulling fs layer
database-full-load (100)	Prepare immutable tools and owned database images	2026-10-03T22:57:12.2789261Z 59898ec81c6b: Waiting
database-full-load (100)	Prepare immutable tools and owned database images	2026-10-03T22:57:12.2789544Z 2252b895f5de: Waiting
database-full-load (100)	Prepare immutable tools and owned database images	2026-10-03T22:57:12.2789867Z 08f85ec03d22: Waiting
database-full-load (100)	Prepare immutable tools and owned database images	2026-10-03T22:57:12.2790085Z eedb5e3e5b38: Waiting
database-full-load (100)	Prepare immutable tools and owned database images	2026-10-03T22:57:12.2790253Z cfbbec1d5328: Waiting
database-full-load (100)	Prepare immutable tools and owned database images	2026-10-03T22:57:12.3260865Z c4a88db82a6d: Verifying Checksum
database-full-load (100)	Prepare immutable tools and owned database images	2026-10-03T22:57:12.3261313Z c4a88db82a6d: Download complete
database-full-load (100)	Prepare immutable tools and owned database images	2026-10-03T22:57:12.3563337Z f97373a3dd33: Download complete
database-full-load (100)	Prepare immutable tools and owned database images	2026-10-03T22:57:12.3694099Z 59898ec81c6b: Verifying Checksum
database-full-load (100)	Prepare immutable tools and owned database images	2026-10-03T22:57:12.3694499Z 59898ec81c6b: Download complete
database-full-load (100)	Prepare immutable tools and owned database images	2026-10-03T22:57:12.3848033Z 2252b895f5de: Verifying Checksum
database-full-load (100)	Prepare immutable tools and owned database images	2026-10-03T22:57:12.3849051Z 2252b895f5de: Download complete
database-full-load (100)	Prepare immutable tools and owned database images	2026-10-03T22:57:12.4077074Z 08f85ec03d22: Verifying Checksum
database-full-load (100)	Prepare immutable tools and owned database images	2026-10-03T22:57:12.4078584Z 08f85ec03d22: Download complete
database-full-load (100)	Prepare immutable tools and owned database images	2026-10-03T22:57:12.4190195Z a60ef8ec184e: Verifying Checksum
database-full-load (100)	Prepare immutable tools and owned database images	2026-10-03T22:57:12.4190866Z a60ef8ec184e: Download complete
database-full-load (100)	Prepare immutable tools and owned database images	2026-10-03T22:57:12.4331120Z eedb5e3e5b38: Verifying Checksum
database-full-load (100)	Prepare immutable tools and owned database images	2026-10-03T22:57:12.4331467Z eedb5e3e5b38: Download complete
database-full-load (100)	Prepare immutable tools and owned database images	2026-10-03T22:57:13.1364770Z cfbbec1d5328: Verifying Checksum
database-full-load (100)	Prepare immutable tools and owned database images	2026-10-03T22:57:13.1365259Z cfbbec1d5328: Download complete
database-full-load (100)	Prepare immutable tools and owned database images	2026-10-03T22:57:13.4196027Z a60ef8ec184e: Pull complete
database-full-load (100)	Prepare immutable tools and owned database images	2026-10-03T22:57:18.5341565Z c4a88db82a6d: Pull complete
database-full-load (100)	Prepare immutable tools and owned database images	2026-10-03T22:57:18.7403686Z f97373a3dd33: Pull complete
database-full-load (100)	Prepare immutable tools and owned database images	2026-10-03T22:57:18.7808274Z 59898ec81c6b: Pull complete
database-full-load (100)	Prepare immutable tools and owned database images	2026-10-03T22:57:18.7895507Z 2252b895f5de: Pull complete
database-full-load (100)	Prepare immutable tools and owned database images	2026-10-03T22:57:18.7952659Z 08f85ec03d22: Pull complete
database-full-load (100)	Prepare immutable tools and owned database images	2026-10-03T22:57:25.9905372Z cfbbec1d5328: Pull complete
database-full-load (100)	Prepare immutable tools and owned database images	2026-10-03T22:57:26.0016909Z eedb5e3e5b38: Pull complete
database-full-load (100)	Prepare immutable tools and owned database images	2026-10-03T22:57:26.0050261Z Digest: sha256:d0d926f94df099bff534b7ee5b5986458131a22489dfff8664509af0c1e2ca9c
database-full-load (100)	Prepare immutable tools and owned database images	2026-10-03T22:57:26.0056096Z Status: Downloaded newer image for mongo@sha256:d0d926f94df099bff534b7ee5b5986458131a22489dfff8664509af0c1e2ca9c
database-full-load (100)	Prepare immutable tools and owned database images	2026-10-03T22:57:26.0063387Z docker.io/library/mongo@sha256:d0d926f94df099bff534b7ee5b5986458131a22489dfff8664509af0c1e2ca9c
database-full-load (100)	Prepare immutable tools and owned database images	2026-10-03T22:57:26.6613382Z docker.elastic.co/elasticsearch/elasticsearch@sha256:e98f9c3b09beb2fbb9eaf667d602df3f0e00bd3644138b8458dc17ba1a675595: Pulling from elasticsearch/elasticsearch
database-full-load (100)	Prepare immutable tools and owned database images	2026-10-03T22:57:27.1540257Z 2c22c1bb1ce1: Pulling fs layer
database-full-load (100)	Prepare immutable tools and owned database images	2026-10-03T22:57:27.1540793Z 2796a25b8094: Pulling fs layer
database-full-load (100)	Prepare immutable tools and owned database images	2026-10-03T22:57:27.1541177Z 714e5b673049: Pulling fs layer
database-full-load (100)	Prepare immutable tools and owned database images	2026-10-03T22:57:27.1541607Z bd9ddc54bea9: Pulling fs layer
database-full-load (100)	Prepare immutable tools and owned database images	2026-10-03T22:57:27.1541958Z 2d68f716f01a: Pulling fs layer
database-full-load (100)	Prepare immutable tools and owned database images	2026-10-03T22:57:27.1542338Z c52e3a203c20: Pulling fs layer
database-full-load (100)	Prepare immutable tools and owned database images	2026-10-03T22:57:27.1542661Z 9b415d76a9c6: Pulling fs layer
database-full-load (100)	Prepare immutable tools and owned database images	2026-10-03T22:57:27.1543263Z d527cffe3ef6: Pulling fs layer
database-full-load (100)	Prepare immutable tools and owned database images	2026-10-03T22:57:27.1543913Z b8cda4b5aaf3: Pulling fs layer
database-full-load (100)	Prepare immutable tools and owned database images	2026-10-03T22:57:27.1544205Z 32c1c18d2ea5: Pulling fs layer
database-full-load (100)	Prepare immutable tools and owned database images	2026-10-03T22:57:27.1544467Z bd9ddc54bea9: Waiting
database-full-load (100)	Prepare immutable tools and owned database images	2026-10-03T22:57:27.1544657Z 2d68f716f01a: Waiting
database-full-load (100)	Prepare immutable tools and owned database images	2026-10-03T22:57:27.1544946Z c52e3a203c20: Waiting
database-full-load (100)	Prepare immutable tools and owned database images	2026-10-03T22:57:27.1545297Z 9b415d76a9c6: Waiting
database-full-load (100)	Prepare immutable tools and owned database images	2026-10-03T22:57:27.1545568Z d527cffe3ef6: Waiting
database-full-load (100)	Prepare immutable tools and owned database images	2026-10-03T22:57:27.1545839Z b8cda4b5aaf3: Waiting
database-full-load (100)	Prepare immutable tools and owned database images	2026-10-03T22:57:27.1546038Z 32c1c18d2ea5: Waiting
database-full-load (100)	Prepare immutable tools and owned database images	2026-10-03T22:57:27.5293259Z 714e5b673049: Verifying Checksum
database-full-load (100)	Prepare immutable tools and owned database images	2026-10-03T22:57:27.5294202Z 714e5b673049: Download complete
database-full-load (100)	Prepare immutable tools and owned database images	2026-10-03T22:57:27.5855442Z 2796a25b8094: Verifying Checksum
database-full-load (100)	Prepare immutable tools and owned database images	2026-10-03T22:57:27.5855891Z 2796a25b8094: Download complete
database-full-load (100)	Prepare immutable tools and owned database images	2026-10-03T22:57:27.7127209Z bd9ddc54bea9: Download complete
database-full-load (100)	Prepare immutable tools and owned database images	2026-10-03T22:57:28.0439668Z c52e3a203c20: Verifying Checksum
database-full-load (100)	Prepare immutable tools and owned database images	2026-10-03T22:57:28.0444492Z c52e3a203c20: Download complete
database-full-load (100)	Prepare immutable tools and owned database images	2026-10-03T22:57:28.0823685Z 2c22c1bb1ce1: Verifying Checksum
database-full-load (100)	Prepare immutable tools and owned database images	2026-10-03T22:57:28.0828415Z 2c22c1bb1ce1: Download complete
database-full-load (100)	Prepare immutable tools and owned database images	2026-10-03T22:57:28.4363166Z d527cffe3ef6: Verifying Checksum
database-full-load (100)	Prepare immutable tools and owned database images	2026-10-03T22:57:28.4363501Z d527cffe3ef6: Download complete
database-full-load (100)	Prepare immutable tools and owned database images	2026-10-03T22:57:28.4484200Z 9b415d76a9c6: Verifying Checksum
database-full-load (100)	Prepare immutable tools and owned database images	2026-10-03T22:57:28.4484620Z 9b415d76a9c6: Download complete
database-full-load (100)	Prepare immutable tools and owned database images	2026-10-03T22:57:28.5974337Z b8cda4b5aaf3: Verifying Checksum
database-full-load (100)	Prepare immutable tools and owned database images	2026-10-03T22:57:28.5974837Z b8cda4b5aaf3: Download complete
database-full-load (100)	Prepare immutable tools and owned database images	2026-10-03T22:57:28.8757708Z 32c1c18d2ea5: Verifying Checksum
database-full-load (100)	Prepare immutable tools and owned database images	2026-10-03T22:57:28.8758128Z 32c1c18d2ea5: Download complete
database-full-load (100)	Prepare immutable tools and owned database images	2026-10-03T22:57:28.9574030Z 2c22c1bb1ce1: Pull complete
database-full-load (100)	Prepare immutable tools and owned database images	2026-10-03T22:57:30.9047711Z 2796a25b8094: Pull complete
database-full-load (100)	Prepare immutable tools and owned database images	2026-10-03T22:57:31.3139636Z 714e5b673049: Pull complete
database-full-load (100)	Prepare immutable tools and owned database images	2026-10-03T22:57:31.4005368Z bd9ddc54bea9: Pull complete
database-full-load (100)	Prepare immutable tools and owned database images	2026-10-03T22:57:35.8334236Z 2d68f716f01a: Verifying Checksum
database-full-load (100)	Prepare immutable tools and owned database images	2026-10-03T22:57:35.8334585Z 2d68f716f01a: Download complete
database-full-load (100)	Prepare immutable tools and owned database images	2026-10-03T22:57:46.0747440Z 2d68f716f01a: Pull complete
database-full-load (100)	Prepare immutable tools and owned database images	2026-10-03T22:57:46.0832952Z c52e3a203c20: Pull complete
database-full-load (100)	Prepare immutable tools and owned database images	2026-10-03T22:57:46.0913104Z 9b415d76a9c6: Pull complete
database-full-load (100)	Prepare immutable tools and owned database images	2026-10-03T22:57:46.3271782Z d527cffe3ef6: Pull complete
database-full-load (100)	Prepare immutable tools and owned database images	2026-10-03T22:57:46.3507027Z b8cda4b5aaf3: Pull complete
database-full-load (100)	Prepare immutable tools and owned database images	2026-10-03T22:57:46.3582889Z 32c1c18d2ea5: Pull complete
database-full-load (100)	Prepare immutable tools and owned database images	2026-10-03T22:57:46.3611577Z Digest: sha256:e98f9c3b09beb2fbb9eaf667d602df3f0e00bd3644138b8458dc17ba1a675595
database-full-load (100)	Prepare immutable tools and owned database images	2026-10-03T22:57:46.3617553Z Status: Downloaded newer image for docker.elastic.co/elasticsearch/elasticsearch@sha256:e98f9c3b09beb2fbb9eaf667d602df3f0e00bd3644138b8458dc17ba1a675595
database-full-load (100)	Prepare immutable tools and owned database images	2026-10-03T22:57:46.3623736Z docker.elastic.co/elasticsearch/elasticsearch@sha256:e98f9c3b09beb2fbb9eaf667d602df3f0e00bd3644138b8458dc17ba1a675595
database-full-load (100)	Independent single-request native and SDK clients	﻿2026-10-03T22:57:46.4084358Z ##[group]Run mkdir -p results/local
database-full-load (100)	Independent single-request native and SDK clients	2026-10-03T22:57:46.4084672Z [36;1mmkdir -p results/local[0m
database-full-load (100)	Independent single-request native and SDK clients	2026-10-03T22:57:46.4084922Z [36;1mgo build -o .tools/weir-lab ./cmd/weir-lab[0m
database-full-load (100)	Independent single-request native and SDK clients	2026-10-03T22:57:46.4085251Z [36;1mIFS=',' read -r -a batch_limits <<< "$BACKEND_BATCH_LIMITS"[0m
database-full-load (100)	Independent single-request native and SDK clients	2026-10-03T22:57:46.4085556Z [36;1mfor backend_limit in "${batch_limits[@]}"; do[0m
database-full-load (100)	Independent single-request native and SDK clients	2026-10-03T22:57:46.4103133Z [36;1m  export BACKEND_BATCH_LIMIT="$backend_limit"[0m
database-full-load (100)	Independent single-request native and SDK clients	2026-10-03T22:57:46.4103525Z [36;1m  export MEASUREMENT_OUTPUT="results/local/saturation-batch-$backend_limit"[0m
database-full-load (100)	Independent single-request native and SDK clients	2026-10-03T22:57:46.4104004Z [36;1m  export MEASUREMENT_RECEIPT="results/local/measurement-batch-$backend_limit.receipt.json"[0m
database-full-load (100)	Independent single-request native and SDK clients	2026-10-03T22:57:46.4104396Z [36;1m  python3 - <<'PY'[0m
database-full-load (100)	Independent single-request native and SDK clients	2026-10-03T22:57:46.4104650Z [36;1mimport hashlib, json, os, pathlib, subprocess[0m
database-full-load (100)	Independent single-request native and SDK clients	2026-10-03T22:57:46.4104930Z [36;1mbinary = pathlib.Path('.tools/weir-lab')[0m
database-full-load (100)	Independent single-request native and SDK clients	2026-10-03T22:57:46.4106278Z [36;1mcommand = [str(binary), '-mode', 'saturation', '-weir', '.tools/weir', '-backend', 'all', '-database-cpus', os.environ['DATABASE_CPUS'], '-store-concurrency', '32', '-backend-batch-limit', os.environ['BACKEND_BATCH_LIMIT'], '-client-processes', '4', '-concurrency-levels', os.environ['CLIENT_LEVELS'], '-batch-sizes', '1', '-records', '2048', '-payload-bytes', '1024', '-write-percent', os.environ['WRITE_PERCENT'], '-rounds', '3', '-warmup-duration', '10s', '-duration', '20s', '-output', os.environ['MEASUREMENT_OUTPUT']][0m
database-full-load (100)	Independent single-request native and SDK clients	2026-10-03T22:57:46.4109098Z [36;1mreceipt = {'host_memory_bytes': int(next(line for line in pathlib.Path('/proc/meminfo').read_text().splitlines() if line.startswith('MemTotal:')).split()[1]) * 1024, 'source': subprocess.check_output(['git', 'rev-parse', 'HEAD'], text=True).strip(), 'source_dirty': bool(subprocess.check_output(['git', 'status', '--porcelain'])), 'client_binary_sha256': hashlib.sha256(binary.read_bytes()).hexdigest(), 'client_build': subprocess.check_output(['go', 'version', '-m', str(binary)], text=True), 'versions': json.loads(pathlib.Path('versions.json').read_text()), 'command': command}[0m
database-full-load (100)	Independent single-request native and SDK clients	2026-10-03T22:57:46.4110736Z [36;1mif receipt['source_dirty']:[0m
database-full-load (100)	Independent single-request native and SDK clients	2026-10-03T22:57:46.4111051Z [36;1m    raise SystemExit('measurement requires a clean source checkout')[0m
database-full-load (100)	Independent single-request native and SDK clients	2026-10-03T22:57:46.4111507Z [36;1mpathlib.Path(os.environ['MEASUREMENT_RECEIPT']).write_text(json.dumps(receipt, indent=2) + '\n')[0m
database-full-load (100)	Independent single-request native and SDK clients	2026-10-03T22:57:46.4111865Z [36;1mPY[0m
database-full-load (100)	Independent single-request native and SDK clients	2026-10-03T22:57:46.4113088Z [36;1m  .tools/weir-lab -mode saturation -weir .tools/weir -backend all -database-cpus "$DATABASE_CPUS" -store-concurrency 32 -backend-batch-limit "$BACKEND_BATCH_LIMIT" -client-processes 4 -concurrency-levels "$CLIENT_LEVELS" -batch-sizes 1 -records 2048 -payload-bytes 1024 -write-percent "$WRITE_PERCENT" -rounds 3 -warmup-duration 10s -duration 20s -output "$MEASUREMENT_OUTPUT" 2>&1 | tee "results/local/saturation-batch-$backend_limit.log"[0m
database-full-load (100)	Independent single-request native and SDK clients	2026-10-03T22:57:46.4114273Z [36;1mdone[0m
database-full-load (100)	Independent single-request native and SDK clients	2026-10-03T22:57:46.4114444Z [36;1mgit diff --exit-code[0m
database-full-load (100)	Independent single-request native and SDK clients	2026-10-03T22:57:46.4170939Z shell: /usr/bin/bash --noprofile --norc -e -o pipefail {0}
database-full-load (100)	Independent single-request native and SDK clients	2026-10-03T22:57:46.4171215Z env:
database-full-load (100)	Independent single-request native and SDK clients	2026-10-03T22:57:46.4171378Z   GOENV: off
database-full-load (100)	Independent single-request native and SDK clients	2026-10-03T22:57:46.4171535Z   GOWORK: off
database-full-load (100)	Independent single-request native and SDK clients	2026-10-03T22:57:46.4171694Z   GOTOOLCHAIN: local
database-full-load (100)	Independent single-request native and SDK clients	2026-10-03T22:57:46.4171882Z   GOFLAGS: -mod=readonly
database-full-load (100)	Independent single-request native and SDK clients	2026-10-03T22:57:46.4172074Z   PYTHONDONTWRITEBYTECODE: 1
database-full-load (100)	Independent single-request native and SDK clients	2026-10-03T22:57:46.4172264Z   GOPROXY: off
database-full-load (100)	Independent single-request native and SDK clients	2026-10-03T22:57:46.4172419Z   GOSUMDB: off
database-full-load (100)	Independent single-request native and SDK clients	2026-10-03T22:57:46.4172575Z   WRITE_PERCENT: 100
database-full-load (100)	Independent single-request native and SDK clients	2026-10-03T22:57:46.4172739Z   DATABASE_CPUS: 1
database-full-load (100)	Independent single-request native and SDK clients	2026-10-03T22:57:46.4172904Z   CLIENT_LEVELS: 8,32,128
database-full-load (100)	Independent single-request native and SDK clients	2026-10-03T22:57:46.4173085Z   BACKEND_BATCH_LIMITS: 32
database-full-load (100)	Independent single-request native and SDK clients	2026-10-03T22:57:46.4173268Z ##[endgroup]
database-full-load (100)	Independent single-request native and SDK clients	2026-10-03T22:58:18.9423090Z Owned fixture logs: /tmp/weir-tests-352489778
database-full-load (100)	Independent single-request native and SDK clients	2026-10-03T22:59:20.2084986Z single-request backend=mongo processes=4 workers=8 round=1 direct=3559.5 weir=2517.8 DB-CPU direct=91.3% weir=74.1%
database-full-load (100)	Independent single-request native and SDK clients	2026-10-03T23:00:21.6486013Z single-request backend=mongo processes=4 workers=8 round=2 direct=3335.4 weir=2110.8 DB-CPU direct=90.0% weir=61.2%
database-full-load (100)	Independent single-request native and SDK clients	2026-10-03T23:01:23.0463733Z single-request backend=mongo processes=4 workers=8 round=3 direct=2421.2 weir=2151.2 DB-CPU direct=67.4% weir=69.4%
database-full-load (100)	Independent single-request native and SDK clients	2026-10-03T23:02:24.5124413Z single-request backend=mongo processes=4 workers=32 round=1 direct=3389.2 weir=3338.8 DB-CPU direct=91.2% weir=90.9%
database-full-load (100)	Independent single-request native and SDK clients	2026-10-03T23:03:25.7887543Z single-request backend=mongo processes=4 workers=32 round=2 direct=3517.0 weir=2990.9 DB-CPU direct=97.5% weir=80.7%
database-full-load (100)	Independent single-request native and SDK clients	2026-10-03T23:04:27.0461601Z single-request backend=mongo processes=4 workers=32 round=3 direct=3618.0 weir=3347.0 DB-CPU direct=98.1% weir=96.8%
database-full-load (100)	Independent single-request native and SDK clients	2026-10-03T23:05:28.3352002Z single-request backend=mongo processes=4 workers=128 round=1 direct=3346.6 weir=4901.8 DB-CPU direct=91.1% weir=95.3%
database-full-load (100)	Independent single-request native and SDK clients	2026-10-03T23:06:29.6018733Z single-request backend=mongo processes=4 workers=128 round=2 direct=3093.4 weir=3993.4 DB-CPU direct=92.5% weir=77.4%
database-full-load (100)	Independent single-request native and SDK clients	2026-10-03T23:07:30.9779760Z single-request backend=mongo processes=4 workers=128 round=3 direct=2867.1 weir=4599.4 DB-CPU direct=97.4% weir=92.4%
database-full-load (100)	Independent single-request native and SDK clients	2026-10-03T23:07:30.9938623Z # Database saturation comparison
database-full-load (100)	Independent single-request native and SDK clients	2026-10-03T23:07:30.9938967Z 
database-full-load (100)	Independent single-request native and SDK clients	2026-10-03T23:07:30.9939240Z Backend **mongo**. Started 2026-10-03T22:58:18.963946274Z.
database-full-load (100)	Independent single-request native and SDK clients	2026-10-03T23:07:30.9939543Z 
database-full-load (100)	Independent single-request native and SDK clients	2026-10-03T23:07:30.9941372Z independent OS client processes send one record per native call or unary SDK RPC; native FindOne/ReplaceOne or single-ID mget/PUT; no client aggregation; worker-owned disjoint IDs; common phase barriers and unchanged pools across warmup and measurement; alternating AB/BA; latency is each business request including validation, queueing and any server aggregation; independent persisted postflight; sustained database CPU requires >=5 intervals, >=80% measurement coverage, mean CPU>=threshold and CPU>=threshold during >=80% measurement duration in every round, plus <=10% next-level throughput gain.
database-full-load (100)	Independent single-request native and SDK clients	2026-10-03T23:07:30.9942968Z 
database-full-load (100)	Independent single-request native and SDK clients	2026-10-03T23:07:30.9943433Z Warmup 10s and measurement 20s per path/stage, 3 paired rounds, requested writes 100%.
database-full-load (100)	Independent single-request native and SDK clients	2026-10-03T23:07:30.9943706Z 
database-full-load (100)	Independent single-request native and SDK clients	2026-10-03T23:07:30.9944348Z 4 independent OS client processes. Each worker sends one business request containing one record, waits for its acknowledged result, and validates it. p50/p95/p99 describe individual requests; histograms are pooled rather than averaging process quantiles.
database-full-load (100)	Independent single-request native and SDK clients	2026-10-03T23:07:30.9945001Z 
database-full-load (100)	Independent single-request native and SDK clients	2026-10-03T23:07:30.9945374Z | Batch | Workers | Round | Path | Read | Write | Success | Errors/unknown | Ops/s | p95 call ms | DB CPU budget % | Full CPU time % | Sampling coverage % | Verified |
database-full-load (100)	Independent single-request native and SDK clients	2026-10-03T23:07:30.9945958Z | ---: | ---: | ---: | --- | ---: | ---: | ---: | ---: | ---: | ---: | ---: | ---: | ---: | --- |
database-full-load (100)	Independent single-request native and SDK clients	2026-10-03T23:07:30.9946343Z | 1 | 8 | 1 | direct | 0 | 71194 | 71194 | 0 | 3559.5 | 2.559 | 91.3 | 78.7 | 99.6 | true |
database-full-load (100)	Independent single-request native and SDK clients	2026-10-03T23:07:30.9953386Z | 1 | 8 | 1 | weir | 0 | 50365 | 50365 | 0 | 2517.8 | 5.119 | 74.1 | 26.8 | 96.0 | true |
database-full-load (100)	Independent single-request native and SDK clients	2026-10-03T23:07:30.9953846Z | 1 | 8 | 2 | direct | 0 | 66711 | 66711 | 0 | 3335.4 | 3.327 | 90.0 | 63.0 | 99.6 | true |
database-full-load (100)	Independent single-request native and SDK clients	2026-10-03T23:07:30.9954229Z | 1 | 8 | 2 | weir | 0 | 42222 | 42222 | 0 | 2110.8 | 5.631 | 61.2 | 10.7 | 94.9 | true |
database-full-load (100)	Independent single-request native and SDK clients	2026-10-03T23:07:30.9954583Z | 1 | 8 | 3 | direct | 0 | 48444 | 48444 | 0 | 2421.2 | 7.167 | 67.4 | 10.4 | 99.1 | true |
database-full-load (100)	Independent single-request native and SDK clients	2026-10-03T23:07:30.9954916Z | 1 | 8 | 3 | weir | 0 | 43152 | 43152 | 0 | 2151.2 | 6.143 | 69.4 | 21.4 | 95.6 | true |
database-full-load (100)	Independent single-request native and SDK clients	2026-10-03T23:07:30.9955267Z | 1 | 32 | 1 | direct | 0 | 67927 | 67927 | 0 | 3389.2 | 57.343 | 91.2 | 58.5 | 95.3 | true |
database-full-load (100)	Independent single-request native and SDK clients	2026-10-03T23:07:30.9955615Z | 1 | 32 | 1 | weir | 0 | 66796 | 66796 | 0 | 3338.8 | 30.719 | 90.9 | 69.3 | 95.8 | true |
database-full-load (100)	Independent single-request native and SDK clients	2026-10-03T23:07:30.9955961Z | 1 | 32 | 2 | direct | 0 | 70490 | 70490 | 0 | 3517.0 | 57.343 | 97.5 | 85.9 | 96.3 | true |
database-full-load (100)	Independent single-request native and SDK clients	2026-10-03T23:07:30.9956300Z | 1 | 32 | 2 | weir | 0 | 59828 | 59828 | 0 | 2990.9 | 36.863 | 80.7 | 31.9 | 95.6 | true |
database-full-load (100)	Independent single-request native and SDK clients	2026-10-03T23:07:30.9956841Z | 1 | 32 | 3 | direct | 0 | 72372 | 72372 | 0 | 3618.0 | 57.343 | 98.1 | 96.3 | 96.3 | true |
database-full-load (100)	Independent single-request native and SDK clients	2026-10-03T23:07:30.9957209Z | 1 | 32 | 3 | weir | 0 | 66960 | 66960 | 0 | 3347.0 | 28.671 | 96.8 | 91.2 | 96.4 | true |
database-full-load (100)	Independent single-request native and SDK clients	2026-10-03T23:07:30.9957796Z | 1 | 128 | 1 | direct | 0 | 66960 | 66960 | 0 | 3346.6 | 131.071 | 91.1 | 59.1 | 96.9 | true |
database-full-load (100)	Independent single-request native and SDK clients	2026-10-03T23:07:30.9958157Z | 1 | 128 | 1 | weir | 0 | 98096 | 98096 | 0 | 4901.8 | 81.919 | 95.3 | 75.0 | 96.4 | true |
database-full-load (100)	Independent single-request native and SDK clients	2026-10-03T23:07:30.9958517Z | 1 | 128 | 2 | direct | 0 | 61925 | 61925 | 0 | 3093.4 | 106.495 | 92.5 | 70.9 | 97.1 | true |
database-full-load (100)	Independent single-request native and SDK clients	2026-10-03T23:07:30.9958888Z | 1 | 128 | 2 | weir | 0 | 79975 | 79975 | 0 | 3993.4 | 122.879 | 77.4 | 32.2 | 95.5 | true |
database-full-load (100)	Independent single-request native and SDK clients	2026-10-03T23:07:30.9959236Z | 1 | 128 | 3 | direct | 0 | 57383 | 57383 | 0 | 2867.1 | 106.495 | 97.4 | 87.2 | 97.8 | true |
database-full-load (100)	Independent single-request native and SDK clients	2026-10-03T23:07:30.9959580Z | 1 | 128 | 3 | weir | 0 | 92040 | 92040 | 0 | 4599.4 | 90.111 | 92.4 | 64.5 | 96.9 | true |
database-full-load (100)	Independent single-request native and SDK clients	2026-10-03T23:07:30.9959781Z 
database-full-load (100)	Independent single-request native and SDK clients	2026-10-03T23:07:30.9959997Z Measured Weir adapter and unary RPC evidence (warmup, reset and postflight excluded):
database-full-load (100)	Independent single-request native and SDK clients	2026-10-03T23:07:30.9960254Z 
database-full-load (100)	Independent single-request native and SDK clients	2026-10-03T23:07:30.9960726Z | Batch | Workers | Round | Adapter invocations | Mean adapter batch | Read/Mutate RPCs | Queue mean ms | Adapter mean ms | Rejections | Backend concurrency limit |
database-full-load (100)	Independent single-request native and SDK clients	2026-10-03T23:07:30.9961350Z | ---: | ---: | ---: | ---: | ---: | --- | ---: | ---: | ---: | ---: |
database-full-load (100)	Independent single-request native and SDK clients	2026-10-03T23:07:30.9961655Z | 1 | 8 | 1 | 46656 | 1.079 | 0/50365 | 0.013 | 2.412 | 0 | 32.000 |
database-full-load (100)	Independent single-request native and SDK clients	2026-10-03T23:07:30.9961936Z | 1 | 8 | 2 | 38962 | 1.084 | 0/42222 | 0.012 | 3.078 | 0 | 32.000 |
database-full-load (100)	Independent single-request native and SDK clients	2026-10-03T23:07:30.9962197Z | 1 | 8 | 3 | 39902 | 1.081 | 0/43152 | 0.012 | 3.019 | 0 | 32.000 |
database-full-load (100)	Independent single-request native and SDK clients	2026-10-03T23:07:30.9962468Z | 1 | 32 | 1 | 49197 | 1.358 | 0/66796 | 0.065 | 6.945 | 0 | 32.000 |
database-full-load (100)	Independent single-request native and SDK clients	2026-10-03T23:07:30.9962745Z | 1 | 32 | 2 | 43595 | 1.372 | 0/59828 | 0.066 | 7.930 | 0 | 32.000 |
database-full-load (100)	Independent single-request native and SDK clients	2026-10-03T23:07:30.9963017Z | 1 | 32 | 3 | 49366 | 1.356 | 0/66960 | 0.066 | 7.023 | 0 | 32.000 |
database-full-load (100)	Independent single-request native and SDK clients	2026-10-03T23:07:30.9963303Z | 1 | 128 | 1 | 34881 | 2.812 | 0/98096 | 2.337 | 13.693 | 0 | 32.000 |
database-full-load (100)	Independent single-request native and SDK clients	2026-10-03T23:07:30.9963731Z | 1 | 128 | 2 | 27708 | 2.886 | 0/79975 | 3.168 | 18.371 | 0 | 32.000 |
database-full-load (100)	Independent single-request native and SDK clients	2026-10-03T23:07:30.9964020Z | 1 | 128 | 3 | 32361 | 2.844 | 0/92040 | 2.057 | 14.255 | 0 | 32.000 |
database-full-load (100)	Independent single-request native and SDK clients	2026-10-03T23:07:30.9964227Z 
database-full-load (100)	Independent single-request native and SDK clients	2026-10-03T23:07:30.9965387Z **Batch 1: database-full-load throughput comparison unavailable.** both paths must independently demonstrate sustained database CPU saturation and a verified next-level throughput plateau; increase concurrency or isolate client/Weir resources; I/O/network-bound saturation needs additional device/link capacity evidence.
database-full-load (100)	Independent single-request native and SDK clients	2026-10-03T23:07:30.9966451Z 
database-full-load (100)	Independent single-request native and SDK clients	2026-10-03T23:07:30.9967480Z Best verified business QPS within this ladder: direct 3508.0 (32 workers), Weir 4498.1 (128 workers), observed change +28.22%. This is a measured business-throughput comparison, not a maximum-database-capacity claim.
database-full-load (100)	Independent single-request native and SDK clients	2026-10-03T23:07:30.9968299Z 
database-full-load (100)	Independent single-request native and SDK clients	2026-10-03T23:07:30.9968645Z Observed single-request business performance at matched client concurrency (independent of the database-capacity qualification):
database-full-load (100)	Independent single-request native and SDK clients	2026-10-03T23:07:30.9969178Z 
database-full-load (100)	Independent single-request native and SDK clients	2026-10-03T23:07:30.9969474Z | Workers | Direct QPS | Weir QPS | Change | Direct p50/p95/p99 ms | Weir p50/p95/p99 ms |
database-full-load (100)	Independent single-request native and SDK clients	2026-10-03T23:07:30.9969976Z | ---: | ---: | ---: | ---: | --- | --- |
database-full-load (100)	Independent single-request native and SDK clients	2026-10-03T23:07:30.9970405Z | 8 | 3105.3 | 2259.9 | -27.23% | 1.279 / 3.583 / 45.055 | 2.303 / 5.631 / 57.343 |
database-full-load (100)	Independent single-request native and SDK clients	2026-10-03T23:07:30.9970919Z | 32 | 3508.0 | 3225.6 | -8.05% | 3.583 / 57.343 / 81.919 | 6.143 / 30.719 / 90.111 |
database-full-load (100)	Independent single-request native and SDK clients	2026-10-03T23:07:30.9972357Z | 128 | 3102.3 | 4498.1 | +44.99% | 18.431 / 114.687 / 229.375 | 18.431 / 90.111 / 212.991 |
database-full-load (100)	Independent single-request native and SDK clients	2026-10-03T23:07:30.9973474Z 
database-full-load (100)	Independent single-request native and SDK clients	2026-10-03T23:07:30.9974514Z These QPS and latency observations apply to this hardware and measured concurrency range. A business-throughput improvement can exist without demonstrating the maximum database capacity. An underfull database or missing next-level plateau keeps the database-capacity comparison unavailable.
database-full-load (100)	Independent single-request native and SDK clients	2026-10-03T23:07:30.9975298Z 
database-full-load (100)	Independent single-request native and SDK clients	2026-10-03T23:07:30.9977286Z Aggregation evidence: the JSON records one business request per record, Read/Mutate RPC counts, adapter invocation counts, average adapter batch and its cumulative histogram, and RPCs per adapter invocation. An adapter invocation is not necessarily one physical database wire command. MongoDB physical find/update/bulkWrite/getMore/killCursors deltas come from owned serverStatus at timed boundaries; missing counters remain unavailable. Elasticsearch has no equivalent physical HTTP-command counter. Every child PID, configured native pool limit, final revision ranges, exit result and sampled CPU/RSS is retained; coordinator sampling CPU is excluded from business-client CPU.
database-full-load (100)	Independent single-request native and SDK clients	2026-10-03T23:07:30.9979155Z 
database-full-load (100)	Independent single-request native and SDK clients	2026-10-03T23:07:30.9981795Z The JSON retains before/after raw public Weir metrics and their observed deltas, every resource sample, monitor failures, raw cumulative database/container I/O and network counters, CPU quota/host core denominator, and client/Weir cumulative CPU. Docker CPU uses cumulative Engine usage and read timestamps across each entire sampling interval, never CLI instantaneous percentages. Both interval endpoints must succeed; missing intervals reduce full-run coverage. Samples include monitoring traffic and background database work. Native ps CPU has platform-dependent clock resolution. Native databases share the host CPU budget with the client and Weir. Disk/network utilization or capacity is not inferred from byte counters. A plateau without sustained database CPU saturation is not a database-full-load result. Startup/discovery/reset/postflight and warmup are excluded from throughput; all in-flight completion and validation is included.
database-full-load (100)	Independent single-request native and SDK clients	2026-10-03T23:08:35.8453934Z single-request backend=search processes=4 workers=8 round=1 direct=945.3 weir=977.4 DB-CPU direct=92.7% weir=53.5%
database-full-load (100)	Independent single-request native and SDK clients	2026-10-03T23:09:37.7292072Z single-request backend=search processes=4 workers=8 round=2 direct=1049.6 weir=1097.3 DB-CPU direct=38.5% weir=45.5%
database-full-load (100)	Independent single-request native and SDK clients	2026-10-03T23:10:39.8358784Z single-request backend=search processes=4 workers=8 round=3 direct=1001.4 weir=538.1 DB-CPU direct=32.4% weir=22.9%
database-full-load (100)	Independent single-request native and SDK clients	2026-10-03T23:11:41.4271897Z single-request backend=search processes=4 workers=32 round=1 direct=1469.1 weir=967.5 DB-CPU direct=51.2% weir=34.4%
database-full-load (100)	Independent single-request native and SDK clients	2026-10-03T23:12:43.1167704Z single-request backend=search processes=4 workers=32 round=2 direct=1267.2 weir=874.8 DB-CPU direct=42.1% weir=34.9%
database-full-load (100)	Independent single-request native and SDK clients	2026-10-03T23:13:44.8798482Z single-request backend=search processes=4 workers=32 round=3 direct=1489.6 weir=1013.1 DB-CPU direct=48.0% weir=40.1%
database-full-load (100)	Independent single-request native and SDK clients	2026-10-03T23:14:47.0398919Z single-request backend=search processes=4 workers=128 round=1 direct=1534.8 weir=4806.7 DB-CPU direct=51.5% weir=60.7%
database-full-load (100)	Independent single-request native and SDK clients	2026-10-03T23:15:48.8662005Z single-request backend=search processes=4 workers=128 round=2 direct=1509.4 weir=4201.9 DB-CPU direct=47.7% weir=52.1%
database-full-load (100)	Independent single-request native and SDK clients	2026-10-03T23:16:50.4999865Z single-request backend=search processes=4 workers=128 round=3 direct=976.1 weir=3408.7 DB-CPU direct=33.3% weir=37.0%
database-full-load (100)	Independent single-request native and SDK clients	2026-10-03T23:16:50.5167111Z # Database saturation comparison
database-full-load (100)	Independent single-request native and SDK clients	2026-10-03T23:16:50.5167477Z 
database-full-load (100)	Independent single-request native and SDK clients	2026-10-03T23:16:50.5167689Z Backend **search**. Started 2026-10-03T23:07:31.611281432Z.
database-full-load (100)	Independent single-request native and SDK clients	2026-10-03T23:16:50.5167910Z 
database-full-load (100)	Independent single-request native and SDK clients	2026-10-03T23:16:50.5169461Z independent OS client processes send one record per native call or unary SDK RPC; native FindOne/ReplaceOne or single-ID mget/PUT; no client aggregation; worker-owned disjoint IDs; common phase barriers and unchanged pools across warmup and measurement; alternating AB/BA; latency is each business request including validation, queueing and any server aggregation; independent persisted postflight; sustained database CPU requires >=5 intervals, >=80% measurement coverage, mean CPU>=threshold and CPU>=threshold during >=80% measurement duration in every round, plus <=10% next-level throughput gain.
database-full-load (100)	Independent single-request native and SDK clients	2026-10-03T23:16:50.5170949Z 
database-full-load (100)	Independent single-request native and SDK clients	2026-10-03T23:16:50.5171153Z Warmup 10s and measurement 20s per path/stage, 3 paired rounds, requested writes 100%.
database-full-load (100)	Independent single-request native and SDK clients	2026-10-03T23:16:50.5171412Z 
database-full-load (100)	Independent single-request native and SDK clients	2026-10-03T23:16:50.5172068Z 4 independent OS client processes. Each worker sends one business request containing one record, waits for its acknowledged result, and validates it. p50/p95/p99 describe individual requests; histograms are pooled rather than averaging process quantiles.
database-full-load (100)	Independent single-request native and SDK clients	2026-10-03T23:16:50.5172952Z 
database-full-load (100)	Independent single-request native and SDK clients	2026-10-03T23:16:50.5173326Z | Batch | Workers | Round | Path | Read | Write | Success | Errors/unknown | Ops/s | p95 call ms | DB CPU budget % | Full CPU time % | Sampling coverage % | Verified |
database-full-load (100)	Independent single-request native and SDK clients	2026-10-03T23:16:50.5173883Z | ---: | ---: | ---: | --- | ---: | ---: | ---: | ---: | ---: | ---: | ---: | ---: | ---: | --- |
database-full-load (100)	Independent single-request native and SDK clients	2026-10-03T23:16:50.5174261Z | 1 | 8 | 1 | direct | 0 | 19008 | 19008 | 0 | 945.3 | 45.055 | 92.7 | 68.3 | 99.7 | true |
database-full-load (100)	Independent single-request native and SDK clients	2026-10-03T23:16:50.5174615Z | 1 | 8 | 1 | weir | 0 | 19580 | 19580 | 0 | 977.4 | 26.623 | 53.5 | 5.3 | 99.4 | true |
database-full-load (100)	Independent single-request native and SDK clients	2026-10-03T23:16:50.5174966Z | 1 | 8 | 2 | direct | 0 | 21102 | 21102 | 0 | 1049.6 | 18.431 | 38.5 | 0.0 | 98.6 | true |
database-full-load (100)	Independent single-request native and SDK clients	2026-10-03T23:16:50.5175311Z | 1 | 8 | 2 | weir | 0 | 21950 | 21950 | 0 | 1097.3 | 18.431 | 45.5 | 0.0 | 99.7 | true |
database-full-load (100)	Independent single-request native and SDK clients	2026-10-03T23:16:50.5175683Z | 1 | 8 | 3 | direct | 0 | 20051 | 20051 | 0 | 1001.4 | 18.431 | 32.4 | 0.0 | 98.9 | true |
database-full-load (100)	Independent single-request native and SDK clients	2026-10-03T23:16:50.5176028Z | 1 | 8 | 3 | weir | 0 | 10841 | 10841 | 0 | 538.1 | 90.111 | 22.9 | 0.0 | 98.3 | true |
database-full-load (100)	Independent single-request native and SDK clients	2026-10-03T23:16:50.5176402Z | 1 | 32 | 1 | direct | 0 | 29403 | 29403 | 0 | 1469.1 | 45.055 | 51.2 | 0.0 | 99.5 | true |
database-full-load (100)	Independent single-request native and SDK clients	2026-10-03T23:16:50.5177015Z | 1 | 32 | 1 | weir | 0 | 19363 | 19363 | 0 | 967.5 | 147.455 | 34.4 | 0.0 | 99.2 | true |
database-full-load (100)	Independent single-request native and SDK clients	2026-10-03T23:16:50.5177429Z | 1 | 32 | 2 | direct | 0 | 25412 | 25412 | 0 | 1267.2 | 73.727 | 42.1 | 0.0 | 99.2 | true |
database-full-load (100)	Independent single-request native and SDK clients	2026-10-03T23:16:50.5177804Z | 1 | 32 | 2 | weir | 0 | 17528 | 17528 | 0 | 874.8 | 147.455 | 34.9 | 0.0 | 99.4 | true |
database-full-load (100)	Independent single-request native and SDK clients	2026-10-03T23:16:50.5178208Z | 1 | 32 | 3 | direct | 0 | 29912 | 29912 | 0 | 1489.6 | 45.055 | 48.0 | 0.0 | 99.1 | true |
database-full-load (100)	Independent single-request native and SDK clients	2026-10-03T23:16:50.5178549Z | 1 | 32 | 3 | weir | 0 | 20282 | 20282 | 0 | 1013.1 | 106.495 | 40.1 | 0.0 | 99.7 | true |
database-full-load (100)	Independent single-request native and SDK clients	2026-10-03T23:16:50.5179109Z | 1 | 128 | 1 | direct | 0 | 31725 | 31725 | 0 | 1534.8 | 180.223 | 51.5 | 0.0 | 96.4 | true |
database-full-load (100)	Independent single-request native and SDK clients	2026-10-03T23:16:50.5179484Z | 1 | 128 | 1 | weir | 0 | 96216 | 96216 | 0 | 4806.7 | 45.055 | 60.7 | 0.0 | 96.2 | true |
database-full-load (100)	Independent single-request native and SDK clients	2026-10-03T23:16:50.5179842Z | 1 | 128 | 2 | direct | 0 | 30536 | 30536 | 0 | 1509.4 | 163.839 | 47.7 | 0.0 | 98.4 | true |
database-full-load (100)	Independent single-request native and SDK clients	2026-10-03T23:16:50.5180192Z | 1 | 128 | 2 | weir | 0 | 84121 | 84121 | 0 | 4201.9 | 57.343 | 52.1 | 0.0 | 95.9 | true |
database-full-load (100)	Independent single-request native and SDK clients	2026-10-03T23:16:50.5180537Z | 1 | 128 | 3 | direct | 0 | 19592 | 19592 | 0 | 976.1 | 360.447 | 33.3 | 0.0 | 98.8 | true |
database-full-load (100)	Independent single-request native and SDK clients	2026-10-03T23:16:50.5180888Z | 1 | 128 | 3 | weir | 0 | 68288 | 68288 | 0 | 3408.7 | 114.687 | 37.0 | 0.0 | 94.8 | true |
database-full-load (100)	Independent single-request native and SDK clients	2026-10-03T23:16:50.5181084Z 
database-full-load (100)	Independent single-request native and SDK clients	2026-10-03T23:16:50.5181291Z Measured Weir adapter and unary RPC evidence (warmup, reset and postflight excluded):
database-full-load (100)	Independent single-request native and SDK clients	2026-10-03T23:16:50.5181541Z 
database-full-load (100)	Independent single-request native and SDK clients	2026-10-03T23:16:50.5181919Z | Batch | Workers | Round | Adapter invocations | Mean adapter batch | Read/Mutate RPCs | Queue mean ms | Adapter mean ms | Rejections | Backend concurrency limit |
database-full-load (100)	Independent single-request native and SDK clients	2026-10-03T23:16:50.5182460Z | ---: | ---: | ---: | ---: | ---: | --- | ---: | ---: | ---: | ---: |
database-full-load (100)	Independent single-request native and SDK clients	2026-10-03T23:16:50.5182757Z | 1 | 8 | 1 | 19501 | 1.004 | 0/19580 | 0.008 | 7.828 | 0 | 32.000 |
database-full-load (100)	Independent single-request native and SDK clients	2026-10-03T23:16:50.5183029Z | 1 | 8 | 2 | 21874 | 1.003 | 0/21950 | 0.007 | 6.927 | 0 | 32.000 |
database-full-load (100)	Independent single-request native and SDK clients	2026-10-03T23:16:50.5183303Z | 1 | 8 | 3 | 10805 | 1.003 | 0/10841 | 0.007 | 14.405 | 0 | 32.000 |
database-full-load (100)	Independent single-request native and SDK clients	2026-10-03T23:16:50.5183582Z | 1 | 32 | 1 | 19248 | 1.006 | 0/19363 | 0.009 | 32.710 | 0 | 32.000 |
database-full-load (100)	Independent single-request native and SDK clients	2026-10-03T23:16:50.5183851Z | 1 | 32 | 2 | 17405 | 1.007 | 0/17528 | 0.011 | 36.096 | 0 | 32.000 |
database-full-load (100)	Independent single-request native and SDK clients	2026-10-03T23:16:50.5184119Z | 1 | 32 | 3 | 20101 | 1.009 | 0/20282 | 0.010 | 31.185 | 0 | 32.000 |
database-full-load (100)	Independent single-request native and SDK clients	2026-10-03T23:16:50.5184402Z | 1 | 128 | 1 | 26639 | 3.612 | 0/96216 | 0.621 | 23.685 | 0 | 32.000 |
database-full-load (100)	Independent single-request native and SDK clients	2026-10-03T23:16:50.5184687Z | 1 | 128 | 2 | 23178 | 3.629 | 0/84121 | 0.897 | 27.185 | 0 | 32.000 |
database-full-load (100)	Independent single-request native and SDK clients	2026-10-03T23:16:50.5184959Z | 1 | 128 | 3 | 18155 | 3.761 | 0/68288 | 1.060 | 35.144 | 0 | 32.000 |
database-full-load (100)	Independent single-request native and SDK clients	2026-10-03T23:16:50.5185131Z 
database-full-load (100)	Independent single-request native and SDK clients	2026-10-03T23:16:50.5185964Z **Batch 1: database-full-load throughput comparison unavailable.** both paths must independently demonstrate sustained database CPU saturation and a verified next-level throughput plateau; increase concurrency or isolate client/Weir resources; I/O/network-bound saturation needs additional device/link capacity evidence.
database-full-load (100)	Independent single-request native and SDK clients	2026-10-03T23:16:50.5188995Z 
database-full-load (100)	Independent single-request native and SDK clients	2026-10-03T23:16:50.5189556Z Best verified business QPS within this ladder: direct 1408.6 (32 workers), Weir 4138.9 (128 workers), observed change +193.83%. This is a measured business-throughput comparison, not a maximum-database-capacity claim.
database-full-load (100)	Independent single-request native and SDK clients	2026-10-03T23:16:50.5190098Z 
database-full-load (100)	Independent single-request native and SDK clients	2026-10-03T23:16:50.5190427Z Observed single-request business performance at matched client concurrency (independent of the database-capacity qualification):
database-full-load (100)	Independent single-request native and SDK clients	2026-10-03T23:16:50.5190793Z 
database-full-load (100)	Independent single-request native and SDK clients	2026-10-03T23:16:50.5190990Z | Workers | Direct QPS | Weir QPS | Change | Direct p50/p95/p99 ms | Weir p50/p95/p99 ms |
database-full-load (100)	Independent single-request native and SDK clients	2026-10-03T23:16:50.5191339Z | ---: | ---: | ---: | ---: | --- | --- |
database-full-load (100)	Independent single-request native and SDK clients	2026-10-03T23:16:50.5191621Z | 8 | 998.8 | 870.2 | -12.87% | 4.095 / 26.623 / 90.111 | 4.607 / 28.671 / 114.687 |
database-full-load (100)	Independent single-request native and SDK clients	2026-10-03T23:16:50.5191984Z | 32 | 1408.6 | 951.8 | -32.43% | 18.431 / 53.247 / 122.879 | 20.479 / 131.071 / 229.375 |
database-full-load (100)	Independent single-request native and SDK clients	2026-10-03T23:16:50.5192359Z | 128 | 1342.4 | 4138.9 | +208.31% | 73.727 / 229.375 / 458.751 | 24.575 / 73.727 / 163.839 |
database-full-load (100)	Independent single-request native and SDK clients	2026-10-03T23:16:50.5192573Z 
database-full-load (100)	Independent single-request native and SDK clients	2026-10-03T23:16:50.5193324Z These QPS and latency observations apply to this hardware and measured concurrency range. A business-throughput improvement can exist without demonstrating the maximum database capacity. An underfull database or missing next-level plateau keeps the database-capacity comparison unavailable.
database-full-load (100)	Independent single-request native and SDK clients	2026-10-03T23:16:50.5194079Z 
database-full-load (100)	Independent single-request native and SDK clients	2026-10-03T23:16:50.5195833Z Aggregation evidence: the JSON records one business request per record, Read/Mutate RPC counts, adapter invocation counts, average adapter batch and its cumulative histogram, and RPCs per adapter invocation. An adapter invocation is not necessarily one physical database wire command. MongoDB physical find/update/bulkWrite/getMore/killCursors deltas come from owned serverStatus at timed boundaries; missing counters remain unavailable. Elasticsearch has no equivalent physical HTTP-command counter. Every child PID, configured native pool limit, final revision ranges, exit result and sampled CPU/RSS is retained; coordinator sampling CPU is excluded from business-client CPU.
database-full-load (100)	Independent single-request native and SDK clients	2026-10-03T23:16:50.5198028Z 
database-full-load (100)	Independent single-request native and SDK clients	2026-10-03T23:16:50.5200483Z The JSON retains before/after raw public Weir metrics and their observed deltas, every resource sample, monitor failures, raw cumulative database/container I/O and network counters, CPU quota/host core denominator, and client/Weir cumulative CPU. Docker CPU uses cumulative Engine usage and read timestamps across each entire sampling interval, never CLI instantaneous percentages. Both interval endpoints must succeed; missing intervals reduce full-run coverage. Samples include monitoring traffic and background database work. Native ps CPU has platform-dependent clock resolution. Native databases share the host CPU budget with the client and Weir. Disk/network utilization or capacity is not inferred from byte counters. A plateau without sustained database CPU saturation is not a database-full-load result. Startup/discovery/reset/postflight and warmup are excluded from throughput; all in-flight completion and validation is included.
database-full-load (100)	Preserve raw resource samples, workload validation and cleanup	﻿2026-10-03T23:16:53.7062634Z ##[group]Run actions/upload-artifact@ea165f8d65b6e75b540449e92b4886f43607fa02
database-full-load (100)	Preserve raw resource samples, workload validation and cleanup	2026-10-03T23:16:53.7062997Z with:
database-full-load (100)	Preserve raw resource samples, workload validation and cleanup	2026-10-03T23:16:53.7063294Z   name: saturation-evidence-writes-100-8810503ede087810eca8c1ee3699c97735d11515
database-full-load (100)	Preserve raw resource samples, workload validation and cleanup	2026-10-03T23:16:53.7064086Z   path: results/local/
database-full-load (100)	Preserve raw resource samples, workload validation and cleanup	/tmp/weir-tests-*/manifest.json
database-full-load (100)	Preserve raw resource samples, workload validation and cleanup	/tmp/weir-tests-*/cleanup.json
database-full-load (100)	Preserve raw resource samples, workload validation and cleanup	/tmp/weir-tests-*/*config.json
database-full-load (100)	Preserve raw resource samples, workload validation and cleanup	/tmp/weir-tests-*/*routes.json
database-full-load (100)	Preserve raw resource samples, workload validation and cleanup	/tmp/weir-tests-*/*process.log
database-full-load (100)	Preserve raw resource samples, workload validation and cleanup	/tmp/weir-tests-*/docker-engine.json
database-full-load (100)	Preserve raw resource samples, workload validation and cleanup	
database-full-load (100)	Preserve raw resource samples, workload validation and cleanup	2026-10-03T23:16:53.7064728Z   retention-days: 14
database-full-load (100)	Preserve raw resource samples, workload validation and cleanup	2026-10-03T23:16:53.7064940Z   if-no-files-found: warn
database-full-load (100)	Preserve raw resource samples, workload validation and cleanup	2026-10-03T23:16:53.7065133Z   compression-level: 6
database-full-load (100)	Preserve raw resource samples, workload validation and cleanup	2026-10-03T23:16:53.7065313Z   overwrite: false
database-full-load (100)	Preserve raw resource samples, workload validation and cleanup	2026-10-03T23:16:53.7065487Z   include-hidden-files: false
database-full-load (100)	Preserve raw resource samples, workload validation and cleanup	2026-10-03T23:16:53.7065681Z env:
database-full-load (100)	Preserve raw resource samples, workload validation and cleanup	2026-10-03T23:16:53.7065828Z   GOENV: off
database-full-load (100)	Preserve raw resource samples, workload validation and cleanup	2026-10-03T23:16:53.7065984Z   GOWORK: off
database-full-load (100)	Preserve raw resource samples, workload validation and cleanup	2026-10-03T23:16:53.7066144Z   GOTOOLCHAIN: local
database-full-load (100)	Preserve raw resource samples, workload validation and cleanup	2026-10-03T23:16:53.7066321Z   GOFLAGS: -mod=readonly
database-full-load (100)	Preserve raw resource samples, workload validation and cleanup	2026-10-03T23:16:53.7066742Z   PYTHONDONTWRITEBYTECODE: 1
database-full-load (100)	Preserve raw resource samples, workload validation and cleanup	2026-10-03T23:16:53.7066978Z ##[endgroup]
database-full-load (100)	Preserve raw resource samples, workload validation and cleanup	2026-10-03T23:16:53.8413815Z (node:11976) [DEP0040] DeprecationWarning: The `punycode` module is deprecated. Please use a userland alternative instead.
database-full-load (100)	Preserve raw resource samples, workload validation and cleanup	2026-10-03T23:16:53.8414595Z (Use `node --trace-deprecation ...` to show where the warning was created)
database-full-load (100)	Preserve raw resource samples, workload validation and cleanup	2026-10-03T23:16:53.8526926Z Multiple search paths detected. Calculating the least common ancestor of all paths
database-full-load (100)	Preserve raw resource samples, workload validation and cleanup	2026-10-03T23:16:53.8528083Z The least common ancestor is /. This will be the root directory of the artifact
database-full-load (100)	Preserve raw resource samples, workload validation and cleanup	2026-10-03T23:16:53.8528731Z With the provided path, there will be 12 files uploaded
database-full-load (100)	Preserve raw resource samples, workload validation and cleanup	2026-10-03T23:16:53.8529361Z Artifact name is valid!
database-full-load (100)	Preserve raw resource samples, workload validation and cleanup	2026-10-03T23:16:53.8529681Z Root directory input is valid!
database-full-load (100)	Preserve raw resource samples, workload validation and cleanup	2026-10-03T23:16:54.0429738Z Beginning upload of artifact content to blob storage
database-full-load (100)	Preserve raw resource samples, workload validation and cleanup	2026-10-03T23:16:54.1332639Z (node:11976) [DEP0169] DeprecationWarning: `url.parse()` behavior is not standardized and prone to errors that have security implications. Use the WHATWG URL API instead. CVEs are not issued for `url.parse()` vulnerabilities.
database-full-load (100)	Preserve raw resource samples, workload validation and cleanup	2026-10-03T23:16:54.1773875Z Uploaded bytes 574374
database-full-load (100)	Preserve raw resource samples, workload validation and cleanup	2026-10-03T23:16:54.1913014Z Finished uploading artifact content to blob storage!
database-full-load (100)	Preserve raw resource samples, workload validation and cleanup	2026-10-03T23:16:54.1913822Z SHA256 digest of uploaded artifact zip is 3a3d98650ecae528e83d1cc48a43c23b83d523a21c98a43dbb48a5ca44077757
database-full-load (100)	Preserve raw resource samples, workload validation and cleanup	2026-10-03T23:16:54.1915401Z Finalizing artifact upload
database-full-load (100)	Preserve raw resource samples, workload validation and cleanup	2026-10-03T23:16:54.3859709Z Artifact saturation-evidence-writes-100-8810503ede087810eca8c1ee3699c97735d11515.zip successfully finalized. Artifact ID 11287702127
database-full-load (100)	Preserve raw resource samples, workload validation and cleanup	2026-10-03T23:16:54.3861983Z Artifact saturation-evidence-writes-100-8810503ede087810eca8c1ee3699c97735d11515 has been successfully uploaded! Final size is 574374 bytes. Artifact ID is 11287702127
database-full-load (100)	Preserve raw resource samples, workload validation and cleanup	2026-10-03T23:16:54.3865209Z Artifact download URL: https://github.com/batchstream/weir-tests/actions/runs/37160117709/artifacts/11287702127
database-full-load (100)	Post Run actions/setup-go@924ae3a1cded613372ab5595356fb5720e22ba16	﻿2026-10-03T23:16:54.4039569Z Post job cleanup.
database-full-load (100)	Post Run actions/setup-go@924ae3a1cded613372ab5595356fb5720e22ba16	2026-10-03T23:16:54.5047003Z [command]/opt/hostedtoolcache/go/1.27.1/x64/bin/go env GOMODCACHE
database-full-load (100)	Post Run actions/setup-go@924ae3a1cded613372ab5595356fb5720e22ba16	2026-10-03T23:16:54.5102519Z [command]/opt/hostedtoolcache/go/1.27.1/x64/bin/go env GOCACHE
database-full-load (100)	Post Run actions/setup-go@924ae3a1cded613372ab5595356fb5720e22ba16	2026-10-03T23:16:54.5118404Z /home/runner/go/pkg/mod
database-full-load (100)	Post Run actions/setup-go@924ae3a1cded613372ab5595356fb5720e22ba16	2026-10-03T23:16:54.5133465Z /home/runner/.cache/go-build
database-full-load (100)	Post Run actions/setup-go@924ae3a1cded613372ab5595356fb5720e22ba16	2026-10-03T23:16:54.5139275Z Cache hit occurred on the primary key setup-go-Linux-x64-ubuntu24-go-1.27.1-f3893fbf0ff2b6e2efba8903234513786674983d753d1815a9a1fcf84a06448a, not saving cache.
database-full-load (100)	Post Run actions/checkout@3d3c42e5aac5ba805825da76410c181273ba90b1	﻿2026-10-03T23:16:54.5295685Z Post job cleanup.
database-full-load (100)	Post Run actions/checkout@3d3c42e5aac5ba805825da76410c181273ba90b1	2026-10-03T23:16:54.5984439Z [command]/usr/bin/git version
database-full-load (100)	Post Run actions/checkout@3d3c42e5aac5ba805825da76410c181273ba90b1	2026-10-03T23:16:54.6021794Z git version 2.55.0
database-full-load (100)	Post Run actions/checkout@3d3c42e5aac5ba805825da76410c181273ba90b1	2026-10-03T23:16:54.6055250Z Temporarily overriding HOME='/home/runner/work/_temp/c6aa5393-e0e0-4e3a-b24b-37552db1ccad' before making global git config changes
database-full-load (100)	Post Run actions/checkout@3d3c42e5aac5ba805825da76410c181273ba90b1	2026-10-03T23:16:54.6064325Z Adding repository directory to the temporary git global config as a safe directory
database-full-load (100)	Post Run actions/checkout@3d3c42e5aac5ba805825da76410c181273ba90b1	2026-10-03T23:16:54.6065254Z [command]/usr/bin/git config --global --add safe.directory /home/runner/work/weir-tests/weir-tests
database-full-load (100)	Post Run actions/checkout@3d3c42e5aac5ba805825da76410c181273ba90b1	2026-10-03T23:16:54.6091753Z Removing SSH command configuration
database-full-load (100)	Post Run actions/checkout@3d3c42e5aac5ba805825da76410c181273ba90b1	2026-10-03T23:16:54.6099127Z [command]/usr/bin/git config --local --name-only --get-regexp core\.sshCommand
database-full-load (100)	Post Run actions/checkout@3d3c42e5aac5ba805825da76410c181273ba90b1	2026-10-03T23:16:54.6137598Z [command]/usr/bin/git submodule foreach --recursive sh -c "git config --local --name-only --get-regexp 'core\.sshCommand' && git config --local --unset-all 'core.sshCommand' || :"
database-full-load (100)	Post Run actions/checkout@3d3c42e5aac5ba805825da76410c181273ba90b1	2026-10-03T23:16:54.6357712Z Removing HTTP extra header
database-full-load (100)	Post Run actions/checkout@3d3c42e5aac5ba805825da76410c181273ba90b1	2026-10-03T23:16:54.6367152Z [command]/usr/bin/git config --local --name-only --get-regexp http\.https\:\/\/github\.com\/\.extraheader
database-full-load (100)	Post Run actions/checkout@3d3c42e5aac5ba805825da76410c181273ba90b1	2026-10-03T23:16:54.6396370Z [command]/usr/bin/git submodule foreach --recursive sh -c "git config --local --name-only --get-regexp 'http\.https\:\/\/github\.com\/\.extraheader' && git config --local --unset-all 'http.https://github.com/.extraheader' || :"
database-full-load (100)	Post Run actions/checkout@3d3c42e5aac5ba805825da76410c181273ba90b1	2026-10-03T23:16:54.6603225Z Removing includeIf entries pointing to credentials config files
database-full-load (100)	Post Run actions/checkout@3d3c42e5aac5ba805825da76410c181273ba90b1	2026-10-03T23:16:54.6611037Z [command]/usr/bin/git config --local --name-only --get-regexp ^includeIf\.gitdir:
database-full-load (100)	Post Run actions/checkout@3d3c42e5aac5ba805825da76410c181273ba90b1	2026-10-03T23:16:54.6642488Z [command]/usr/bin/git submodule foreach --recursive git config --local --show-origin --name-only --get-regexp remote.origin.url
database-full-load (100)	Complete job	﻿2026-10-03T23:16:54.7060143Z Cleaning up orphan processes
database-full-load (100)	Complete job	2026-10-03T23:16:54.7367235Z ##[warning]Node.js 20 is deprecated. The following actions target Node.js 20 but are being forced to run on Node.js 24: actions/upload-artifact@ea165f8d65b6e75b540449e92b4886f43607fa02. For more information see: https://github.blog/changelog/2025-09-19-deprecation-of-node-20-on-github-actions-runners/
database-full-load (0)	Set up job	﻿2026-10-03T22:56:37.6508496Z Current runner version: '2.337.0'
database-full-load (0)	Set up job	2026-10-03T22:56:37.6529355Z ##[group]Runner Image Provisioner
database-full-load (0)	Set up job	2026-10-03T22:56:37.6530190Z Hosted Compute Agent
database-full-load (0)	Set up job	2026-10-03T22:56:37.6530694Z Version: 20260901.588
database-full-load (0)	Set up job	2026-10-03T22:56:37.6531206Z Commit: f88ec8081b781fac6c440065ac7ff9e710ce3d0b
database-full-load (0)	Set up job	2026-10-03T22:56:37.6531895Z Build Date: 2026-09-01T19:56:44Z
database-full-load (0)	Set up job	2026-10-03T22:56:37.6532510Z Worker ID: {c46f4bf8-a0ac-43af-8350-7fd79eb2c91f}
database-full-load (0)	Set up job	2026-10-03T22:56:37.6533160Z Azure Region: centralus
database-full-load (0)	Set up job	2026-10-03T22:56:37.6533666Z ##[endgroup]
database-full-load (0)	Set up job	2026-10-03T22:56:37.6534985Z ##[group]Operating System
database-full-load (0)	Set up job	2026-10-03T22:56:37.6535619Z Ubuntu
database-full-load (0)	Set up job	2026-10-03T22:56:37.6536095Z 24.04.5
database-full-load (0)	Set up job	2026-10-03T22:56:37.6536554Z LTS
database-full-load (0)	Set up job	2026-10-03T22:56:37.6537000Z ##[endgroup]
database-full-load (0)	Set up job	2026-10-03T22:56:37.6537460Z ##[group]Runner Image
database-full-load (0)	Set up job	2026-10-03T22:56:37.6538004Z Image: ubuntu-24.04
database-full-load (0)	Set up job	2026-10-03T22:56:37.6538542Z Version: 20260927.320.1
database-full-load (0)	Set up job	2026-10-03T22:56:37.6539423Z Included Software: https://github.com/actions/runner-images/blob/ubuntu24/20260927.320/images/ubuntu/Ubuntu2404-Readme.md
database-full-load (0)	Set up job	2026-10-03T22:56:37.6541015Z Image Release: https://github.com/actions/runner-images/releases/tag/ubuntu24%2F20260927.320
database-full-load (0)	Set up job	2026-10-03T22:56:37.6541912Z ##[endgroup]
database-full-load (0)	Set up job	2026-10-03T22:56:37.6542885Z ##[group]GITHUB_TOKEN Permissions
database-full-load (0)	Set up job	2026-10-03T22:56:37.6544541Z Contents: read
database-full-load (0)	Set up job	2026-10-03T22:56:37.6545046Z Metadata: read
database-full-load (0)	Set up job	2026-10-03T22:56:37.6545493Z ##[endgroup]
database-full-load (0)	Set up job	2026-10-03T22:56:37.6547322Z Secret source: Actions
database-full-load (0)	Set up job	2026-10-03T22:56:37.6548152Z Cache mode: write
database-full-load (0)	Set up job	2026-10-03T22:56:37.6548842Z Prepare workflow directory
database-full-load (0)	Set up job	2026-10-03T22:56:37.6891821Z Prepare all required actions
database-full-load (0)	Set up job	2026-10-03T22:56:37.6934925Z Getting action download info
database-full-load (0)	Set up job	2026-10-03T22:56:37.9215697Z Download action repository 'actions/checkout@3d3c42e5aac5ba805825da76410c181273ba90b1' (SHA:3d3c42e5aac5ba805825da76410c181273ba90b1)
database-full-load (0)	Set up job	2026-10-03T22:56:38.0012306Z Download action repository 'actions/setup-go@924ae3a1cded613372ab5595356fb5720e22ba16' (SHA:924ae3a1cded613372ab5595356fb5720e22ba16)
database-full-load (0)	Set up job	2026-10-03T22:56:38.6889243Z Download action repository 'actions/upload-artifact@ea165f8d65b6e75b540449e92b4886f43607fa02' (SHA:ea165f8d65b6e75b540449e92b4886f43607fa02)
database-full-load (0)	Set up job	2026-10-03T22:56:39.1100751Z Complete job name: database-full-load (0)
database-full-load (0)	Run actions/checkout@3d3c42e5aac5ba805825da76410c181273ba90b1	﻿2026-10-03T22:56:39.1638152Z ##[group]Run actions/checkout@3d3c42e5aac5ba805825da76410c181273ba90b1
database-full-load (0)	Run actions/checkout@3d3c42e5aac5ba805825da76410c181273ba90b1	2026-10-03T22:56:39.1639143Z with:
database-full-load (0)	Run actions/checkout@3d3c42e5aac5ba805825da76410c181273ba90b1	2026-10-03T22:56:39.1639738Z   ref: 03fcec1bbb3806a41eca2aa39b4ff702a4b59331
database-full-load (0)	Run actions/checkout@3d3c42e5aac5ba805825da76410c181273ba90b1	2026-10-03T22:56:39.1640479Z   persist-credentials: false
database-full-load (0)	Run actions/checkout@3d3c42e5aac5ba805825da76410c181273ba90b1	2026-10-03T22:56:39.1641111Z   repository: batchstream/weir-tests
database-full-load (0)	Run actions/checkout@3d3c42e5aac5ba805825da76410c181273ba90b1	2026-10-03T22:56:39.1646171Z   token: ***
database-full-load (0)	Run actions/checkout@3d3c42e5aac5ba805825da76410c181273ba90b1	2026-10-03T22:56:39.1646674Z   ssh-strict: true
database-full-load (0)	Run actions/checkout@3d3c42e5aac5ba805825da76410c181273ba90b1	2026-10-03T22:56:39.1647196Z   ssh-user: git
database-full-load (0)	Run actions/checkout@3d3c42e5aac5ba805825da76410c181273ba90b1	2026-10-03T22:56:39.1647704Z   clean: true
database-full-load (0)	Run actions/checkout@3d3c42e5aac5ba805825da76410c181273ba90b1	2026-10-03T22:56:39.1648233Z   sparse-checkout-cone-mode: true
database-full-load (0)	Run actions/checkout@3d3c42e5aac5ba805825da76410c181273ba90b1	2026-10-03T22:56:39.1648857Z   fetch-depth: 1
database-full-load (0)	Run actions/checkout@3d3c42e5aac5ba805825da76410c181273ba90b1	2026-10-03T22:56:39.1649366Z   fetch-tags: false
database-full-load (0)	Run actions/checkout@3d3c42e5aac5ba805825da76410c181273ba90b1	2026-10-03T22:56:39.1649901Z   show-progress: true
database-full-load (0)	Run actions/checkout@3d3c42e5aac5ba805825da76410c181273ba90b1	2026-10-03T22:56:39.1650446Z   lfs: false
database-full-load (0)	Run actions/checkout@3d3c42e5aac5ba805825da76410c181273ba90b1	2026-10-03T22:56:39.1650942Z   submodules: false
database-full-load (0)	Run actions/checkout@3d3c42e5aac5ba805825da76410c181273ba90b1	2026-10-03T22:56:39.1651486Z   set-safe-directory: true
database-full-load (0)	Run actions/checkout@3d3c42e5aac5ba805825da76410c181273ba90b1	2026-10-03T22:56:39.1652123Z   allow-unsafe-pr-checkout: false
database-full-load (0)	Run actions/checkout@3d3c42e5aac5ba805825da76410c181273ba90b1	2026-10-03T22:56:39.1653001Z env:
database-full-load (0)	Run actions/checkout@3d3c42e5aac5ba805825da76410c181273ba90b1	2026-10-03T22:56:39.1653482Z   GOENV: off
database-full-load (0)	Run actions/checkout@3d3c42e5aac5ba805825da76410c181273ba90b1	2026-10-03T22:56:39.1654047Z   GOWORK: off
database-full-load (0)	Run actions/checkout@3d3c42e5aac5ba805825da76410c181273ba90b1	2026-10-03T22:56:39.1654576Z   GOTOOLCHAIN: local
database-full-load (0)	Run actions/checkout@3d3c42e5aac5ba805825da76410c181273ba90b1	2026-10-03T22:56:39.1655137Z   GOFLAGS: -mod=readonly
database-full-load (0)	Run actions/checkout@3d3c42e5aac5ba805825da76410c181273ba90b1	2026-10-03T22:56:39.1655729Z   PYTHONDONTWRITEBYTECODE: 1
database-full-load (0)	Run actions/checkout@3d3c42e5aac5ba805825da76410c181273ba90b1	2026-10-03T22:56:39.1656319Z ##[endgroup]
database-full-load (0)	Run actions/checkout@3d3c42e5aac5ba805825da76410c181273ba90b1	2026-10-03T22:56:39.2294028Z Syncing repository: batchstream/weir-tests
database-full-load (0)	Run actions/checkout@3d3c42e5aac5ba805825da76410c181273ba90b1	2026-10-03T22:56:39.2296372Z ##[group]Getting Git version info
database-full-load (0)	Run actions/checkout@3d3c42e5aac5ba805825da76410c181273ba90b1	2026-10-03T22:56:39.2297636Z Working directory is '/home/runner/work/weir-tests/weir-tests'
database-full-load (0)	Run actions/checkout@3d3c42e5aac5ba805825da76410c181273ba90b1	2026-10-03T22:56:39.2299521Z [command]/usr/bin/git version
database-full-load (0)	Run actions/checkout@3d3c42e5aac5ba805825da76410c181273ba90b1	2026-10-03T22:56:39.2338504Z git version 2.55.0
database-full-load (0)	Run actions/checkout@3d3c42e5aac5ba805825da76410c181273ba90b1	2026-10-03T22:56:39.2351898Z ##[endgroup]
database-full-load (0)	Run actions/checkout@3d3c42e5aac5ba805825da76410c181273ba90b1	2026-10-03T22:56:39.2358343Z Temporarily overriding HOME='/home/runner/work/_temp/a5dc6a50-8fe8-4140-8edc-7ab8bcd2dbdf' before making global git config changes
database-full-load (0)	Run actions/checkout@3d3c42e5aac5ba805825da76410c181273ba90b1	2026-10-03T22:56:39.2360917Z Adding repository directory to the temporary git global config as a safe directory
database-full-load (0)	Run actions/checkout@3d3c42e5aac5ba805825da76410c181273ba90b1	2026-10-03T22:56:39.2363660Z [command]/usr/bin/git config --global --add safe.directory /home/runner/work/weir-tests/weir-tests
database-full-load (0)	Run actions/checkout@3d3c42e5aac5ba805825da76410c181273ba90b1	2026-10-03T22:56:39.2411509Z Deleting the contents of '/home/runner/work/weir-tests/weir-tests'
database-full-load (0)	Run actions/checkout@3d3c42e5aac5ba805825da76410c181273ba90b1	2026-10-03T22:56:39.2413688Z ##[group]Determining repository object format
database-full-load (0)	Run actions/checkout@3d3c42e5aac5ba805825da76410c181273ba90b1	2026-10-03T22:56:39.2415406Z ##[endgroup]
database-full-load (0)	Run actions/checkout@3d3c42e5aac5ba805825da76410c181273ba90b1	2026-10-03T22:56:39.2416715Z ##[group]Initializing the repository
database-full-load (0)	Run actions/checkout@3d3c42e5aac5ba805825da76410c181273ba90b1	2026-10-03T22:56:39.2418048Z [command]/usr/bin/git init /home/runner/work/weir-tests/weir-tests
database-full-load (0)	Run actions/checkout@3d3c42e5aac5ba805825da76410c181273ba90b1	2026-10-03T22:56:39.2656531Z hint: Using 'master' as the name for the initial branch. This default branch name
database-full-load (0)	Run actions/checkout@3d3c42e5aac5ba805825da76410c181273ba90b1	2026-10-03T22:56:39.2658440Z hint: will change to "main" in Git 3.0. To configure the initial branch name
database-full-load (0)	Run actions/checkout@3d3c42e5aac5ba805825da76410c181273ba90b1	2026-10-03T22:56:39.2659600Z hint: to use in all of your new repositories, which will suppress this warning,
database-full-load (0)	Run actions/checkout@3d3c42e5aac5ba805825da76410c181273ba90b1	2026-10-03T22:56:39.2660483Z hint: call:
database-full-load (0)	Run actions/checkout@3d3c42e5aac5ba805825da76410c181273ba90b1	2026-10-03T22:56:39.2660962Z hint:
database-full-load (0)	Run actions/checkout@3d3c42e5aac5ba805825da76410c181273ba90b1	2026-10-03T22:56:39.2661654Z hint: 	git config --global init.defaultBranch <name>
database-full-load (0)	Run actions/checkout@3d3c42e5aac5ba805825da76410c181273ba90b1	2026-10-03T22:56:39.2662758Z hint:
database-full-load (0)	Run actions/checkout@3d3c42e5aac5ba805825da76410c181273ba90b1	2026-10-03T22:56:39.2663500Z hint: Names commonly chosen instead of 'master' are 'main', 'trunk' and
database-full-load (0)	Run actions/checkout@3d3c42e5aac5ba805825da76410c181273ba90b1	2026-10-03T22:56:39.2664778Z hint: 'development'. The just-created branch can be renamed via this command:
database-full-load (0)	Run actions/checkout@3d3c42e5aac5ba805825da76410c181273ba90b1	2026-10-03T22:56:39.2665689Z hint:
database-full-load (0)	Run actions/checkout@3d3c42e5aac5ba805825da76410c181273ba90b1	2026-10-03T22:56:39.2666373Z hint: 	git branch -m <name>
database-full-load (0)	Run actions/checkout@3d3c42e5aac5ba805825da76410c181273ba90b1	2026-10-03T22:56:39.2667227Z hint:
database-full-load (0)	Run actions/checkout@3d3c42e5aac5ba805825da76410c181273ba90b1	2026-10-03T22:56:39.2668122Z hint: Disable this message with "git config set advice.defaultBranchName false"
database-full-load (0)	Run actions/checkout@3d3c42e5aac5ba805825da76410c181273ba90b1	2026-10-03T22:56:39.2669311Z Initialized empty Git repository in /home/runner/work/weir-tests/weir-tests/.git/
database-full-load (0)	Run actions/checkout@3d3c42e5aac5ba805825da76410c181273ba90b1	2026-10-03T22:56:39.2671482Z [command]/usr/bin/git remote add origin https://github.com/batchstream/weir-tests
database-full-load (0)	Run actions/checkout@3d3c42e5aac5ba805825da76410c181273ba90b1	2026-10-03T22:56:39.2846439Z ##[endgroup]
database-full-load (0)	Run actions/checkout@3d3c42e5aac5ba805825da76410c181273ba90b1	2026-10-03T22:56:39.2847379Z ##[group]Disabling automatic garbage collection
database-full-load (0)	Run actions/checkout@3d3c42e5aac5ba805825da76410c181273ba90b1	2026-10-03T22:56:39.2848499Z [command]/usr/bin/git config --local gc.auto 0
database-full-load (0)	Run actions/checkout@3d3c42e5aac5ba805825da76410c181273ba90b1	2026-10-03T22:56:39.2947367Z ##[endgroup]
database-full-load (0)	Run actions/checkout@3d3c42e5aac5ba805825da76410c181273ba90b1	2026-10-03T22:56:39.2948220Z ##[group]Setting up auth
database-full-load (0)	Run actions/checkout@3d3c42e5aac5ba805825da76410c181273ba90b1	2026-10-03T22:56:39.2950863Z Removing SSH command configuration
database-full-load (0)	Run actions/checkout@3d3c42e5aac5ba805825da76410c181273ba90b1	2026-10-03T22:56:39.2954890Z [command]/usr/bin/git config --local --name-only --get-regexp core\.sshCommand
database-full-load (0)	Run actions/checkout@3d3c42e5aac5ba805825da76410c181273ba90b1	2026-10-03T22:56:39.2978182Z [command]/usr/bin/git submodule foreach --recursive sh -c "git config --local --name-only --get-regexp 'core\.sshCommand' && git config --local --unset-all 'core.sshCommand' || :"
database-full-load (0)	Run actions/checkout@3d3c42e5aac5ba805825da76410c181273ba90b1	2026-10-03T22:56:39.3247704Z Removing HTTP extra header
database-full-load (0)	Run actions/checkout@3d3c42e5aac5ba805825da76410c181273ba90b1	2026-10-03T22:56:39.3251639Z [command]/usr/bin/git config --local --name-only --get-regexp http\.https\:\/\/github\.com\/\.extraheader
database-full-load (0)	Run actions/checkout@3d3c42e5aac5ba805825da76410c181273ba90b1	2026-10-03T22:56:39.3278461Z [command]/usr/bin/git submodule foreach --recursive sh -c "git config --local --name-only --get-regexp 'http\.https\:\/\/github\.com\/\.extraheader' && git config --local --unset-all 'http.https://github.com/.extraheader' || :"
database-full-load (0)	Run actions/checkout@3d3c42e5aac5ba805825da76410c181273ba90b1	2026-10-03T22:56:39.3445369Z Removing includeIf entries pointing to credentials config files
database-full-load (0)	Run actions/checkout@3d3c42e5aac5ba805825da76410c181273ba90b1	2026-10-03T22:56:39.3447062Z [command]/usr/bin/git config --local --name-only --get-regexp ^includeIf\.gitdir:
database-full-load (0)	Run actions/checkout@3d3c42e5aac5ba805825da76410c181273ba90b1	2026-10-03T22:56:39.3471268Z [command]/usr/bin/git submodule foreach --recursive git config --local --show-origin --name-only --get-regexp remote.origin.url
database-full-load (0)	Run actions/checkout@3d3c42e5aac5ba805825da76410c181273ba90b1	2026-10-03T22:56:39.3636583Z [command]/usr/bin/git config --file /home/runner/work/_temp/git-credentials-5b3f1cf0-76ec-4ac0-8bfa-621ebfba459f.config http.https://github.com/.extraheader AUTHORIZATION: basic ***
database-full-load (0)	Run actions/checkout@3d3c42e5aac5ba805825da76410c181273ba90b1	2026-10-03T22:56:39.3743355Z [command]/usr/bin/git config --local includeIf.gitdir:/home/runner/work/weir-tests/weir-tests/.git.path /home/runner/work/_temp/git-credentials-5b3f1cf0-76ec-4ac0-8bfa-621ebfba459f.config
database-full-load (0)	Run actions/checkout@3d3c42e5aac5ba805825da76410c181273ba90b1	2026-10-03T22:56:39.3846957Z [command]/usr/bin/git config --local includeIf.gitdir:/home/runner/work/weir-tests/weir-tests/.git/worktrees/*.path /home/runner/work/_temp/git-credentials-5b3f1cf0-76ec-4ac0-8bfa-621ebfba459f.config
database-full-load (0)	Run actions/checkout@3d3c42e5aac5ba805825da76410c181273ba90b1	2026-10-03T22:56:39.3947301Z [command]/usr/bin/git config --local includeIf.gitdir:/github/workspace/.git.path /github/runner_temp/git-credentials-5b3f1cf0-76ec-4ac0-8bfa-621ebfba459f.config
database-full-load (0)	Run actions/checkout@3d3c42e5aac5ba805825da76410c181273ba90b1	2026-10-03T22:56:39.4050724Z [command]/usr/bin/git config --local includeIf.gitdir:/github/workspace/.git/worktrees/*.path /github/runner_temp/git-credentials-5b3f1cf0-76ec-4ac0-8bfa-621ebfba459f.config
database-full-load (0)	Run actions/checkout@3d3c42e5aac5ba805825da76410c181273ba90b1	2026-10-03T22:56:39.4073269Z ##[endgroup]
database-full-load (0)	Run actions/checkout@3d3c42e5aac5ba805825da76410c181273ba90b1	2026-10-03T22:56:39.4074789Z ##[group]Fetching the repository
database-full-load (0)	Run actions/checkout@3d3c42e5aac5ba805825da76410c181273ba90b1	2026-10-03T22:56:39.4078028Z [command]/usr/bin/git -c protocol.version=2 fetch --no-tags --prune --no-recurse-submodules --depth=1 origin 03fcec1bbb3806a41eca2aa39b4ff702a4b59331
database-full-load (0)	Run actions/checkout@3d3c42e5aac5ba805825da76410c181273ba90b1	2026-10-03T22:56:40.4174573Z From https://github.com/batchstream/weir-tests
database-full-load (0)	Run actions/checkout@3d3c42e5aac5ba805825da76410c181273ba90b1	2026-10-03T22:56:40.4175685Z  * branch            03fcec1bbb3806a41eca2aa39b4ff702a4b59331 -> FETCH_HEAD
database-full-load (0)	Run actions/checkout@3d3c42e5aac5ba805825da76410c181273ba90b1	2026-10-03T22:56:40.4182066Z [command]/usr/bin/git rev-parse --verify --quiet 03fcec1bbb3806a41eca2aa39b4ff702a4b59331^{object}
database-full-load (0)	Run actions/checkout@3d3c42e5aac5ba805825da76410c181273ba90b1	2026-10-03T22:56:40.4205849Z 03fcec1bbb3806a41eca2aa39b4ff702a4b59331
database-full-load (0)	Run actions/checkout@3d3c42e5aac5ba805825da76410c181273ba90b1	2026-10-03T22:56:40.4210754Z ##[endgroup]
database-full-load (0)	Run actions/checkout@3d3c42e5aac5ba805825da76410c181273ba90b1	2026-10-03T22:56:40.4211192Z ##[group]Determining the checkout info
database-full-load (0)	Run actions/checkout@3d3c42e5aac5ba805825da76410c181273ba90b1	2026-10-03T22:56:40.4211591Z ##[endgroup]
database-full-load (0)	Run actions/checkout@3d3c42e5aac5ba805825da76410c181273ba90b1	2026-10-03T22:56:40.4212827Z [command]/usr/bin/git sparse-checkout disable
database-full-load (0)	Run actions/checkout@3d3c42e5aac5ba805825da76410c181273ba90b1	2026-10-03T22:56:40.4354189Z [command]/usr/bin/git config --local --unset-all extensions.worktreeConfig
database-full-load (0)	Run actions/checkout@3d3c42e5aac5ba805825da76410c181273ba90b1	2026-10-03T22:56:40.4443789Z ##[group]Checking out the ref
database-full-load (0)	Run actions/checkout@3d3c42e5aac5ba805825da76410c181273ba90b1	2026-10-03T22:56:40.4447324Z [command]/usr/bin/git checkout --progress --force 03fcec1bbb3806a41eca2aa39b4ff702a4b59331
database-full-load (0)	Run actions/checkout@3d3c42e5aac5ba805825da76410c181273ba90b1	2026-10-03T22:56:40.5464929Z Note: switching to '03fcec1bbb3806a41eca2aa39b4ff702a4b59331'.
database-full-load (0)	Run actions/checkout@3d3c42e5aac5ba805825da76410c181273ba90b1	2026-10-03T22:56:40.5468256Z 
database-full-load (0)	Run actions/checkout@3d3c42e5aac5ba805825da76410c181273ba90b1	2026-10-03T22:56:40.5468528Z You are in 'detached HEAD' state. You can look around, make experimental
database-full-load (0)	Run actions/checkout@3d3c42e5aac5ba805825da76410c181273ba90b1	2026-10-03T22:56:40.5469002Z changes and commit them, and you can discard any commits you make in this
database-full-load (0)	Run actions/checkout@3d3c42e5aac5ba805825da76410c181273ba90b1	2026-10-03T22:56:40.5469624Z state without impacting any branches by switching back to a branch.
database-full-load (0)	Run actions/checkout@3d3c42e5aac5ba805825da76410c181273ba90b1	2026-10-03T22:56:40.5469875Z 
database-full-load (0)	Run actions/checkout@3d3c42e5aac5ba805825da76410c181273ba90b1	2026-10-03T22:56:40.5470048Z If you want to create a new branch to retain commits you create, you may
database-full-load (0)	Run actions/checkout@3d3c42e5aac5ba805825da76410c181273ba90b1	2026-10-03T22:56:40.5470469Z do so (now or later) by using -c with the switch command. Example:
database-full-load (0)	Run actions/checkout@3d3c42e5aac5ba805825da76410c181273ba90b1	2026-10-03T22:56:40.5470714Z 
database-full-load (0)	Run actions/checkout@3d3c42e5aac5ba805825da76410c181273ba90b1	2026-10-03T22:56:40.5470832Z   git switch -c <new-branch-name>
database-full-load (0)	Run actions/checkout@3d3c42e5aac5ba805825da76410c181273ba90b1	2026-10-03T22:56:40.5471101Z 
database-full-load (0)	Run actions/checkout@3d3c42e5aac5ba805825da76410c181273ba90b1	2026-10-03T22:56:40.5471217Z Or undo this operation with:
database-full-load (0)	Run actions/checkout@3d3c42e5aac5ba805825da76410c181273ba90b1	2026-10-03T22:56:40.5471364Z 
database-full-load (0)	Run actions/checkout@3d3c42e5aac5ba805825da76410c181273ba90b1	2026-10-03T22:56:40.5471458Z   git switch -
database-full-load (0)	Run actions/checkout@3d3c42e5aac5ba805825da76410c181273ba90b1	2026-10-03T22:56:40.5471936Z 
database-full-load (0)	Run actions/checkout@3d3c42e5aac5ba805825da76410c181273ba90b1	2026-10-03T22:56:40.5472135Z Turn off this advice by setting config variable advice.detachedHead to false
database-full-load (0)	Run actions/checkout@3d3c42e5aac5ba805825da76410c181273ba90b1	2026-10-03T22:56:40.5472389Z 
database-full-load (0)	Run actions/checkout@3d3c42e5aac5ba805825da76410c181273ba90b1	2026-10-03T22:56:40.5472953Z HEAD is now at 03fcec1 🐛 fix: bound database monitoring without discarding CPU evidence
database-full-load (0)	Run actions/checkout@3d3c42e5aac5ba805825da76410c181273ba90b1	2026-10-03T22:56:40.5477020Z ##[endgroup]
database-full-load (0)	Run actions/checkout@3d3c42e5aac5ba805825da76410c181273ba90b1	2026-10-03T22:56:40.5556808Z [command]/usr/bin/git log -1 --format=%H
database-full-load (0)	Run actions/checkout@3d3c42e5aac5ba805825da76410c181273ba90b1	2026-10-03T22:56:40.5579143Z 03fcec1bbb3806a41eca2aa39b4ff702a4b59331
database-full-load (0)	Run actions/checkout@3d3c42e5aac5ba805825da76410c181273ba90b1	2026-10-03T22:56:40.5589165Z ##[group]Removing auth
database-full-load (0)	Run actions/checkout@3d3c42e5aac5ba805825da76410c181273ba90b1	2026-10-03T22:56:40.5589393Z Removing SSH command configuration
database-full-load (0)	Run actions/checkout@3d3c42e5aac5ba805825da76410c181273ba90b1	2026-10-03T22:56:40.5590566Z [command]/usr/bin/git config --local --name-only --get-regexp core\.sshCommand
database-full-load (0)	Run actions/checkout@3d3c42e5aac5ba805825da76410c181273ba90b1	2026-10-03T22:56:40.5616454Z [command]/usr/bin/git submodule foreach --recursive sh -c "git config --local --name-only --get-regexp 'core\.sshCommand' && git config --local --unset-all 'core.sshCommand' || :"
database-full-load (0)	Run actions/checkout@3d3c42e5aac5ba805825da76410c181273ba90b1	2026-10-03T22:56:40.5781225Z Removing HTTP extra header
database-full-load (0)	Run actions/checkout@3d3c42e5aac5ba805825da76410c181273ba90b1	2026-10-03T22:56:40.5782968Z [command]/usr/bin/git config --local --name-only --get-regexp http\.https\:\/\/github\.com\/\.extraheader
database-full-load (0)	Run actions/checkout@3d3c42e5aac5ba805825da76410c181273ba90b1	2026-10-03T22:56:40.5811204Z [command]/usr/bin/git submodule foreach --recursive sh -c "git config --local --name-only --get-regexp 'http\.https\:\/\/github\.com\/\.extraheader' && git config --local --unset-all 'http.https://github.com/.extraheader' || :"
database-full-load (0)	Run actions/checkout@3d3c42e5aac5ba805825da76410c181273ba90b1	2026-10-03T22:56:40.5971796Z Removing includeIf entries pointing to credentials config files
database-full-load (0)	Run actions/checkout@3d3c42e5aac5ba805825da76410c181273ba90b1	2026-10-03T22:56:40.5973398Z [command]/usr/bin/git config --local --name-only --get-regexp ^includeIf\.gitdir:
database-full-load (0)	Run actions/checkout@3d3c42e5aac5ba805825da76410c181273ba90b1	2026-10-03T22:56:40.6252287Z includeif.gitdir:/home/runner/work/weir-tests/weir-tests/.git.path
database-full-load (0)	Run actions/checkout@3d3c42e5aac5ba805825da76410c181273ba90b1	2026-10-03T22:56:40.6252721Z includeif.gitdir:/home/runner/work/weir-tests/weir-tests/.git/worktrees/*.path
database-full-load (0)	Run actions/checkout@3d3c42e5aac5ba805825da76410c181273ba90b1	2026-10-03T22:56:40.6253024Z includeif.gitdir:/github/workspace/.git.path
database-full-load (0)	Run actions/checkout@3d3c42e5aac5ba805825da76410c181273ba90b1	2026-10-03T22:56:40.6253267Z includeif.gitdir:/github/workspace/.git/worktrees/*.path
database-full-load (0)	Run actions/checkout@3d3c42e5aac5ba805825da76410c181273ba90b1	2026-10-03T22:56:40.6257043Z [command]/usr/bin/git config --local --get-all includeif.gitdir:/home/runner/work/weir-tests/weir-tests/.git.path
database-full-load (0)	Run actions/checkout@3d3c42e5aac5ba805825da76410c181273ba90b1	2026-10-03T22:56:40.6277691Z /home/runner/work/_temp/git-credentials-5b3f1cf0-76ec-4ac0-8bfa-621ebfba459f.config
database-full-load (0)	Run actions/checkout@3d3c42e5aac5ba805825da76410c181273ba90b1	2026-10-03T22:56:40.6284223Z [command]/usr/bin/git config --local --unset includeif.gitdir:/home/runner/work/weir-tests/weir-tests/.git.path \/home\/runner\/work\/_temp\/git\-credentials\-5b3f1cf0\-76ec\-4ac0\-8bfa\-621ebfba459f\.config
database-full-load (0)	Run actions/checkout@3d3c42e5aac5ba805825da76410c181273ba90b1	2026-10-03T22:56:40.6445037Z [command]/usr/bin/git config --local --get-all includeif.gitdir:/home/runner/work/weir-tests/weir-tests/.git/worktrees/*.path
database-full-load (0)	Run actions/checkout@3d3c42e5aac5ba805825da76410c181273ba90b1	2026-10-03T22:56:40.6464370Z /home/runner/work/_temp/git-credentials-5b3f1cf0-76ec-4ac0-8bfa-621ebfba459f.config
database-full-load (0)	Run actions/checkout@3d3c42e5aac5ba805825da76410c181273ba90b1	2026-10-03T22:56:40.6469285Z [command]/usr/bin/git config --local --unset includeif.gitdir:/home/runner/work/weir-tests/weir-tests/.git/worktrees/*.path \/home\/runner\/work\/_temp\/git\-credentials\-5b3f1cf0\-76ec\-4ac0\-8bfa\-621ebfba459f\.config
database-full-load (0)	Run actions/checkout@3d3c42e5aac5ba805825da76410c181273ba90b1	2026-10-03T22:56:40.6949432Z [command]/usr/bin/git config --local --get-all includeif.gitdir:/github/workspace/.git.path
database-full-load (0)	Run actions/checkout@3d3c42e5aac5ba805825da76410c181273ba90b1	2026-10-03T22:56:40.6969924Z /github/runner_temp/git-credentials-5b3f1cf0-76ec-4ac0-8bfa-621ebfba459f.config
database-full-load (0)	Run actions/checkout@3d3c42e5aac5ba805825da76410c181273ba90b1	2026-10-03T22:56:40.6975112Z [command]/usr/bin/git config --local --unset includeif.gitdir:/github/workspace/.git.path \/github\/runner_temp\/git\-credentials\-5b3f1cf0\-76ec\-4ac0\-8bfa\-621ebfba459f\.config
database-full-load (0)	Run actions/checkout@3d3c42e5aac5ba805825da76410c181273ba90b1	2026-10-03T22:56:40.7423323Z [command]/usr/bin/git config --local --get-all includeif.gitdir:/github/workspace/.git/worktrees/*.path
database-full-load (0)	Run actions/checkout@3d3c42e5aac5ba805825da76410c181273ba90b1	2026-10-03T22:56:40.7462374Z /github/runner_temp/git-credentials-5b3f1cf0-76ec-4ac0-8bfa-621ebfba459f.config
database-full-load (0)	Run actions/checkout@3d3c42e5aac5ba805825da76410c181273ba90b1	2026-10-03T22:56:40.7468791Z [command]/usr/bin/git config --local --unset includeif.gitdir:/github/workspace/.git/worktrees/*.path \/github\/runner_temp\/git\-credentials\-5b3f1cf0\-76ec\-4ac0\-8bfa\-621ebfba459f\.config
database-full-load (0)	Run actions/checkout@3d3c42e5aac5ba805825da76410c181273ba90b1	2026-10-03T22:56:40.7549568Z [command]/usr/bin/git submodule foreach --recursive git config --local --show-origin --name-only --get-regexp remote.origin.url
database-full-load (0)	Run actions/checkout@3d3c42e5aac5ba805825da76410c181273ba90b1	2026-10-03T22:56:40.7725196Z Removing credentials config '/home/runner/work/_temp/git-credentials-5b3f1cf0-76ec-4ac0-8bfa-621ebfba459f.config'
database-full-load (0)	Run actions/checkout@3d3c42e5aac5ba805825da76410c181273ba90b1	2026-10-03T22:56:40.7741562Z ##[endgroup]
database-full-load (0)	Run actions/setup-go@924ae3a1cded613372ab5595356fb5720e22ba16	﻿2026-10-03T22:56:40.7905193Z ##[group]Run actions/setup-go@924ae3a1cded613372ab5595356fb5720e22ba16
database-full-load (0)	Run actions/setup-go@924ae3a1cded613372ab5595356fb5720e22ba16	2026-10-03T22:56:40.7905401Z with:
database-full-load (0)	Run actions/setup-go@924ae3a1cded613372ab5595356fb5720e22ba16	2026-10-03T22:56:40.7905514Z   go-version-file: go.mod
database-full-load (0)	Run actions/setup-go@924ae3a1cded613372ab5595356fb5720e22ba16	2026-10-03T22:56:40.7905640Z   check-latest: false
database-full-load (0)	Run actions/setup-go@924ae3a1cded613372ab5595356fb5720e22ba16	2026-10-03T22:56:40.7906832Z   token: ***
database-full-load (0)	Run actions/setup-go@924ae3a1cded613372ab5595356fb5720e22ba16	2026-10-03T22:56:40.7906937Z   cache: true
database-full-load (0)	Run actions/setup-go@924ae3a1cded613372ab5595356fb5720e22ba16	2026-10-03T22:56:40.7907039Z env:
database-full-load (0)	Run actions/setup-go@924ae3a1cded613372ab5595356fb5720e22ba16	2026-10-03T22:56:40.7907141Z   GOENV: off
database-full-load (0)	Run actions/setup-go@924ae3a1cded613372ab5595356fb5720e22ba16	2026-10-03T22:56:40.7907240Z   GOWORK: off
database-full-load (0)	Run actions/setup-go@924ae3a1cded613372ab5595356fb5720e22ba16	2026-10-03T22:56:40.7907344Z   GOTOOLCHAIN: local
database-full-load (0)	Run actions/setup-go@924ae3a1cded613372ab5595356fb5720e22ba16	2026-10-03T22:56:40.7907467Z   GOFLAGS: -mod=readonly
database-full-load (0)	Run actions/setup-go@924ae3a1cded613372ab5595356fb5720e22ba16	2026-10-03T22:56:40.7907598Z   PYTHONDONTWRITEBYTECODE: 1
database-full-load (0)	Run actions/setup-go@924ae3a1cded613372ab5595356fb5720e22ba16	2026-10-03T22:56:40.7907726Z ##[endgroup]
database-full-load (0)	Run actions/setup-go@924ae3a1cded613372ab5595356fb5720e22ba16	2026-10-03T22:56:40.8655673Z Setup go version spec 1.27.1
database-full-load (0)	Run actions/setup-go@924ae3a1cded613372ab5595356fb5720e22ba16	2026-10-03T22:56:40.8662088Z Attempting to download 1.27.1...
database-full-load (0)	Run actions/setup-go@924ae3a1cded613372ab5595356fb5720e22ba16	2026-10-03T22:56:41.6057594Z matching 1.27.1...
database-full-load (0)	Run actions/setup-go@924ae3a1cded613372ab5595356fb5720e22ba16	2026-10-03T22:56:41.6074174Z Acquiring 1.27.1 from https://github.com/actions/go-versions/releases/download/1.27.1-33583469715/go-1.27.1-linux-x64.tar.gz
database-full-load (0)	Run actions/setup-go@924ae3a1cded613372ab5595356fb5720e22ba16	2026-10-03T22:56:42.3639261Z Extracting Go...
database-full-load (0)	Run actions/setup-go@924ae3a1cded613372ab5595356fb5720e22ba16	2026-10-03T22:56:42.3714879Z [command]/usr/bin/tar xz --warning=no-unknown-keyword --overwrite -C /home/runner/work/_temp/874207eb-a331-463d-a8ef-2bad6c32272e -f /home/runner/work/_temp/a6ccbde4-a534-4589-abe5-8bde80cbcdf0
database-full-load (0)	Run actions/setup-go@924ae3a1cded613372ab5595356fb5720e22ba16	2026-10-03T22:56:43.5741546Z Successfully extracted go to /home/runner/work/_temp/874207eb-a331-463d-a8ef-2bad6c32272e
database-full-load (0)	Run actions/setup-go@924ae3a1cded613372ab5595356fb5720e22ba16	2026-10-03T22:56:43.5741847Z Adding to the cache ...
database-full-load (0)	Run actions/setup-go@924ae3a1cded613372ab5595356fb5720e22ba16	2026-10-03T22:56:47.8135528Z Successfully cached go to /opt/hostedtoolcache/go/1.27.1/x64
database-full-load (0)	Run actions/setup-go@924ae3a1cded613372ab5595356fb5720e22ba16	2026-10-03T22:56:47.8135891Z Added go to the path
database-full-load (0)	Run actions/setup-go@924ae3a1cded613372ab5595356fb5720e22ba16	2026-10-03T22:56:47.8136936Z Successfully set up Go version 1.27.1
database-full-load (0)	Run actions/setup-go@924ae3a1cded613372ab5595356fb5720e22ba16	2026-10-03T22:56:47.8274606Z [command]/opt/hostedtoolcache/go/1.27.1/x64/bin/go env GOMODCACHE
database-full-load (0)	Run actions/setup-go@924ae3a1cded613372ab5595356fb5720e22ba16	2026-10-03T22:56:47.8301398Z [command]/opt/hostedtoolcache/go/1.27.1/x64/bin/go env GOCACHE
database-full-load (0)	Run actions/setup-go@924ae3a1cded613372ab5595356fb5720e22ba16	2026-10-03T22:56:47.8328858Z /home/runner/go/pkg/mod
database-full-load (0)	Run actions/setup-go@924ae3a1cded613372ab5595356fb5720e22ba16	2026-10-03T22:56:47.8340822Z /home/runner/.cache/go-build
database-full-load (0)	Run actions/setup-go@924ae3a1cded613372ab5595356fb5720e22ba16	2026-10-03T22:56:47.9718533Z Cache hit for: setup-go-Linux-x64-ubuntu24-go-1.27.1-f3893fbf0ff2b6e2efba8903234513786674983d753d1815a9a1fcf84a06448a
database-full-load (0)	Run actions/setup-go@924ae3a1cded613372ab5595356fb5720e22ba16	2026-10-03T22:56:49.1148263Z Received 134217728 of 252007507 (53.3%), 128.0 MBs/sec
database-full-load (0)	Run actions/setup-go@924ae3a1cded613372ab5595356fb5720e22ba16	2026-10-03T22:56:49.5542812Z Received 252007507 of 252007507 (100.0%), 166.9 MBs/sec
database-full-load (0)	Run actions/setup-go@924ae3a1cded613372ab5595356fb5720e22ba16	2026-10-03T22:56:49.5543608Z Cache Size: ~240 MB (252007507 B)
database-full-load (0)	Run actions/setup-go@924ae3a1cded613372ab5595356fb5720e22ba16	2026-10-03T22:56:49.5588599Z [command]/usr/bin/tar -xf /home/runner/work/_temp/51fd97de-dfae-4648-94b0-b0270fb57956/cache.tzst -P -C /home/runner/work/weir-tests/weir-tests --use-compress-program unzstd
database-full-load (0)	Run actions/setup-go@924ae3a1cded613372ab5595356fb5720e22ba16	2026-10-03T22:56:50.8238224Z Cache restored successfully
database-full-load (0)	Run actions/setup-go@924ae3a1cded613372ab5595356fb5720e22ba16	2026-10-03T22:56:50.8333359Z Cache restored from key: setup-go-Linux-x64-ubuntu24-go-1.27.1-f3893fbf0ff2b6e2efba8903234513786674983d753d1815a9a1fcf84a06448a
database-full-load (0)	Run actions/setup-go@924ae3a1cded613372ab5595356fb5720e22ba16	2026-10-03T22:56:50.8356048Z go version go1.27.1 linux/amd64
database-full-load (0)	Run actions/setup-go@924ae3a1cded613372ab5595356fb5720e22ba16	2026-10-03T22:56:50.8356236Z 
database-full-load (0)	Run actions/setup-go@924ae3a1cded613372ab5595356fb5720e22ba16	2026-10-03T22:56:50.8356556Z ##[group]go env
database-full-load (0)	Run actions/setup-go@924ae3a1cded613372ab5595356fb5720e22ba16	2026-10-03T22:56:50.8473509Z AR='ar'
database-full-load (0)	Run actions/setup-go@924ae3a1cded613372ab5595356fb5720e22ba16	2026-10-03T22:56:50.8474063Z CC='gcc'
database-full-load (0)	Run actions/setup-go@924ae3a1cded613372ab5595356fb5720e22ba16	2026-10-03T22:56:50.8474242Z CGO_CFLAGS='-O2 -g'
database-full-load (0)	Run actions/setup-go@924ae3a1cded613372ab5595356fb5720e22ba16	2026-10-03T22:56:50.8474444Z CGO_CPPFLAGS=''
database-full-load (0)	Run actions/setup-go@924ae3a1cded613372ab5595356fb5720e22ba16	2026-10-03T22:56:50.8474567Z CGO_CXXFLAGS='-O2 -g'
database-full-load (0)	Run actions/setup-go@924ae3a1cded613372ab5595356fb5720e22ba16	2026-10-03T22:56:50.8474705Z CGO_ENABLED='1'
database-full-load (0)	Run actions/setup-go@924ae3a1cded613372ab5595356fb5720e22ba16	2026-10-03T22:56:50.8474840Z CGO_FFLAGS='-O2 -g'
database-full-load (0)	Run actions/setup-go@924ae3a1cded613372ab5595356fb5720e22ba16	2026-10-03T22:56:50.8474967Z CGO_LDFLAGS='-O2 -g'
database-full-load (0)	Run actions/setup-go@924ae3a1cded613372ab5595356fb5720e22ba16	2026-10-03T22:56:50.8475115Z CXX='g++'
database-full-load (0)	Run actions/setup-go@924ae3a1cded613372ab5595356fb5720e22ba16	2026-10-03T22:56:50.8475243Z GCCGO='gccgo'
database-full-load (0)	Run actions/setup-go@924ae3a1cded613372ab5595356fb5720e22ba16	2026-10-03T22:56:50.8475351Z GO111MODULE=''
database-full-load (0)	Run actions/setup-go@924ae3a1cded613372ab5595356fb5720e22ba16	2026-10-03T22:56:50.8475458Z GOAMD64='v1'
database-full-load (0)	Run actions/setup-go@924ae3a1cded613372ab5595356fb5720e22ba16	2026-10-03T22:56:50.8475564Z GOARCH='amd64'
database-full-load (0)	Run actions/setup-go@924ae3a1cded613372ab5595356fb5720e22ba16	2026-10-03T22:56:50.8475671Z GOAUTH='netrc'
database-full-load (0)	Run actions/setup-go@924ae3a1cded613372ab5595356fb5720e22ba16	2026-10-03T22:56:50.8475786Z GOBIN='/home/runner/go/bin'
database-full-load (0)	Run actions/setup-go@924ae3a1cded613372ab5595356fb5720e22ba16	2026-10-03T22:56:50.8475935Z GOCACHE='/home/runner/.cache/go-build'
database-full-load (0)	Run actions/setup-go@924ae3a1cded613372ab5595356fb5720e22ba16	2026-10-03T22:56:50.8476081Z GOCACHEPROG=''
database-full-load (0)	Run actions/setup-go@924ae3a1cded613372ab5595356fb5720e22ba16	2026-10-03T22:56:50.8476194Z GODEBUG=''
database-full-load (0)	Run actions/setup-go@924ae3a1cded613372ab5595356fb5720e22ba16	2026-10-03T22:56:50.8476295Z GOENV=''
database-full-load (0)	Run actions/setup-go@924ae3a1cded613372ab5595356fb5720e22ba16	2026-10-03T22:56:50.8476391Z GOEXE=''
database-full-load (0)	Run actions/setup-go@924ae3a1cded613372ab5595356fb5720e22ba16	2026-10-03T22:56:50.8476490Z GOEXPERIMENT=''
database-full-load (0)	Run actions/setup-go@924ae3a1cded613372ab5595356fb5720e22ba16	2026-10-03T22:56:50.8476601Z GOFIPS140='off'
database-full-load (0)	Run actions/setup-go@924ae3a1cded613372ab5595356fb5720e22ba16	2026-10-03T22:56:50.8476722Z GOFLAGS='-mod=readonly'
database-full-load (0)	Run actions/setup-go@924ae3a1cded613372ab5595356fb5720e22ba16	2026-10-03T22:56:50.8477094Z GOGCCFLAGS='-fPIC -m64 -pthread -Wl,--no-gc-sections -fmessage-length=0 -ffile-prefix-map=/tmp/go-build370216469=/tmp/go-build -gno-record-gcc-switches'
database-full-load (0)	Run actions/setup-go@924ae3a1cded613372ab5595356fb5720e22ba16	2026-10-03T22:56:50.8477432Z GOHOSTARCH='amd64'
database-full-load (0)	Run actions/setup-go@924ae3a1cded613372ab5595356fb5720e22ba16	2026-10-03T22:56:50.8477744Z GOHOSTOS='linux'
database-full-load (0)	Run actions/setup-go@924ae3a1cded613372ab5595356fb5720e22ba16	2026-10-03T22:56:50.8477887Z GOINSECURE=''
database-full-load (0)	Run actions/setup-go@924ae3a1cded613372ab5595356fb5720e22ba16	2026-10-03T22:56:50.8478087Z GOMOD='/home/runner/work/weir-tests/weir-tests/go.mod'
database-full-load (0)	Run actions/setup-go@924ae3a1cded613372ab5595356fb5720e22ba16	2026-10-03T22:56:50.8478267Z GOMODCACHE='/home/runner/go/pkg/mod'
database-full-load (0)	Run actions/setup-go@924ae3a1cded613372ab5595356fb5720e22ba16	2026-10-03T22:56:50.8478409Z GONOPROXY=''
database-full-load (0)	Run actions/setup-go@924ae3a1cded613372ab5595356fb5720e22ba16	2026-10-03T22:56:50.8478514Z GONOSUMDB=''
database-full-load (0)	Run actions/setup-go@924ae3a1cded613372ab5595356fb5720e22ba16	2026-10-03T22:56:50.8478619Z GOOS='linux'
database-full-load (0)	Run actions/setup-go@924ae3a1cded613372ab5595356fb5720e22ba16	2026-10-03T22:56:50.8478725Z GOPACKAGESDRIVER=''
database-full-load (0)	Run actions/setup-go@924ae3a1cded613372ab5595356fb5720e22ba16	2026-10-03T22:56:50.8478844Z GOPATH='/home/runner/go'
database-full-load (0)	Run actions/setup-go@924ae3a1cded613372ab5595356fb5720e22ba16	2026-10-03T22:56:50.8478964Z GOPRIVATE=''
database-full-load (0)	Run actions/setup-go@924ae3a1cded613372ab5595356fb5720e22ba16	2026-10-03T22:56:50.8479117Z GOPROXY='https://proxy.golang.org,direct'
database-full-load (0)	Run actions/setup-go@924ae3a1cded613372ab5595356fb5720e22ba16	2026-10-03T22:56:50.8479290Z GOROOT='/opt/hostedtoolcache/go/1.27.1/x64'
database-full-load (0)	Run actions/setup-go@924ae3a1cded613372ab5595356fb5720e22ba16	2026-10-03T22:56:50.8479444Z GOSUMDB='sum.golang.org'
database-full-load (0)	Run actions/setup-go@924ae3a1cded613372ab5595356fb5720e22ba16	2026-10-03T22:56:50.8479567Z GOTELEMETRY='local'
database-full-load (0)	Run actions/setup-go@924ae3a1cded613372ab5595356fb5720e22ba16	2026-10-03T22:56:50.8479711Z GOTELEMETRYDIR='/home/runner/.config/go/telemetry'
database-full-load (0)	Run actions/setup-go@924ae3a1cded613372ab5595356fb5720e22ba16	2026-10-03T22:56:50.8479873Z GOTMPDIR=''
database-full-load (0)	Run actions/setup-go@924ae3a1cded613372ab5595356fb5720e22ba16	2026-10-03T22:56:50.8479978Z GOTOOLCHAIN='local'
database-full-load (0)	Run actions/setup-go@924ae3a1cded613372ab5595356fb5720e22ba16	2026-10-03T22:56:50.8480146Z GOTOOLDIR='/opt/hostedtoolcache/go/1.27.1/x64/pkg/tool/linux_amd64'
database-full-load (0)	Run actions/setup-go@924ae3a1cded613372ab5595356fb5720e22ba16	2026-10-03T22:56:50.8480329Z GOVCS=''
database-full-load (0)	Run actions/setup-go@924ae3a1cded613372ab5595356fb5720e22ba16	2026-10-03T22:56:50.8480436Z GOVERSION='go1.27.1'
database-full-load (0)	Run actions/setup-go@924ae3a1cded613372ab5595356fb5720e22ba16	2026-10-03T22:56:50.8480552Z GOWORK='off'
database-full-load (0)	Run actions/setup-go@924ae3a1cded613372ab5595356fb5720e22ba16	2026-10-03T22:56:50.8480677Z PKG_CONFIG='pkg-config'
database-full-load (0)	Run actions/setup-go@924ae3a1cded613372ab5595356fb5720e22ba16	2026-10-03T22:56:50.8480755Z 
database-full-load (0)	Run actions/setup-go@924ae3a1cded613372ab5595356fb5720e22ba16	2026-10-03T22:56:50.8480943Z ##[endgroup]
database-full-load (0)	Prepare immutable tools and owned database images	﻿2026-10-03T22:56:50.8640592Z ##[group]Run python3 scripts/download_modules.py
database-full-load (0)	Prepare immutable tools and owned database images	2026-10-03T22:56:50.8640828Z [36;1mpython3 scripts/download_modules.py[0m
database-full-load (0)	Prepare immutable tools and owned database images	2026-10-03T22:56:50.8641002Z [36;1mpython3 scripts/prepare_weir.py[0m
database-full-load (0)	Prepare immutable tools and owned database images	2026-10-03T22:56:50.8641164Z [36;1mpython3 scripts/prepare_images.py[0m
database-full-load (0)	Prepare immutable tools and owned database images	2026-10-03T22:56:50.9247355Z shell: /usr/bin/bash --noprofile --norc -e -o pipefail {0}
database-full-load (0)	Prepare immutable tools and owned database images	2026-10-03T22:56:50.9247546Z env:
database-full-load (0)	Prepare immutable tools and owned database images	2026-10-03T22:56:50.9247654Z   GOENV: off
database-full-load (0)	Prepare immutable tools and owned database images	2026-10-03T22:56:50.9247913Z   GOWORK: off
database-full-load (0)	Prepare immutable tools and owned database images	2026-10-03T22:56:50.9248022Z   GOTOOLCHAIN: local
database-full-load (0)	Prepare immutable tools and owned database images	2026-10-03T22:56:50.9248142Z   GOFLAGS: -mod=readonly
database-full-load (0)	Prepare immutable tools and owned database images	2026-10-03T22:56:50.9248273Z   PYTHONDONTWRITEBYTECODE: 1
database-full-load (0)	Prepare immutable tools and owned database images	2026-10-03T22:56:50.9248405Z ##[endgroup]
database-full-load (0)	Prepare immutable tools and owned database images	2026-10-03T22:56:53.9139061Z all modules verified
database-full-load (0)	Prepare immutable tools and owned database images	2026-10-03T22:57:08.2524751Z /home/runner/work/weir-tests/weir-tests/.tools/weir
database-full-load (0)	Prepare immutable tools and owned database images	2026-10-03T22:57:08.7270900Z docker.io/library/mongo@sha256:d0d926f94df099bff534b7ee5b5986458131a22489dfff8664509af0c1e2ca9c: Pulling from library/mongo
database-full-load (0)	Prepare immutable tools and owned database images	2026-10-03T22:57:08.8744222Z a60ef8ec184e: Pulling fs layer
database-full-load (0)	Prepare immutable tools and owned database images	2026-10-03T22:57:08.8745619Z c4a88db82a6d: Pulling fs layer
database-full-load (0)	Prepare immutable tools and owned database images	2026-10-03T22:57:08.8746050Z f97373a3dd33: Pulling fs layer
database-full-load (0)	Prepare immutable tools and owned database images	2026-10-03T22:57:08.8746259Z 59898ec81c6b: Pulling fs layer
database-full-load (0)	Prepare immutable tools and owned database images	2026-10-03T22:57:08.8746461Z 2252b895f5de: Pulling fs layer
database-full-load (0)	Prepare immutable tools and owned database images	2026-10-03T22:57:08.8746662Z 08f85ec03d22: Pulling fs layer
database-full-load (0)	Prepare immutable tools and owned database images	2026-10-03T22:57:08.8746866Z cfbbec1d5328: Pulling fs layer
database-full-load (0)	Prepare immutable tools and owned database images	2026-10-03T22:57:08.8747071Z eedb5e3e5b38: Pulling fs layer
database-full-load (0)	Prepare immutable tools and owned database images	2026-10-03T22:57:08.8747275Z 08f85ec03d22: Waiting
database-full-load (0)	Prepare immutable tools and owned database images	2026-10-03T22:57:08.8747467Z 59898ec81c6b: Waiting
database-full-load (0)	Prepare immutable tools and owned database images	2026-10-03T22:57:08.8747643Z 2252b895f5de: Waiting
database-full-load (0)	Prepare immutable tools and owned database images	2026-10-03T22:57:08.8747815Z cfbbec1d5328: Waiting
database-full-load (0)	Prepare immutable tools and owned database images	2026-10-03T22:57:08.8747992Z eedb5e3e5b38: Waiting
database-full-load (0)	Prepare immutable tools and owned database images	2026-10-03T22:57:09.0347848Z c4a88db82a6d: Verifying Checksum
database-full-load (0)	Prepare immutable tools and owned database images	2026-10-03T22:57:09.0348136Z c4a88db82a6d: Download complete
database-full-load (0)	Prepare immutable tools and owned database images	2026-10-03T22:57:09.1202483Z f97373a3dd33: Verifying Checksum
database-full-load (0)	Prepare immutable tools and owned database images	2026-10-03T22:57:09.1202734Z f97373a3dd33: Download complete
database-full-load (0)	Prepare immutable tools and owned database images	2026-10-03T22:57:09.1995267Z a60ef8ec184e: Verifying Checksum
database-full-load (0)	Prepare immutable tools and owned database images	2026-10-03T22:57:09.1996527Z a60ef8ec184e: Download complete
database-full-load (0)	Prepare immutable tools and owned database images	2026-10-03T22:57:09.2418502Z 2252b895f5de: Verifying Checksum
database-full-load (0)	Prepare immutable tools and owned database images	2026-10-03T22:57:09.2418786Z 2252b895f5de: Download complete
database-full-load (0)	Prepare immutable tools and owned database images	2026-10-03T22:57:09.2797102Z 59898ec81c6b: Verifying Checksum
database-full-load (0)	Prepare immutable tools and owned database images	2026-10-03T22:57:09.2797425Z 59898ec81c6b: Download complete
database-full-load (0)	Prepare immutable tools and owned database images	2026-10-03T22:57:09.3376738Z 08f85ec03d22: Verifying Checksum
database-full-load (0)	Prepare immutable tools and owned database images	2026-10-03T22:57:09.3377713Z 08f85ec03d22: Download complete
database-full-load (0)	Prepare immutable tools and owned database images	2026-10-03T22:57:09.4049627Z eedb5e3e5b38: Download complete
database-full-load (0)	Prepare immutable tools and owned database images	2026-10-03T22:57:09.8570620Z a60ef8ec184e: Pull complete
database-full-load (0)	Prepare immutable tools and owned database images	2026-10-03T22:57:10.1522713Z cfbbec1d5328: Verifying Checksum
database-full-load (0)	Prepare immutable tools and owned database images	2026-10-03T22:57:10.1522985Z cfbbec1d5328: Download complete
database-full-load (0)	Prepare immutable tools and owned database images	2026-10-03T22:57:13.7867461Z c4a88db82a6d: Pull complete
database-full-load (0)	Prepare immutable tools and owned database images	2026-10-03T22:57:13.9557278Z f97373a3dd33: Pull complete
database-full-load (0)	Prepare immutable tools and owned database images	2026-10-03T22:57:13.9870534Z 59898ec81c6b: Pull complete
database-full-load (0)	Prepare immutable tools and owned database images	2026-10-03T22:57:13.9978176Z 2252b895f5de: Pull complete
database-full-load (0)	Prepare immutable tools and owned database images	2026-10-03T22:57:14.0035469Z 08f85ec03d22: Pull complete
database-full-load (0)	Prepare immutable tools and owned database images	2026-10-03T22:57:20.7286203Z cfbbec1d5328: Pull complete
database-full-load (0)	Prepare immutable tools and owned database images	2026-10-03T22:57:20.7350897Z eedb5e3e5b38: Pull complete
database-full-load (0)	Prepare immutable tools and owned database images	2026-10-03T22:57:20.7385215Z Digest: sha256:d0d926f94df099bff534b7ee5b5986458131a22489dfff8664509af0c1e2ca9c
database-full-load (0)	Prepare immutable tools and owned database images	2026-10-03T22:57:20.7390127Z Status: Downloaded newer image for mongo@sha256:d0d926f94df099bff534b7ee5b5986458131a22489dfff8664509af0c1e2ca9c
database-full-load (0)	Prepare immutable tools and owned database images	2026-10-03T22:57:20.7396335Z docker.io/library/mongo@sha256:d0d926f94df099bff534b7ee5b5986458131a22489dfff8664509af0c1e2ca9c
database-full-load (0)	Prepare immutable tools and owned database images	2026-10-03T22:57:21.6177284Z docker.elastic.co/elasticsearch/elasticsearch@sha256:e98f9c3b09beb2fbb9eaf667d602df3f0e00bd3644138b8458dc17ba1a675595: Pulling from elasticsearch/elasticsearch
database-full-load (0)	Prepare immutable tools and owned database images	2026-10-03T22:57:22.0129011Z 2c22c1bb1ce1: Pulling fs layer
database-full-load (0)	Prepare immutable tools and owned database images	2026-10-03T22:57:22.0129583Z 2796a25b8094: Pulling fs layer
database-full-load (0)	Prepare immutable tools and owned database images	2026-10-03T22:57:22.0129866Z 714e5b673049: Pulling fs layer
database-full-load (0)	Prepare immutable tools and owned database images	2026-10-03T22:57:22.0130065Z bd9ddc54bea9: Pulling fs layer
database-full-load (0)	Prepare immutable tools and owned database images	2026-10-03T22:57:22.0130240Z 2d68f716f01a: Pulling fs layer
database-full-load (0)	Prepare immutable tools and owned database images	2026-10-03T22:57:22.0130438Z c52e3a203c20: Pulling fs layer
database-full-load (0)	Prepare immutable tools and owned database images	2026-10-03T22:57:22.0130655Z 9b415d76a9c6: Pulling fs layer
database-full-load (0)	Prepare immutable tools and owned database images	2026-10-03T22:57:22.0130860Z d527cffe3ef6: Pulling fs layer
database-full-load (0)	Prepare immutable tools and owned database images	2026-10-03T22:57:22.0131347Z b8cda4b5aaf3: Pulling fs layer
database-full-load (0)	Prepare immutable tools and owned database images	2026-10-03T22:57:22.0131498Z 32c1c18d2ea5: Pulling fs layer
database-full-load (0)	Prepare immutable tools and owned database images	2026-10-03T22:57:22.0131630Z 9b415d76a9c6: Waiting
database-full-load (0)	Prepare immutable tools and owned database images	2026-10-03T22:57:22.0131747Z bd9ddc54bea9: Waiting
database-full-load (0)	Prepare immutable tools and owned database images	2026-10-03T22:57:22.0131941Z d527cffe3ef6: Waiting
database-full-load (0)	Prepare immutable tools and owned database images	2026-10-03T22:57:22.0132119Z b8cda4b5aaf3: Waiting
database-full-load (0)	Prepare immutable tools and owned database images	2026-10-03T22:57:22.0132238Z 2d68f716f01a: Waiting
database-full-load (0)	Prepare immutable tools and owned database images	2026-10-03T22:57:22.0132352Z 32c1c18d2ea5: Waiting
database-full-load (0)	Prepare immutable tools and owned database images	2026-10-03T22:57:22.0132587Z c52e3a203c20: Waiting
database-full-load (0)	Prepare immutable tools and owned database images	2026-10-03T22:57:22.4313724Z 714e5b673049: Verifying Checksum
database-full-load (0)	Prepare immutable tools and owned database images	2026-10-03T22:57:22.4314093Z 714e5b673049: Download complete
database-full-load (0)	Prepare immutable tools and owned database images	2026-10-03T22:57:22.5375852Z 2796a25b8094: Verifying Checksum
database-full-load (0)	Prepare immutable tools and owned database images	2026-10-03T22:57:22.5376130Z 2796a25b8094: Download complete
database-full-load (0)	Prepare immutable tools and owned database images	2026-10-03T22:57:22.6253147Z bd9ddc54bea9: Verifying Checksum
database-full-load (0)	Prepare immutable tools and owned database images	2026-10-03T22:57:22.6253664Z bd9ddc54bea9: Download complete
database-full-load (0)	Prepare immutable tools and owned database images	2026-10-03T22:57:22.9540581Z 2c22c1bb1ce1: Verifying Checksum
database-full-load (0)	Prepare immutable tools and owned database images	2026-10-03T22:57:22.9541084Z 2c22c1bb1ce1: Download complete
database-full-load (0)	Prepare immutable tools and owned database images	2026-10-03T22:57:23.2282993Z c52e3a203c20: Verifying Checksum
database-full-load (0)	Prepare immutable tools and owned database images	2026-10-03T22:57:23.2283624Z c52e3a203c20: Download complete
database-full-load (0)	Prepare immutable tools and owned database images	2026-10-03T22:57:23.5562894Z 9b415d76a9c6: Verifying Checksum
database-full-load (0)	Prepare immutable tools and owned database images	2026-10-03T22:57:23.5563231Z 9b415d76a9c6: Download complete
database-full-load (0)	Prepare immutable tools and owned database images	2026-10-03T22:57:23.6319731Z 2c22c1bb1ce1: Pull complete
database-full-load (0)	Prepare immutable tools and owned database images	2026-10-03T22:57:23.7173740Z d527cffe3ef6: Verifying Checksum
database-full-load (0)	Prepare immutable tools and owned database images	2026-10-03T22:57:23.7174518Z d527cffe3ef6: Download complete
database-full-load (0)	Prepare immutable tools and owned database images	2026-10-03T22:57:24.0369570Z b8cda4b5aaf3: Verifying Checksum
database-full-load (0)	Prepare immutable tools and owned database images	2026-10-03T22:57:24.0370033Z b8cda4b5aaf3: Download complete
database-full-load (0)	Prepare immutable tools and owned database images	2026-10-03T22:57:24.2071628Z 32c1c18d2ea5: Verifying Checksum
database-full-load (0)	Prepare immutable tools and owned database images	2026-10-03T22:57:24.2071984Z 32c1c18d2ea5: Download complete
database-full-load (0)	Prepare immutable tools and owned database images	2026-10-03T22:57:25.6184316Z 2796a25b8094: Pull complete
database-full-load (0)	Prepare immutable tools and owned database images	2026-10-03T22:57:26.1365309Z 714e5b673049: Pull complete
database-full-load (0)	Prepare immutable tools and owned database images	2026-10-03T22:57:26.3284914Z bd9ddc54bea9: Pull complete
database-full-load (0)	Prepare immutable tools and owned database images	2026-10-03T22:57:30.5634019Z 2d68f716f01a: Verifying Checksum
database-full-load (0)	Prepare immutable tools and owned database images	2026-10-03T22:57:30.5634380Z 2d68f716f01a: Download complete
database-full-load (0)	Prepare immutable tools and owned database images	2026-10-03T22:57:40.5640702Z 2d68f716f01a: Pull complete
database-full-load (0)	Prepare immutable tools and owned database images	2026-10-03T22:57:40.5719013Z c52e3a203c20: Pull complete
database-full-load (0)	Prepare immutable tools and owned database images	2026-10-03T22:57:40.5780793Z 9b415d76a9c6: Pull complete
database-full-load (0)	Prepare immutable tools and owned database images	2026-10-03T22:57:40.5894788Z d527cffe3ef6: Pull complete
database-full-load (0)	Prepare immutable tools and owned database images	2026-10-03T22:57:40.5995334Z b8cda4b5aaf3: Pull complete
database-full-load (0)	Prepare immutable tools and owned database images	2026-10-03T22:57:40.6058768Z 32c1c18d2ea5: Pull complete
database-full-load (0)	Prepare immutable tools and owned database images	2026-10-03T22:57:40.6082602Z Digest: sha256:e98f9c3b09beb2fbb9eaf667d602df3f0e00bd3644138b8458dc17ba1a675595
database-full-load (0)	Prepare immutable tools and owned database images	2026-10-03T22:57:40.6087071Z Status: Downloaded newer image for docker.elastic.co/elasticsearch/elasticsearch@sha256:e98f9c3b09beb2fbb9eaf667d602df3f0e00bd3644138b8458dc17ba1a675595
database-full-load (0)	Prepare immutable tools and owned database images	2026-10-03T22:57:40.6092233Z docker.elastic.co/elasticsearch/elasticsearch@sha256:e98f9c3b09beb2fbb9eaf667d602df3f0e00bd3644138b8458dc17ba1a675595
database-full-load (0)	Independent single-request native and SDK clients	﻿2026-10-03T22:57:40.6227959Z ##[group]Run mkdir -p results/local
database-full-load (0)	Independent single-request native and SDK clients	2026-10-03T22:57:40.6228175Z [36;1mmkdir -p results/local[0m
database-full-load (0)	Independent single-request native and SDK clients	2026-10-03T22:57:40.6228343Z [36;1mgo build -o .tools/weir-lab ./cmd/weir-lab[0m
database-full-load (0)	Independent single-request native and SDK clients	2026-10-03T22:57:40.6228556Z [36;1mIFS=',' read -r -a batch_limits <<< "$BACKEND_BATCH_LIMITS"[0m
database-full-load (0)	Independent single-request native and SDK clients	2026-10-03T22:57:40.6228763Z [36;1mfor backend_limit in "${batch_limits[@]}"; do[0m
database-full-load (0)	Independent single-request native and SDK clients	2026-10-03T22:57:40.6228950Z [36;1m  export BACKEND_BATCH_LIMIT="$backend_limit"[0m
database-full-load (0)	Independent single-request native and SDK clients	2026-10-03T22:57:40.6229183Z [36;1m  export MEASUREMENT_OUTPUT="results/local/saturation-batch-$backend_limit"[0m
database-full-load (0)	Independent single-request native and SDK clients	2026-10-03T22:57:40.6229500Z [36;1m  export MEASUREMENT_RECEIPT="results/local/measurement-batch-$backend_limit.receipt.json"[0m
database-full-load (0)	Independent single-request native and SDK clients	2026-10-03T22:57:40.6229748Z [36;1m  python3 - <<'PY'[0m
database-full-load (0)	Independent single-request native and SDK clients	2026-10-03T22:57:40.6229917Z [36;1mimport hashlib, json, os, pathlib, subprocess[0m
database-full-load (0)	Independent single-request native and SDK clients	2026-10-03T22:57:40.6230101Z [36;1mbinary = pathlib.Path('.tools/weir-lab')[0m
database-full-load (0)	Independent single-request native and SDK clients	2026-10-03T22:57:40.6230980Z [36;1mcommand = [str(binary), '-mode', 'saturation', '-weir', '.tools/weir', '-backend', 'all', '-database-cpus', os.environ['DATABASE_CPUS'], '-store-concurrency', '32', '-backend-batch-limit', os.environ['BACKEND_BATCH_LIMIT'], '-client-processes', '4', '-concurrency-levels', os.environ['CLIENT_LEVELS'], '-batch-sizes', '1', '-records', '2048', '-payload-bytes', '1024', '-write-percent', os.environ['WRITE_PERCENT'], '-rounds', '3', '-warmup-duration', '10s', '-duration', '20s', '-output', os.environ['MEASUREMENT_OUTPUT']][0m
database-full-load (0)	Independent single-request native and SDK clients	2026-10-03T22:57:40.6232693Z [36;1mreceipt = {'host_memory_bytes': int(next(line for line in pathlib.Path('/proc/meminfo').read_text().splitlines() if line.startswith('MemTotal:')).split()[1]) * 1024, 'source': subprocess.check_output(['git', 'rev-parse', 'HEAD'], text=True).strip(), 'source_dirty': bool(subprocess.check_output(['git', 'status', '--porcelain'])), 'client_binary_sha256': hashlib.sha256(binary.read_bytes()).hexdigest(), 'client_build': subprocess.check_output(['go', 'version', '-m', str(binary)], text=True), 'versions': json.loads(pathlib.Path('versions.json').read_text()), 'command': command}[0m
database-full-load (0)	Independent single-request native and SDK clients	2026-10-03T22:57:40.6233777Z [36;1mif receipt['source_dirty']:[0m
database-full-load (0)	Independent single-request native and SDK clients	2026-10-03T22:57:40.6234191Z [36;1m    raise SystemExit('measurement requires a clean source checkout')[0m
database-full-load (0)	Independent single-request native and SDK clients	2026-10-03T22:57:40.6234495Z [36;1mpathlib.Path(os.environ['MEASUREMENT_RECEIPT']).write_text(json.dumps(receipt, indent=2) + '\n')[0m
database-full-load (0)	Independent single-request native and SDK clients	2026-10-03T22:57:40.6234738Z [36;1mPY[0m
database-full-load (0)	Independent single-request native and SDK clients	2026-10-03T22:57:40.6235509Z [36;1m  .tools/weir-lab -mode saturation -weir .tools/weir -backend all -database-cpus "$DATABASE_CPUS" -store-concurrency 32 -backend-batch-limit "$BACKEND_BATCH_LIMIT" -client-processes 4 -concurrency-levels "$CLIENT_LEVELS" -batch-sizes 1 -records 2048 -payload-bytes 1024 -write-percent "$WRITE_PERCENT" -rounds 3 -warmup-duration 10s -duration 20s -output "$MEASUREMENT_OUTPUT" 2>&1 | tee "results/local/saturation-batch-$backend_limit.log"[0m
database-full-load (0)	Independent single-request native and SDK clients	2026-10-03T22:57:40.6236308Z [36;1mdone[0m
database-full-load (0)	Independent single-request native and SDK clients	2026-10-03T22:57:40.6236425Z [36;1mgit diff --exit-code[0m
database-full-load (0)	Independent single-request native and SDK clients	2026-10-03T22:57:40.6287119Z shell: /usr/bin/bash --noprofile --norc -e -o pipefail {0}
database-full-load (0)	Independent single-request native and SDK clients	2026-10-03T22:57:40.6302160Z env:
database-full-load (0)	Independent single-request native and SDK clients	2026-10-03T22:57:40.6302333Z   GOENV: off
database-full-load (0)	Independent single-request native and SDK clients	2026-10-03T22:57:40.6302492Z   GOWORK: off
database-full-load (0)	Independent single-request native and SDK clients	2026-10-03T22:57:40.6302655Z   GOTOOLCHAIN: local
database-full-load (0)	Independent single-request native and SDK clients	2026-10-03T22:57:40.6302834Z   GOFLAGS: -mod=readonly
database-full-load (0)	Independent single-request native and SDK clients	2026-10-03T22:57:40.6303024Z   PYTHONDONTWRITEBYTECODE: 1
database-full-load (0)	Independent single-request native and SDK clients	2026-10-03T22:57:40.6303218Z   GOPROXY: off
database-full-load (0)	Independent single-request native and SDK clients	2026-10-03T22:57:40.6303376Z   GOSUMDB: off
database-full-load (0)	Independent single-request native and SDK clients	2026-10-03T22:57:40.6303534Z   WRITE_PERCENT: 0
database-full-load (0)	Independent single-request native and SDK clients	2026-10-03T22:57:40.6303698Z   DATABASE_CPUS: 1
database-full-load (0)	Independent single-request native and SDK clients	2026-10-03T22:57:40.6303986Z   CLIENT_LEVELS: 8,32,128
database-full-load (0)	Independent single-request native and SDK clients	2026-10-03T22:57:40.6304174Z   BACKEND_BATCH_LIMITS: 32
database-full-load (0)	Independent single-request native and SDK clients	2026-10-03T22:57:40.6304355Z ##[endgroup]
database-full-load (0)	Independent single-request native and SDK clients	2026-10-03T22:58:02.4824358Z Owned fixture logs: /tmp/weir-tests-336968445
database-full-load (0)	Independent single-request native and SDK clients	2026-10-03T22:59:03.5901003Z single-request backend=mongo processes=4 workers=8 round=1 direct=16644.1 weir=7462.9 DB-CPU direct=99.8% weir=67.4%
database-full-load (0)	Independent single-request native and SDK clients	2026-10-03T23:00:04.6061142Z single-request backend=mongo processes=4 workers=8 round=2 direct=16374.4 weir=7553.2 DB-CPU direct=100.0% weir=67.5%
database-full-load (0)	Independent single-request native and SDK clients	2026-10-03T23:01:05.6032118Z single-request backend=mongo processes=4 workers=8 round=3 direct=16384.3 weir=7782.4 DB-CPU direct=100.0% weir=69.8%
database-full-load (0)	Independent single-request native and SDK clients	2026-10-03T23:02:06.6123436Z single-request backend=mongo processes=4 workers=32 round=1 direct=20234.6 weir=11590.2 DB-CPU direct=100.0% weir=70.6%
database-full-load (0)	Independent single-request native and SDK clients	2026-10-03T23:03:07.6080318Z single-request backend=mongo processes=4 workers=32 round=2 direct=20322.6 weir=12129.9 DB-CPU direct=100.0% weir=74.1%
database-full-load (0)	Independent single-request native and SDK clients	2026-10-03T23:04:08.6131421Z single-request backend=mongo processes=4 workers=32 round=3 direct=20126.5 weir=12108.4 DB-CPU direct=100.0% weir=73.7%
database-full-load (0)	Independent single-request native and SDK clients	2026-10-03T23:05:09.6244577Z single-request backend=mongo processes=4 workers=128 round=1 direct=21771.7 weir=20360.9 DB-CPU direct=100.1% weir=62.7%
database-full-load (0)	Independent single-request native and SDK clients	2026-10-03T23:06:10.6231702Z single-request backend=mongo processes=4 workers=128 round=2 direct=21696.9 weir=19815.8 DB-CPU direct=100.1% weir=61.6%
database-full-load (0)	Independent single-request native and SDK clients	2026-10-03T23:07:11.6242023Z single-request backend=mongo processes=4 workers=128 round=3 direct=21562.9 weir=19868.1 DB-CPU direct=100.1% weir=62.0%
database-full-load (0)	Independent single-request native and SDK clients	2026-10-03T23:07:11.6365723Z # Database saturation comparison
database-full-load (0)	Independent single-request native and SDK clients	2026-10-03T23:07:11.6365981Z 
database-full-load (0)	Independent single-request native and SDK clients	2026-10-03T23:07:11.6366123Z Backend **mongo**. Started 2026-10-03T22:58:02.52620518Z.
database-full-load (0)	Independent single-request native and SDK clients	2026-10-03T23:07:11.6366328Z 
database-full-load (0)	Independent single-request native and SDK clients	2026-10-03T23:07:11.6367561Z independent OS client processes send one record per native call or unary SDK RPC; native FindOne/ReplaceOne or single-ID mget/PUT; no client aggregation; worker-owned disjoint IDs; common phase barriers and unchanged pools across warmup and measurement; alternating AB/BA; latency is each business request including validation, queueing and any server aggregation; independent persisted postflight; sustained database CPU requires >=5 intervals, >=80% measurement coverage, mean CPU>=threshold and CPU>=threshold during >=80% measurement duration in every round, plus <=10% next-level throughput gain.
database-full-load (0)	Independent single-request native and SDK clients	2026-10-03T23:07:11.6368964Z 
database-full-load (0)	Independent single-request native and SDK clients	2026-10-03T23:07:11.6369099Z Warmup 10s and measurement 20s per path/stage, 3 paired rounds, requested writes 0%.
database-full-load (0)	Independent single-request native and SDK clients	2026-10-03T23:07:11.6369275Z 
database-full-load (0)	Independent single-request native and SDK clients	2026-10-03T23:07:11.6369765Z 4 independent OS client processes. Each worker sends one business request containing one record, waits for its acknowledged result, and validates it. p50/p95/p99 describe individual requests; histograms are pooled rather than averaging process quantiles.
database-full-load (0)	Independent single-request native and SDK clients	2026-10-03T23:07:11.6370378Z 
database-full-load (0)	Independent single-request native and SDK clients	2026-10-03T23:07:11.6370720Z | Batch | Workers | Round | Path | Read | Write | Success | Errors/unknown | Ops/s | p95 call ms | DB CPU budget % | Full CPU time % | Sampling coverage % | Verified |
database-full-load (0)	Independent single-request native and SDK clients	2026-10-03T23:07:11.6371206Z | ---: | ---: | ---: | --- | ---: | ---: | ---: | ---: | ---: | ---: | ---: | ---: | ---: | --- |
database-full-load (0)	Independent single-request native and SDK clients	2026-10-03T23:07:11.6371600Z | 1 | 8 | 1 | direct | 332889 | 0 | 332889 | 0 | 16644.1 | 0.895 | 99.8 | 96.8 | 96.8 | true |
database-full-load (0)	Independent single-request native and SDK clients	2026-10-03T23:07:11.6371988Z | 1 | 8 | 1 | weir | 149264 | 0 | 149264 | 0 | 7462.9 | 2.303 | 67.4 | 0.0 | 95.4 | true |
database-full-load (0)	Independent single-request native and SDK clients	2026-10-03T23:07:11.6372357Z | 1 | 8 | 2 | direct | 327495 | 0 | 327495 | 0 | 16374.4 | 0.767 | 100.0 | 96.0 | 96.0 | true |
database-full-load (0)	Independent single-request native and SDK clients	2026-10-03T23:07:11.6372624Z | 1 | 8 | 2 | weir | 151071 | 0 | 151071 | 0 | 7553.2 | 2.303 | 67.5 | 0.0 | 95.4 | true |
database-full-load (0)	Independent single-request native and SDK clients	2026-10-03T23:07:11.6372870Z | 1 | 8 | 3 | direct | 327700 | 0 | 327700 | 0 | 16384.3 | 0.767 | 100.0 | 95.7 | 95.7 | true |
database-full-load (0)	Independent single-request native and SDK clients	2026-10-03T23:07:11.6373115Z | 1 | 8 | 3 | weir | 155654 | 0 | 155654 | 0 | 7782.4 | 2.047 | 69.8 | 0.0 | 95.3 | true |
database-full-load (0)	Independent single-request native and SDK clients	2026-10-03T23:07:11.6373362Z | 1 | 32 | 1 | direct | 404715 | 0 | 404715 | 0 | 20234.6 | 3.327 | 100.0 | 97.0 | 97.0 | true |
database-full-load (0)	Independent single-request native and SDK clients	2026-10-03T23:07:11.6373611Z | 1 | 32 | 1 | weir | 231818 | 0 | 231818 | 0 | 11590.2 | 6.143 | 70.6 | 0.0 | 95.8 | true |
database-full-load (0)	Independent single-request native and SDK clients	2026-10-03T23:07:11.6373989Z | 1 | 32 | 2 | direct | 406477 | 0 | 406477 | 0 | 20322.6 | 3.071 | 100.0 | 97.0 | 97.0 | true |
database-full-load (0)	Independent single-request native and SDK clients	2026-10-03T23:07:11.6374363Z | 1 | 32 | 2 | weir | 242616 | 0 | 242616 | 0 | 12129.9 | 5.631 | 74.1 | 0.0 | 95.8 | true |
database-full-load (0)	Independent single-request native and SDK clients	2026-10-03T23:07:11.6374739Z | 1 | 32 | 3 | direct | 402551 | 0 | 402551 | 0 | 20126.5 | 3.327 | 100.0 | 96.0 | 96.0 | true |
database-full-load (0)	Independent single-request native and SDK clients	2026-10-03T23:07:11.6375269Z | 1 | 32 | 3 | weir | 242188 | 0 | 242188 | 0 | 12108.4 | 5.631 | 73.7 | 0.0 | 95.3 | true |
database-full-load (0)	Independent single-request native and SDK clients	2026-10-03T23:07:11.6375644Z | 1 | 128 | 1 | direct | 435508 | 0 | 435508 | 0 | 21771.7 | 32.767 | 100.1 | 96.0 | 96.0 | true |
database-full-load (0)	Independent single-request native and SDK clients	2026-10-03T23:07:11.6376028Z | 1 | 128 | 1 | weir | 407307 | 0 | 407307 | 0 | 20360.9 | 13.311 | 62.7 | 0.0 | 95.5 | true |
database-full-load (0)	Independent single-request native and SDK clients	2026-10-03T23:07:11.6376284Z | 1 | 128 | 2 | direct | 434017 | 0 | 434017 | 0 | 21696.9 | 32.767 | 100.1 | 96.3 | 96.3 | true |
database-full-load (0)	Independent single-request native and SDK clients	2026-10-03T23:07:11.6376536Z | 1 | 128 | 2 | weir | 396401 | 0 | 396401 | 0 | 19815.8 | 13.311 | 61.6 | 0.0 | 95.4 | true |
database-full-load (0)	Independent single-request native and SDK clients	2026-10-03T23:07:11.6376783Z | 1 | 128 | 3 | direct | 431350 | 0 | 431350 | 0 | 21562.9 | 32.767 | 100.1 | 96.1 | 96.1 | true |
database-full-load (0)	Independent single-request native and SDK clients	2026-10-03T23:07:11.6377034Z | 1 | 128 | 3 | weir | 397406 | 0 | 397406 | 0 | 19868.1 | 13.311 | 62.0 | 0.0 | 95.7 | true |
database-full-load (0)	Independent single-request native and SDK clients	2026-10-03T23:07:11.6377176Z 
database-full-load (0)	Independent single-request native and SDK clients	2026-10-03T23:07:11.6377311Z Measured Weir adapter and unary RPC evidence (warmup, reset and postflight excluded):
database-full-load (0)	Independent single-request native and SDK clients	2026-10-03T23:07:11.6377479Z 
database-full-load (0)	Independent single-request native and SDK clients	2026-10-03T23:07:11.6377734Z | Batch | Workers | Round | Adapter invocations | Mean adapter batch | Read/Mutate RPCs | Queue mean ms | Adapter mean ms | Rejections | Backend concurrency limit |
database-full-load (0)	Independent single-request native and SDK clients	2026-10-03T23:07:11.6378090Z | ---: | ---: | ---: | ---: | ---: | --- | ---: | ---: | ---: | ---: |
database-full-load (0)	Independent single-request native and SDK clients	2026-10-03T23:07:11.6378291Z | 1 | 8 | 1 | 134861 | 1.107 | 149264/0 | 0.010 | 0.456 | 0 | 32.000 |
database-full-load (0)	Independent single-request native and SDK clients	2026-10-03T23:07:11.6378481Z | 1 | 8 | 2 | 136077 | 1.110 | 151071/0 | 0.010 | 0.452 | 0 | 32.000 |
database-full-load (0)	Independent single-request native and SDK clients	2026-10-03T23:07:11.6378667Z | 1 | 8 | 3 | 139700 | 1.114 | 155654/0 | 0.010 | 0.443 | 0 | 32.000 |
database-full-load (0)	Independent single-request native and SDK clients	2026-10-03T23:07:11.6378858Z | 1 | 32 | 1 | 147661 | 1.570 | 231818/0 | 0.054 | 0.882 | 0 | 32.000 |
database-full-load (0)	Independent single-request native and SDK clients	2026-10-03T23:07:11.6379055Z | 1 | 32 | 2 | 151981 | 1.596 | 242616/0 | 0.054 | 0.849 | 0 | 32.000 |
database-full-load (0)	Independent single-request native and SDK clients	2026-10-03T23:07:11.6379337Z | 1 | 32 | 3 | 150805 | 1.606 | 242188/0 | 0.055 | 0.847 | 0 | 32.000 |
database-full-load (0)	Independent single-request native and SDK clients	2026-10-03T23:07:11.6379530Z | 1 | 128 | 1 | 115654 | 3.522 | 407307/0 | 0.234 | 1.472 | 0 | 32.000 |
database-full-load (0)	Independent single-request native and SDK clients	2026-10-03T23:07:11.6379727Z | 1 | 128 | 2 | 115316 | 3.438 | 396401/0 | 0.232 | 1.511 | 0 | 32.000 |
database-full-load (0)	Independent single-request native and SDK clients	2026-10-03T23:07:11.6379920Z | 1 | 128 | 3 | 116586 | 3.409 | 397406/0 | 0.231 | 1.514 | 0 | 32.000 |
database-full-load (0)	Independent single-request native and SDK clients	2026-10-03T23:07:11.6380034Z 
database-full-load (0)	Independent single-request native and SDK clients	2026-10-03T23:07:11.6380649Z **Batch 1: database-full-load throughput comparison unavailable.** both paths must independently demonstrate sustained database CPU saturation and a verified next-level throughput plateau; increase concurrency or isolate client/Weir resources; I/O/network-bound saturation needs additional device/link capacity evidence.
database-full-load (0)	Independent single-request native and SDK clients	2026-10-03T23:07:11.6381270Z 
database-full-load (0)	Independent single-request native and SDK clients	2026-10-03T23:07:11.6381625Z Best verified business QPS within this ladder: direct 21677.1 (128 workers), Weir 20014.9 (128 workers), observed change -7.67%. This is a measured business-throughput comparison, not a maximum-database-capacity claim.
database-full-load (0)	Independent single-request native and SDK clients	2026-10-03T23:07:11.6381991Z 
database-full-load (0)	Independent single-request native and SDK clients	2026-10-03T23:07:11.6382207Z Observed single-request business performance at matched client concurrency (independent of the database-capacity qualification):
database-full-load (0)	Independent single-request native and SDK clients	2026-10-03T23:07:11.6382451Z 
database-full-load (0)	Independent single-request native and SDK clients	2026-10-03T23:07:11.6382582Z | Workers | Direct QPS | Weir QPS | Change | Direct p50/p95/p99 ms | Weir p50/p95/p99 ms |
database-full-load (0)	Independent single-request native and SDK clients	2026-10-03T23:07:11.6382807Z | ---: | ---: | ---: | ---: | --- | --- |
database-full-load (0)	Independent single-request native and SDK clients	2026-10-03T23:07:11.6383000Z | 8 | 16467.6 | 7599.5 | -53.85% | 0.351 / 0.831 / 1.919 | 0.959 / 2.303 / 3.071 |
database-full-load (0)	Independent single-request native and SDK clients	2026-10-03T23:07:11.6383226Z | 32 | 20227.9 | 11942.8 | -40.96% | 0.895 / 3.327 / 32.767 | 2.559 / 5.631 / 7.679 |
database-full-load (0)	Independent single-request native and SDK clients	2026-10-03T23:07:11.6383460Z | 128 | 21677.1 | 20014.9 | -7.67% | 3.583 / 32.767 / 40.959 | 6.143 / 13.311 / 18.431 |
database-full-load (0)	Independent single-request native and SDK clients	2026-10-03T23:07:11.6383598Z 
database-full-load (0)	Independent single-request native and SDK clients	2026-10-03T23:07:11.6384205Z These QPS and latency observations apply to this hardware and measured concurrency range. A business-throughput improvement can exist without demonstrating the maximum database capacity. An underfull database or missing next-level plateau keeps the database-capacity comparison unavailable.
database-full-load (0)	Independent single-request native and SDK clients	2026-10-03T23:07:11.6384702Z 
database-full-load (0)	Independent single-request native and SDK clients	2026-10-03T23:07:11.6386477Z Aggregation evidence: the JSON records one business request per record, Read/Mutate RPC counts, adapter invocation counts, average adapter batch and its cumulative histogram, and RPCs per adapter invocation. An adapter invocation is not necessarily one physical database wire command. MongoDB physical find/update/bulkWrite/getMore/killCursors deltas come from owned serverStatus at timed boundaries; missing counters remain unavailable. Elasticsearch has no equivalent physical HTTP-command counter. Every child PID, configured native pool limit, final revision ranges, exit result and sampled CPU/RSS is retained; coordinator sampling CPU is excluded from business-client CPU.
database-full-load (0)	Independent single-request native and SDK clients	2026-10-03T23:07:11.6388467Z 
database-full-load (0)	Independent single-request native and SDK clients	2026-10-03T23:07:11.6390607Z The JSON retains before/after raw public Weir metrics and their observed deltas, every resource sample, monitor failures, raw cumulative database/container I/O and network counters, CPU quota/host core denominator, and client/Weir cumulative CPU. Docker CPU uses cumulative Engine usage and read timestamps across each entire sampling interval, never CLI instantaneous percentages. Both interval endpoints must succeed; missing intervals reduce full-run coverage. Samples include monitoring traffic and background database work. Native ps CPU has platform-dependent clock resolution. Native databases share the host CPU budget with the client and Weir. Disk/network utilization or capacity is not inferred from byte counters. A plateau without sustained database CPU saturation is not a database-full-load result. Startup/discovery/reset/postflight and warmup are excluded from throughput; all in-flight completion and validation is included.
database-full-load (0)	Independent single-request native and SDK clients	2026-10-03T23:08:14.7565872Z single-request backend=search processes=4 workers=8 round=1 direct=12776.5 weir=7208.2 DB-CPU direct=99.8% weir=66.8%
database-full-load (0)	Independent single-request native and SDK clients	2026-10-03T23:09:16.6337694Z single-request backend=search processes=4 workers=8 round=2 direct=15382.6 weir=7406.8 DB-CPU direct=99.7% weir=64.6%
database-full-load (0)	Independent single-request native and SDK clients	2026-10-03T23:10:18.0743681Z single-request backend=search processes=4 workers=8 round=3 direct=15211.0 weir=7473.1 DB-CPU direct=99.8% weir=66.8%
database-full-load (0)	Independent single-request native and SDK clients	2026-10-03T23:11:19.5700939Z single-request backend=search processes=4 workers=32 round=1 direct=18886.7 weir=11244.9 DB-CPU direct=99.7% weir=67.6%
database-full-load (0)	Independent single-request native and SDK clients	2026-10-03T23:12:20.9434791Z single-request backend=search processes=4 workers=32 round=2 direct=18822.7 weir=11371.0 DB-CPU direct=99.6% weir=68.5%
database-full-load (0)	Independent single-request native and SDK clients	2026-10-03T23:13:22.3270887Z single-request backend=search processes=4 workers=32 round=3 direct=19076.9 weir=11353.5 DB-CPU direct=99.5% weir=67.2%
database-full-load (0)	Independent single-request native and SDK clients	2026-10-03T23:14:23.6780466Z single-request backend=search processes=4 workers=128 round=1 direct=21006.6 weir=17151.9 DB-CPU direct=99.8% weir=59.5%
database-full-load (0)	Independent single-request native and SDK clients	2026-10-03T23:15:24.9891805Z single-request backend=search processes=4 workers=128 round=2 direct=20862.8 weir=17737.2 DB-CPU direct=99.8% weir=58.9%
database-full-load (0)	Independent single-request native and SDK clients	2026-10-03T23:16:26.2825461Z single-request backend=search processes=4 workers=128 round=3 direct=21378.7 weir=16687.0 DB-CPU direct=99.9% weir=59.2%
database-full-load (0)	Independent single-request native and SDK clients	2026-10-03T23:16:26.2952196Z # Database saturation comparison
database-full-load (0)	Independent single-request native and SDK clients	2026-10-03T23:16:26.2952413Z 
database-full-load (0)	Independent single-request native and SDK clients	2026-10-03T23:16:26.2952520Z Backend **search**. Started 2026-10-03T23:07:11.876060281Z.
database-full-load (0)	Independent single-request native and SDK clients	2026-10-03T23:16:26.2952653Z 
database-full-load (0)	Independent single-request native and SDK clients	2026-10-03T23:16:26.2953684Z independent OS client processes send one record per native call or unary SDK RPC; native FindOne/ReplaceOne or single-ID mget/PUT; no client aggregation; worker-owned disjoint IDs; common phase barriers and unchanged pools across warmup and measurement; alternating AB/BA; latency is each business request including validation, queueing and any server aggregation; independent persisted postflight; sustained database CPU requires >=5 intervals, >=80% measurement coverage, mean CPU>=threshold and CPU>=threshold during >=80% measurement duration in every round, plus <=10% next-level throughput gain.
database-full-load (0)	Independent single-request native and SDK clients	2026-10-03T23:16:26.2954874Z 
database-full-load (0)	Independent single-request native and SDK clients	2026-10-03T23:16:26.2955009Z Warmup 10s and measurement 20s per path/stage, 3 paired rounds, requested writes 0%.
database-full-load (0)	Independent single-request native and SDK clients	2026-10-03T23:16:26.2955178Z 
database-full-load (0)	Independent single-request native and SDK clients	2026-10-03T23:16:26.2955599Z 4 independent OS client processes. Each worker sends one business request containing one record, waits for its acknowledged result, and validates it. p50/p95/p99 describe individual requests; histograms are pooled rather than averaging process quantiles.
database-full-load (0)	Independent single-request native and SDK clients	2026-10-03T23:16:26.2956211Z 
database-full-load (0)	Independent single-request native and SDK clients	2026-10-03T23:16:26.2956462Z | Batch | Workers | Round | Path | Read | Write | Success | Errors/unknown | Ops/s | p95 call ms | DB CPU budget % | Full CPU time % | Sampling coverage % | Verified |
database-full-load (0)	Independent single-request native and SDK clients	2026-10-03T23:16:26.2956842Z | ---: | ---: | ---: | --- | ---: | ---: | ---: | ---: | ---: | ---: | ---: | ---: | ---: | --- |
database-full-load (0)	Independent single-request native and SDK clients	2026-10-03T23:16:26.2957097Z | 1 | 8 | 1 | direct | 255536 | 0 | 255536 | 0 | 12776.5 | 0.895 | 99.8 | 95.5 | 95.5 | true |
database-full-load (0)	Independent single-request native and SDK clients	2026-10-03T23:16:26.2957351Z | 1 | 8 | 1 | weir | 144169 | 0 | 144169 | 0 | 7208.2 | 2.303 | 66.8 | 0.0 | 95.8 | true |
database-full-load (0)	Independent single-request native and SDK clients	2026-10-03T23:16:26.2957604Z | 1 | 8 | 2 | direct | 307664 | 0 | 307664 | 0 | 15382.6 | 0.767 | 99.7 | 100.0 | 100.0 | true |
database-full-load (0)	Independent single-request native and SDK clients	2026-10-03T23:16:26.2957848Z | 1 | 8 | 2 | weir | 148144 | 0 | 148144 | 0 | 7406.8 | 2.303 | 64.6 | 0.0 | 95.3 | true |
database-full-load (0)	Independent single-request native and SDK clients	2026-10-03T23:16:26.2958098Z | 1 | 8 | 3 | direct | 304267 | 0 | 304267 | 0 | 15211.0 | 0.767 | 99.8 | 99.8 | 99.8 | true |
database-full-load (0)	Independent single-request native and SDK clients	2026-10-03T23:16:26.2958337Z | 1 | 8 | 3 | weir | 149467 | 0 | 149467 | 0 | 7473.1 | 2.303 | 66.8 | 0.0 | 95.2 | true |
database-full-load (0)	Independent single-request native and SDK clients	2026-10-03T23:16:26.2958580Z | 1 | 32 | 1 | direct | 377755 | 0 | 377755 | 0 | 18886.7 | 3.071 | 99.7 | 96.0 | 96.0 | true |
database-full-load (0)	Independent single-request native and SDK clients	2026-10-03T23:16:26.2958828Z | 1 | 32 | 1 | weir | 224926 | 0 | 224926 | 0 | 11244.9 | 5.631 | 67.6 | 0.0 | 95.8 | true |
database-full-load (0)	Independent single-request native and SDK clients	2026-10-03T23:16:26.2959075Z | 1 | 32 | 2 | direct | 376474 | 0 | 376474 | 0 | 18822.7 | 3.071 | 99.6 | 96.0 | 96.0 | true |
database-full-load (0)	Independent single-request native and SDK clients	2026-10-03T23:16:26.2959318Z | 1 | 32 | 2 | weir | 227442 | 0 | 227442 | 0 | 11371.0 | 5.631 | 68.5 | 0.0 | 95.7 | true |
database-full-load (0)	Independent single-request native and SDK clients	2026-10-03T23:16:26.2959732Z | 1 | 32 | 3 | direct | 381612 | 0 | 381612 | 0 | 19076.9 | 3.071 | 99.5 | 95.3 | 95.3 | true |
database-full-load (0)	Independent single-request native and SDK clients	2026-10-03T23:16:26.2959975Z | 1 | 32 | 3 | weir | 227085 | 0 | 227085 | 0 | 11353.5 | 5.631 | 67.2 | 0.0 | 95.9 | true |
database-full-load (0)	Independent single-request native and SDK clients	2026-10-03T23:16:26.2960225Z | 1 | 128 | 1 | direct | 420208 | 0 | 420208 | 0 | 21006.6 | 26.623 | 99.8 | 96.7 | 96.7 | true |
database-full-load (0)	Independent single-request native and SDK clients	2026-10-03T23:16:26.2960475Z | 1 | 128 | 1 | weir | 343106 | 0 | 343106 | 0 | 17151.9 | 14.335 | 59.5 | 0.0 | 95.9 | true |
database-full-load (0)	Independent single-request native and SDK clients	2026-10-03T23:16:26.2960723Z | 1 | 128 | 2 | direct | 417319 | 0 | 417319 | 0 | 20862.8 | 26.623 | 99.8 | 96.0 | 96.0 | true |
database-full-load (0)	Independent single-request native and SDK clients	2026-10-03T23:16:26.2960972Z | 1 | 128 | 2 | weir | 354811 | 0 | 354811 | 0 | 17737.2 | 14.335 | 58.9 | 0.0 | 95.6 | true |
database-full-load (0)	Independent single-request native and SDK clients	2026-10-03T23:16:26.2961220Z | 1 | 128 | 3 | direct | 427638 | 0 | 427638 | 0 | 21378.7 | 26.623 | 99.9 | 96.0 | 96.0 | true |
database-full-load (0)	Independent single-request native and SDK clients	2026-10-03T23:16:26.2961466Z | 1 | 128 | 3 | weir | 333789 | 0 | 333789 | 0 | 16687.0 | 15.359 | 59.2 | 0.0 | 95.9 | true |
database-full-load (0)	Independent single-request native and SDK clients	2026-10-03T23:16:26.2961608Z 
database-full-load (0)	Independent single-request native and SDK clients	2026-10-03T23:16:26.2961744Z Measured Weir adapter and unary RPC evidence (warmup, reset and postflight excluded):
database-full-load (0)	Independent single-request native and SDK clients	2026-10-03T23:16:26.2961909Z 
database-full-load (0)	Independent single-request native and SDK clients	2026-10-03T23:16:26.2962157Z | Batch | Workers | Round | Adapter invocations | Mean adapter batch | Read/Mutate RPCs | Queue mean ms | Adapter mean ms | Rejections | Backend concurrency limit |
database-full-load (0)	Independent single-request native and SDK clients	2026-10-03T23:16:26.2962515Z | ---: | ---: | ---: | ---: | ---: | --- | ---: | ---: | ---: | ---: |
database-full-load (0)	Independent single-request native and SDK clients	2026-10-03T23:16:26.2962712Z | 1 | 8 | 1 | 132576 | 1.087 | 144169/0 | 0.008 | 0.540 | 0 | 32.000 |
database-full-load (0)	Independent single-request native and SDK clients	2026-10-03T23:16:26.2962907Z | 1 | 8 | 2 | 136017 | 1.089 | 148144/0 | 0.008 | 0.518 | 0 | 32.000 |
database-full-load (0)	Independent single-request native and SDK clients	2026-10-03T23:16:26.2963152Z | 1 | 8 | 3 | 137257 | 1.089 | 149467/0 | 0.008 | 0.519 | 0 | 32.000 |
database-full-load (0)	Independent single-request native and SDK clients	2026-10-03T23:16:26.2963439Z | 1 | 32 | 1 | 156822 | 1.434 | 224926/0 | 0.044 | 1.146 | 0 | 32.000 |
database-full-load (0)	Independent single-request native and SDK clients	2026-10-03T23:16:26.2963637Z | 1 | 32 | 2 | 159147 | 1.429 | 227442/0 | 0.044 | 1.116 | 0 | 32.000 |
database-full-load (0)	Independent single-request native and SDK clients	2026-10-03T23:16:26.2963934Z | 1 | 32 | 3 | 159062 | 1.428 | 227085/0 | 0.043 | 1.122 | 0 | 32.000 |
database-full-load (0)	Independent single-request native and SDK clients	2026-10-03T23:16:26.2964132Z | 1 | 128 | 1 | 120323 | 2.852 | 343106/0 | 0.253 | 2.253 | 0 | 32.000 |
database-full-load (0)	Independent single-request native and SDK clients	2026-10-03T23:16:26.2964327Z | 1 | 128 | 2 | 120596 | 2.942 | 354811/0 | 0.236 | 2.191 | 0 | 32.000 |
database-full-load (0)	Independent single-request native and SDK clients	2026-10-03T23:16:26.2964522Z | 1 | 128 | 3 | 114881 | 2.906 | 333789/0 | 0.249 | 2.321 | 0 | 32.000 |
database-full-load (0)	Independent single-request native and SDK clients	2026-10-03T23:16:26.2964742Z 
database-full-load (0)	Independent single-request native and SDK clients	2026-10-03T23:16:26.2965291Z **Batch 1: database-full-load throughput comparison unavailable.** both paths must independently demonstrate sustained database CPU saturation and a verified next-level throughput plateau; increase concurrency or isolate client/Weir resources; I/O/network-bound saturation needs additional device/link capacity evidence.
database-full-load (0)	Independent single-request native and SDK clients	2026-10-03T23:16:26.2965837Z 
database-full-load (0)	Independent single-request native and SDK clients	2026-10-03T23:16:26.2966190Z Best verified business QPS within this ladder: direct 21082.7 (128 workers), Weir 17192.1 (128 workers), observed change -18.45%. This is a measured business-throughput comparison, not a maximum-database-capacity claim.
database-full-load (0)	Independent single-request native and SDK clients	2026-10-03T23:16:26.2966557Z 
database-full-load (0)	Independent single-request native and SDK clients	2026-10-03T23:16:26.2966774Z Observed single-request business performance at matched client concurrency (independent of the database-capacity qualification):
database-full-load (0)	Independent single-request native and SDK clients	2026-10-03T23:16:26.2967018Z 
database-full-load (0)	Independent single-request native and SDK clients	2026-10-03T23:16:26.2967152Z | Workers | Direct QPS | Weir QPS | Change | Direct p50/p95/p99 ms | Weir p50/p95/p99 ms |
database-full-load (0)	Independent single-request native and SDK clients	2026-10-03T23:16:26.2967380Z | ---: | ---: | ---: | ---: | --- | --- |
database-full-load (0)	Independent single-request native and SDK clients	2026-10-03T23:16:26.2967572Z | 8 | 14456.7 | 7362.7 | -49.07% | 0.415 / 0.831 / 2.559 | 0.959 / 2.303 / 3.583 |
database-full-load (0)	Independent single-request native and SDK clients	2026-10-03T23:16:26.2967801Z | 32 | 18928.8 | 11323.1 | -40.18% | 1.279 / 3.071 / 22.527 | 2.559 / 5.631 / 7.679 |
database-full-load (0)	Independent single-request native and SDK clients	2026-10-03T23:16:26.2968037Z | 128 | 21082.7 | 17192.1 | -18.45% | 4.607 / 26.623 / 32.767 | 7.167 / 14.335 / 20.479 |
database-full-load (0)	Independent single-request native and SDK clients	2026-10-03T23:16:26.2968179Z 
database-full-load (0)	Independent single-request native and SDK clients	2026-10-03T23:16:26.2968663Z These QPS and latency observations apply to this hardware and measured concurrency range. A business-throughput improvement can exist without demonstrating the maximum database capacity. An underfull database or missing next-level plateau keeps the database-capacity comparison unavailable.
database-full-load (0)	Independent single-request native and SDK clients	2026-10-03T23:16:26.2969252Z 
database-full-load (0)	Independent single-request native and SDK clients	2026-10-03T23:16:26.2970606Z Aggregation evidence: the JSON records one business request per record, Read/Mutate RPC counts, adapter invocation counts, average adapter batch and its cumulative histogram, and RPCs per adapter invocation. An adapter invocation is not necessarily one physical database wire command. MongoDB physical find/update/bulkWrite/getMore/killCursors deltas come from owned serverStatus at timed boundaries; missing counters remain unavailable. Elasticsearch has no equivalent physical HTTP-command counter. Every child PID, configured native pool limit, final revision ranges, exit result and sampled CPU/RSS is retained; coordinator sampling CPU is excluded from business-client CPU.
database-full-load (0)	Independent single-request native and SDK clients	2026-10-03T23:16:26.2971800Z 
database-full-load (0)	Independent single-request native and SDK clients	2026-10-03T23:16:26.2973388Z The JSON retains before/after raw public Weir metrics and their observed deltas, every resource sample, monitor failures, raw cumulative database/container I/O and network counters, CPU quota/host core denominator, and client/Weir cumulative CPU. Docker CPU uses cumulative Engine usage and read timestamps across each entire sampling interval, never CLI instantaneous percentages. Both interval endpoints must succeed; missing intervals reduce full-run coverage. Samples include monitoring traffic and background database work. Native ps CPU has platform-dependent clock resolution. Native databases share the host CPU budget with the client and Weir. Disk/network utilization or capacity is not inferred from byte counters. A plateau without sustained database CPU saturation is not a database-full-load result. Startup/discovery/reset/postflight and warmup are excluded from throughput; all in-flight completion and validation is included.
database-full-load (0)	Preserve raw resource samples, workload validation and cleanup	﻿2026-10-03T23:16:29.2185415Z ##[group]Run actions/upload-artifact@ea165f8d65b6e75b540449e92b4886f43607fa02
database-full-load (0)	Preserve raw resource samples, workload validation and cleanup	2026-10-03T23:16:29.2185655Z with:
database-full-load (0)	Preserve raw resource samples, workload validation and cleanup	2026-10-03T23:16:29.2185837Z   name: saturation-evidence-writes-0-8810503ede087810eca8c1ee3699c97735d11515
database-full-load (0)	Preserve raw resource samples, workload validation and cleanup	2026-10-03T23:16:29.2186342Z   path: results/local/
database-full-load (0)	Preserve raw resource samples, workload validation and cleanup	/tmp/weir-tests-*/manifest.json
database-full-load (0)	Preserve raw resource samples, workload validation and cleanup	/tmp/weir-tests-*/cleanup.json
database-full-load (0)	Preserve raw resource samples, workload validation and cleanup	/tmp/weir-tests-*/*config.json
database-full-load (0)	Preserve raw resource samples, workload validation and cleanup	/tmp/weir-tests-*/*routes.json
database-full-load (0)	Preserve raw resource samples, workload validation and cleanup	/tmp/weir-tests-*/*process.log
database-full-load (0)	Preserve raw resource samples, workload validation and cleanup	/tmp/weir-tests-*/docker-engine.json
database-full-load (0)	Preserve raw resource samples, workload validation and cleanup	
database-full-load (0)	Preserve raw resource samples, workload validation and cleanup	2026-10-03T23:16:29.2186756Z   retention-days: 14
database-full-load (0)	Preserve raw resource samples, workload validation and cleanup	2026-10-03T23:16:29.2186879Z   if-no-files-found: warn
database-full-load (0)	Preserve raw resource samples, workload validation and cleanup	2026-10-03T23:16:29.2187004Z   compression-level: 6
database-full-load (0)	Preserve raw resource samples, workload validation and cleanup	2026-10-03T23:16:29.2187120Z   overwrite: false
database-full-load (0)	Preserve raw resource samples, workload validation and cleanup	2026-10-03T23:16:29.2187235Z   include-hidden-files: false
database-full-load (0)	Preserve raw resource samples, workload validation and cleanup	2026-10-03T23:16:29.2187361Z env:
database-full-load (0)	Preserve raw resource samples, workload validation and cleanup	2026-10-03T23:16:29.2187457Z   GOENV: off
database-full-load (0)	Preserve raw resource samples, workload validation and cleanup	2026-10-03T23:16:29.2187559Z   GOWORK: off
database-full-load (0)	Preserve raw resource samples, workload validation and cleanup	2026-10-03T23:16:29.2187663Z   GOTOOLCHAIN: local
database-full-load (0)	Preserve raw resource samples, workload validation and cleanup	2026-10-03T23:16:29.2187778Z   GOFLAGS: -mod=readonly
database-full-load (0)	Preserve raw resource samples, workload validation and cleanup	2026-10-03T23:16:29.2187905Z   PYTHONDONTWRITEBYTECODE: 1
database-full-load (0)	Preserve raw resource samples, workload validation and cleanup	2026-10-03T23:16:29.2188058Z ##[endgroup]
database-full-load (0)	Preserve raw resource samples, workload validation and cleanup	2026-10-03T23:16:29.3169747Z (node:12018) [DEP0040] DeprecationWarning: The `punycode` module is deprecated. Please use a userland alternative instead.
database-full-load (0)	Preserve raw resource samples, workload validation and cleanup	2026-10-03T23:16:29.3170400Z (Use `node --trace-deprecation ...` to show where the warning was created)
database-full-load (0)	Preserve raw resource samples, workload validation and cleanup	2026-10-03T23:16:29.3272701Z Multiple search paths detected. Calculating the least common ancestor of all paths
database-full-load (0)	Preserve raw resource samples, workload validation and cleanup	2026-10-03T23:16:29.3273480Z The least common ancestor is /. This will be the root directory of the artifact
database-full-load (0)	Preserve raw resource samples, workload validation and cleanup	2026-10-03T23:16:29.3274090Z With the provided path, there will be 12 files uploaded
database-full-load (0)	Preserve raw resource samples, workload validation and cleanup	2026-10-03T23:16:29.3274592Z Artifact name is valid!
database-full-load (0)	Preserve raw resource samples, workload validation and cleanup	2026-10-03T23:16:29.3274895Z Root directory input is valid!
database-full-load (0)	Preserve raw resource samples, workload validation and cleanup	2026-10-03T23:16:29.6161206Z Beginning upload of artifact content to blob storage
database-full-load (0)	Preserve raw resource samples, workload validation and cleanup	2026-10-03T23:16:29.6780527Z (node:12018) [DEP0169] DeprecationWarning: `url.parse()` behavior is not standardized and prone to errors that have security implications. Use the WHATWG URL API instead. CVEs are not issued for `url.parse()` vulnerabilities.
database-full-load (0)	Preserve raw resource samples, workload validation and cleanup	2026-10-03T23:16:30.0188458Z Uploaded bytes 568701
database-full-load (0)	Preserve raw resource samples, workload validation and cleanup	2026-10-03T23:16:30.0621791Z Finished uploading artifact content to blob storage!
database-full-load (0)	Preserve raw resource samples, workload validation and cleanup	2026-10-03T23:16:30.0622451Z SHA256 digest of uploaded artifact zip is 1534d1a063a94481a1ecd57737483f3d054f0690ee06ae17131cc94f3cd67d80
database-full-load (0)	Preserve raw resource samples, workload validation and cleanup	2026-10-03T23:16:30.0624445Z Finalizing artifact upload
database-full-load (0)	Preserve raw resource samples, workload validation and cleanup	2026-10-03T23:16:30.2970487Z Artifact saturation-evidence-writes-0-8810503ede087810eca8c1ee3699c97735d11515.zip successfully finalized. Artifact ID 11287711414
database-full-load (0)	Preserve raw resource samples, workload validation and cleanup	2026-10-03T23:16:30.2971448Z Artifact saturation-evidence-writes-0-8810503ede087810eca8c1ee3699c97735d11515 has been successfully uploaded! Final size is 568701 bytes. Artifact ID is 11287711414
database-full-load (0)	Preserve raw resource samples, workload validation and cleanup	2026-10-03T23:16:30.2974989Z Artifact download URL: https://github.com/batchstream/weir-tests/actions/runs/37160117709/artifacts/11287711414
database-full-load (0)	Post Run actions/setup-go@924ae3a1cded613372ab5595356fb5720e22ba16	﻿2026-10-03T23:16:30.3104869Z Post job cleanup.
database-full-load (0)	Post Run actions/setup-go@924ae3a1cded613372ab5595356fb5720e22ba16	2026-10-03T23:16:30.3834252Z [command]/opt/hostedtoolcache/go/1.27.1/x64/bin/go env GOMODCACHE
database-full-load (0)	Post Run actions/setup-go@924ae3a1cded613372ab5595356fb5720e22ba16	2026-10-03T23:16:30.3863709Z [command]/opt/hostedtoolcache/go/1.27.1/x64/bin/go env GOCACHE
database-full-load (0)	Post Run actions/setup-go@924ae3a1cded613372ab5595356fb5720e22ba16	2026-10-03T23:16:30.3887472Z /home/runner/go/pkg/mod
database-full-load (0)	Post Run actions/setup-go@924ae3a1cded613372ab5595356fb5720e22ba16	2026-10-03T23:16:30.3900734Z /home/runner/.cache/go-build
database-full-load (0)	Post Run actions/setup-go@924ae3a1cded613372ab5595356fb5720e22ba16	2026-10-03T23:16:30.3904934Z Cache hit occurred on the primary key setup-go-Linux-x64-ubuntu24-go-1.27.1-f3893fbf0ff2b6e2efba8903234513786674983d753d1815a9a1fcf84a06448a, not saving cache.
database-full-load (0)	Post Run actions/checkout@3d3c42e5aac5ba805825da76410c181273ba90b1	﻿2026-10-03T23:16:30.4036834Z Post job cleanup.
database-full-load (0)	Post Run actions/checkout@3d3c42e5aac5ba805825da76410c181273ba90b1	2026-10-03T23:16:30.4570269Z [command]/usr/bin/git version
database-full-load (0)	Post Run actions/checkout@3d3c42e5aac5ba805825da76410c181273ba90b1	2026-10-03T23:16:30.4603374Z git version 2.55.0
database-full-load (0)	Post Run actions/checkout@3d3c42e5aac5ba805825da76410c181273ba90b1	2026-10-03T23:16:30.4622274Z Temporarily overriding HOME='/home/runner/work/_temp/bdc35a31-d8bc-4737-91dc-eca64add5be3' before making global git config changes
database-full-load (0)	Post Run actions/checkout@3d3c42e5aac5ba805825da76410c181273ba90b1	2026-10-03T23:16:30.4623081Z Adding repository directory to the temporary git global config as a safe directory
database-full-load (0)	Post Run actions/checkout@3d3c42e5aac5ba805825da76410c181273ba90b1	2026-10-03T23:16:30.4625223Z [command]/usr/bin/git config --global --add safe.directory /home/runner/work/weir-tests/weir-tests
database-full-load (0)	Post Run actions/checkout@3d3c42e5aac5ba805825da76410c181273ba90b1	2026-10-03T23:16:30.4648618Z Removing SSH command configuration
database-full-load (0)	Post Run actions/checkout@3d3c42e5aac5ba805825da76410c181273ba90b1	2026-10-03T23:16:30.4652989Z [command]/usr/bin/git config --local --name-only --get-regexp core\.sshCommand
database-full-load (0)	Post Run actions/checkout@3d3c42e5aac5ba805825da76410c181273ba90b1	2026-10-03T23:16:30.4679508Z [command]/usr/bin/git submodule foreach --recursive sh -c "git config --local --name-only --get-regexp 'core\.sshCommand' && git config --local --unset-all 'core.sshCommand' || :"
database-full-load (0)	Post Run actions/checkout@3d3c42e5aac5ba805825da76410c181273ba90b1	2026-10-03T23:16:30.4853984Z Removing HTTP extra header
database-full-load (0)	Post Run actions/checkout@3d3c42e5aac5ba805825da76410c181273ba90b1	2026-10-03T23:16:30.4858500Z [command]/usr/bin/git config --local --name-only --get-regexp http\.https\:\/\/github\.com\/\.extraheader
database-full-load (0)	Post Run actions/checkout@3d3c42e5aac5ba805825da76410c181273ba90b1	2026-10-03T23:16:30.4886817Z [command]/usr/bin/git submodule foreach --recursive sh -c "git config --local --name-only --get-regexp 'http\.https\:\/\/github\.com\/\.extraheader' && git config --local --unset-all 'http.https://github.com/.extraheader' || :"
database-full-load (0)	Post Run actions/checkout@3d3c42e5aac5ba805825da76410c181273ba90b1	2026-10-03T23:16:30.5064462Z Removing includeIf entries pointing to credentials config files
database-full-load (0)	Post Run actions/checkout@3d3c42e5aac5ba805825da76410c181273ba90b1	2026-10-03T23:16:30.5069831Z [command]/usr/bin/git config --local --name-only --get-regexp ^includeIf\.gitdir:
database-full-load (0)	Post Run actions/checkout@3d3c42e5aac5ba805825da76410c181273ba90b1	2026-10-03T23:16:30.5102311Z [command]/usr/bin/git submodule foreach --recursive git config --local --show-origin --name-only --get-regexp remote.origin.url
database-full-load (0)	Complete job	﻿2026-10-03T23:16:30.5408094Z Cleaning up orphan processes
database-full-load (0)	Complete job	2026-10-03T23:16:30.5622804Z ##[warning]Node.js 20 is deprecated. The following actions target Node.js 20 but are being forced to run on Node.js 24: actions/upload-artifact@ea165f8d65b6e75b540449e92b4886f43607fa02. For more information see: https://github.blog/changelog/2025-09-19-deprecation-of-node-20-on-github-actions-runners/
database-full-load (10)	Set up job	﻿2026-10-03T22:56:38.6956586Z Current runner version: '2.337.0'
database-full-load (10)	Set up job	2026-10-03T22:56:38.6981405Z ##[group]Runner Image Provisioner
database-full-load (10)	Set up job	2026-10-03T22:56:38.6982340Z Hosted Compute Agent
database-full-load (10)	Set up job	2026-10-03T22:56:38.6982956Z Version: 20260901.588
database-full-load (10)	Set up job	2026-10-03T22:56:38.6983673Z Commit: f88ec8081b781fac6c440065ac7ff9e710ce3d0b
database-full-load (10)	Set up job	2026-10-03T22:56:38.6984451Z Build Date: 2026-09-01T19:56:44Z
database-full-load (10)	Set up job	2026-10-03T22:56:38.6985167Z Worker ID: {8698eb6d-7026-43a5-a73f-bbccbd7e717b}
database-full-load (10)	Set up job	2026-10-03T22:56:38.6985910Z Azure Region: westus
database-full-load (10)	Set up job	2026-10-03T22:56:38.6986473Z ##[endgroup]
database-full-load (10)	Set up job	2026-10-03T22:56:38.6988224Z ##[group]Operating System
database-full-load (10)	Set up job	2026-10-03T22:56:38.6988924Z Ubuntu
database-full-load (10)	Set up job	2026-10-03T22:56:38.6989543Z 24.04.5
database-full-load (10)	Set up job	2026-10-03T22:56:38.6990082Z LTS
database-full-load (10)	Set up job	2026-10-03T22:56:38.6990596Z ##[endgroup]
database-full-load (10)	Set up job	2026-10-03T22:56:38.6991406Z ##[group]Runner Image
database-full-load (10)	Set up job	2026-10-03T22:56:38.6992057Z Image: ubuntu-24.04
database-full-load (10)	Set up job	2026-10-03T22:56:38.6992608Z Version: 20260927.320.1
database-full-load (10)	Set up job	2026-10-03T22:56:38.6993843Z Included Software: https://github.com/actions/runner-images/blob/ubuntu24/20260927.320/images/ubuntu/Ubuntu2404-Readme.md
database-full-load (10)	Set up job	2026-10-03T22:56:38.6995639Z Image Release: https://github.com/actions/runner-images/releases/tag/ubuntu24%2F20260927.320
database-full-load (10)	Set up job	2026-10-03T22:56:38.6996652Z ##[endgroup]
database-full-load (10)	Set up job	2026-10-03T22:56:38.6997830Z ##[group]GITHUB_TOKEN Permissions
database-full-load (10)	Set up job	2026-10-03T22:56:38.6999658Z Contents: read
database-full-load (10)	Set up job	2026-10-03T22:56:38.7000270Z Metadata: read
database-full-load (10)	Set up job	2026-10-03T22:56:38.7001203Z ##[endgroup]
database-full-load (10)	Set up job	2026-10-03T22:56:38.7003333Z Secret source: Actions
database-full-load (10)	Set up job	2026-10-03T22:56:38.7004396Z Cache mode: write
database-full-load (10)	Set up job	2026-10-03T22:56:38.7005087Z Prepare workflow directory
database-full-load (10)	Set up job	2026-10-03T22:56:38.7421314Z Prepare all required actions
database-full-load (10)	Set up job	2026-10-03T22:56:38.7470459Z Getting action download info
database-full-load (10)	Set up job	2026-10-03T22:56:39.1534214Z Download action repository 'actions/checkout@3d3c42e5aac5ba805825da76410c181273ba90b1' (SHA:3d3c42e5aac5ba805825da76410c181273ba90b1)
database-full-load (10)	Set up job	2026-10-03T22:56:39.2566319Z Download action repository 'actions/setup-go@924ae3a1cded613372ab5595356fb5720e22ba16' (SHA:924ae3a1cded613372ab5595356fb5720e22ba16)
database-full-load (10)	Set up job	2026-10-03T22:56:39.6720226Z Download action repository 'actions/upload-artifact@ea165f8d65b6e75b540449e92b4886f43607fa02' (SHA:ea165f8d65b6e75b540449e92b4886f43607fa02)
database-full-load (10)	Set up job	2026-10-03T22:56:39.8735506Z Complete job name: database-full-load (10)
database-full-load (10)	Run actions/checkout@3d3c42e5aac5ba805825da76410c181273ba90b1	﻿2026-10-03T22:56:39.9553265Z ##[group]Run actions/checkout@3d3c42e5aac5ba805825da76410c181273ba90b1
database-full-load (10)	Run actions/checkout@3d3c42e5aac5ba805825da76410c181273ba90b1	2026-10-03T22:56:39.9554565Z with:
database-full-load (10)	Run actions/checkout@3d3c42e5aac5ba805825da76410c181273ba90b1	2026-10-03T22:56:39.9555246Z   ref: 03fcec1bbb3806a41eca2aa39b4ff702a4b59331
database-full-load (10)	Run actions/checkout@3d3c42e5aac5ba805825da76410c181273ba90b1	2026-10-03T22:56:39.9556057Z   persist-credentials: false
database-full-load (10)	Run actions/checkout@3d3c42e5aac5ba805825da76410c181273ba90b1	2026-10-03T22:56:39.9556778Z   repository: batchstream/weir-tests
database-full-load (10)	Run actions/checkout@3d3c42e5aac5ba805825da76410c181273ba90b1	2026-10-03T22:56:39.9560703Z   token: ***
database-full-load (10)	Run actions/checkout@3d3c42e5aac5ba805825da76410c181273ba90b1	2026-10-03T22:56:39.9561523Z   ssh-strict: true
database-full-load (10)	Run actions/checkout@3d3c42e5aac5ba805825da76410c181273ba90b1	2026-10-03T22:56:39.9562165Z   ssh-user: git
database-full-load (10)	Run actions/checkout@3d3c42e5aac5ba805825da76410c181273ba90b1	2026-10-03T22:56:39.9562752Z   clean: true
database-full-load (10)	Run actions/checkout@3d3c42e5aac5ba805825da76410c181273ba90b1	2026-10-03T22:56:39.9563362Z   sparse-checkout-cone-mode: true
database-full-load (10)	Run actions/checkout@3d3c42e5aac5ba805825da76410c181273ba90b1	2026-10-03T22:56:39.9564065Z   fetch-depth: 1
database-full-load (10)	Run actions/checkout@3d3c42e5aac5ba805825da76410c181273ba90b1	2026-10-03T22:56:39.9564682Z   fetch-tags: false
database-full-load (10)	Run actions/checkout@3d3c42e5aac5ba805825da76410c181273ba90b1	2026-10-03T22:56:39.9565303Z   show-progress: true
database-full-load (10)	Run actions/checkout@3d3c42e5aac5ba805825da76410c181273ba90b1	2026-10-03T22:56:39.9565987Z   lfs: false
database-full-load (10)	Run actions/checkout@3d3c42e5aac5ba805825da76410c181273ba90b1	2026-10-03T22:56:39.9566585Z   submodules: false
database-full-load (10)	Run actions/checkout@3d3c42e5aac5ba805825da76410c181273ba90b1	2026-10-03T22:56:39.9567210Z   set-safe-directory: true
database-full-load (10)	Run actions/checkout@3d3c42e5aac5ba805825da76410c181273ba90b1	2026-10-03T22:56:39.9567918Z   allow-unsafe-pr-checkout: false
database-full-load (10)	Run actions/checkout@3d3c42e5aac5ba805825da76410c181273ba90b1	2026-10-03T22:56:39.9568888Z env:
database-full-load (10)	Run actions/checkout@3d3c42e5aac5ba805825da76410c181273ba90b1	2026-10-03T22:56:39.9569487Z   GOENV: off
database-full-load (10)	Run actions/checkout@3d3c42e5aac5ba805825da76410c181273ba90b1	2026-10-03T22:56:39.9570078Z   GOWORK: off
database-full-load (10)	Run actions/checkout@3d3c42e5aac5ba805825da76410c181273ba90b1	2026-10-03T22:56:39.9570721Z   GOTOOLCHAIN: local
database-full-load (10)	Run actions/checkout@3d3c42e5aac5ba805825da76410c181273ba90b1	2026-10-03T22:56:39.9571616Z   GOFLAGS: -mod=readonly
database-full-load (10)	Run actions/checkout@3d3c42e5aac5ba805825da76410c181273ba90b1	2026-10-03T22:56:39.9572294Z   PYTHONDONTWRITEBYTECODE: 1
database-full-load (10)	Run actions/checkout@3d3c42e5aac5ba805825da76410c181273ba90b1	2026-10-03T22:56:39.9572963Z ##[endgroup]
database-full-load (10)	Run actions/checkout@3d3c42e5aac5ba805825da76410c181273ba90b1	2026-10-03T22:56:40.0545790Z Syncing repository: batchstream/weir-tests
database-full-load (10)	Run actions/checkout@3d3c42e5aac5ba805825da76410c181273ba90b1	2026-10-03T22:56:40.0548718Z ##[group]Getting Git version info
database-full-load (10)	Run actions/checkout@3d3c42e5aac5ba805825da76410c181273ba90b1	2026-10-03T22:56:40.0550057Z Working directory is '/home/runner/work/weir-tests/weir-tests'
database-full-load (10)	Run actions/checkout@3d3c42e5aac5ba805825da76410c181273ba90b1	2026-10-03T22:56:40.0552336Z [command]/usr/bin/git version
database-full-load (10)	Run actions/checkout@3d3c42e5aac5ba805825da76410c181273ba90b1	2026-10-03T22:56:40.0628814Z git version 2.55.0
database-full-load (10)	Run actions/checkout@3d3c42e5aac5ba805825da76410c181273ba90b1	2026-10-03T22:56:40.0667006Z ##[endgroup]
database-full-load (10)	Run actions/checkout@3d3c42e5aac5ba805825da76410c181273ba90b1	2026-10-03T22:56:40.0689944Z Temporarily overriding HOME='/home/runner/work/_temp/7c0a0c7b-c698-4662-8c66-04e7d37c6b9d' before making global git config changes
database-full-load (10)	Run actions/checkout@3d3c42e5aac5ba805825da76410c181273ba90b1	2026-10-03T22:56:40.0692230Z Adding repository directory to the temporary git global config as a safe directory
database-full-load (10)	Run actions/checkout@3d3c42e5aac5ba805825da76410c181273ba90b1	2026-10-03T22:56:40.0697755Z [command]/usr/bin/git config --global --add safe.directory /home/runner/work/weir-tests/weir-tests
database-full-load (10)	Run actions/checkout@3d3c42e5aac5ba805825da76410c181273ba90b1	2026-10-03T22:56:40.0751346Z Deleting the contents of '/home/runner/work/weir-tests/weir-tests'
database-full-load (10)	Run actions/checkout@3d3c42e5aac5ba805825da76410c181273ba90b1	2026-10-03T22:56:40.0754120Z ##[group]Determining repository object format
database-full-load (10)	Run actions/checkout@3d3c42e5aac5ba805825da76410c181273ba90b1	2026-10-03T22:56:40.0755846Z ##[endgroup]
database-full-load (10)	Run actions/checkout@3d3c42e5aac5ba805825da76410c181273ba90b1	2026-10-03T22:56:40.0756674Z ##[group]Initializing the repository
database-full-load (10)	Run actions/checkout@3d3c42e5aac5ba805825da76410c181273ba90b1	2026-10-03T22:56:40.0761066Z [command]/usr/bin/git init /home/runner/work/weir-tests/weir-tests
database-full-load (10)	Run actions/checkout@3d3c42e5aac5ba805825da76410c181273ba90b1	2026-10-03T22:56:40.0869264Z hint: Using 'master' as the name for the initial branch. This default branch name
database-full-load (10)	Run actions/checkout@3d3c42e5aac5ba805825da76410c181273ba90b1	2026-10-03T22:56:40.0871159Z hint: will change to "main" in Git 3.0. To configure the initial branch name
database-full-load (10)	Run actions/checkout@3d3c42e5aac5ba805825da76410c181273ba90b1	2026-10-03T22:56:40.0872205Z hint: to use in all of your new repositories, which will suppress this warning,
database-full-load (10)	Run actions/checkout@3d3c42e5aac5ba805825da76410c181273ba90b1	2026-10-03T22:56:40.0873004Z hint: call:
database-full-load (10)	Run actions/checkout@3d3c42e5aac5ba805825da76410c181273ba90b1	2026-10-03T22:56:40.0873444Z hint:
database-full-load (10)	Run actions/checkout@3d3c42e5aac5ba805825da76410c181273ba90b1	2026-10-03T22:56:40.0874372Z hint: 	git config --global init.defaultBranch <name>
database-full-load (10)	Run actions/checkout@3d3c42e5aac5ba805825da76410c181273ba90b1	2026-10-03T22:56:40.0875139Z hint:
database-full-load (10)	Run actions/checkout@3d3c42e5aac5ba805825da76410c181273ba90b1	2026-10-03T22:56:40.0875769Z hint: Names commonly chosen instead of 'master' are 'main', 'trunk' and
database-full-load (10)	Run actions/checkout@3d3c42e5aac5ba805825da76410c181273ba90b1	2026-10-03T22:56:40.0876769Z hint: 'development'. The just-created branch can be renamed via this command:
database-full-load (10)	Run actions/checkout@3d3c42e5aac5ba805825da76410c181273ba90b1	2026-10-03T22:56:40.0877581Z hint:
database-full-load (10)	Run actions/checkout@3d3c42e5aac5ba805825da76410c181273ba90b1	2026-10-03T22:56:40.0878030Z hint: 	git branch -m <name>
database-full-load (10)	Run actions/checkout@3d3c42e5aac5ba805825da76410c181273ba90b1	2026-10-03T22:56:40.0878562Z hint:
database-full-load (10)	Run actions/checkout@3d3c42e5aac5ba805825da76410c181273ba90b1	2026-10-03T22:56:40.0879241Z hint: Disable this message with "git config set advice.defaultBranchName false"
database-full-load (10)	Run actions/checkout@3d3c42e5aac5ba805825da76410c181273ba90b1	2026-10-03T22:56:40.0884937Z Initialized empty Git repository in /home/runner/work/weir-tests/weir-tests/.git/
database-full-load (10)	Run actions/checkout@3d3c42e5aac5ba805825da76410c181273ba90b1	2026-10-03T22:56:40.0896782Z [command]/usr/bin/git remote add origin https://github.com/batchstream/weir-tests
database-full-load (10)	Run actions/checkout@3d3c42e5aac5ba805825da76410c181273ba90b1	2026-10-03T22:56:40.0942369Z ##[endgroup]
database-full-load (10)	Run actions/checkout@3d3c42e5aac5ba805825da76410c181273ba90b1	2026-10-03T22:56:40.0943278Z ##[group]Disabling automatic garbage collection
database-full-load (10)	Run actions/checkout@3d3c42e5aac5ba805825da76410c181273ba90b1	2026-10-03T22:56:40.0946314Z [command]/usr/bin/git config --local gc.auto 0
database-full-load (10)	Run actions/checkout@3d3c42e5aac5ba805825da76410c181273ba90b1	2026-10-03T22:56:40.0980289Z ##[endgroup]
database-full-load (10)	Run actions/checkout@3d3c42e5aac5ba805825da76410c181273ba90b1	2026-10-03T22:56:40.0982117Z ##[group]Setting up auth
database-full-load (10)	Run actions/checkout@3d3c42e5aac5ba805825da76410c181273ba90b1	2026-10-03T22:56:40.0982780Z Removing SSH command configuration
database-full-load (10)	Run actions/checkout@3d3c42e5aac5ba805825da76410c181273ba90b1	2026-10-03T22:56:40.0986685Z [command]/usr/bin/git config --local --name-only --get-regexp core\.sshCommand
database-full-load (10)	Run actions/checkout@3d3c42e5aac5ba805825da76410c181273ba90b1	2026-10-03T22:56:40.1032558Z [command]/usr/bin/git submodule foreach --recursive sh -c "git config --local --name-only --get-regexp 'core\.sshCommand' && git config --local --unset-all 'core.sshCommand' || :"
database-full-load (10)	Run actions/checkout@3d3c42e5aac5ba805825da76410c181273ba90b1	2026-10-03T22:56:40.1383360Z Removing HTTP extra header
database-full-load (10)	Run actions/checkout@3d3c42e5aac5ba805825da76410c181273ba90b1	2026-10-03T22:56:40.1390356Z [command]/usr/bin/git config --local --name-only --get-regexp http\.https\:\/\/github\.com\/\.extraheader
database-full-load (10)	Run actions/checkout@3d3c42e5aac5ba805825da76410c181273ba90b1	2026-10-03T22:56:40.1429411Z [command]/usr/bin/git submodule foreach --recursive sh -c "git config --local --name-only --get-regexp 'http\.https\:\/\/github\.com\/\.extraheader' && git config --local --unset-all 'http.https://github.com/.extraheader' || :"
database-full-load (10)	Run actions/checkout@3d3c42e5aac5ba805825da76410c181273ba90b1	2026-10-03T22:56:40.1656549Z Removing includeIf entries pointing to credentials config files
database-full-load (10)	Run actions/checkout@3d3c42e5aac5ba805825da76410c181273ba90b1	2026-10-03T22:56:40.1668552Z [command]/usr/bin/git config --local --name-only --get-regexp ^includeIf\.gitdir:
database-full-load (10)	Run actions/checkout@3d3c42e5aac5ba805825da76410c181273ba90b1	2026-10-03T22:56:40.1703679Z [command]/usr/bin/git submodule foreach --recursive git config --local --show-origin --name-only --get-regexp remote.origin.url
database-full-load (10)	Run actions/checkout@3d3c42e5aac5ba805825da76410c181273ba90b1	2026-10-03T22:56:40.1926094Z [command]/usr/bin/git config --file /home/runner/work/_temp/git-credentials-41ff9bad-d195-48ab-8641-33635475b91b.config http.https://github.com/.extraheader AUTHORIZATION: basic ***
database-full-load (10)	Run actions/checkout@3d3c42e5aac5ba805825da76410c181273ba90b1	2026-10-03T22:56:40.1965947Z [command]/usr/bin/git config --local includeIf.gitdir:/home/runner/work/weir-tests/weir-tests/.git.path /home/runner/work/_temp/git-credentials-41ff9bad-d195-48ab-8641-33635475b91b.config
database-full-load (10)	Run actions/checkout@3d3c42e5aac5ba805825da76410c181273ba90b1	2026-10-03T22:56:40.1999940Z [command]/usr/bin/git config --local includeIf.gitdir:/home/runner/work/weir-tests/weir-tests/.git/worktrees/*.path /home/runner/work/_temp/git-credentials-41ff9bad-d195-48ab-8641-33635475b91b.config
database-full-load (10)	Run actions/checkout@3d3c42e5aac5ba805825da76410c181273ba90b1	2026-10-03T22:56:40.2037568Z [command]/usr/bin/git config --local includeIf.gitdir:/github/workspace/.git.path /github/runner_temp/git-credentials-41ff9bad-d195-48ab-8641-33635475b91b.config
database-full-load (10)	Run actions/checkout@3d3c42e5aac5ba805825da76410c181273ba90b1	2026-10-03T22:56:40.2072291Z [command]/usr/bin/git config --local includeIf.gitdir:/github/workspace/.git/worktrees/*.path /github/runner_temp/git-credentials-41ff9bad-d195-48ab-8641-33635475b91b.config
database-full-load (10)	Run actions/checkout@3d3c42e5aac5ba805825da76410c181273ba90b1	2026-10-03T22:56:40.2103568Z ##[endgroup]
database-full-load (10)	Run actions/checkout@3d3c42e5aac5ba805825da76410c181273ba90b1	2026-10-03T22:56:40.2104493Z ##[group]Fetching the repository
database-full-load (10)	Run actions/checkout@3d3c42e5aac5ba805825da76410c181273ba90b1	2026-10-03T22:56:40.2109668Z [command]/usr/bin/git -c protocol.version=2 fetch --no-tags --prune --no-recurse-submodules --depth=1 origin 03fcec1bbb3806a41eca2aa39b4ff702a4b59331
database-full-load (10)	Run actions/checkout@3d3c42e5aac5ba805825da76410c181273ba90b1	2026-10-03T22:56:40.9029566Z From https://github.com/batchstream/weir-tests
database-full-load (10)	Run actions/checkout@3d3c42e5aac5ba805825da76410c181273ba90b1	2026-10-03T22:56:40.9031495Z  * branch            03fcec1bbb3806a41eca2aa39b4ff702a4b59331 -> FETCH_HEAD
database-full-load (10)	Run actions/checkout@3d3c42e5aac5ba805825da76410c181273ba90b1	2026-10-03T22:56:40.9040341Z [command]/usr/bin/git rev-parse --verify --quiet 03fcec1bbb3806a41eca2aa39b4ff702a4b59331^{object}
database-full-load (10)	Run actions/checkout@3d3c42e5aac5ba805825da76410c181273ba90b1	2026-10-03T22:56:40.9069673Z 03fcec1bbb3806a41eca2aa39b4ff702a4b59331
database-full-load (10)	Run actions/checkout@3d3c42e5aac5ba805825da76410c181273ba90b1	2026-10-03T22:56:40.9076151Z ##[endgroup]
database-full-load (10)	Run actions/checkout@3d3c42e5aac5ba805825da76410c181273ba90b1	2026-10-03T22:56:40.9077512Z ##[group]Determining the checkout info
database-full-load (10)	Run actions/checkout@3d3c42e5aac5ba805825da76410c181273ba90b1	2026-10-03T22:56:40.9079596Z ##[endgroup]
database-full-load (10)	Run actions/checkout@3d3c42e5aac5ba805825da76410c181273ba90b1	2026-10-03T22:56:40.9081347Z [command]/usr/bin/git sparse-checkout disable
database-full-load (10)	Run actions/checkout@3d3c42e5aac5ba805825da76410c181273ba90b1	2026-10-03T22:56:40.9132875Z [command]/usr/bin/git config --local --unset-all extensions.worktreeConfig
database-full-load (10)	Run actions/checkout@3d3c42e5aac5ba805825da76410c181273ba90b1	2026-10-03T22:56:40.9167555Z ##[group]Checking out the ref
database-full-load (10)	Run actions/checkout@3d3c42e5aac5ba805825da76410c181273ba90b1	2026-10-03T22:56:40.9171584Z [command]/usr/bin/git checkout --progress --force 03fcec1bbb3806a41eca2aa39b4ff702a4b59331
database-full-load (10)	Run actions/checkout@3d3c42e5aac5ba805825da76410c181273ba90b1	2026-10-03T22:56:41.0318694Z Note: switching to '03fcec1bbb3806a41eca2aa39b4ff702a4b59331'.
database-full-load (10)	Run actions/checkout@3d3c42e5aac5ba805825da76410c181273ba90b1	2026-10-03T22:56:41.0320796Z 
database-full-load (10)	Run actions/checkout@3d3c42e5aac5ba805825da76410c181273ba90b1	2026-10-03T22:56:41.0322406Z You are in 'detached HEAD' state. You can look around, make experimental
database-full-load (10)	Run actions/checkout@3d3c42e5aac5ba805825da76410c181273ba90b1	2026-10-03T22:56:41.0325815Z changes and commit them, and you can discard any commits you make in this
database-full-load (10)	Run actions/checkout@3d3c42e5aac5ba805825da76410c181273ba90b1	2026-10-03T22:56:41.0329157Z state without impacting any branches by switching back to a branch.
database-full-load (10)	Run actions/checkout@3d3c42e5aac5ba805825da76410c181273ba90b1	2026-10-03T22:56:41.0331348Z 
database-full-load (10)	Run actions/checkout@3d3c42e5aac5ba805825da76410c181273ba90b1	2026-10-03T22:56:41.0332753Z If you want to create a new branch to retain commits you create, you may
database-full-load (10)	Run actions/checkout@3d3c42e5aac5ba805825da76410c181273ba90b1	2026-10-03T22:56:41.0335972Z do so (now or later) by using -c with the switch command. Example:
database-full-load (10)	Run actions/checkout@3d3c42e5aac5ba805825da76410c181273ba90b1	2026-10-03T22:56:41.0337825Z 
database-full-load (10)	Run actions/checkout@3d3c42e5aac5ba805825da76410c181273ba90b1	2026-10-03T22:56:41.0338616Z   git switch -c <new-branch-name>
database-full-load (10)	Run actions/checkout@3d3c42e5aac5ba805825da76410c181273ba90b1	2026-10-03T22:56:41.0339983Z 
database-full-load (10)	Run actions/checkout@3d3c42e5aac5ba805825da76410c181273ba90b1	2026-10-03T22:56:41.0340816Z Or undo this operation with:
database-full-load (10)	Run actions/checkout@3d3c42e5aac5ba805825da76410c181273ba90b1	2026-10-03T22:56:41.0342111Z 
database-full-load (10)	Run actions/checkout@3d3c42e5aac5ba805825da76410c181273ba90b1	2026-10-03T22:56:41.0342813Z   git switch -
database-full-load (10)	Run actions/checkout@3d3c42e5aac5ba805825da76410c181273ba90b1	2026-10-03T22:56:41.0344076Z 
database-full-load (10)	Run actions/checkout@3d3c42e5aac5ba805825da76410c181273ba90b1	2026-10-03T22:56:41.0345639Z Turn off this advice by setting config variable advice.detachedHead to false
database-full-load (10)	Run actions/checkout@3d3c42e5aac5ba805825da76410c181273ba90b1	2026-10-03T22:56:41.0347863Z 
database-full-load (10)	Run actions/checkout@3d3c42e5aac5ba805825da76410c181273ba90b1	2026-10-03T22:56:41.0349797Z HEAD is now at 03fcec1 🐛 fix: bound database monitoring without discarding CPU evidence
database-full-load (10)	Run actions/checkout@3d3c42e5aac5ba805825da76410c181273ba90b1	2026-10-03T22:56:41.0429126Z ##[endgroup]
database-full-load (10)	Run actions/checkout@3d3c42e5aac5ba805825da76410c181273ba90b1	2026-10-03T22:56:41.0433874Z [command]/usr/bin/git log -1 --format=%H
database-full-load (10)	Run actions/checkout@3d3c42e5aac5ba805825da76410c181273ba90b1	2026-10-03T22:56:41.0440753Z 03fcec1bbb3806a41eca2aa39b4ff702a4b59331
database-full-load (10)	Run actions/checkout@3d3c42e5aac5ba805825da76410c181273ba90b1	2026-10-03T22:56:41.0456839Z ##[group]Removing auth
database-full-load (10)	Run actions/checkout@3d3c42e5aac5ba805825da76410c181273ba90b1	2026-10-03T22:56:41.0458188Z Removing SSH command configuration
database-full-load (10)	Run actions/checkout@3d3c42e5aac5ba805825da76410c181273ba90b1	2026-10-03T22:56:41.0460124Z [command]/usr/bin/git config --local --name-only --get-regexp core\.sshCommand
database-full-load (10)	Run actions/checkout@3d3c42e5aac5ba805825da76410c181273ba90b1	2026-10-03T22:56:41.0502392Z [command]/usr/bin/git submodule foreach --recursive sh -c "git config --local --name-only --get-regexp 'core\.sshCommand' && git config --local --unset-all 'core.sshCommand' || :"
database-full-load (10)	Run actions/checkout@3d3c42e5aac5ba805825da76410c181273ba90b1	2026-10-03T22:56:41.0728732Z Removing HTTP extra header
database-full-load (10)	Run actions/checkout@3d3c42e5aac5ba805825da76410c181273ba90b1	2026-10-03T22:56:41.0732866Z [command]/usr/bin/git config --local --name-only --get-regexp http\.https\:\/\/github\.com\/\.extraheader
database-full-load (10)	Run actions/checkout@3d3c42e5aac5ba805825da76410c181273ba90b1	2026-10-03T22:56:41.0775579Z [command]/usr/bin/git submodule foreach --recursive sh -c "git config --local --name-only --get-regexp 'http\.https\:\/\/github\.com\/\.extraheader' && git config --local --unset-all 'http.https://github.com/.extraheader' || :"
database-full-load (10)	Run actions/checkout@3d3c42e5aac5ba805825da76410c181273ba90b1	2026-10-03T22:56:41.1004951Z Removing includeIf entries pointing to credentials config files
database-full-load (10)	Run actions/checkout@3d3c42e5aac5ba805825da76410c181273ba90b1	2026-10-03T22:56:41.1008054Z [command]/usr/bin/git config --local --name-only --get-regexp ^includeIf\.gitdir:
database-full-load (10)	Run actions/checkout@3d3c42e5aac5ba805825da76410c181273ba90b1	2026-10-03T22:56:41.1043738Z includeif.gitdir:/home/runner/work/weir-tests/weir-tests/.git.path
database-full-load (10)	Run actions/checkout@3d3c42e5aac5ba805825da76410c181273ba90b1	2026-10-03T22:56:41.1047943Z includeif.gitdir:/home/runner/work/weir-tests/weir-tests/.git/worktrees/*.path
database-full-load (10)	Run actions/checkout@3d3c42e5aac5ba805825da76410c181273ba90b1	2026-10-03T22:56:41.1052005Z includeif.gitdir:/github/workspace/.git.path
database-full-load (10)	Run actions/checkout@3d3c42e5aac5ba805825da76410c181273ba90b1	2026-10-03T22:56:41.1055282Z includeif.gitdir:/github/workspace/.git/worktrees/*.path
database-full-load (10)	Run actions/checkout@3d3c42e5aac5ba805825da76410c181273ba90b1	2026-10-03T22:56:41.1065362Z [command]/usr/bin/git config --local --get-all includeif.gitdir:/home/runner/work/weir-tests/weir-tests/.git.path
database-full-load (10)	Run actions/checkout@3d3c42e5aac5ba805825da76410c181273ba90b1	2026-10-03T22:56:41.1082878Z /home/runner/work/_temp/git-credentials-41ff9bad-d195-48ab-8641-33635475b91b.config
database-full-load (10)	Run actions/checkout@3d3c42e5aac5ba805825da76410c181273ba90b1	2026-10-03T22:56:41.1095060Z [command]/usr/bin/git config --local --unset includeif.gitdir:/home/runner/work/weir-tests/weir-tests/.git.path \/home\/runner\/work\/_temp\/git\-credentials\-41ff9bad\-d195\-48ab\-8641\-33635475b91b\.config
database-full-load (10)	Run actions/checkout@3d3c42e5aac5ba805825da76410c181273ba90b1	2026-10-03T22:56:41.1144393Z [command]/usr/bin/git config --local --get-all includeif.gitdir:/home/runner/work/weir-tests/weir-tests/.git/worktrees/*.path
database-full-load (10)	Run actions/checkout@3d3c42e5aac5ba805825da76410c181273ba90b1	2026-10-03T22:56:41.1167539Z /home/runner/work/_temp/git-credentials-41ff9bad-d195-48ab-8641-33635475b91b.config
database-full-load (10)	Run actions/checkout@3d3c42e5aac5ba805825da76410c181273ba90b1	2026-10-03T22:56:41.1177614Z [command]/usr/bin/git config --local --unset includeif.gitdir:/home/runner/work/weir-tests/weir-tests/.git/worktrees/*.path \/home\/runner\/work\/_temp\/git\-credentials\-41ff9bad\-d195\-48ab\-8641\-33635475b91b\.config
database-full-load (10)	Run actions/checkout@3d3c42e5aac5ba805825da76410c181273ba90b1	2026-10-03T22:56:41.1215587Z [command]/usr/bin/git config --local --get-all includeif.gitdir:/github/workspace/.git.path
database-full-load (10)	Run actions/checkout@3d3c42e5aac5ba805825da76410c181273ba90b1	2026-10-03T22:56:41.1241686Z /github/runner_temp/git-credentials-41ff9bad-d195-48ab-8641-33635475b91b.config
database-full-load (10)	Run actions/checkout@3d3c42e5aac5ba805825da76410c181273ba90b1	2026-10-03T22:56:41.1251272Z [command]/usr/bin/git config --local --unset includeif.gitdir:/github/workspace/.git.path \/github\/runner_temp\/git\-credentials\-41ff9bad\-d195\-48ab\-8641\-33635475b91b\.config
database-full-load (10)	Run actions/checkout@3d3c42e5aac5ba805825da76410c181273ba90b1	2026-10-03T22:56:41.1344287Z [command]/usr/bin/git config --local --get-all includeif.gitdir:/github/workspace/.git/worktrees/*.path
database-full-load (10)	Run actions/checkout@3d3c42e5aac5ba805825da76410c181273ba90b1	2026-10-03T22:56:41.1364394Z /github/runner_temp/git-credentials-41ff9bad-d195-48ab-8641-33635475b91b.config
database-full-load (10)	Run actions/checkout@3d3c42e5aac5ba805825da76410c181273ba90b1	2026-10-03T22:56:41.1376034Z [command]/usr/bin/git config --local --unset includeif.gitdir:/github/workspace/.git/worktrees/*.path \/github\/runner_temp\/git\-credentials\-41ff9bad\-d195\-48ab\-8641\-33635475b91b\.config
database-full-load (10)	Run actions/checkout@3d3c42e5aac5ba805825da76410c181273ba90b1	2026-10-03T22:56:41.1406781Z [command]/usr/bin/git submodule foreach --recursive git config --local --show-origin --name-only --get-regexp remote.origin.url
database-full-load (10)	Run actions/checkout@3d3c42e5aac5ba805825da76410c181273ba90b1	2026-10-03T22:56:41.1630054Z Removing credentials config '/home/runner/work/_temp/git-credentials-41ff9bad-d195-48ab-8641-33635475b91b.config'
database-full-load (10)	Run actions/checkout@3d3c42e5aac5ba805825da76410c181273ba90b1	2026-10-03T22:56:41.1640096Z ##[endgroup]
database-full-load (10)	Run actions/setup-go@924ae3a1cded613372ab5595356fb5720e22ba16	﻿2026-10-03T22:56:41.1962756Z ##[group]Run actions/setup-go@924ae3a1cded613372ab5595356fb5720e22ba16
database-full-load (10)	Run actions/setup-go@924ae3a1cded613372ab5595356fb5720e22ba16	2026-10-03T22:56:41.1964392Z with:
database-full-load (10)	Run actions/setup-go@924ae3a1cded613372ab5595356fb5720e22ba16	2026-10-03T22:56:41.1965266Z   go-version-file: go.mod
database-full-load (10)	Run actions/setup-go@924ae3a1cded613372ab5595356fb5720e22ba16	2026-10-03T22:56:41.1966298Z   check-latest: false
database-full-load (10)	Run actions/setup-go@924ae3a1cded613372ab5595356fb5720e22ba16	2026-10-03T22:56:41.1975039Z   token: ***
database-full-load (10)	Run actions/setup-go@924ae3a1cded613372ab5595356fb5720e22ba16	2026-10-03T22:56:41.1975910Z   cache: true
database-full-load (10)	Run actions/setup-go@924ae3a1cded613372ab5595356fb5720e22ba16	2026-10-03T22:56:41.1976761Z env:
database-full-load (10)	Run actions/setup-go@924ae3a1cded613372ab5595356fb5720e22ba16	2026-10-03T22:56:41.1977558Z   GOENV: off
database-full-load (10)	Run actions/setup-go@924ae3a1cded613372ab5595356fb5720e22ba16	2026-10-03T22:56:41.1978413Z   GOWORK: off
database-full-load (10)	Run actions/setup-go@924ae3a1cded613372ab5595356fb5720e22ba16	2026-10-03T22:56:41.1979290Z   GOTOOLCHAIN: local
database-full-load (10)	Run actions/setup-go@924ae3a1cded613372ab5595356fb5720e22ba16	2026-10-03T22:56:41.1980254Z   GOFLAGS: -mod=readonly
database-full-load (10)	Run actions/setup-go@924ae3a1cded613372ab5595356fb5720e22ba16	2026-10-03T22:56:41.1981458Z   PYTHONDONTWRITEBYTECODE: 1
database-full-load (10)	Run actions/setup-go@924ae3a1cded613372ab5595356fb5720e22ba16	2026-10-03T22:56:41.1982504Z ##[endgroup]
database-full-load (10)	Run actions/setup-go@924ae3a1cded613372ab5595356fb5720e22ba16	2026-10-03T22:56:41.3241130Z Setup go version spec 1.27.1
database-full-load (10)	Run actions/setup-go@924ae3a1cded613372ab5595356fb5720e22ba16	2026-10-03T22:56:41.3254919Z Attempting to download 1.27.1...
database-full-load (10)	Run actions/setup-go@924ae3a1cded613372ab5595356fb5720e22ba16	2026-10-03T22:56:41.9268963Z matching 1.27.1...
database-full-load (10)	Run actions/setup-go@924ae3a1cded613372ab5595356fb5720e22ba16	2026-10-03T22:56:41.9296637Z Acquiring 1.27.1 from https://github.com/actions/go-versions/releases/download/1.27.1-33583469715/go-1.27.1-linux-x64.tar.gz
database-full-load (10)	Run actions/setup-go@924ae3a1cded613372ab5595356fb5720e22ba16	2026-10-03T22:56:42.5547955Z Extracting Go...
database-full-load (10)	Run actions/setup-go@924ae3a1cded613372ab5595356fb5720e22ba16	2026-10-03T22:56:42.5688556Z [command]/usr/bin/tar xz --warning=no-unknown-keyword --overwrite -C /home/runner/work/_temp/07d0f736-bfba-4b02-b73e-fc5f5552c3e2 -f /home/runner/work/_temp/c1da3d10-f06b-4e94-bc64-2cda11f0dff1
database-full-load (10)	Run actions/setup-go@924ae3a1cded613372ab5595356fb5720e22ba16	2026-10-03T22:56:44.2881346Z Successfully extracted go to /home/runner/work/_temp/07d0f736-bfba-4b02-b73e-fc5f5552c3e2
database-full-load (10)	Run actions/setup-go@924ae3a1cded613372ab5595356fb5720e22ba16	2026-10-03T22:56:44.2882510Z Adding to the cache ...
database-full-load (10)	Run actions/setup-go@924ae3a1cded613372ab5595356fb5720e22ba16	2026-10-03T22:56:49.8990346Z Successfully cached go to /opt/hostedtoolcache/go/1.27.1/x64
database-full-load (10)	Run actions/setup-go@924ae3a1cded613372ab5595356fb5720e22ba16	2026-10-03T22:56:49.8993628Z Added go to the path
database-full-load (10)	Run actions/setup-go@924ae3a1cded613372ab5595356fb5720e22ba16	2026-10-03T22:56:49.8995826Z Successfully set up Go version 1.27.1
database-full-load (10)	Run actions/setup-go@924ae3a1cded613372ab5595356fb5720e22ba16	2026-10-03T22:56:49.9205172Z [command]/opt/hostedtoolcache/go/1.27.1/x64/bin/go env GOMODCACHE
database-full-load (10)	Run actions/setup-go@924ae3a1cded613372ab5595356fb5720e22ba16	2026-10-03T22:56:49.9240478Z [command]/opt/hostedtoolcache/go/1.27.1/x64/bin/go env GOCACHE
database-full-load (10)	Run actions/setup-go@924ae3a1cded613372ab5595356fb5720e22ba16	2026-10-03T22:56:49.9279766Z /home/runner/go/pkg/mod
database-full-load (10)	Run actions/setup-go@924ae3a1cded613372ab5595356fb5720e22ba16	2026-10-03T22:56:49.9300126Z /home/runner/.cache/go-build
database-full-load (10)	Run actions/setup-go@924ae3a1cded613372ab5595356fb5720e22ba16	2026-10-03T22:56:50.1811230Z Cache hit for: setup-go-Linux-x64-ubuntu24-go-1.27.1-f3893fbf0ff2b6e2efba8903234513786674983d753d1815a9a1fcf84a06448a
database-full-load (10)	Run actions/setup-go@924ae3a1cded613372ab5595356fb5720e22ba16	2026-10-03T22:56:51.4727193Z Received 0 of 252007507 (0.0%), 0.0 MBs/sec
database-full-load (10)	Run actions/setup-go@924ae3a1cded613372ab5595356fb5720e22ba16	2026-10-03T22:56:52.4792048Z Received 130023424 of 252007507 (51.6%), 61.9 MBs/sec
database-full-load (10)	Run actions/setup-go@924ae3a1cded613372ab5595356fb5720e22ba16	2026-10-03T22:56:53.4741749Z Received 247813203 of 252007507 (98.3%), 78.7 MBs/sec
database-full-load (10)	Run actions/setup-go@924ae3a1cded613372ab5595356fb5720e22ba16	2026-10-03T22:56:53.6680697Z Received 252007507 of 252007507 (100.0%), 75.2 MBs/sec
database-full-load (10)	Run actions/setup-go@924ae3a1cded613372ab5595356fb5720e22ba16	2026-10-03T22:56:53.6684651Z Cache Size: ~240 MB (252007507 B)
database-full-load (10)	Run actions/setup-go@924ae3a1cded613372ab5595356fb5720e22ba16	2026-10-03T22:56:53.6729628Z [command]/usr/bin/tar -xf /home/runner/work/_temp/081e0d7b-db96-42a4-bec3-076097ab651d/cache.tzst -P -C /home/runner/work/weir-tests/weir-tests --use-compress-program unzstd
database-full-load (10)	Run actions/setup-go@924ae3a1cded613372ab5595356fb5720e22ba16	2026-10-03T22:56:55.7676877Z Cache restored successfully
database-full-load (10)	Run actions/setup-go@924ae3a1cded613372ab5595356fb5720e22ba16	2026-10-03T22:56:55.7795030Z Cache restored from key: setup-go-Linux-x64-ubuntu24-go-1.27.1-f3893fbf0ff2b6e2efba8903234513786674983d753d1815a9a1fcf84a06448a
database-full-load (10)	Run actions/setup-go@924ae3a1cded613372ab5595356fb5720e22ba16	2026-10-03T22:56:55.7822397Z go version go1.27.1 linux/amd64
database-full-load (10)	Run actions/setup-go@924ae3a1cded613372ab5595356fb5720e22ba16	2026-10-03T22:56:55.7822741Z 
database-full-load (10)	Run actions/setup-go@924ae3a1cded613372ab5595356fb5720e22ba16	2026-10-03T22:56:55.7823198Z ##[group]go env
database-full-load (10)	Run actions/setup-go@924ae3a1cded613372ab5595356fb5720e22ba16	2026-10-03T22:56:55.8499005Z AR='ar'
database-full-load (10)	Run actions/setup-go@924ae3a1cded613372ab5595356fb5720e22ba16	2026-10-03T22:56:55.8499482Z CC='gcc'
database-full-load (10)	Run actions/setup-go@924ae3a1cded613372ab5595356fb5720e22ba16	2026-10-03T22:56:55.8499918Z CGO_CFLAGS='-O2 -g'
database-full-load (10)	Run actions/setup-go@924ae3a1cded613372ab5595356fb5720e22ba16	2026-10-03T22:56:55.8500340Z CGO_CPPFLAGS=''
database-full-load (10)	Run actions/setup-go@924ae3a1cded613372ab5595356fb5720e22ba16	2026-10-03T22:56:55.8500777Z CGO_CXXFLAGS='-O2 -g'
database-full-load (10)	Run actions/setup-go@924ae3a1cded613372ab5595356fb5720e22ba16	2026-10-03T22:56:55.8501470Z CGO_ENABLED='1'
database-full-load (10)	Run actions/setup-go@924ae3a1cded613372ab5595356fb5720e22ba16	2026-10-03T22:56:55.8501874Z CGO_FFLAGS='-O2 -g'
database-full-load (10)	Run actions/setup-go@924ae3a1cded613372ab5595356fb5720e22ba16	2026-10-03T22:56:55.8502277Z CGO_LDFLAGS='-O2 -g'
database-full-load (10)	Run actions/setup-go@924ae3a1cded613372ab5595356fb5720e22ba16	2026-10-03T22:56:55.8502671Z CXX='g++'
database-full-load (10)	Run actions/setup-go@924ae3a1cded613372ab5595356fb5720e22ba16	2026-10-03T22:56:55.8503024Z GCCGO='gccgo'
database-full-load (10)	Run actions/setup-go@924ae3a1cded613372ab5595356fb5720e22ba16	2026-10-03T22:56:55.8503424Z GO111MODULE=''
database-full-load (10)	Run actions/setup-go@924ae3a1cded613372ab5595356fb5720e22ba16	2026-10-03T22:56:55.8503767Z GOAMD64='v1'
database-full-load (10)	Run actions/setup-go@924ae3a1cded613372ab5595356fb5720e22ba16	2026-10-03T22:56:55.8504103Z GOARCH='amd64'
database-full-load (10)	Run actions/setup-go@924ae3a1cded613372ab5595356fb5720e22ba16	2026-10-03T22:56:55.8504441Z GOAUTH='netrc'
database-full-load (10)	Run actions/setup-go@924ae3a1cded613372ab5595356fb5720e22ba16	2026-10-03T22:56:55.8504804Z GOBIN='/home/runner/go/bin'
database-full-load (10)	Run actions/setup-go@924ae3a1cded613372ab5595356fb5720e22ba16	2026-10-03T22:56:55.8505265Z GOCACHE='/home/runner/.cache/go-build'
database-full-load (10)	Run actions/setup-go@924ae3a1cded613372ab5595356fb5720e22ba16	2026-10-03T22:56:55.8505741Z GOCACHEPROG=''
database-full-load (10)	Run actions/setup-go@924ae3a1cded613372ab5595356fb5720e22ba16	2026-10-03T22:56:55.8506089Z GODEBUG=''
database-full-load (10)	Run actions/setup-go@924ae3a1cded613372ab5595356fb5720e22ba16	2026-10-03T22:56:55.8506435Z GOENV=''
database-full-load (10)	Run actions/setup-go@924ae3a1cded613372ab5595356fb5720e22ba16	2026-10-03T22:56:55.8506760Z GOEXE=''
database-full-load (10)	Run actions/setup-go@924ae3a1cded613372ab5595356fb5720e22ba16	2026-10-03T22:56:55.8507094Z GOEXPERIMENT=''
database-full-load (10)	Run actions/setup-go@924ae3a1cded613372ab5595356fb5720e22ba16	2026-10-03T22:56:55.8507451Z GOFIPS140='off'
database-full-load (10)	Run actions/setup-go@924ae3a1cded613372ab5595356fb5720e22ba16	2026-10-03T22:56:55.8507846Z GOFLAGS='-mod=readonly'
database-full-load (10)	Run actions/setup-go@924ae3a1cded613372ab5595356fb5720e22ba16	2026-10-03T22:56:55.8508986Z GOGCCFLAGS='-fPIC -m64 -pthread -Wl,--no-gc-sections -fmessage-length=0 -ffile-prefix-map=/tmp/go-build2756258457=/tmp/go-build -gno-record-gcc-switches'
database-full-load (10)	Run actions/setup-go@924ae3a1cded613372ab5595356fb5720e22ba16	2026-10-03T22:56:55.8510508Z GOHOSTARCH='amd64'
database-full-load (10)	Run actions/setup-go@924ae3a1cded613372ab5595356fb5720e22ba16	2026-10-03T22:56:55.8511098Z GOHOSTOS='linux'
database-full-load (10)	Run actions/setup-go@924ae3a1cded613372ab5595356fb5720e22ba16	2026-10-03T22:56:55.8511468Z GOINSECURE=''
database-full-load (10)	Run actions/setup-go@924ae3a1cded613372ab5595356fb5720e22ba16	2026-10-03T22:56:55.8511978Z GOMOD='/home/runner/work/weir-tests/weir-tests/go.mod'
database-full-load (10)	Run actions/setup-go@924ae3a1cded613372ab5595356fb5720e22ba16	2026-10-03T22:56:55.8512563Z GOMODCACHE='/home/runner/go/pkg/mod'
database-full-load (10)	Run actions/setup-go@924ae3a1cded613372ab5595356fb5720e22ba16	2026-10-03T22:56:55.8513023Z GONOPROXY=''
database-full-load (10)	Run actions/setup-go@924ae3a1cded613372ab5595356fb5720e22ba16	2026-10-03T22:56:55.8513364Z GONOSUMDB=''
database-full-load (10)	Run actions/setup-go@924ae3a1cded613372ab5595356fb5720e22ba16	2026-10-03T22:56:55.8513696Z GOOS='linux'
database-full-load (10)	Run actions/setup-go@924ae3a1cded613372ab5595356fb5720e22ba16	2026-10-03T22:56:55.8514061Z GOPACKAGESDRIVER=''
database-full-load (10)	Run actions/setup-go@924ae3a1cded613372ab5595356fb5720e22ba16	2026-10-03T22:56:55.8514442Z GOPATH='/home/runner/go'
database-full-load (10)	Run actions/setup-go@924ae3a1cded613372ab5595356fb5720e22ba16	2026-10-03T22:56:55.8514835Z GOPRIVATE=''
database-full-load (10)	Run actions/setup-go@924ae3a1cded613372ab5595356fb5720e22ba16	2026-10-03T22:56:55.8515480Z GOPROXY='https://proxy.golang.org,direct'
database-full-load (10)	Run actions/setup-go@924ae3a1cded613372ab5595356fb5720e22ba16	2026-10-03T22:56:55.8516091Z GOROOT='/opt/hostedtoolcache/go/1.27.1/x64'
database-full-load (10)	Run actions/setup-go@924ae3a1cded613372ab5595356fb5720e22ba16	2026-10-03T22:56:55.8516592Z GOSUMDB='sum.golang.org'
database-full-load (10)	Run actions/setup-go@924ae3a1cded613372ab5595356fb5720e22ba16	2026-10-03T22:56:55.8517006Z GOTELEMETRY='local'
database-full-load (10)	Run actions/setup-go@924ae3a1cded613372ab5595356fb5720e22ba16	2026-10-03T22:56:55.8517460Z GOTELEMETRYDIR='/home/runner/.config/go/telemetry'
database-full-load (10)	Run actions/setup-go@924ae3a1cded613372ab5595356fb5720e22ba16	2026-10-03T22:56:55.8517986Z GOTMPDIR=''
database-full-load (10)	Run actions/setup-go@924ae3a1cded613372ab5595356fb5720e22ba16	2026-10-03T22:56:55.8518329Z GOTOOLCHAIN='local'
database-full-load (10)	Run actions/setup-go@924ae3a1cded613372ab5595356fb5720e22ba16	2026-10-03T22:56:55.8518853Z GOTOOLDIR='/opt/hostedtoolcache/go/1.27.1/x64/pkg/tool/linux_amd64'
database-full-load (10)	Run actions/setup-go@924ae3a1cded613372ab5595356fb5720e22ba16	2026-10-03T22:56:55.8519516Z GOVCS=''
database-full-load (10)	Run actions/setup-go@924ae3a1cded613372ab5595356fb5720e22ba16	2026-10-03T22:56:55.8519857Z GOVERSION='go1.27.1'
database-full-load (10)	Run actions/setup-go@924ae3a1cded613372ab5595356fb5720e22ba16	2026-10-03T22:56:55.8520226Z GOWORK='off'
database-full-load (10)	Run actions/setup-go@924ae3a1cded613372ab5595356fb5720e22ba16	2026-10-03T22:56:55.8520605Z PKG_CONFIG='pkg-config'
database-full-load (10)	Run actions/setup-go@924ae3a1cded613372ab5595356fb5720e22ba16	2026-10-03T22:56:55.8520863Z 
database-full-load (10)	Run actions/setup-go@924ae3a1cded613372ab5595356fb5720e22ba16	2026-10-03T22:56:55.8521571Z ##[endgroup]
database-full-load (10)	Prepare immutable tools and owned database images	﻿2026-10-03T22:56:55.8739130Z ##[group]Run python3 scripts/download_modules.py
database-full-load (10)	Prepare immutable tools and owned database images	2026-10-03T22:56:55.8739629Z [36;1mpython3 scripts/download_modules.py[0m
database-full-load (10)	Prepare immutable tools and owned database images	2026-10-03T22:56:55.8739983Z [36;1mpython3 scripts/prepare_weir.py[0m
database-full-load (10)	Prepare immutable tools and owned database images	2026-10-03T22:56:55.8740308Z [36;1mpython3 scripts/prepare_images.py[0m
database-full-load (10)	Prepare immutable tools and owned database images	2026-10-03T22:56:55.9010536Z shell: /usr/bin/bash --noprofile --norc -e -o pipefail {0}
database-full-load (10)	Prepare immutable tools and owned database images	2026-10-03T22:56:55.9011413Z env:
database-full-load (10)	Prepare immutable tools and owned database images	2026-10-03T22:56:55.9011633Z   GOENV: off
database-full-load (10)	Prepare immutable tools and owned database images	2026-10-03T22:56:55.9011853Z   GOWORK: off
database-full-load (10)	Prepare immutable tools and owned database images	2026-10-03T22:56:55.9012078Z   GOTOOLCHAIN: local
database-full-load (10)	Prepare immutable tools and owned database images	2026-10-03T22:56:55.9012325Z   GOFLAGS: -mod=readonly
database-full-load (10)	Prepare immutable tools and owned database images	2026-10-03T22:56:55.9012594Z   PYTHONDONTWRITEBYTECODE: 1
database-full-load (10)	Prepare immutable tools and owned database images	2026-10-03T22:56:55.9012861Z ##[endgroup]
database-full-load (10)	Prepare immutable tools and owned database images	2026-10-03T22:56:58.5648317Z all modules verified
database-full-load (10)	Prepare immutable tools and owned database images	2026-10-03T22:57:22.8292206Z /home/runner/work/weir-tests/weir-tests/.tools/weir
database-full-load (10)	Prepare immutable tools and owned database images	2026-10-03T22:57:23.5845583Z docker.io/library/mongo@sha256:d0d926f94df099bff534b7ee5b5986458131a22489dfff8664509af0c1e2ca9c: Pulling from library/mongo
database-full-load (10)	Prepare immutable tools and owned database images	2026-10-03T22:57:23.8564988Z a60ef8ec184e: Pulling fs layer
database-full-load (10)	Prepare immutable tools and owned database images	2026-10-03T22:57:23.8572084Z c4a88db82a6d: Pulling fs layer
database-full-load (10)	Prepare immutable tools and owned database images	2026-10-03T22:57:23.8572606Z f97373a3dd33: Pulling fs layer
database-full-load (10)	Prepare immutable tools and owned database images	2026-10-03T22:57:23.8573098Z 59898ec81c6b: Pulling fs layer
database-full-load (10)	Prepare immutable tools and owned database images	2026-10-03T22:57:23.8573557Z 2252b895f5de: Pulling fs layer
database-full-load (10)	Prepare immutable tools and owned database images	2026-10-03T22:57:23.8573989Z 08f85ec03d22: Pulling fs layer
database-full-load (10)	Prepare immutable tools and owned database images	2026-10-03T22:57:23.8574444Z cfbbec1d5328: Pulling fs layer
database-full-load (10)	Prepare immutable tools and owned database images	2026-10-03T22:57:23.8574880Z eedb5e3e5b38: Pulling fs layer
database-full-load (10)	Prepare immutable tools and owned database images	2026-10-03T22:57:23.8575284Z 59898ec81c6b: Waiting
database-full-load (10)	Prepare immutable tools and owned database images	2026-10-03T22:57:23.8575660Z 08f85ec03d22: Waiting
database-full-load (10)	Prepare immutable tools and owned database images	2026-10-03T22:57:23.8576024Z 2252b895f5de: Waiting
database-full-load (10)	Prepare immutable tools and owned database images	2026-10-03T22:57:23.8576392Z cfbbec1d5328: Waiting
database-full-load (10)	Prepare immutable tools and owned database images	2026-10-03T22:57:23.8576758Z eedb5e3e5b38: Waiting
database-full-load (10)	Prepare immutable tools and owned database images	2026-10-03T22:57:24.0780678Z c4a88db82a6d: Verifying Checksum
database-full-load (10)	Prepare immutable tools and owned database images	2026-10-03T22:57:24.0788523Z c4a88db82a6d: Download complete
database-full-load (10)	Prepare immutable tools and owned database images	2026-10-03T22:57:24.0918021Z f97373a3dd33: Verifying Checksum
database-full-load (10)	Prepare immutable tools and owned database images	2026-10-03T22:57:24.0921769Z f97373a3dd33: Download complete
database-full-load (10)	Prepare immutable tools and owned database images	2026-10-03T22:57:24.1723149Z a60ef8ec184e: Verifying Checksum
database-full-load (10)	Prepare immutable tools and owned database images	2026-10-03T22:57:24.1724327Z a60ef8ec184e: Download complete
database-full-load (10)	Prepare immutable tools and owned database images	2026-10-03T22:57:24.2977349Z 59898ec81c6b: Verifying Checksum
database-full-load (10)	Prepare immutable tools and owned database images	2026-10-03T22:57:24.2978070Z 59898ec81c6b: Download complete
database-full-load (10)	Prepare immutable tools and owned database images	2026-10-03T22:57:24.3161721Z 2252b895f5de: Verifying Checksum
database-full-load (10)	Prepare immutable tools and owned database images	2026-10-03T22:57:24.3162441Z 2252b895f5de: Download complete
database-full-load (10)	Prepare immutable tools and owned database images	2026-10-03T22:57:24.3883781Z 08f85ec03d22: Verifying Checksum
database-full-load (10)	Prepare immutable tools and owned database images	2026-10-03T22:57:24.3884433Z 08f85ec03d22: Download complete
database-full-load (10)	Prepare immutable tools and owned database images	2026-10-03T22:57:24.5406408Z eedb5e3e5b38: Verifying Checksum
database-full-load (10)	Prepare immutable tools and owned database images	2026-10-03T22:57:24.5407032Z eedb5e3e5b38: Download complete
database-full-load (10)	Prepare immutable tools and owned database images	2026-10-03T22:57:25.3839725Z a60ef8ec184e: Pull complete
database-full-load (10)	Prepare immutable tools and owned database images	2026-10-03T22:57:25.4065880Z cfbbec1d5328: Verifying Checksum
database-full-load (10)	Prepare immutable tools and owned database images	2026-10-03T22:57:25.4066506Z cfbbec1d5328: Download complete
database-full-load (10)	Prepare immutable tools and owned database images	2026-10-03T22:57:27.2476364Z c4a88db82a6d: Pull complete
database-full-load (10)	Prepare immutable tools and owned database images	2026-10-03T22:57:27.4044150Z f97373a3dd33: Pull complete
database-full-load (10)	Prepare immutable tools and owned database images	2026-10-03T22:57:27.4454563Z 59898ec81c6b: Pull complete
database-full-load (10)	Prepare immutable tools and owned database images	2026-10-03T22:57:27.4547752Z 2252b895f5de: Pull complete
database-full-load (10)	Prepare immutable tools and owned database images	2026-10-03T22:57:27.4632793Z 08f85ec03d22: Pull complete
database-full-load (10)	Prepare immutable tools and owned database images	2026-10-03T22:57:32.8915228Z cfbbec1d5328: Pull complete
database-full-load (10)	Prepare immutable tools and owned database images	2026-10-03T22:57:32.9485121Z eedb5e3e5b38: Pull complete
database-full-load (10)	Prepare immutable tools and owned database images	2026-10-03T22:57:32.9518349Z Digest: sha256:d0d926f94df099bff534b7ee5b5986458131a22489dfff8664509af0c1e2ca9c
database-full-load (10)	Prepare immutable tools and owned database images	2026-10-03T22:57:32.9526084Z Status: Downloaded newer image for mongo@sha256:d0d926f94df099bff534b7ee5b5986458131a22489dfff8664509af0c1e2ca9c
database-full-load (10)	Prepare immutable tools and owned database images	2026-10-03T22:57:32.9535185Z docker.io/library/mongo@sha256:d0d926f94df099bff534b7ee5b5986458131a22489dfff8664509af0c1e2ca9c
database-full-load (10)	Prepare immutable tools and owned database images	2026-10-03T22:57:33.6923295Z docker.elastic.co/elasticsearch/elasticsearch@sha256:e98f9c3b09beb2fbb9eaf667d602df3f0e00bd3644138b8458dc17ba1a675595: Pulling from elasticsearch/elasticsearch
database-full-load (10)	Prepare immutable tools and owned database images	2026-10-03T22:57:34.0462158Z 2c22c1bb1ce1: Pulling fs layer
database-full-load (10)	Prepare immutable tools and owned database images	2026-10-03T22:57:34.0463078Z 2796a25b8094: Pulling fs layer
database-full-load (10)	Prepare immutable tools and owned database images	2026-10-03T22:57:34.0464933Z 714e5b673049: Pulling fs layer
database-full-load (10)	Prepare immutable tools and owned database images	2026-10-03T22:57:34.0465442Z bd9ddc54bea9: Pulling fs layer
database-full-load (10)	Prepare immutable tools and owned database images	2026-10-03T22:57:34.0465913Z 2d68f716f01a: Pulling fs layer
database-full-load (10)	Prepare immutable tools and owned database images	2026-10-03T22:57:34.0466359Z c52e3a203c20: Pulling fs layer
database-full-load (10)	Prepare immutable tools and owned database images	2026-10-03T22:57:34.0466729Z 9b415d76a9c6: Pulling fs layer
database-full-load (10)	Prepare immutable tools and owned database images	2026-10-03T22:57:34.0467312Z d527cffe3ef6: Pulling fs layer
database-full-load (10)	Prepare immutable tools and owned database images	2026-10-03T22:57:34.0467580Z b8cda4b5aaf3: Pulling fs layer
database-full-load (10)	Prepare immutable tools and owned database images	2026-10-03T22:57:34.0467846Z 32c1c18d2ea5: Pulling fs layer
database-full-load (10)	Prepare immutable tools and owned database images	2026-10-03T22:57:34.0468104Z bd9ddc54bea9: Waiting
database-full-load (10)	Prepare immutable tools and owned database images	2026-10-03T22:57:34.0468339Z 2d68f716f01a: Waiting
database-full-load (10)	Prepare immutable tools and owned database images	2026-10-03T22:57:34.0468736Z c52e3a203c20: Waiting
database-full-load (10)	Prepare immutable tools and owned database images	2026-10-03T22:57:34.0468958Z b8cda4b5aaf3: Waiting
database-full-load (10)	Prepare immutable tools and owned database images	2026-10-03T22:57:34.0469176Z 9b415d76a9c6: Waiting
database-full-load (10)	Prepare immutable tools and owned database images	2026-10-03T22:57:34.0469387Z d527cffe3ef6: Waiting
database-full-load (10)	Prepare immutable tools and owned database images	2026-10-03T22:57:34.0469608Z 32c1c18d2ea5: Waiting
database-full-load (10)	Prepare immutable tools and owned database images	2026-10-03T22:57:34.5492100Z 714e5b673049: Verifying Checksum
database-full-load (10)	Prepare immutable tools and owned database images	2026-10-03T22:57:34.5493490Z 714e5b673049: Download complete
database-full-load (10)	Prepare immutable tools and owned database images	2026-10-03T22:57:34.5928906Z 2796a25b8094: Verifying Checksum
database-full-load (10)	Prepare immutable tools and owned database images	2026-10-03T22:57:34.5929516Z 2796a25b8094: Download complete
database-full-load (10)	Prepare immutable tools and owned database images	2026-10-03T22:57:34.8212270Z bd9ddc54bea9: Verifying Checksum
database-full-load (10)	Prepare immutable tools and owned database images	2026-10-03T22:57:34.8212707Z bd9ddc54bea9: Download complete
database-full-load (10)	Prepare immutable tools and owned database images	2026-10-03T22:57:35.2842786Z 2c22c1bb1ce1: Download complete
database-full-load (10)	Prepare immutable tools and owned database images	2026-10-03T22:57:35.2848102Z c52e3a203c20: Verifying Checksum
database-full-load (10)	Prepare immutable tools and owned database images	2026-10-03T22:57:35.2849190Z c52e3a203c20: Download complete
database-full-load (10)	Prepare immutable tools and owned database images	2026-10-03T22:57:35.7256705Z 9b415d76a9c6: Verifying Checksum
database-full-load (10)	Prepare immutable tools and owned database images	2026-10-03T22:57:35.7258169Z 9b415d76a9c6: Download complete
database-full-load (10)	Prepare immutable tools and owned database images	2026-10-03T22:57:35.7288840Z d527cffe3ef6: Download complete
database-full-load (10)	Prepare immutable tools and owned database images	2026-10-03T22:57:36.2002538Z b8cda4b5aaf3: Verifying Checksum
database-full-load (10)	Prepare immutable tools and owned database images	2026-10-03T22:57:36.2003266Z b8cda4b5aaf3: Download complete
database-full-load (10)	Prepare immutable tools and owned database images	2026-10-03T22:57:36.2225472Z 32c1c18d2ea5: Verifying Checksum
database-full-load (10)	Prepare immutable tools and owned database images	2026-10-03T22:57:36.2226036Z 32c1c18d2ea5: Download complete
database-full-load (10)	Prepare immutable tools and owned database images	2026-10-03T22:57:36.4868822Z 2c22c1bb1ce1: Pull complete
database-full-load (10)	Prepare immutable tools and owned database images	2026-10-03T22:57:37.2972622Z 2796a25b8094: Pull complete
database-full-load (10)	Prepare immutable tools and owned database images	2026-10-03T22:57:37.3230734Z 714e5b673049: Pull complete
database-full-load (10)	Prepare immutable tools and owned database images	2026-10-03T22:57:37.3425580Z bd9ddc54bea9: Pull complete
database-full-load (10)	Prepare immutable tools and owned database images	2026-10-03T22:57:43.6051161Z 2d68f716f01a: Verifying Checksum
database-full-load (10)	Prepare immutable tools and owned database images	2026-10-03T22:57:43.6051865Z 2d68f716f01a: Download complete
database-full-load (10)	Prepare immutable tools and owned database images	2026-10-03T22:57:51.2907118Z 2d68f716f01a: Pull complete
database-full-load (10)	Prepare immutable tools and owned database images	2026-10-03T22:57:51.3024397Z c52e3a203c20: Pull complete
database-full-load (10)	Prepare immutable tools and owned database images	2026-10-03T22:57:51.3119510Z 9b415d76a9c6: Pull complete
database-full-load (10)	Prepare immutable tools and owned database images	2026-10-03T22:57:51.3291305Z d527cffe3ef6: Pull complete
database-full-load (10)	Prepare immutable tools and owned database images	2026-10-03T22:57:51.3371124Z b8cda4b5aaf3: Pull complete
database-full-load (10)	Prepare immutable tools and owned database images	2026-10-03T22:57:51.3459161Z 32c1c18d2ea5: Pull complete
database-full-load (10)	Prepare immutable tools and owned database images	2026-10-03T22:57:51.3493344Z Digest: sha256:e98f9c3b09beb2fbb9eaf667d602df3f0e00bd3644138b8458dc17ba1a675595
database-full-load (10)	Prepare immutable tools and owned database images	2026-10-03T22:57:51.3499361Z Status: Downloaded newer image for docker.elastic.co/elasticsearch/elasticsearch@sha256:e98f9c3b09beb2fbb9eaf667d602df3f0e00bd3644138b8458dc17ba1a675595
database-full-load (10)	Prepare immutable tools and owned database images	2026-10-03T22:57:51.3506392Z docker.elastic.co/elasticsearch/elasticsearch@sha256:e98f9c3b09beb2fbb9eaf667d602df3f0e00bd3644138b8458dc17ba1a675595
database-full-load (10)	Independent single-request native and SDK clients	﻿2026-10-03T22:57:51.4093885Z ##[group]Run mkdir -p results/local
database-full-load (10)	Independent single-request native and SDK clients	2026-10-03T22:57:51.4094278Z [36;1mmkdir -p results/local[0m
database-full-load (10)	Independent single-request native and SDK clients	2026-10-03T22:57:51.4094605Z [36;1mgo build -o .tools/weir-lab ./cmd/weir-lab[0m
database-full-load (10)	Independent single-request native and SDK clients	2026-10-03T22:57:51.4095028Z [36;1mIFS=',' read -r -a batch_limits <<< "$BACKEND_BATCH_LIMITS"[0m
database-full-load (10)	Independent single-request native and SDK clients	2026-10-03T22:57:51.4095442Z [36;1mfor backend_limit in "${batch_limits[@]}"; do[0m
database-full-load (10)	Independent single-request native and SDK clients	2026-10-03T22:57:51.4095816Z [36;1m  export BACKEND_BATCH_LIMIT="$backend_limit"[0m
database-full-load (10)	Independent single-request native and SDK clients	2026-10-03T22:57:51.4096283Z [36;1m  export MEASUREMENT_OUTPUT="results/local/saturation-batch-$backend_limit"[0m
database-full-load (10)	Independent single-request native and SDK clients	2026-10-03T22:57:51.4096930Z [36;1m  export MEASUREMENT_RECEIPT="results/local/measurement-batch-$backend_limit.receipt.json"[0m
database-full-load (10)	Independent single-request native and SDK clients	2026-10-03T22:57:51.4097465Z [36;1m  python3 - <<'PY'[0m
database-full-load (10)	Independent single-request native and SDK clients	2026-10-03T22:57:51.4097776Z [36;1mimport hashlib, json, os, pathlib, subprocess[0m
database-full-load (10)	Independent single-request native and SDK clients	2026-10-03T22:57:51.4098149Z [36;1mbinary = pathlib.Path('.tools/weir-lab')[0m
database-full-load (10)	Independent single-request native and SDK clients	2026-10-03T22:57:51.4099954Z [36;1mcommand = [str(binary), '-mode', 'saturation', '-weir', '.tools/weir', '-backend', 'all', '-database-cpus', os.environ['DATABASE_CPUS'], '-store-concurrency', '32', '-backend-batch-limit', os.environ['BACKEND_BATCH_LIMIT'], '-client-processes', '4', '-concurrency-levels', os.environ['CLIENT_LEVELS'], '-batch-sizes', '1', '-records', '2048', '-payload-bytes', '1024', '-write-percent', os.environ['WRITE_PERCENT'], '-rounds', '3', '-warmup-duration', '10s', '-duration', '20s', '-output', os.environ['MEASUREMENT_OUTPUT']][0m
database-full-load (10)	Independent single-request native and SDK clients	2026-10-03T22:57:51.4103847Z [36;1mreceipt = {'host_memory_bytes': int(next(line for line in pathlib.Path('/proc/meminfo').read_text().splitlines() if line.startswith('MemTotal:')).split()[1]) * 1024, 'source': subprocess.check_output(['git', 'rev-parse', 'HEAD'], text=True).strip(), 'source_dirty': bool(subprocess.check_output(['git', 'status', '--porcelain'])), 'client_binary_sha256': hashlib.sha256(binary.read_bytes()).hexdigest(), 'client_build': subprocess.check_output(['go', 'version', '-m', str(binary)], text=True), 'versions': json.loads(pathlib.Path('versions.json').read_text()), 'command': command}[0m
database-full-load (10)	Independent single-request native and SDK clients	2026-10-03T22:57:51.4106065Z [36;1mif receipt['source_dirty']:[0m
database-full-load (10)	Independent single-request native and SDK clients	2026-10-03T22:57:51.4106472Z [36;1m    raise SystemExit('measurement requires a clean source checkout')[0m
database-full-load (10)	Independent single-request native and SDK clients	2026-10-03T22:57:51.4107089Z [36;1mpathlib.Path(os.environ['MEASUREMENT_RECEIPT']).write_text(json.dumps(receipt, indent=2) + '\n')[0m
database-full-load (10)	Independent single-request native and SDK clients	2026-10-03T22:57:51.4107582Z [36;1mPY[0m
database-full-load (10)	Independent single-request native and SDK clients	2026-10-03T22:57:51.4109169Z [36;1m  .tools/weir-lab -mode saturation -weir .tools/weir -backend all -database-cpus "$DATABASE_CPUS" -store-concurrency 32 -backend-batch-limit "$BACKEND_BATCH_LIMIT" -client-processes 4 -concurrency-levels "$CLIENT_LEVELS" -batch-sizes 1 -records 2048 -payload-bytes 1024 -write-percent "$WRITE_PERCENT" -rounds 3 -warmup-duration 10s -duration 20s -output "$MEASUREMENT_OUTPUT" 2>&1 | tee "results/local/saturation-batch-$backend_limit.log"[0m
database-full-load (10)	Independent single-request native and SDK clients	2026-10-03T22:57:51.4110831Z [36;1mdone[0m
database-full-load (10)	Independent single-request native and SDK clients	2026-10-03T22:57:51.4111415Z [36;1mgit diff --exit-code[0m
database-full-load (10)	Independent single-request native and SDK clients	2026-10-03T22:57:51.4173396Z shell: /usr/bin/bash --noprofile --norc -e -o pipefail {0}
database-full-load (10)	Independent single-request native and SDK clients	2026-10-03T22:57:51.4173757Z env:
database-full-load (10)	Independent single-request native and SDK clients	2026-10-03T22:57:51.4173956Z   GOENV: off
database-full-load (10)	Independent single-request native and SDK clients	2026-10-03T22:57:51.4174155Z   GOWORK: off
database-full-load (10)	Independent single-request native and SDK clients	2026-10-03T22:57:51.4174367Z   GOTOOLCHAIN: local
database-full-load (10)	Independent single-request native and SDK clients	2026-10-03T22:57:51.4174613Z   GOFLAGS: -mod=readonly
database-full-load (10)	Independent single-request native and SDK clients	2026-10-03T22:57:51.4174870Z   PYTHONDONTWRITEBYTECODE: 1
database-full-load (10)	Independent single-request native and SDK clients	2026-10-03T22:57:51.4175121Z   GOPROXY: off
database-full-load (10)	Independent single-request native and SDK clients	2026-10-03T22:57:51.4175321Z   GOSUMDB: off
database-full-load (10)	Independent single-request native and SDK clients	2026-10-03T22:57:51.4175528Z   WRITE_PERCENT: 10
database-full-load (10)	Independent single-request native and SDK clients	2026-10-03T22:57:51.4175739Z   DATABASE_CPUS: 1
database-full-load (10)	Independent single-request native and SDK clients	2026-10-03T22:57:51.4175954Z   CLIENT_LEVELS: 8,32,128
database-full-load (10)	Independent single-request native and SDK clients	2026-10-03T22:57:51.4176196Z   BACKEND_BATCH_LIMITS: 32
database-full-load (10)	Independent single-request native and SDK clients	2026-10-03T22:57:51.4176449Z ##[endgroup]
database-full-load (10)	Independent single-request native and SDK clients	2026-10-03T22:58:33.6639920Z Owned fixture logs: /tmp/weir-tests-4198916985
database-full-load (10)	Independent single-request native and SDK clients	2026-10-03T22:59:35.0862651Z single-request backend=mongo processes=4 workers=8 round=1 direct=5181.6 weir=3356.7 DB-CPU direct=99.6% weir=66.1%
database-full-load (10)	Independent single-request native and SDK clients	2026-10-03T23:00:36.4352748Z single-request backend=mongo processes=4 workers=8 round=2 direct=5169.0 weir=3820.4 DB-CPU direct=99.6% weir=77.2%
database-full-load (10)	Independent single-request native and SDK clients	2026-10-03T23:01:37.7609857Z single-request backend=mongo processes=4 workers=8 round=3 direct=5102.3 weir=3853.9 DB-CPU direct=99.5% weir=76.9%
database-full-load (10)	Independent single-request native and SDK clients	2026-10-03T23:02:39.1108729Z single-request backend=mongo processes=4 workers=32 round=1 direct=5553.2 weir=5481.0 DB-CPU direct=100.1% weir=84.6%
database-full-load (10)	Independent single-request native and SDK clients	2026-10-03T23:03:40.4224923Z single-request backend=mongo processes=4 workers=32 round=2 direct=5409.9 weir=5414.2 DB-CPU direct=100.1% weir=84.6%
database-full-load (10)	Independent single-request native and SDK clients	2026-10-03T23:04:41.7427450Z single-request backend=mongo processes=4 workers=32 round=3 direct=5455.3 weir=5406.5 DB-CPU direct=99.9% weir=85.1%
database-full-load (10)	Independent single-request native and SDK clients	2026-10-03T23:05:43.1464935Z single-request backend=mongo processes=4 workers=128 round=1 direct=5350.9 weir=8161.1 DB-CPU direct=100.1% weir=77.5%
database-full-load (10)	Independent single-request native and SDK clients	2026-10-03T23:06:44.5678224Z single-request backend=mongo processes=4 workers=128 round=2 direct=5373.3 weir=8126.7 DB-CPU direct=100.1% weir=79.2%
database-full-load (10)	Independent single-request native and SDK clients	2026-10-03T23:07:45.9644606Z single-request backend=mongo processes=4 workers=128 round=3 direct=5370.8 weir=8246.6 DB-CPU direct=100.2% weir=77.9%
database-full-load (10)	Independent single-request native and SDK clients	2026-10-03T23:07:45.9865576Z # Database saturation comparison
database-full-load (10)	Independent single-request native and SDK clients	2026-10-03T23:07:45.9866011Z 
database-full-load (10)	Independent single-request native and SDK clients	2026-10-03T23:07:45.9866325Z Backend **mongo**. Started 2026-10-03T22:58:33.690912228Z.
database-full-load (10)	Independent single-request native and SDK clients	2026-10-03T23:07:45.9866741Z 
database-full-load (10)	Independent single-request native and SDK clients	2026-10-03T23:07:45.9870214Z independent OS client processes send one record per native call or unary SDK RPC; native FindOne/ReplaceOne or single-ID mget/PUT; no client aggregation; worker-owned disjoint IDs; common phase barriers and unchanged pools across warmup and measurement; alternating AB/BA; latency is each business request including validation, queueing and any server aggregation; independent persisted postflight; sustained database CPU requires >=5 intervals, >=80% measurement coverage, mean CPU>=threshold and CPU>=threshold during >=80% measurement duration in every round, plus <=10% next-level throughput gain.
database-full-load (10)	Independent single-request native and SDK clients	2026-10-03T23:07:45.9874396Z 
database-full-load (10)	Independent single-request native and SDK clients	2026-10-03T23:07:45.9874858Z Warmup 10s and measurement 20s per path/stage, 3 paired rounds, requested writes 10%.
database-full-load (10)	Independent single-request native and SDK clients	2026-10-03T23:07:45.9875430Z 
database-full-load (10)	Independent single-request native and SDK clients	2026-10-03T23:07:45.9876965Z 4 independent OS client processes. Each worker sends one business request containing one record, waits for its acknowledged result, and validates it. p50/p95/p99 describe individual requests; histograms are pooled rather than averaging process quantiles.
database-full-load (10)	Independent single-request native and SDK clients	2026-10-03T23:07:45.9878560Z 
database-full-load (10)	Independent single-request native and SDK clients	2026-10-03T23:07:45.9879417Z | Batch | Workers | Round | Path | Read | Write | Success | Errors/unknown | Ops/s | p95 call ms | DB CPU budget % | Full CPU time % | Sampling coverage % | Verified |
database-full-load (10)	Independent single-request native and SDK clients	2026-10-03T23:07:45.9880697Z | ---: | ---: | ---: | --- | ---: | ---: | ---: | ---: | ---: | ---: | ---: | ---: | ---: | --- |
database-full-load (10)	Independent single-request native and SDK clients	2026-10-03T23:07:45.9885497Z | 1 | 8 | 1 | direct | 93193 | 10443 | 103636 | 0 | 5181.6 | 2.303 | 99.6 | 99.0 | 99.0 | true |
database-full-load (10)	Independent single-request native and SDK clients	2026-10-03T23:07:45.9886489Z | 1 | 8 | 1 | weir | 60367 | 6771 | 67138 | 0 | 3356.7 | 4.607 | 66.1 | 0.0 | 94.8 | true |
database-full-load (10)	Independent single-request native and SDK clients	2026-10-03T23:07:45.9887684Z | 1 | 8 | 2 | direct | 92953 | 10431 | 103384 | 0 | 5169.0 | 2.303 | 99.6 | 98.0 | 98.0 | true |
database-full-load (10)	Independent single-request native and SDK clients	2026-10-03T23:07:45.9889664Z | 1 | 8 | 2 | weir | 68720 | 7693 | 76413 | 0 | 3820.4 | 3.839 | 77.2 | 0.0 | 99.6 | true |
database-full-load (10)	Independent single-request native and SDK clients	2026-10-03T23:07:45.9890657Z | 1 | 8 | 3 | direct | 91743 | 10308 | 102051 | 0 | 5102.3 | 2.303 | 99.5 | 98.7 | 98.7 | true |
database-full-load (10)	Independent single-request native and SDK clients	2026-10-03T23:07:45.9891835Z | 1 | 8 | 3 | weir | 69325 | 7761 | 77086 | 0 | 3853.9 | 3.839 | 76.9 | 0.0 | 99.3 | true |
database-full-load (10)	Independent single-request native and SDK clients	2026-10-03T23:07:45.9892815Z | 1 | 32 | 1 | direct | 99890 | 11187 | 111077 | 0 | 5553.2 | 40.959 | 100.1 | 99.3 | 99.3 | true |
database-full-load (10)	Independent single-request native and SDK clients	2026-10-03T23:07:45.9893862Z | 1 | 32 | 1 | weir | 98595 | 11037 | 109632 | 0 | 5481.0 | 11.263 | 84.6 | 0.0 | 94.7 | true |
database-full-load (10)	Independent single-request native and SDK clients	2026-10-03T23:07:45.9894829Z | 1 | 32 | 2 | direct | 97323 | 10893 | 108216 | 0 | 5409.9 | 40.959 | 100.1 | 98.8 | 98.8 | true |
database-full-load (10)	Independent single-request native and SDK clients	2026-10-03T23:07:45.9895801Z | 1 | 32 | 2 | weir | 97387 | 10921 | 108308 | 0 | 5414.2 | 12.287 | 84.6 | 0.0 | 95.3 | true |
database-full-load (10)	Independent single-request native and SDK clients	2026-10-03T23:07:45.9896808Z | 1 | 32 | 3 | direct | 98140 | 10984 | 109124 | 0 | 5455.3 | 40.959 | 99.9 | 98.0 | 98.0 | true |
database-full-load (10)	Independent single-request native and SDK clients	2026-10-03T23:07:45.9898088Z | 1 | 32 | 3 | weir | 97276 | 10883 | 108159 | 0 | 5406.5 | 12.287 | 85.1 | 5.5 | 94.7 | true |
database-full-load (10)	Independent single-request native and SDK clients	2026-10-03T23:07:45.9899054Z | 1 | 128 | 1 | direct | 96140 | 10947 | 107087 | 0 | 5350.9 | 65.535 | 100.1 | 99.3 | 99.3 | true |
database-full-load (10)	Independent single-request native and SDK clients	2026-10-03T23:07:45.9900024Z | 1 | 128 | 1 | weir | 146949 | 16320 | 163269 | 0 | 8161.1 | 30.719 | 77.5 | 0.0 | 94.6 | true |
database-full-load (10)	Independent single-request native and SDK clients	2026-10-03T23:07:45.9901291Z | 1 | 128 | 2 | direct | 96540 | 10993 | 107533 | 0 | 5373.3 | 65.535 | 100.1 | 99.4 | 99.4 | true |
database-full-load (10)	Independent single-request native and SDK clients	2026-10-03T23:07:45.9901954Z | 1 | 128 | 2 | weir | 146272 | 16329 | 162601 | 0 | 8126.7 | 30.719 | 79.2 | 0.0 | 100.0 | true |
database-full-load (10)	Independent single-request native and SDK clients	2026-10-03T23:07:45.9902503Z | 1 | 128 | 3 | direct | 96564 | 10922 | 107486 | 0 | 5370.8 | 65.535 | 100.2 | 99.4 | 99.4 | true |
database-full-load (10)	Independent single-request native and SDK clients	2026-10-03T23:07:45.9903051Z | 1 | 128 | 3 | weir | 148458 | 16544 | 165002 | 0 | 8246.6 | 30.719 | 77.9 | 0.0 | 94.8 | true |
database-full-load (10)	Independent single-request native and SDK clients	2026-10-03T23:07:45.9903375Z 
database-full-load (10)	Independent single-request native and SDK clients	2026-10-03T23:07:45.9903656Z Measured Weir adapter and unary RPC evidence (warmup, reset and postflight excluded):
database-full-load (10)	Independent single-request native and SDK clients	2026-10-03T23:07:45.9904012Z 
database-full-load (10)	Independent single-request native and SDK clients	2026-10-03T23:07:45.9904538Z | Batch | Workers | Round | Adapter invocations | Mean adapter batch | Read/Mutate RPCs | Queue mean ms | Adapter mean ms | Rejections | Backend concurrency limit |
database-full-load (10)	Independent single-request native and SDK clients	2026-10-03T23:07:45.9905269Z | ---: | ---: | ---: | ---: | ---: | --- | ---: | ---: | ---: | ---: |
database-full-load (10)	Independent single-request native and SDK clients	2026-10-03T23:07:45.9905682Z | 1 | 8 | 1 | 60835 | 1.104 | 60367/6771 | 0.028 | 1.022 | 0 | 32.000 |
database-full-load (10)	Independent single-request native and SDK clients	2026-10-03T23:07:45.9906067Z | 1 | 8 | 2 | 68828 | 1.110 | 68720/7693 | 0.025 | 0.941 | 0 | 32.000 |
database-full-load (10)	Independent single-request native and SDK clients	2026-10-03T23:07:45.9906448Z | 1 | 8 | 3 | 69421 | 1.110 | 69325/7761 | 0.025 | 0.930 | 0 | 32.000 |
database-full-load (10)	Independent single-request native and SDK clients	2026-10-03T23:07:45.9907018Z | 1 | 32 | 1 | 66794 | 1.641 | 98595/11037 | 0.134 | 1.907 | 0 | 32.000 |
database-full-load (10)	Independent single-request native and SDK clients	2026-10-03T23:07:45.9907428Z | 1 | 32 | 2 | 66574 | 1.627 | 97387/10921 | 0.131 | 1.941 | 0 | 32.000 |
database-full-load (10)	Independent single-request native and SDK clients	2026-10-03T23:07:45.9907827Z | 1 | 32 | 3 | 66440 | 1.628 | 97276/10883 | 0.135 | 1.965 | 0 | 32.000 |
database-full-load (10)	Independent single-request native and SDK clients	2026-10-03T23:07:45.9908238Z | 1 | 128 | 1 | 47906 | 3.408 | 146949/16320 | 0.556 | 3.613 | 0 | 32.000 |
database-full-load (10)	Independent single-request native and SDK clients	2026-10-03T23:07:45.9908651Z | 1 | 128 | 2 | 47641 | 3.413 | 146272/16329 | 0.598 | 3.778 | 0 | 32.000 |
database-full-load (10)	Independent single-request native and SDK clients	2026-10-03T23:07:45.9909056Z | 1 | 128 | 3 | 47708 | 3.459 | 148458/16544 | 0.572 | 3.700 | 0 | 32.000 |
database-full-load (10)	Independent single-request native and SDK clients	2026-10-03T23:07:45.9909300Z 
database-full-load (10)	Independent single-request native and SDK clients	2026-10-03T23:07:45.9910457Z **Batch 1: database-full-load throughput comparison unavailable.** both paths must independently demonstrate sustained database CPU saturation and a verified next-level throughput plateau; increase concurrency or isolate client/Weir resources; I/O/network-bound saturation needs additional device/link capacity evidence.
database-full-load (10)	Independent single-request native and SDK clients	2026-10-03T23:07:45.9911911Z 
database-full-load (10)	Independent single-request native and SDK clients	2026-10-03T23:07:45.9912657Z Best verified business QPS within this ladder: direct 5472.8 (32 workers), Weir 8178.1 (128 workers), observed change +49.43%. This is a measured business-throughput comparison, not a maximum-database-capacity claim.
database-full-load (10)	Independent single-request native and SDK clients	2026-10-03T23:07:45.9913411Z 
database-full-load (10)	Independent single-request native and SDK clients	2026-10-03T23:07:45.9913854Z Observed single-request business performance at matched client concurrency (independent of the database-capacity qualification):
database-full-load (10)	Independent single-request native and SDK clients	2026-10-03T23:07:45.9914361Z 
database-full-load (10)	Independent single-request native and SDK clients	2026-10-03T23:07:45.9914617Z | Workers | Direct QPS | Weir QPS | Change | Direct p50/p95/p99 ms | Weir p50/p95/p99 ms |
database-full-load (10)	Independent single-request native and SDK clients	2026-10-03T23:07:45.9915078Z | ---: | ---: | ---: | ---: | --- | --- |
database-full-load (10)	Independent single-request native and SDK clients	2026-10-03T23:07:45.9915461Z | 8 | 5150.9 | 3677.0 | -28.61% | 0.895 / 2.303 / 36.863 | 2.047 / 4.095 / 5.631 |
database-full-load (10)	Independent single-request native and SDK clients	2026-10-03T23:07:45.9915920Z | 32 | 5472.8 | 5433.9 | -0.71% | 3.327 / 40.959 / 49.151 | 5.631 / 12.287 / 15.359 |
database-full-load (10)	Independent single-request native and SDK clients	2026-10-03T23:07:45.9916388Z | 128 | 5365.0 | 8178.1 | +52.43% | 15.359 / 65.535 / 81.919 | 15.359 / 30.719 / 45.055 |
database-full-load (10)	Independent single-request native and SDK clients	2026-10-03T23:07:45.9916676Z 
database-full-load (10)	Independent single-request native and SDK clients	2026-10-03T23:07:45.9917711Z These QPS and latency observations apply to this hardware and measured concurrency range. A business-throughput improvement can exist without demonstrating the maximum database capacity. An underfull database or missing next-level plateau keeps the database-capacity comparison unavailable.
database-full-load (10)	Independent single-request native and SDK clients	2026-10-03T23:07:45.9918762Z 
database-full-load (10)	Independent single-request native and SDK clients	2026-10-03T23:07:45.9921531Z Aggregation evidence: the JSON records one business request per record, Read/Mutate RPC counts, adapter invocation counts, average adapter batch and its cumulative histogram, and RPCs per adapter invocation. An adapter invocation is not necessarily one physical database wire command. MongoDB physical find/update/bulkWrite/getMore/killCursors deltas come from owned serverStatus at timed boundaries; missing counters remain unavailable. Elasticsearch has no equivalent physical HTTP-command counter. Every child PID, configured native pool limit, final revision ranges, exit result and sampled CPU/RSS is retained; coordinator sampling CPU is excluded from business-client CPU.
database-full-load (10)	Independent single-request native and SDK clients	2026-10-03T23:07:45.9923921Z 
database-full-load (10)	Independent single-request native and SDK clients	2026-10-03T23:07:45.9927286Z The JSON retains before/after raw public Weir metrics and their observed deltas, every resource sample, monitor failures, raw cumulative database/container I/O and network counters, CPU quota/host core denominator, and client/Weir cumulative CPU. Docker CPU uses cumulative Engine usage and read timestamps across each entire sampling interval, never CLI instantaneous percentages. Both interval endpoints must succeed; missing intervals reduce full-run coverage. Samples include monitoring traffic and background database work. Native ps CPU has platform-dependent clock resolution. Native databases share the host CPU budget with the client and Weir. Disk/network utilization or capacity is not inferred from byte counters. A plateau without sustained database CPU saturation is not a database-full-load result. Startup/discovery/reset/postflight and warmup are excluded from throughput; all in-flight completion and validation is included.
database-full-load (10)	Independent single-request native and SDK clients	2026-10-03T23:08:51.2609423Z single-request backend=search processes=4 workers=8 round=1 direct=1356.4 weir=1683.0 DB-CPU direct=99.6% weir=99.9%
database-full-load (10)	Independent single-request native and SDK clients	2026-10-03T23:09:53.4321577Z single-request backend=search processes=4 workers=8 round=2 direct=4007.8 weir=2670.7 DB-CPU direct=99.6% weir=94.1%
database-full-load (10)	Independent single-request native and SDK clients	2026-10-03T23:10:55.0348933Z single-request backend=search processes=4 workers=8 round=3 direct=4070.6 weir=3154.7 DB-CPU direct=99.7% weir=89.7%
database-full-load (10)	Independent single-request native and SDK clients	2026-10-03T23:11:56.5040450Z single-request backend=search processes=4 workers=32 round=1 direct=5387.7 weir=4639.3 DB-CPU direct=99.8% weir=92.0%
database-full-load (10)	Independent single-request native and SDK clients	2026-10-03T23:12:58.0610622Z single-request backend=search processes=4 workers=32 round=2 direct=5330.2 weir=4626.7 DB-CPU direct=99.8% weir=90.8%
database-full-load (10)	Independent single-request native and SDK clients	2026-10-03T23:13:59.5069963Z single-request backend=search processes=4 workers=32 round=3 direct=5363.7 weir=4894.2 DB-CPU direct=99.8% weir=90.0%
database-full-load (10)	Independent single-request native and SDK clients	2026-10-03T23:15:00.9430323Z single-request backend=search processes=4 workers=128 round=1 direct=5635.6 weir=7208.8 DB-CPU direct=99.9% weir=83.0%
database-full-load (10)	Independent single-request native and SDK clients	2026-10-03T23:16:02.4168271Z single-request backend=search processes=4 workers=128 round=2 direct=5691.7 weir=7312.4 DB-CPU direct=100.0% weir=82.0%
database-full-load (10)	Independent single-request native and SDK clients	2026-10-03T23:17:03.8488962Z single-request backend=search processes=4 workers=128 round=3 direct=5817.8 weir=7198.8 DB-CPU direct=100.1% weir=82.1%
database-full-load (10)	Independent single-request native and SDK clients	2026-10-03T23:17:03.8750775Z # Database saturation comparison
database-full-load (10)	Independent single-request native and SDK clients	2026-10-03T23:17:03.8751598Z 
database-full-load (10)	Independent single-request native and SDK clients	2026-10-03T23:17:03.8752035Z Backend **search**. Started 2026-10-03T23:07:46.34783523Z.
database-full-load (10)	Independent single-request native and SDK clients	2026-10-03T23:17:03.8752630Z 
database-full-load (10)	Independent single-request native and SDK clients	2026-10-03T23:17:03.8755050Z independent OS client processes send one record per native call or unary SDK RPC; native FindOne/ReplaceOne or single-ID mget/PUT; no client aggregation; worker-owned disjoint IDs; common phase barriers and unchanged pools across warmup and measurement; alternating AB/BA; latency is each business request including validation, queueing and any server aggregation; independent persisted postflight; sustained database CPU requires >=5 intervals, >=80% measurement coverage, mean CPU>=threshold and CPU>=threshold during >=80% measurement duration in every round, plus <=10% next-level throughput gain.
database-full-load (10)	Independent single-request native and SDK clients	2026-10-03T23:17:03.8757177Z 
database-full-load (10)	Independent single-request native and SDK clients	2026-10-03T23:17:03.8757446Z Warmup 10s and measurement 20s per path/stage, 3 paired rounds, requested writes 10%.
database-full-load (10)	Independent single-request native and SDK clients	2026-10-03T23:17:03.8757783Z 
database-full-load (10)	Independent single-request native and SDK clients	2026-10-03T23:17:03.8758653Z 4 independent OS client processes. Each worker sends one business request containing one record, waits for its acknowledged result, and validates it. p50/p95/p99 describe individual requests; histograms are pooled rather than averaging process quantiles.
database-full-load (10)	Independent single-request native and SDK clients	2026-10-03T23:17:03.8759858Z 
database-full-load (10)	Independent single-request native and SDK clients	2026-10-03T23:17:03.8760376Z | Batch | Workers | Round | Path | Read | Write | Success | Errors/unknown | Ops/s | p95 call ms | DB CPU budget % | Full CPU time % | Sampling coverage % | Verified |
database-full-load (10)	Independent single-request native and SDK clients	2026-10-03T23:17:03.8761453Z | ---: | ---: | ---: | --- | ---: | ---: | ---: | ---: | ---: | ---: | ---: | ---: | ---: | --- |
database-full-load (10)	Independent single-request native and SDK clients	2026-10-03T23:17:03.8761984Z | 1 | 8 | 1 | direct | 24457 | 2674 | 27131 | 0 | 1356.4 | 61.439 | 99.6 | 98.9 | 98.9 | true |
database-full-load (10)	Independent single-request native and SDK clients	2026-10-03T23:17:03.8762512Z | 1 | 8 | 1 | weir | 30321 | 3342 | 33663 | 0 | 1683.0 | 9.215 | 99.9 | 98.8 | 98.8 | true |
database-full-load (10)	Independent single-request native and SDK clients	2026-10-03T23:17:03.8763019Z | 1 | 8 | 2 | direct | 72111 | 8050 | 80161 | 0 | 4007.8 | 2.815 | 99.6 | 98.4 | 98.4 | true |
database-full-load (10)	Independent single-request native and SDK clients	2026-10-03T23:17:03.8763519Z | 1 | 8 | 2 | weir | 48024 | 5396 | 53420 | 0 | 2670.7 | 5.119 | 94.1 | 82.0 | 97.9 | true |
database-full-load (10)	Independent single-request native and SDK clients	2026-10-03T23:17:03.8764016Z | 1 | 8 | 3 | direct | 73249 | 8175 | 81424 | 0 | 4070.6 | 2.559 | 99.7 | 97.0 | 97.0 | true |
database-full-load (10)	Independent single-request native and SDK clients	2026-10-03T23:17:03.8764514Z | 1 | 8 | 3 | weir | 56733 | 6369 | 63102 | 0 | 3154.7 | 4.607 | 89.7 | 33.0 | 98.5 | true |
database-full-load (10)	Independent single-request native and SDK clients	2026-10-03T23:17:03.8765017Z | 1 | 32 | 1 | direct | 96920 | 10850 | 107770 | 0 | 5387.7 | 36.863 | 99.8 | 97.8 | 97.8 | true |
database-full-load (10)	Independent single-request native and SDK clients	2026-10-03T23:17:03.8765524Z | 1 | 32 | 1 | weir | 83455 | 9351 | 92806 | 0 | 4639.3 | 13.311 | 92.0 | 77.5 | 99.7 | true |
database-full-load (10)	Independent single-request native and SDK clients	2026-10-03T23:17:03.8766031Z | 1 | 32 | 2 | direct | 95889 | 10729 | 106618 | 0 | 5330.2 | 36.863 | 99.8 | 98.4 | 98.4 | true |
database-full-load (10)	Independent single-request native and SDK clients	2026-10-03T23:17:03.8766745Z | 1 | 32 | 2 | weir | 83234 | 9329 | 92563 | 0 | 4626.7 | 13.311 | 90.8 | 50.1 | 94.6 | true |
database-full-load (10)	Independent single-request native and SDK clients	2026-10-03T23:17:03.8767252Z | 1 | 32 | 3 | direct | 96492 | 10800 | 107292 | 0 | 5363.7 | 36.863 | 99.8 | 99.0 | 99.0 | true |
database-full-load (10)	Independent single-request native and SDK clients	2026-10-03T23:17:03.8767756Z | 1 | 32 | 3 | weir | 88025 | 9878 | 97903 | 0 | 4894.2 | 13.311 | 90.0 | 50.1 | 94.7 | true |
database-full-load (10)	Independent single-request native and SDK clients	2026-10-03T23:17:03.8768286Z | 1 | 128 | 1 | direct | 101254 | 11522 | 112776 | 0 | 5635.6 | 61.439 | 99.9 | 99.0 | 99.0 | true |
database-full-load (10)	Independent single-request native and SDK clients	2026-10-03T23:17:03.8768819Z | 1 | 128 | 1 | weir | 129765 | 14471 | 144236 | 0 | 7208.8 | 36.863 | 83.0 | 0.0 | 95.4 | true |
database-full-load (10)	Independent single-request native and SDK clients	2026-10-03T23:17:03.8769350Z | 1 | 128 | 2 | direct | 102314 | 11559 | 113873 | 0 | 5691.7 | 61.439 | 100.0 | 98.9 | 98.9 | true |
database-full-load (10)	Independent single-request native and SDK clients	2026-10-03T23:17:03.8769872Z | 1 | 128 | 2 | weir | 131642 | 14672 | 146314 | 0 | 7312.4 | 32.767 | 82.0 | 0.0 | 94.8 | true |
database-full-load (10)	Independent single-request native and SDK clients	2026-10-03T23:17:03.8770400Z | 1 | 128 | 3 | direct | 104586 | 11812 | 116398 | 0 | 5817.8 | 57.343 | 100.1 | 98.9 | 98.9 | true |
database-full-load (10)	Independent single-request native and SDK clients	2026-10-03T23:17:03.8771208Z | 1 | 128 | 3 | weir | 129580 | 14448 | 144028 | 0 | 7198.8 | 36.863 | 82.1 | 5.7 | 95.5 | true |
database-full-load (10)	Independent single-request native and SDK clients	2026-10-03T23:17:03.8771527Z 
database-full-load (10)	Independent single-request native and SDK clients	2026-10-03T23:17:03.8771792Z Measured Weir adapter and unary RPC evidence (warmup, reset and postflight excluded):
database-full-load (10)	Independent single-request native and SDK clients	2026-10-03T23:17:03.8772137Z 
database-full-load (10)	Independent single-request native and SDK clients	2026-10-03T23:17:03.8772663Z | Batch | Workers | Round | Adapter invocations | Mean adapter batch | Read/Mutate RPCs | Queue mean ms | Adapter mean ms | Rejections | Backend concurrency limit |
database-full-load (10)	Independent single-request native and SDK clients	2026-10-03T23:17:03.8773401Z | ---: | ---: | ---: | ---: | ---: | --- | ---: | ---: | ---: | ---: |
database-full-load (10)	Independent single-request native and SDK clients	2026-10-03T23:17:03.8773795Z | 1 | 8 | 1 | 31394 | 1.072 | 30321/3342 | 0.021 | 3.566 | 0 | 32.000 |
database-full-load (10)	Independent single-request native and SDK clients	2026-10-03T23:17:03.8774188Z | 1 | 8 | 2 | 49298 | 1.084 | 48024/5396 | 0.022 | 1.869 | 0 | 32.000 |
database-full-load (10)	Independent single-request native and SDK clients	2026-10-03T23:17:03.8774561Z | 1 | 8 | 3 | 57995 | 1.088 | 56733/6369 | 0.021 | 1.445 | 0 | 32.000 |
database-full-load (10)	Independent single-request native and SDK clients	2026-10-03T23:17:03.8774944Z | 1 | 32 | 1 | 63233 | 1.468 | 83455/9351 | 0.109 | 3.236 | 0 | 32.000 |
database-full-load (10)	Independent single-request native and SDK clients	2026-10-03T23:17:03.8775519Z | 1 | 32 | 2 | 63022 | 1.469 | 83234/9329 | 0.110 | 3.240 | 0 | 32.000 |
database-full-load (10)	Independent single-request native and SDK clients	2026-10-03T23:17:03.8776022Z | 1 | 32 | 3 | 65735 | 1.489 | 88025/9878 | 0.112 | 2.863 | 0 | 32.000 |
database-full-load (10)	Independent single-request native and SDK clients	2026-10-03T23:17:03.8776973Z | 1 | 128 | 1 | 48589 | 2.968 | 129765/14471 | 0.613 | 5.474 | 0 | 32.000 |
database-full-load (10)	Independent single-request native and SDK clients	2026-10-03T23:17:03.8777945Z | 1 | 128 | 2 | 49344 | 2.965 | 131642/14672 | 0.567 | 5.214 | 0 | 32.000 |
database-full-load (10)	Independent single-request native and SDK clients	2026-10-03T23:17:03.8778872Z | 1 | 128 | 3 | 48578 | 2.965 | 129580/14448 | 0.632 | 5.540 | 0 | 32.000 |
database-full-load (10)	Independent single-request native and SDK clients	2026-10-03T23:17:03.8779141Z 
database-full-load (10)	Independent single-request native and SDK clients	2026-10-03T23:17:03.8780460Z **Batch 1: database-full-load throughput comparison unavailable.** both paths must independently demonstrate sustained database CPU saturation and a verified next-level throughput plateau; increase concurrency or isolate client/Weir resources; I/O/network-bound saturation needs additional device/link capacity evidence.
database-full-load (10)	Independent single-request native and SDK clients	2026-10-03T23:17:03.8781955Z 
database-full-load (10)	Independent single-request native and SDK clients	2026-10-03T23:17:03.8782686Z Best verified business QPS within this ladder: direct 5715.0 (128 workers), Weir 7240.0 (128 workers), observed change +26.68%. This is a measured business-throughput comparison, not a maximum-database-capacity claim.
database-full-load (10)	Independent single-request native and SDK clients	2026-10-03T23:17:03.8783457Z 
database-full-load (10)	Independent single-request native and SDK clients	2026-10-03T23:17:03.8783897Z Observed single-request business performance at matched client concurrency (independent of the database-capacity qualification):
database-full-load (10)	Independent single-request native and SDK clients	2026-10-03T23:17:03.8784395Z 
database-full-load (10)	Independent single-request native and SDK clients	2026-10-03T23:17:03.8784664Z | Workers | Direct QPS | Weir QPS | Change | Direct p50/p95/p99 ms | Weir p50/p95/p99 ms |
database-full-load (10)	Independent single-request native and SDK clients	2026-10-03T23:17:03.8785304Z | ---: | ---: | ---: | ---: | --- | --- |
database-full-load (10)	Independent single-request native and SDK clients	2026-10-03T23:17:03.8786024Z | 8 | 3144.9 | 2502.8 | -20.42% | 1.279 / 3.583 / 57.343 | 2.303 / 5.631 / 40.959 |
database-full-load (10)	Independent single-request native and SDK clients	2026-10-03T23:17:03.8786867Z | 32 | 5360.5 | 4720.1 | -11.95% | 3.839 / 36.863 / 45.055 | 6.143 / 13.311 / 20.479 |
database-full-load (10)	Independent single-request native and SDK clients	2026-10-03T23:17:03.8787708Z | 128 | 5715.0 | 7240.0 | +26.68% | 15.359 / 57.343 / 73.727 | 18.431 / 36.863 / 45.055 |
database-full-load (10)	Independent single-request native and SDK clients	2026-10-03T23:17:03.8788166Z 
database-full-load (10)	Independent single-request native and SDK clients	2026-10-03T23:17:03.8790031Z These QPS and latency observations apply to this hardware and measured concurrency range. A business-throughput improvement can exist without demonstrating the maximum database capacity. An underfull database or missing next-level plateau keeps the database-capacity comparison unavailable.
database-full-load (10)	Independent single-request native and SDK clients	2026-10-03T23:17:03.8792427Z 
database-full-load (10)	Independent single-request native and SDK clients	2026-10-03T23:17:03.8796799Z Aggregation evidence: the JSON records one business request per record, Read/Mutate RPC counts, adapter invocation counts, average adapter batch and its cumulative histogram, and RPCs per adapter invocation. An adapter invocation is not necessarily one physical database wire command. MongoDB physical find/update/bulkWrite/getMore/killCursors deltas come from owned serverStatus at timed boundaries; missing counters remain unavailable. Elasticsearch has no equivalent physical HTTP-command counter. Every child PID, configured native pool limit, final revision ranges, exit result and sampled CPU/RSS is retained; coordinator sampling CPU is excluded from business-client CPU.
database-full-load (10)	Independent single-request native and SDK clients	2026-10-03T23:17:03.8801354Z 
database-full-load (10)	Independent single-request native and SDK clients	2026-10-03T23:17:03.8807708Z The JSON retains before/after raw public Weir metrics and their observed deltas, every resource sample, monitor failures, raw cumulative database/container I/O and network counters, CPU quota/host core denominator, and client/Weir cumulative CPU. Docker CPU uses cumulative Engine usage and read timestamps across each entire sampling interval, never CLI instantaneous percentages. Both interval endpoints must succeed; missing intervals reduce full-run coverage. Samples include monitoring traffic and background database work. Native ps CPU has platform-dependent clock resolution. Native databases share the host CPU budget with the client and Weir. Disk/network utilization or capacity is not inferred from byte counters. A plateau without sustained database CPU saturation is not a database-full-load result. Startup/discovery/reset/postflight and warmup are excluded from throughput; all in-flight completion and validation is included.
database-full-load (10)	Preserve raw resource samples, workload validation and cleanup	﻿2026-10-03T23:17:06.8475282Z ##[group]Run actions/upload-artifact@ea165f8d65b6e75b540449e92b4886f43607fa02
database-full-load (10)	Preserve raw resource samples, workload validation and cleanup	2026-10-03T23:17:06.8475778Z with:
database-full-load (10)	Preserve raw resource samples, workload validation and cleanup	2026-10-03T23:17:06.8476151Z   name: saturation-evidence-writes-10-8810503ede087810eca8c1ee3699c97735d11515
database-full-load (10)	Preserve raw resource samples, workload validation and cleanup	2026-10-03T23:17:06.8477189Z   path: results/local/
database-full-load (10)	Preserve raw resource samples, workload validation and cleanup	/tmp/weir-tests-*/manifest.json
database-full-load (10)	Preserve raw resource samples, workload validation and cleanup	/tmp/weir-tests-*/cleanup.json
database-full-load (10)	Preserve raw resource samples, workload validation and cleanup	/tmp/weir-tests-*/*config.json
database-full-load (10)	Preserve raw resource samples, workload validation and cleanup	/tmp/weir-tests-*/*routes.json
database-full-load (10)	Preserve raw resource samples, workload validation and cleanup	/tmp/weir-tests-*/*process.log
database-full-load (10)	Preserve raw resource samples, workload validation and cleanup	/tmp/weir-tests-*/docker-engine.json
database-full-load (10)	Preserve raw resource samples, workload validation and cleanup	
database-full-load (10)	Preserve raw resource samples, workload validation and cleanup	2026-10-03T23:17:06.8478054Z   retention-days: 14
database-full-load (10)	Preserve raw resource samples, workload validation and cleanup	2026-10-03T23:17:06.8478290Z   if-no-files-found: warn
database-full-load (10)	Preserve raw resource samples, workload validation and cleanup	2026-10-03T23:17:06.8478542Z   compression-level: 6
database-full-load (10)	Preserve raw resource samples, workload validation and cleanup	2026-10-03T23:17:06.8478771Z   overwrite: false
database-full-load (10)	Preserve raw resource samples, workload validation and cleanup	2026-10-03T23:17:06.8478999Z   include-hidden-files: false
database-full-load (10)	Preserve raw resource samples, workload validation and cleanup	2026-10-03T23:17:06.8479249Z env:
database-full-load (10)	Preserve raw resource samples, workload validation and cleanup	2026-10-03T23:17:06.8479447Z   GOENV: off
database-full-load (10)	Preserve raw resource samples, workload validation and cleanup	2026-10-03T23:17:06.8479650Z   GOWORK: off
database-full-load (10)	Preserve raw resource samples, workload validation and cleanup	2026-10-03T23:17:06.8479849Z   GOTOOLCHAIN: local
database-full-load (10)	Preserve raw resource samples, workload validation and cleanup	2026-10-03T23:17:06.8480092Z   GOFLAGS: -mod=readonly
database-full-load (10)	Preserve raw resource samples, workload validation and cleanup	2026-10-03T23:17:06.8480358Z   PYTHONDONTWRITEBYTECODE: 1
database-full-load (10)	Preserve raw resource samples, workload validation and cleanup	2026-10-03T23:17:06.8480648Z ##[endgroup]
database-full-load (10)	Preserve raw resource samples, workload validation and cleanup	2026-10-03T23:17:07.0131315Z (node:12138) [DEP0040] DeprecationWarning: The `punycode` module is deprecated. Please use a userland alternative instead.
database-full-load (10)	Preserve raw resource samples, workload validation and cleanup	2026-10-03T23:17:07.0132422Z (Use `node --trace-deprecation ...` to show where the warning was created)
database-full-load (10)	Preserve raw resource samples, workload validation and cleanup	2026-10-03T23:17:07.0256012Z Multiple search paths detected. Calculating the least common ancestor of all paths
database-full-load (10)	Preserve raw resource samples, workload validation and cleanup	2026-10-03T23:17:07.0257786Z The least common ancestor is /. This will be the root directory of the artifact
database-full-load (10)	Preserve raw resource samples, workload validation and cleanup	2026-10-03T23:17:07.0258732Z With the provided path, there will be 12 files uploaded
database-full-load (10)	Preserve raw resource samples, workload validation and cleanup	2026-10-03T23:17:07.0264581Z Artifact name is valid!
database-full-load (10)	Preserve raw resource samples, workload validation and cleanup	2026-10-03T23:17:07.0265253Z Root directory input is valid!
database-full-load (10)	Preserve raw resource samples, workload validation and cleanup	2026-10-03T23:17:07.4095175Z Beginning upload of artifact content to blob storage
database-full-load (10)	Preserve raw resource samples, workload validation and cleanup	2026-10-03T23:17:07.5279789Z (node:12138) [DEP0169] DeprecationWarning: `url.parse()` behavior is not standardized and prone to errors that have security implications. Use the WHATWG URL API instead. CVEs are not issued for `url.parse()` vulnerabilities.
database-full-load (10)	Preserve raw resource samples, workload validation and cleanup	2026-10-03T23:17:08.1495610Z Uploaded bytes 598116
database-full-load (10)	Preserve raw resource samples, workload validation and cleanup	2026-10-03T23:17:08.2284261Z Finished uploading artifact content to blob storage!
database-full-load (10)	Preserve raw resource samples, workload validation and cleanup	2026-10-03T23:17:08.2285445Z SHA256 digest of uploaded artifact zip is d60d7faa675a677b79046395cbbfd1ebc177aec92d6dd4e9743d00ded7047c50
database-full-load (10)	Preserve raw resource samples, workload validation and cleanup	2026-10-03T23:17:08.2287458Z Finalizing artifact upload
database-full-load (10)	Preserve raw resource samples, workload validation and cleanup	2026-10-03T23:17:08.4772866Z Artifact saturation-evidence-writes-10-8810503ede087810eca8c1ee3699c97735d11515.zip successfully finalized. Artifact ID 11287509754
database-full-load (10)	Preserve raw resource samples, workload validation and cleanup	2026-10-03T23:17:08.4774226Z Artifact saturation-evidence-writes-10-8810503ede087810eca8c1ee3699c97735d11515 has been successfully uploaded! Final size is 598116 bytes. Artifact ID is 11287509754
database-full-load (10)	Preserve raw resource samples, workload validation and cleanup	2026-10-03T23:17:08.4779147Z Artifact download URL: https://github.com/batchstream/weir-tests/actions/runs/37160117709/artifacts/11287509754
database-full-load (10)	Post Run actions/setup-go@924ae3a1cded613372ab5595356fb5720e22ba16	﻿2026-10-03T23:17:08.4950462Z Post job cleanup.
database-full-load (10)	Post Run actions/setup-go@924ae3a1cded613372ab5595356fb5720e22ba16	2026-10-03T23:17:08.6139539Z [command]/opt/hostedtoolcache/go/1.27.1/x64/bin/go env GOMODCACHE
database-full-load (10)	Post Run actions/setup-go@924ae3a1cded613372ab5595356fb5720e22ba16	2026-10-03T23:17:08.6187486Z [command]/opt/hostedtoolcache/go/1.27.1/x64/bin/go env GOCACHE
database-full-load (10)	Post Run actions/setup-go@924ae3a1cded613372ab5595356fb5720e22ba16	2026-10-03T23:17:08.6214980Z /home/runner/go/pkg/mod
database-full-load (10)	Post Run actions/setup-go@924ae3a1cded613372ab5595356fb5720e22ba16	2026-10-03T23:17:08.6239198Z /home/runner/.cache/go-build
database-full-load (10)	Post Run actions/setup-go@924ae3a1cded613372ab5595356fb5720e22ba16	2026-10-03T23:17:08.6246067Z Cache hit occurred on the primary key setup-go-Linux-x64-ubuntu24-go-1.27.1-f3893fbf0ff2b6e2efba8903234513786674983d753d1815a9a1fcf84a06448a, not saving cache.
database-full-load (10)	Post Run actions/checkout@3d3c42e5aac5ba805825da76410c181273ba90b1	﻿2026-10-03T23:17:08.6419552Z Post job cleanup.
database-full-load (10)	Post Run actions/checkout@3d3c42e5aac5ba805825da76410c181273ba90b1	2026-10-03T23:17:08.7401054Z [command]/usr/bin/git version
database-full-load (10)	Post Run actions/checkout@3d3c42e5aac5ba805825da76410c181273ba90b1	2026-10-03T23:17:08.7456644Z git version 2.55.0
database-full-load (10)	Post Run actions/checkout@3d3c42e5aac5ba805825da76410c181273ba90b1	2026-10-03T23:17:08.7506627Z Temporarily overriding HOME='/home/runner/work/_temp/8d10718e-e706-4d2d-920c-6482a4a657d4' before making global git config changes
database-full-load (10)	Post Run actions/checkout@3d3c42e5aac5ba805825da76410c181273ba90b1	2026-10-03T23:17:08.7508182Z Adding repository directory to the temporary git global config as a safe directory
database-full-load (10)	Post Run actions/checkout@3d3c42e5aac5ba805825da76410c181273ba90b1	2026-10-03T23:17:08.7513609Z [command]/usr/bin/git config --global --add safe.directory /home/runner/work/weir-tests/weir-tests
database-full-load (10)	Post Run actions/checkout@3d3c42e5aac5ba805825da76410c181273ba90b1	2026-10-03T23:17:08.7555672Z Removing SSH command configuration
database-full-load (10)	Post Run actions/checkout@3d3c42e5aac5ba805825da76410c181273ba90b1	2026-10-03T23:17:08.7564998Z [command]/usr/bin/git config --local --name-only --get-regexp core\.sshCommand
database-full-load (10)	Post Run actions/checkout@3d3c42e5aac5ba805825da76410c181273ba90b1	2026-10-03T23:17:08.7616926Z [command]/usr/bin/git submodule foreach --recursive sh -c "git config --local --name-only --get-regexp 'core\.sshCommand' && git config --local --unset-all 'core.sshCommand' || :"
database-full-load (10)	Post Run actions/checkout@3d3c42e5aac5ba805825da76410c181273ba90b1	2026-10-03T23:17:08.7936238Z Removing HTTP extra header
database-full-load (10)	Post Run actions/checkout@3d3c42e5aac5ba805825da76410c181273ba90b1	2026-10-03T23:17:08.7959790Z [command]/usr/bin/git config --local --name-only --get-regexp http\.https\:\/\/github\.com\/\.extraheader
database-full-load (10)	Post Run actions/checkout@3d3c42e5aac5ba805825da76410c181273ba90b1	2026-10-03T23:17:08.8013047Z [command]/usr/bin/git submodule foreach --recursive sh -c "git config --local --name-only --get-regexp 'http\.https\:\/\/github\.com\/\.extraheader' && git config --local --unset-all 'http.https://github.com/.extraheader' || :"
database-full-load (10)	Post Run actions/checkout@3d3c42e5aac5ba805825da76410c181273ba90b1	2026-10-03T23:17:08.8297925Z Removing includeIf entries pointing to credentials config files
database-full-load (10)	Post Run actions/checkout@3d3c42e5aac5ba805825da76410c181273ba90b1	2026-10-03T23:17:08.8305730Z [command]/usr/bin/git config --local --name-only --get-regexp ^includeIf\.gitdir:
database-full-load (10)	Post Run actions/checkout@3d3c42e5aac5ba805825da76410c181273ba90b1	2026-10-03T23:17:08.8345506Z [command]/usr/bin/git submodule foreach --recursive git config --local --show-origin --name-only --get-regexp remote.origin.url
database-full-load (10)	Complete job	﻿2026-10-03T23:17:08.8725349Z Cleaning up orphan processes
database-full-load (10)	Complete job	2026-10-03T23:17:08.9092965Z ##[warning]Node.js 20 is deprecated. The following actions target Node.js 20 but are being forced to run on Node.js 24: actions/upload-artifact@ea165f8d65b6e75b540449e92b4886f43607fa02. For more information see: https://github.blog/changelog/2025-09-19-deprecation-of-node-20-on-github-actions-runners/
